,all16_daily_XYZ100_lb1_h1,all16_daily_XYZ100_lb1_h3,all16_daily_XYZ100_lb3_h1,all16_daily_XYZ100_lb3_h3,all16_daily_XYZ100_lb5_h1,all16_daily_XYZ100_lb5_h3,all16_daily_SP500_lb1_h1,all16_daily_SP500_lb1_h3,all16_daily_SP500_lb3_h1,all16_daily_SP500_lb3_h3,all16_daily_SP500_lb5_h1,all16_daily_SP500_lb5_h3,all16_overnight_none_1h,all16_overnight_none_3h,all16_overnight_none_close,all16_overnight_XYZ100_1h,all16_overnight_XYZ100_3h,all16_overnight_XYZ100_close,all16_overnight_SP500_1h,all16_overnight_SP500_3h,all16_overnight_SP500_close,all16_weekend_none_1h,all16_weekend_none_3h,all16_weekend_none_close,all16_weekend_XYZ100_1h,all16_weekend_XYZ100_3h,all16_weekend_XYZ100_close,all16_weekend_SP500_1h,all16_weekend_SP500_3h,all16_weekend_SP500_close,all16_external_weekend_none_1h,all16_external_weekend_none_3h,all16_external_weekend_XYZ100_1h,all16_external_weekend_XYZ100_3h,all16_external_weekend_SP500_1h,all16_external_weekend_SP500_3h,cross9_daily_XYZ100_lb1_h1,cross9_daily_XYZ100_lb1_h3,cross9_daily_XYZ100_lb3_h1,cross9_daily_XYZ100_lb3_h3,cross9_daily_XYZ100_lb5_h1,cross9_daily_XYZ100_lb5_h3,cross9_daily_SP500_lb1_h1,cross9_daily_SP500_lb1_h3,cross9_daily_SP500_lb3_h1,cross9_daily_SP500_lb3_h3,cross9_daily_SP500_lb5_h1,cross9_daily_SP500_lb5_h3,cross9_overnight_none_1h,cross9_overnight_none_3h,cross9_overnight_none_close,cross9_overnight_XYZ100_1h,cross9_overnight_XYZ100_3h,cross9_overnight_XYZ100_close,cross9_overnight_SP500_1h,cross9_overnight_SP500_3h,cross9_overnight_SP500_close,cross9_weekend_none_1h,cross9_weekend_none_3h,cross9_weekend_none_close,cross9_weekend_XYZ100_1h,cross9_weekend_XYZ100_3h,cross9_weekend_XYZ100_close,cross9_weekend_SP500_1h,cross9_weekend_SP500_3h,cross9_weekend_SP500_close,cross9_external_weekend_none_1h,cross9_external_weekend_none_3h,cross9_external_weekend_XYZ100_1h,cross9_external_weekend_XYZ100_3h,cross9_external_weekend_SP500_1h,cross9_external_weekend_SP500_3h,baseline
2025-11-14 00:00:00+00:00,0.007810835340206252,0.0028563957659737365,0.0,0.0,0.0,0.0,0.0,0.0,0.0,0.0,0.0,0.0,0.0,0.0,0.0,0.0,0.0,0.0,0.0,0.0,0.0,0.0,0.0,0.0,0.0,0.0,0.0,0.0,0.0,0.0,0.0,0.0,0.0,0.0,0.0,0.0,0.007810835340206252,0.0028563957659737365,0.0,0.0,0.0,0.0,0.0,0.0,0.0,0.0,0.0,0.0,0.0,0.0,0.0,0.0,0.0,0.0,0.0,0.0,0.0,0.0,0.0,0.0,0.0,0.0,0.0,0.0,0.0,0.0,0.0,0.0,0.0,0.0,0.0,0.0,0.06033929004353896
2025-11-15 00:00:00+00:00,-0.0026191016611049594,-0.00032617622438540274,0.0,0.0,0.0,0.0,0.0,0.0,0.0,0.0,0.0,0.0,0.0,0.0,0.0,0.0,0.0,0.0,0.0,0.0,0.0,0.0,0.0,0.0,0.0,0.0,0.0,0.0,0.0,0.0,0.0,0.0,0.0,0.0,0.0,0.0,-0.0026191016611049594,-0.00032617622438540274,0.0,0.0,0.0,0.0,0.0,0.0,0.0,0.0,0.0,0.0,0.0,0.0,0.0,0.0,0.0,0.0,0.0,0.0,0.0,0.0,0.0,0.0,0.0,0.0,0.0,0.0,0.0,0.0,0.0,0.0,0.0,0.0,0.0,0.0,0.05403438869706667
2025-11-16 00:00:00+00:00,-0.0014500697770665877,-0.00039246130570425535,-0.0018908594767657791,-0.00037982817076928545,0.0,0.0,0.0,0.0,0.0,0.0,0.0,0.0,0.0,0.0,0.0,0.0,0.0,0.0,0.0,0.0,0.0,0.0,0.0,0.0,0.0,0.0,0.0,0.0,0.0,0.0,0.0,0.0,0.0,0.0,0.0,0.0,-0.001621574951835827,-0.0004495291229843399,-0.0018908594767657791,-0.00037982817076928545,0.0,0.0,0.0,0.0,0.0,0.0,0.0,0.0,0.0,0.0,0.0,0.0,0.0,0.0,0.0,0.0,0.0,0.0,0.0,0.0,0.0,0.0,0.0,0.0,0.0,0.0,0.0,0.0,0.0,0.0,0.0,0.0,0.04337448388710093
2025-11-17 00:00:00+00:00,-0.004531472120669376,-0.00041584413994821666,-0.0009706542205033534,0.0039003906948636272,0.0,0.0,0.0,0.0,0.0,0.0,0.0,0.0,0.0,0.0,0.0,0.0,0.0,0.0,0.0,0.0,0.0,0.0,0.0,0.0,0.0,0.0,0.0,0.0,0.0,0.0,0.0,0.0,0.0,0.0,0.0,0.0,-0.0009706542205033534,4.044321086745117e-05,-0.0009706542205033534,0.0039003906948636272,0.0,0.0,0.0,0.0,0.0,0.0,0.0,0.0,0.0,0.0,0.0,0.0,0.0,0.0,0.0,0.0,0.0,0.0,0.0,0.0,0.0,0.0,0.0,0.0,0.0,0.0,0.0,0.0,0.0,0.0,0.0,0.0,-0.048266657779863796
2025-11-18 00:00:00+00:00,-0.0036750707310521987,0.0022462580827985602,-0.0036750707310521987,0.0030596760635367114,-0.00791551391997253,-0.00239323896354801,0.0,0.0,0.0,0.0,0.0,0.0,0.0,0.0,0.0,0.0,0.0,0.0,0.0,0.0,0.0,0.0,0.0,0.0,0.0,0.0,0.0,0.0,0.0,0.0,0.0,0.0,0.0,0.0,0.0,0.0,-0.0008022544856742803,0.004219724032772443,-0.0008022544856742803,0.00401625706558914,-0.00791551391997253,-0.00239323896354801,0.0,0.0,0.0,0.0,0.0,0.0,0.0,0.0,0.0,0.0,0.0,0.0,0.0,0.0,0.0,0.0,0.0,0.0,0.0,0.0,0.0,0.0,0.0,0.0,0.0,0.0,0.0,0.0,0.0,0.0,-0.010719319761004376
2025-11-19 00:00:00+00:00,0.011454586970970345,0.005007243894996763,0.014723828039552713,0.005105038918186648,0.024443716125878114,0.017862855102808082,0.0,0.0,0.0,0.0,0.0,0.0,0.0,0.0,0.0,0.0,0.0,0.0,0.0,0.0,0.0,0.0,0.0,0.0,0.0,0.0,0.0,0.0,0.0,0.0,0.0,0.0,0.0,0.0,0.0,0.0,0.014679910479841865,0.00827019954540074,0.024443716125878114,0.011528971900086157,0.024443716125878114,0.017862855102808082,0.0,0.0,0.0,0.0,0.0,0.0,0.0,0.0,0.0,0.0,0.0,0.0,0.0,0.0,0.0,0.0,0.0,0.0,0.0,0.0,0.0,0.0,0.0,0.0,0.0,0.0,0.0,0.0,0.0,0.0,0.03385820194824748
2025-11-20 00:00:00+00:00,0.009926531210125414,-0.011365586572236892,-0.006761817617612031,-0.02073634891631652,-0.006761817617612031,-0.018797614638973725,0.0,0.0,0.0,0.0,0.0,0.0,0.0,0.0,0.0,0.0,0.0,0.0,0.0,0.0,0.0,0.0,0.0,0.0,0.0,0.0,0.0,0.0,0.0,0.0,0.0,0.0,0.0,0.0,0.0,0.0,0.004277035555000402,-0.010717513729178766,0.007389912853055118,-0.015166193988300103,0.007389912853055118,-0.014076773747970589,0.0,0.0,0.0,0.0,0.0,0.0,0.0,0.0,0.0,0.0,0.0,0.0,0.0,0.0,0.0,0.0,0.0,0.0,0.0,0.0,0.0,0.0,0.0,0.0,0.0,0.0,0.0,0.0,0.0,0.0,0.011642609738405954
2025-11-21 00:00:00+00:00,0.006767968302131613,0.000755856321393318,-0.00491752958200596,0.00047463941798982,-0.0006394561802926123,0.0030366490291012815,0.0,0.0,0.0,0.0,0.0,0.0,0.0,0.0,0.0,0.0,0.0,0.0,0.0,0.0,0.0,0.0,0.0,0.0,0.0,0.0,0.0,0.0,0.0,0.0,0.0,0.0,0.0,0.0,0.0,0.0,0.010377748823063604,0.0012975703011892496,-0.005773685903347554,0.0017485804125474227,0.0027824609000791423,0.004600629347022988,0.0,0.0,0.0,0.0,0.0,0.0,0.0,0.0,0.0,0.0,0.0,0.0,0.0,0.0,0.0,0.0,0.0,0.0,0.0,0.0,0.0,0.0,0.0,0.0,0.0,0.0,0.0,0.0,0.0,0.0,0.020893525952992913
2025-11-22 00:00:00+00:00,-0.005949093246884727,-0.0013550719728133577,-0.005655973120796653,-0.0036182729199476476,-0.004465423809604746,-0.0028345515783956454,0.0,0.0,0.0,0.0,0.0,0.0,0.0,0.0,0.0,0.0,0.0,0.0,0.0,0.0,0.0,0.0,0.0,0.0,0.0,0.0,0.0,0.0,0.0,0.0,0.0,0.0,0.0,0.0,0.0,0.0,-0.005055843117696858,-0.000773772525106677,-0.003279496250871731,-0.0007617428050036151,-0.0003020039847611653,0.001005106439771852,0.0,0.0,0.0,0.0,0.0,0.0,0.0,0.0,0.0,0.0,0.0,0.0,0.0,0.0,0.0,0.0,0.0,0.0,0.0,0.0,0.0,0.0,0.0,0.0,0.0,0.0,0.0,0.0,0.0,0.0,-0.027130335663261358
2025-11-23 00:00:00+00:00,0.0011623743107102465,0.0004882563000281118,0.000871529679342476,0.0011591390845451,0.000465068348242901,-0.0009713992670712035,0.0,0.0,0.0,0.0,0.0,0.0,0.0,0.0,0.0,0.0,0.0,0.0,0.0,0.0,0.0,0.0,0.0,0.0,0.0,0.0,0.0,0.0,0.0,0.0,0.0,0.0,0.0,0.0,0.0,0.0,0.0012668432543612496,0.0006376710204088761,0.0022163167571466603,0.002207596629691755,0.0016066247604972985,-0.0014742326214327959,0.0,0.0,0.0,0.0,0.0,0.0,0.0,0.0,0.0,0.0,0.0,0.0,0.0,0.0,0.0,0.0,0.0,0.0,0.0,0.0,0.0,0.0,0.0,0.0,0.0,0.0,0.0,0.0,0.0,0.0,0.02577633877300826
2025-11-24 00:00:00+00:00,-0.006736381114595096,-0.002770604080206541,-0.002155201870523142,0.0019821335191569345,0.007319017327771895,0.0027660250235161652,0.0,0.0,0.0,0.0,0.0,0.0,0.0,0.0,0.0,0.0,0.0,0.0,0.0,0.0,0.0,0.0,0.0,0.0,0.0,0.0,0.0,0.0,0.0,0.0,0.0,0.0,0.0,0.0,0.0,0.0,-0.013046639135200985,-0.009433966469663145,-0.011940692294903967,-0.006601562185411578,0.0010087593071660059,-0.009552447628575692,0.0,0.0,0.0,0.0,0.0,0.0,0.0,0.0,0.0,0.0,0.0,0.0,0.0,0.0,0.0,0.0,0.0,0.0,0.0,0.0,0.0,0.0,0.0,0.0,0.0,0.0,0.0,0.0,0.0,0.0,-0.008920539875011438
2025-11-25 00:00:00+00:00,0.002149104067024567,0.002402025674511014,-0.003752323145209643,-0.0038287403883651805,-0.002979337343277398,-0.0013282246558375312,0.0,0.0,0.0,0.0,0.0,0.0,0.0,0.0,0.0,0.0,0.0,0.0,0.0,0.0,0.0,0.0,0.0,0.0,0.0,0.0,0.0,0.0,0.0,0.0,0.0,0.0,0.0,0.0,0.0,0.0,0.002316128861181748,0.002242823661173502,-0.0035435421525131685,-0.005367195262062839,-0.0032575585584717144,-0.0023945319596356466,0.0,0.0,0.0,0.0,0.0,0.0,0.0,0.0,0.0,0.0,0.0,0.0,0.0,0.0,0.0,0.0,0.0,0.0,0.0,0.0,0.0,0.0,0.0,0.0,0.0,0.0,0.0,0.0,0.0,0.0,-0.0021000813078559575
2025-11-26 00:00:00+00:00,-0.002097475380259315,-0.0010590992780018323,0.0022843461666376304,0.004475666938584544,0.0028502915827436056,0.005991981600747512,0.0,0.0,0.0,0.0,0.0,0.0,0.0,0.0,0.0,0.0,0.0,0.0,0.0,0.0,0.0,0.0,0.0,0.0,0.0,0.0,0.0,0.0,0.0,0.0,0.0,0.0,0.0,0.0,0.0,0.0,-0.001293930952193228,-0.0009733380932463159,0.004035790468097931,0.006278982725971822,0.004743222238230399,0.005865929466762662,0.0,0.0,0.0,0.0,0.0,0.0,0.0,0.0,0.0,0.0,0.0,0.0,0.0,0.0,0.0,0.0,0.0,0.0,0.0,0.0,0.0,0.0,0.0,0.0,0.0,0.0,0.0,0.0,0.0,0.0,0.026508870124799782
2025-11-27 00:00:00+00:00,-0.0024668487666633324,-0.000287687167028487,0.0009572548535362131,0.0016646853909805584,0.0009572548535362131,0.0008991482594152013,0.0,0.0,0.0,0.0,0.0,0.0,0.0,0.0,0.0,0.0,0.0,0.0,0.0,0.0,0.0,0.0,0.0,0.0,0.0,0.0,0.0,0.0,0.0,0.0,0.0,0.0,0.0,0.0,0.0,0.0,-0.0027998179653613573,-0.0008799032301152883,0.0001682163866506413,0.0009945239461820264,0.0001682163866506413,0.0008499021743399842,0.0,0.0,0.0,0.0,0.0,0.0,0.0,0.0,0.0,0.0,0.0,0.0,0.0,0.0,0.0,0.0,0.0,0.0,0.0,0.0,0.0,0.0,0.0,0.0,0.0,0.0,0.0,0.0,0.0,0.0,-0.0031658127580355133
2025-11-28 00:00:00+00:00,-0.0002793587034298974,-0.002806336947114924,-0.006042581241434013,-0.006623095440641471,-0.008087988420542997,-0.00723166269872913,0.0,0.0,0.0,0.0,0.0,0.0,0.0,0.0,0.0,0.0,0.0,0.0,0.0,0.0,0.0,0.0,0.0,0.0,0.0,0.0,0.0,0.0,0.0,0.0,0.0,0.0,0.0,0.0,0.0,0.0,-0.0010343080011393838,-0.0007057225714166095,-0.008537169189185526,-0.006396191997290601,-0.005589665403836894,-0.005322146816821887,0.0,0.0,0.0,0.0,0.0,0.0,0.0,0.0,0.0,0.0,0.0,0.0,0.0,0.0,0.0,0.0,0.0,0.0,0.0,0.0,0.0,0.0,0.0,0.0,0.0,0.0,0.0,0.0,0.0,0.0,0.017684982384113646
2025-11-29 00:00:00+00:00,-0.0024254866211398975,-0.0007469546356897572,-0.0021644514450637267,-0.0008079785320985033,-0.00285790663500275,-0.001622629166179998,0.0,0.0,0.0,0.0,0.0,0.0,0.0,0.0,0.0,0.0,0.0,0.0,0.0,0.0,0.0,0.0,0.0,0.0,0.0,0.0,0.0,0.0,0.0,0.0,0.0,0.0,0.0,0.0,0.0,0.0,-0.0019755686975502134,-0.0006932946942936321,-0.0015266672573063405,-0.0005974517382858505,-0.0017485508759220566,-0.0002699404144871208,0.0,0.0,0.0,0.0,0.0,0.0,0.0,0.0,0.0,0.0,0.0,0.0,0.0,0.0,0.0,0.0,0.0,0.0,0.0,0.0,0.0,0.0,0.0,0.0,0.0,0.0,0.0,0.0,0.0,0.0,-0.008248263224428768
2025-11-30 00:00:00+00:00,-0.001866929664774866,-0.000909036536525848,-0.001866929664774866,-0.0006526871564828271,-0.001866929664774866,-0.0006873558777461914,0.0,0.0,0.0,0.0,0.0,0.0,0.0,0.0,0.0,0.0,0.0,0.0,0.0,0.0,0.0,0.0,0.0,0.0,0.0,0.0,0.0,0.0,0.0,0.0,0.0,0.0,0.0,0.0,0.0,0.0,-0.001720856754385879,-0.000692190401385301,-0.001720856754385879,-0.0004632760270636414,-0.001720856754385879,-0.0005817745282439231,0.0,0.0,0.0,0.0,0.0,0.0,0.0,0.0,0.0,0.0,0.0,0.0,0.0,0.0,0.0,0.0,0.0,0.0,0.0,0.0,0.0,0.0,0.0,0.0,0.0,0.0,0.0,0.0,0.0,0.0,0.016999734821096697
2025-12-01 00:00:00+00:00,0.005382304497998787,0.005698093713701303,0.0017232798784330284,0.006300477099953099,0.0034589768982054648,0.005791877857642762,0.0,0.0,0.0,0.0,0.0,0.0,0.0,0.0,0.0,0.0,0.0,0.0,0.0,0.0,0.0,0.0,0.0,0.0,0.0,0.0,0.0,0.0,0.0,0.0,0.0,0.0,0.0,0.0,0.0,0.0,0.004653814367869601,0.004257691874371354,-0.00046771516826113837,0.0032040668982708906,0.0022496548681279474,0.004650510541382309,0.0,0.0,0.0,0.0,0.0,0.0,0.0,0.0,0.0,0.0,0.0,0.0,0.0,0.0,0.0,0.0,0.0,0.0,0.0,0.0,0.0,0.0,0.0,0.0,0.0,0.0,0.0,0.0,0.0,0.0,0.024309320095798632
2025-12-02 00:00:00+00:00,-0.0018548359049514354,-0.00010438051141234033,-0.0006968676883302106,-5.382519041787794e-05,0.0005359615340063957,0.0004553580535550862,0.0,0.0,0.0,0.0,0.0,0.0,0.0,0.0,0.0,0.0,0.0,0.0,0.0,0.0,0.0,0.0,0.0,0.0,0.0,0.0,0.0,0.0,0.0,0.0,0.0,0.0,0.0,0.0,0.0,0.0,-0.0047802952707060396,0.00023545226336311545,-0.003485215733057546,0.00039973977638022517,0.00014192628546604675,0.001579513838228264,0.0,0.0,0.0,0.0,0.0,0.0,0.0,0.0,0.0,0.0,0.0,0.0,0.0,0.0,0.0,0.0,0.0,0.0,0.0,0.0,0.0,0.0,0.0,0.0,0.0,0.0,0.0,0.0,0.0,0.0,0.033944955660737075
2025-12-03 00:00:00+00:00,-0.011887637932371586,-0.0028688424968216276,0.008543967523550296,0.004214439751312281,0.008913083883626225,0.003378404518037741,0.0,0.0,0.0,0.0,0.0,0.0,0.0,0.0,0.0,0.0,0.0,0.0,0.0,0.0,0.0,0.0,0.0,0.0,0.0,0.0,0.0,0.0,0.0,0.0,0.0,0.0,0.0,0.0,0.0,0.0,0.0013515742273493164,-0.0003159850444394375,0.0013515742273493164,5.168210942598471e-05,0.004653739907284814,1.255019268124696e-05,0.0,0.0,0.0,0.0,0.0,0.0,0.0,0.0,0.0,0.0,0.0,0.0,0.0,0.0,0.0,0.0,0.0,0.0,0.0,0.0,0.0,0.0,0.0,0.0,0.0,0.0,0.0,0.0,0.0,0.0,-0.027777908224206154
2025-12-04 00:00:00+00:00,0.0007204032112603136,0.0010535733246281485,-0.0034348351410149244,0.0013039411770376303,-0.00661459450769192,-0.0020257177217477946,0.0,0.0,0.0,0.0,0.0,0.0,0.0,0.0,0.0,0.0,0.0,0.0,0.0,0.0,0.0,0.0,0.0,0.0,0.0,0.0,0.0,0.0,0.0,0.0,0.0,0.0,0.0,0.0,0.0,0.0,0.0009379621266361489,0.0016038649608526526,-0.0020648477372867758,0.0019991605887080006,-0.0020648477372867758,-0.00030339653867911465,0.0,0.0,0.0,0.0,0.0,0.0,0.0,0.0,0.0,0.0,0.0,0.0,0.0,0.0,0.0,0.0,0.0,0.0,0.0,0.0,0.0,0.0,0.0,0.0,0.0,0.0,0.0,0.0,0.0,0.0,0.02879255728348092
2025-12-05 00:00:00+00:00,-0.003384778872080556,0.002815441590139438,0.0012292304057397634,0.0021262802538675224,-0.0010313637040334728,-0.0013378921772312636,0.0,0.0,0.0,0.0,0.0,0.0,0.0,0.0,0.0,0.0,0.0,0.0,0.0,0.0,0.0,0.0,0.0,0.0,0.0,0.0,0.0,0.0,0.0,0.0,0.0,0.0,0.0,0.0,0.0,0.0,-9.981623550790525e-05,0.0005286794824348489,-0.0017582974957916372,0.0017443529790819531,-0.0017582974957916372,0.0004805195581619991,0.0,0.0,0.0,0.0,0.0,0.0,0.0,0.0,0.0,0.0,0.0,0.0,0.0,0.0,0.0,0.0,0.0,0.0,0.0,0.0,0.0,0.0,0.0,0.0,0.0,0.0,0.0,0.0,0.0,0.0,0.03112122693172729
2025-12-06 00:00:00+00:00,-0.0019499243232631977,-0.0005447608260486461,-0.000808917030264325,-0.0002655148007467395,-0.002801395441029531,-0.0017590810613483544,0.0,0.0,0.0,0.0,0.0,0.0,0.0,0.0,0.0,0.0,0.0,0.0,0.0,0.0,0.0,0.0,0.0,0.0,0.0,0.0,0.0,0.0,0.0,0.0,0.0,0.0,0.0,0.0,0.0,0.0,-0.0017537196709585736,-0.0003336025644552016,-0.0010321057070174083,-0.0007390636315208719,-0.0021411935568284336,-0.0011087595814578803,0.0,0.0,0.0,0.0,0.0,0.0,0.0,0.0,0.0,0.0,0.0,0.0,0.0,0.0,0.0,0.0,0.0,0.0,0.0,0.0,0.0,0.0,0.0,0.0,0.0,0.0,0.0,0.0,0.0,0.0,0.018600676574973846
2025-12-07 00:00:00+00:00,-0.0004542655113052845,-0.0003619767491428111,-0.0009642410784874698,-0.0008000808892615714,-0.002082738548953341,-0.0006241080110560606,0.0,0.0,0.0,0.0,0.0,0.0,0.0,0.0,0.0,0.0,0.0,0.0,0.0,0.0,0.0,0.0,0.0,0.0,0.0,0.0,0.0,0.0,0.0,0.0,0.0,0.0,0.0,0.0,0.0,0.0,-0.0006449312552829397,-0.0007220806127058251,-0.0020181229424656904,-0.0011700120335501277,-0.001176275603203297,-0.0008050026192853001,0.0,0.0,0.0,0.0,0.0,0.0,0.0,0.0,0.0,0.0,0.0,0.0,0.0,0.0,0.0,0.0,0.0,0.0,0.0,0.0,0.0,0.0,0.0,0.0,0.0,0.0,0.0,0.0,0.0,0.0,0.03103295918644644
2025-12-08 00:00:00+00:00,-0.0017510454718710042,-0.0017171453855718878,0.005112071999590968,0.0035638122231982663,0.004686477145630165,-0.0004872277551876797,0.0,0.0,0.0,0.0,0.0,0.0,0.0,0.0,0.0,0.0,0.0,0.0,0.0,0.0,0.0,0.0,0.0,0.0,0.0,0.0,0.0,0.0,0.0,0.0,0.0,0.0,0.0,0.0,0.0,0.0,0.0014282991335502109,-0.0017182782327924044,0.0035306076271906057,0.0032546192159641518,0.0014282991335502109,-0.0003006661252525856,0.0,0.0,0.0,0.0,0.0,0.0,0.0,0.0,0.0,0.0,0.0,0.0,0.0,0.0,0.0,0.0,0.0,0.0,0.0,0.0,0.0,0.0,0.0,0.0,0.0,0.0,0.0,0.0,0.0,0.0,-0.03818314255305747
2025-12-09 00:00:00+00:00,-0.0016133222511744364,-0.0007659202137162737,-0.0016133222511744364,0.003968742647338433,0.006002864663423357,0.004941277906706982,0.0,0.0,0.0,0.0,0.0,0.0,0.0,0.0,0.0,0.0,0.0,0.0,0.0,0.0,0.0,0.0,0.0,0.0,0.0,0.0,0.0,0.0,0.0,0.0,0.0,0.0,0.0,0.0,0.0,0.0,0.000985572457678505,0.0033745720959582576,0.000985572457678505,-0.0005659949678525787,0.004249305463858204,0.0037936085650159437,0.0,0.0,0.0,0.0,0.0,0.0,0.0,0.0,0.0,0.0,0.0,0.0,0.0,0.0,0.0,0.0,0.0,0.0,0.0,0.0,0.0,0.0,0.0,0.0,0.0,0.0,0.0,0.0,0.0,0.0,-0.00607771673348149
2025-12-10 00:00:00+00:00,0.002983466832227095,0.009309187782932297,0.012274959010314983,0.007652599589129504,0.004542757338094457,0.0004573456827812415,0.0,0.0,0.0,0.0,0.0,0.0,0.0,0.0,0.0,0.0,0.0,0.0,0.0,0.0,0.0,0.0,0.0,0.0,0.0,0.0,0.0,0.0,0.0,0.0,0.0,0.0,0.0,0.0,0.0,0.0,-0.004914388681208016,0.00034869581375702167,0.0036446721373359203,0.0013023109156853725,0.0036446721373359203,0.004721570174976664,0.0,0.0,0.0,0.0,0.0,0.0,0.0,0.0,0.0,0.0,0.0,0.0,0.0,0.0,0.0,0.0,0.0,0.0,0.0,0.0,0.0,0.0,0.0,0.0,0.0,0.0,0.0,0.0,0.0,0.0,0.040646580508600705
2025-12-11 00:00:00+00:00,-0.0029921673078067766,-0.001257909249928728,0.0014274805135879342,0.0026616396399458237,0.0018103023392189235,-0.001995828628546859,0.0,0.0,0.0,0.0,0.0,0.0,0.0,0.0,0.0,0.0,0.0,0.0,0.0,0.0,0.0,0.0,0.0,0.0,0.0,0.0,0.0,0.0,0.0,0.0,0.0,0.0,0.0,0.0,0.0,0.0,0.005301443353278828,0.00019367087616296535,-0.0031694342646078444,-0.0033297798961515975,-0.0031694342646078444,-0.004454651665149388,0.0,0.0,0.0,0.0,0.0,0.0,0.0,0.0,0.0,0.0,0.0,0.0,0.0,0.0,0.0,0.0,0.0,0.0,0.0,0.0,0.0,0.0,0.0,0.0,0.0,0.0,0.0,0.0,0.0,0.0,0.01247010790537136
2025-12-12 00:00:00+00:00,0.000227943266354288,-0.003903461588185509,-0.007205692494555703,0.0003898033927072983,-0.000612098682869681,0.0025717907617109448,0.0,0.0,0.0,0.0,0.0,0.0,0.0,0.0,0.0,0.0,0.0,0.0,0.0,0.0,0.0,0.0,0.0,0.0,0.0,0.0,0.0,0.0,0.0,0.0,0.0,0.0,0.0,0.0,0.0,0.0,-1.9278621082987083e-05,-0.004293860786905616,-0.008755114875482087,-0.0011784196040615768,0.0007020748786727108,0.001973976980656689,0.0,0.0,0.0,0.0,0.0,0.0,0.0,0.0,0.0,0.0,0.0,0.0,0.0,0.0,0.0,0.0,0.0,0.0,0.0,0.0,0.0,0.0,0.0,0.0,0.0,0.0,0.0,0.0,0.0,0.0,-0.003900455228308286
2025-12-13 00:00:00+00:00,-0.0016852767272458968,-8.268234407139408e-05,-0.0005583309842563234,0.00015345021065638648,-0.001548116838016424,-0.0009417220705362561,0.0,0.0,0.0,0.0,0.0,0.0,0.0,0.0,0.0,0.0,0.0,0.0,0.0,0.0,0.0,0.0,0.0,0.0,0.0,0.0,0.0,0.0,0.0,0.0,0.0,0.0,0.0,0.0,0.0,0.0,-0.0014247539759566035,-0.00023977785095318614,-0.0007956155422115402,0.0001329086117287406,-0.00047421039124717406,0.00030528484707042656,0.0,0.0,0.0,0.0,0.0,0.0,0.0,0.0,0.0,0.0,0.0,0.0,0.0,0.0,0.0,0.0,0.0,0.0,0.0,0.0,0.0,0.0,0.0,0.0,0.0,0.0,0.0,0.0,0.0,0.0,-0.020776949518890087
2025-12-14 00:00:00+00:00,0.0017400350497161724,0.00018622530592540495,-0.003505248509517441,-0.00218444625202698,-0.003505248509517441,-0.0005402550643903002,0.0,0.0,0.0,0.0,0.0,0.0,0.0,0.0,0.0,0.0,0.0,0.0,0.0,0.0,0.0,0.0,0.0,0.0,0.0,0.0,0.0,0.0,0.0,0.0,0.0,0.0,0.0,0.0,0.0,0.0,0.0017400350497161724,0.0008272134137585263,-0.003505248509517441,-0.001678301917952659,-0.003505248509517441,-0.0014659159975285243,0.0,0.0,0.0,0.0,0.0,0.0,0.0,0.0,0.0,0.0,0.0,0.0,0.0,0.0,0.0,0.0,0.0,0.0,0.0,0.0,0.0,0.0,0.0,0.0,0.0,0.0,0.0,0.0,0.0,0.0,0.033767456778706594
2025-12-15 00:00:00+00:00,0.009498734562713529,-0.004374848510660558,-0.008852969428225724,-0.010483967977094782,-0.00803395730717393,-0.006300503351680576,0.0,0.0,0.0,0.0,0.0,0.0,0.0,0.0,0.0,0.0,0.0,0.0,0.0,0.0,0.0,0.0,0.0,0.0,0.0,0.0,0.0,0.0,0.0,0.0,0.0,0.0,0.0,0.0,0.0,0.0,0.009498734562713529,-0.004050145171721094,-0.008852969428225724,-0.0076968417387150954,-0.00803395730717393,-0.00768621484105352,0.0,0.0,0.0,0.0,0.0,0.0,0.0,0.0,0.0,0.0,0.0,0.0,0.0,0.0,0.0,0.0,0.0,0.0,0.0,0.0,0.0,0.0,0.0,0.0,0.0,0.0,0.0,0.0,0.0,0.0,0.02582150256839329
2025-12-16 00:00:00+00:00,0.0013568031101475492,-0.0007655383158153927,0.002323997941346439,-0.004224031126680234,0.003330878024016981,-0.004908395689217575,0.0,0.0,0.0,0.0,0.0,0.0,0.0,0.0,0.0,0.0,0.0,0.0,0.0,0.0,0.0,0.0,0.0,0.0,0.0,0.0,0.0,0.0,0.0,0.0,0.0,0.0,0.0,0.0,0.0,0.0,-0.0075757570664084575,-0.003744792602263892,-0.00557794141184507,-0.006860360363533275,-0.007480815170723271,-0.00851346644067326,0.0,0.0,0.0,0.0,0.0,0.0,0.0,0.0,0.0,0.0,0.0,0.0,0.0,0.0,0.0,0.0,0.0,0.0,0.0,0.0,0.0,0.0,0.0,0.0,0.0,0.0,0.0,0.0,0.0,0.0,-0.011547687950552277
2025-12-17 00:00:00+00:00,0.007690849308829035,-0.001669798496983797,0.002301724495144356,0.0027740417335289955,-0.00714190789815277,-0.006349095541296752,0.0,0.0,0.0,0.0,0.0,0.0,0.0,0.0,0.0,0.0,0.0,0.0,0.0,0.0,0.0,0.0,0.0,0.0,0.0,0.0,0.0,0.0,0.0,0.0,0.0,0.0,0.0,0.0,0.0,0.0,0.0018093379991245629,-0.0004200544127775909,0.0018093379991245629,0.005726188004910378,-0.0005400152582394199,-0.002128950980166426,0.0,0.0,0.0,0.0,0.0,0.0,0.0,0.0,0.0,0.0,0.0,0.0,0.0,0.0,0.0,0.0,0.0,0.0,0.0,0.0,0.0,0.0,0.0,0.0,0.0,0.0,0.0,0.0,0.0,0.0,0.05652865969222972
2025-12-18 00:00:00+00:00,0.0036558491426156962,-0.0017516389085141932,0.0009998306452474943,-0.005459020328229373,0.00225680394911163,0.0005491544355156636,0.0,0.0,0.0,0.0,0.0,0.0,0.0,0.0,0.0,0.0,0.0,0.0,0.0,0.0,0.0,0.0,0.0,0.0,0.0,0.0,0.0,0.0,0.0,0.0,0.0,0.0,0.0,0.0,0.0,0.0,0.0030236054009962422,-0.0031294830791791742,-0.0025722456316896215,-0.0037968679779636604,-0.0001242462843879051,-0.00039049903588262385,0.0,0.0,0.0,0.0,0.0,0.0,0.0,0.0,0.0,0.0,0.0,0.0,0.0,0.0,0.0,0.0,0.0,0.0,0.0,0.0,0.0,0.0,0.0,0.0,0.0,0.0,0.0,0.0,0.0,0.0,0.054372434799695744
2025-12-19 00:00:00+00:00,-0.004851858026211458,2.952139492640807e-05,0.005958423536490319,0.005820707097286205,0.002422731961339613,0.006888113638107189,0.0,0.0,0.0,0.0,0.0,0.0,0.0,0.0,0.0,0.0,0.0,0.0,0.0,0.0,0.0,0.0,0.0,0.0,0.0,0.0,0.0,0.0,0.0,0.0,0.0,0.0,0.0,0.0,0.0,0.0,-0.0007929063091822576,0.0022625569263364483,0.008100428894370848,0.003923045338078741,0.0020149213025536144,0.004577360074499627,0.0,0.0,0.0,0.0,0.0,0.0,0.0,0.0,0.0,0.0,0.0,0.0,0.0,0.0,0.0,0.0,0.0,0.0,0.0,0.0,0.0,0.0,0.0,0.0,0.0,0.0,0.0,0.0,0.0,0.0,-0.03496813202535146
2025-12-20 00:00:00+00:00,-0.0027977584857118362,-0.0008330225685414701,-0.0026741726354809754,-0.0005280025100636212,-0.0017661916133839412,-0.0002719068400203418,0.0,0.0,0.0,0.0,0.0,0.0,0.0,0.0,0.0,0.0,0.0,0.0,0.0,0.0,0.0,0.0,0.0,0.0,0.0,0.0,0.0,0.0,0.0,0.0,0.0,0.0,0.0,0.0,0.0,0.0,-0.0032546403402499966,-0.0006108492593798999,-0.0018450464776356814,0.0002012216929740734,-0.0006798995972966189,0.0006374064969461138,0.0,0.0,0.0,0.0,0.0,0.0,0.0,0.0,0.0,0.0,0.0,0.0,0.0,0.0,0.0,0.0,0.0,0.0,0.0,0.0,0.0,0.0,0.0,0.0,0.0,0.0,0.0,0.0,0.0,0.0,0.004653810935633588
2025-12-21 00:00:00+00:00,-0.003080356220864569,-0.0008573329526641848,-0.001165540839731814,-0.00038859907849941633,-0.001165540839731814,-4.663322285317109e-05,0.0,0.0,0.0,0.0,0.0,0.0,0.0,0.0,0.0,0.0,0.0,0.0,0.0,0.0,0.0,0.0,0.0,0.0,0.0,0.0,0.0,0.0,0.0,0.0,0.0,0.0,0.0,0.0,0.0,0.0,-0.0026258949776235135,-0.000632218547748199,-0.00037520121364116414,-0.0005270354436562701,-0.00037520121364116414,6.453433566064413e-05,0.0,0.0,0.0,0.0,0.0,0.0,0.0,0.0,0.0,0.0,0.0,0.0,0.0,0.0,0.0,0.0,0.0,0.0,0.0,0.0,0.0,0.0,0.0,0.0,0.0,0.0,0.0,0.0,0.0,0.0,-0.017131338262448875
2025-12-22 00:00:00+00:00,0.0,0.001740737185649972,0.0,-0.0016751397699400112,0.0,-0.0020912546900890196,0.0,0.0,0.0,0.0,0.0,0.0,0.0,0.0,0.0,0.0,0.0,0.0,0.0,0.0,0.0,0.0,0.0,0.0,0.0,0.0,0.0,0.0,0.0,0.0,0.0,0.0,0.0,0.0,0.0,0.0,0.0,0.001925227831972726,0.0,-0.002760299103652275,0.0,-0.0036947659732940023,0.0,0.0,0.0,0.0,0.0,0.0,0.0,0.0,0.0,0.0,0.0,0.0,0.0,0.0,0.0,0.0,0.0,0.0,0.0,0.0,0.0,0.0,0.0,0.0,0.0,0.0,0.0,0.0,0.0,0.0,0.016854227588243138
2025-12-23 00:00:00+00:00,0.0015684934063941206,0.0036579132493736225,-0.003862050696631528,-0.0006328537766191167,-0.00619595960888058,-0.0014105552395362701,0.0,0.0,0.0,0.0,0.0,0.0,0.0,0.0,0.0,0.0,0.0,0.0,0.0,0.0,0.0,0.0,0.0,0.0,0.0,0.0,0.0,0.0,0.0,0.0,0.0,0.0,0.0,0.0,0.0,0.0,0.0005300084994018543,0.0010871663296269046,-0.0030963950206050524,-0.0019449363952835762,-0.005543869246562631,-0.0027611583320990107,0.0,0.0,0.0,0.0,0.0,0.0,0.0,0.0,0.0,0.0,0.0,0.0,0.0,0.0,0.0,0.0,0.0,0.0,0.0,0.0,0.0,0.0,0.0,0.0,0.0,0.0,0.0,0.0,0.0,0.0,0.011376677659925264
2025-12-24 00:00:00+00:00,-0.00042723201308165993,0.00029794768819113365,-0.0010863324543147928,3.844275955346612e-05,7.519347878665017e-05,0.0005259889771948575,0.0,0.0,0.0,0.0,0.0,0.0,0.0,0.0,0.0,0.0,0.0,0.0,0.0,0.0,0.0,0.0,0.0,0.0,0.0,0.0,0.0,0.0,0.0,0.0,0.0,0.0,0.0,0.0,0.0,0.0,0.0006642063734825336,0.0006392292912487414,-1.3210172299533626e-05,0.0005829292190355379,-1.3210172299533626e-05,0.0009858910787841374,0.0,0.0,0.0,0.0,0.0,0.0,0.0,0.0,0.0,0.0,0.0,0.0,0.0,0.0,0.0,0.0,0.0,0.0,0.0,0.0,0.0,0.0,0.0,0.0,0.0,0.0,0.0,0.0,0.0,0.0,-0.05499319429550261
2025-12-25 00:00:00+00:00,0.0008550946759731887,1.8787150061708863e-06,0.0003340485485673582,0.000696705699051065,0.0003340485485673582,3.663949466954497e-05,0.0,0.0,0.0,0.0,0.0,0.0,0.0,0.0,0.0,0.0,0.0,0.0,0.0,0.0,0.0,0.0,0.0,0.0,0.0,0.0,0.0,0.0,0.0,0.0,0.0,0.0,0.0,0.0,0.0,0.0,0.00047001496283365996,-0.00011093111437311582,4.787907476921319e-06,0.0008523546495504839,4.787907476921319e-06,-0.00010233604837532599,0.0,0.0,0.0,0.0,0.0,0.0,0.0,0.0,0.0,0.0,0.0,0.0,0.0,0.0,0.0,0.0,0.0,0.0,0.0,0.0,0.0,0.0,0.0,0.0,0.0,0.0,0.0,0.0,0.0,0.0,-0.015923996888234686
2025-12-26 00:00:00+00:00,-0.00893806721019185,-0.0065498866083678565,-0.00893806721019185,-0.007556488214012516,-0.00893806721019185,-0.006990054628603353,0.0,0.0,0.0,0.0,0.0,0.0,0.0,0.0,0.0,0.0,0.0,0.0,0.0,0.0,0.0,0.0,0.0,0.0,0.0,0.0,0.0,0.0,0.0,0.0,0.0,0.0,0.0,0.0,0.0,0.0,-0.00893806721019185,-0.00430743574533068,-0.00893806721019185,-0.006351465881170887,-0.00893806721019185,-0.006351465881170887,0.0,0.0,0.0,0.0,0.0,0.0,0.0,0.0,0.0,0.0,0.0,0.0,0.0,0.0,0.0,0.0,0.0,0.0,0.0,0.0,0.0,0.0,0.0,0.0,0.0,0.0,0.0,0.0,0.0,0.0,-0.03010773775447617
2025-12-27 00:00:00+00:00,-0.0029411753899525822,-0.0023698396085317414,-0.00392754766177934,-0.00272915981999913,-0.0026436226299147852,-0.0023011561349232713,0.0,0.0,0.0,0.0,0.0,0.0,0.0,0.0,0.0,0.0,0.0,0.0,0.0,0.0,0.0,0.0,0.0,0.0,0.0,0.0,0.0,0.0,0.0,0.0,0.0,0.0,0.0,0.0,0.0,0.0,-0.0028458645863807756,-0.002175680424955013,-0.004755068594319754,-0.002777702320837101,-0.002541881109515821,-0.0020399731592357895,0.0,0.0,0.0,0.0,0.0,0.0,0.0,0.0,0.0,0.0,0.0,0.0,0.0,0.0,0.0,0.0,0.0,0.0,0.0,0.0,0.0,0.0,0.0,0.0,0.0,0.0,0.0,0.0,0.0,0.0,-0.019469072004521786
2025-12-28 00:00:00+00:00,0.0012655660683986347,0.0012002995629542062,0.0012655660683986347,0.001172815196196939,0.0012655660683986347,0.0009914697989740285,0.0,0.0,0.0,0.0,0.0,0.0,0.0,0.0,0.0,0.0,0.0,0.0,0.0,0.0,0.0,0.0,0.0,0.0,0.0,0.0,0.0,0.0,0.0,0.0,0.0,0.0,0.0,0.0,0.0,0.0,0.0012655660683986347,0.001227587908154086,0.0012655660683986347,0.0011908114047728044,0.0012655660683986347,0.000993690967233163,0.0,0.0,0.0,0.0,0.0,0.0,0.0,0.0,0.0,0.0,0.0,0.0,0.0,0.0,0.0,0.0,0.0,0.0,0.0,0.0,0.0,0.0,0.0,0.0,0.0,0.0,0.0,0.0,0.0,0.0,0.023117674023732587
2025-12-29 00:00:00+00:00,0.00388496812046816,-0.00029444853221214615,-0.006861650232370628,-0.004054459511614869,-0.006861650232370628,-0.004914983040096745,0.0,0.0,0.0,0.0,0.0,0.0,0.0,0.0,0.0,0.0,0.0,0.0,0.0,0.0,0.0,0.0,0.0,0.0,0.0,0.0,0.0,0.0,0.0,0.0,0.0,0.0,0.0,0.0,0.0,0.0,0.010298002311426396,0.0018042483360924694,-0.013261473428033618,-0.006429039542506403,-0.013261473428033618,-0.006756301039028354,0.0,0.0,0.0,0.0,0.0,0.0,0.0,0.0,0.0,0.0,0.0,0.0,0.0,0.0,0.0,0.0,0.0,0.0,0.0,0.0,0.0,0.0,0.0,0.0,0.0,0.0,0.0,0.0,0.0,0.0,-0.0010815695791659419
2025-12-30 00:00:00+00:00,-0.003234497734327245,4.575171944714236e-05,-0.003142637401551523,-0.0020867694141865956,-0.0032299323745388748,-0.0021158454442333366,0.0,0.0,0.0,0.0,0.0,0.0,0.0,0.0,0.0,0.0,0.0,0.0,0.0,0.0,0.0,0.0,0.0,0.0,0.0,0.0,0.0,0.0,0.0,0.0,0.0,0.0,0.0,0.0,0.0,0.0,-0.0031788644855959476,-0.000345182316508978,-0.0025611882703807515,-0.0014821957114530334,-0.002142106312445484,-0.0013426590908178725,0.0,0.0,0.0,0.0,0.0,0.0,0.0,0.0,0.0,0.0,0.0,0.0,0.0,0.0,0.0,0.0,0.0,0.0,0.0,0.0,0.0,0.0,0.0,0.0,0.0,0.0,0.0,0.0,0.0,0.0,0.003107971458353916
2025-12-31 00:00:00+00:00,-0.003069633478064746,-0.002376011219055524,-0.005062418453945316,-0.003172787732894143,-0.004818031605938392,-0.0035927527671295034,0.0,0.0,0.0,0.0,0.0,0.0,0.0,0.0,0.0,0.0,0.0,0.0,0.0,0.0,0.0,0.0,0.0,0.0,0.0,0.0,0.0,0.0,0.0,0.0,0.0,0.0,0.0,0.0,0.0,0.0,-0.002331923306736188,0.00010696914244322296,-0.0005917211480758783,-0.0018441476495081857,-0.0017447208879368685,-0.0025509238067628888,0.0,0.0,0.0,0.0,0.0,0.0,0.0,0.0,0.0,0.0,0.0,0.0,0.0,0.0,0.0,0.0,0.0,0.0,0.0,0.0,0.0,0.0,0.0,0.0,0.0,0.0,0.0,0.0,0.0,0.0,0.0095363472236496
2026-01-01 00:00:00+00:00,-0.0011960276885778333,0.00033092591720582256,0.0005322248961090307,0.0008969966006799034,-0.00014271629365782503,0.0006964682496617961,0.0,0.0,0.0,0.0,0.0,0.0,0.0,0.0,0.0,0.0,0.0,0.0,0.0,0.0,0.0,0.0,0.0,0.0,0.0,0.0,0.0,0.0,0.0,0.0,0.0,0.0,0.0,0.0,0.0,0.0,-0.0012705136349471602,0.0005726281484813851,0.0005727813061628547,0.0012628228729204196,0.0005727813061628547,0.0008876967348982216,0.0,0.0,0.0,0.0,0.0,0.0,0.0,0.0,0.0,0.0,0.0,0.0,0.0,0.0,0.0,0.0,0.0,0.0,0.0,0.0,0.0,0.0,0.0,0.0,0.0,0.0,0.0,0.0,0.0,0.0,-0.060090138726806054
2026-01-02 00:00:00+00:00,-0.016387211977311602,-0.0028194658329716835,-0.016387211977311602,-0.009289314046596388,-0.004062586858207537,-0.0053728697577675,0.0,0.0,0.0,0.0,0.0,0.0,0.0,0.0,0.0,0.0,0.0,0.0,0.0,0.0,0.0,0.0,0.0,0.0,0.0,0.0,0.0,0.0,0.0,0.0,0.0,0.0,0.0,0.0,0.0,0.0,-0.016387211977311602,-0.0016460863247553953,-0.016387211977311602,-0.013921052266915432,-0.004062586858207537,-0.009430740909314844,0.0,0.0,0.0,0.0,0.0,0.0,0.0,0.0,0.0,0.0,0.0,0.0,0.0,0.0,0.0,0.0,0.0,0.0,0.0,0.0,0.0,0.0,0.0,0.0,0.0,0.0,0.0,0.0,0.0,0.0,-0.09078951026823485
2026-01-03 00:00:00+00:00,-0.003234548211227742,-0.0009763406212483964,-0.003234548211227742,-0.002184295682790586,-0.00224505366685435,0.00024208704894614422,0.0,0.0,0.0,0.0,0.0,0.0,0.0,0.0,0.0,0.0,0.0,0.0,0.0,0.0,0.0,0.0,0.0,0.0,0.0,0.0,0.0,0.0,0.0,0.0,0.0,0.0,0.0,0.0,0.0,0.0,-0.006039935434148288,-0.0024327992511311586,-0.006039935434148288,-0.0031333225633587186,-0.00429548400663431,-0.0012630103650872375,0.0,0.0,0.0,0.0,0.0,0.0,0.0,0.0,0.0,0.0,0.0,0.0,0.0,0.0,0.0,0.0,0.0,0.0,0.0,0.0,0.0,0.0,0.0,0.0,0.0,0.0,0.0,0.0,0.0,0.0,-0.029150729260735437
2026-01-04 00:00:00+00:00,0.0033819872659286007,0.0035747006424820403,0.0033819872659286007,0.0035747006424820403,0.0033819872659286007,0.0014860519883094095,0.0,0.0,0.0,0.0,0.0,0.0,0.0,0.0,0.0,0.0,0.0,0.0,0.0,0.0,0.0,0.0,0.0,0.0,0.0,0.0,0.0,0.0,0.0,0.0,0.0,0.0,0.0,0.0,0.0,0.0,0.003626662598486288,0.004773777877549163,0.003626662598486288,0.004773777877549163,0.003626662598486288,0.0022980839111866763,0.0,0.0,0.0,0.0,0.0,0.0,0.0,0.0,0.0,0.0,0.0,0.0,0.0,0.0,0.0,0.0,0.0,0.0,0.0,0.0,0.0,0.0,0.0,0.0,0.0,0.0,0.0,0.0,0.0,0.0,-0.031336315628540445
2026-01-05 00:00:00+00:00,-0.0031661534109069882,0.0037484355204290046,-0.0025740384488562,0.003945634306550655,-0.0025740384488562,0.00529594476388589,0.0,0.0,0.0,0.0,0.0,0.0,0.0,0.0,0.0,0.0,0.0,0.0,0.0,0.0,0.0,0.0,0.0,0.0,0.0,0.0,0.0,0.0,0.0,0.0,0.0,0.0,0.0,0.0,0.0,0.0,-0.011077456089158513,0.004817485425423578,0.008071991513087462,0.011200634626172235,0.008071991513087462,0.009752383975636762,0.0,0.0,0.0,0.0,0.0,0.0,0.0,0.0,0.0,0.0,0.0,0.0,0.0,0.0,0.0,0.0,0.0,0.0,0.0,0.0,0.0,0.0,0.0,0.0,0.0,0.0,0.0,0.0,0.0,0.0,-0.020205415448196835
2026-01-06 00:00:00+00:00,-0.0034369640346374897,-0.0007237444346952769,-0.0065647595798472135,-0.005091156483987046,-0.0030349542365031143,-0.003914554702872347,0.0,0.0,0.0,0.0,0.0,0.0,0.0,0.0,0.0,0.0,0.0,0.0,0.0,0.0,0.0,0.0,0.0,0.0,0.0,0.0,0.0,0.0,0.0,0.0,0.0,0.0,0.0,0.0,0.0,0.0,-0.003497474046803969,0.00523061949241814,-0.003497474046803969,-0.008226798260683501,-0.011506236189711659,-0.01089638564165273,0.0,0.0,0.0,0.0,0.0,0.0,0.0,0.0,0.0,0.0,0.0,0.0,0.0,0.0,0.0,0.0,0.0,0.0,0.0,0.0,0.0,0.0,0.0,0.0,0.0,0.0,0.0,0.0,0.0,0.0,-0.02170335605094383
2026-01-07 00:00:00+00:00,-0.0018265182025170414,0.005712058847493364,0.009819158775209088,0.012477813626064723,0.0027014646051990577,0.007041093906447385,0.0,0.0,0.0,0.0,0.0,0.0,0.0,0.0,0.0,0.0,0.0,0.0,0.0,0.0,0.0,0.0,0.0,0.0,0.0,0.0,0.0,0.0,0.0,0.0,0.0,0.0,0.0,0.0,0.0,0.0,0.004380917842935926,0.0071644379205681565,0.008889013621833208,0.0051404053200327544,-0.004296191948298658,-0.006735805445485326,0.0,0.0,0.0,0.0,0.0,0.0,0.0,0.0,0.0,0.0,0.0,0.0,0.0,0.0,0.0,0.0,0.0,0.0,0.0,0.0,0.0,0.0,0.0,0.0,0.0,0.0,0.0,0.0,0.0,0.0,-0.005381860253984239
2026-01-08 00:00:00+00:00,-0.00017175492691208884,-0.0035662757621416183,0.001391068732986632,-0.0020153840776192373,-0.003099378351744771,-0.004261215135918698,0.0,0.0,0.0,0.0,0.0,0.0,0.0,0.0,0.0,0.0,0.0,0.0,0.0,0.0,0.0,0.0,0.0,0.0,0.0,0.0,0.0,0.0,0.0,0.0,0.0,0.0,0.0,0.0,0.0,0.0,-0.003440761181764013,-0.0028714449548958316,0.00046330489202558956,-0.001852095559468709,0.00046330489202558956,0.00035863646639715626,0.0,0.0,0.0,0.0,0.0,0.0,0.0,0.0,0.0,0.0,0.0,0.0,0.0,0.0,0.0,0.0,0.0,0.0,0.0,0.0,0.0,0.0,0.0,0.0,0.0,0.0,0.0,0.0,0.0,0.0,0.008402797170149023
2026-01-09 00:00:00+00:00,0.011643639619716494,0.0037104008605249456,-0.006984037432233199,-0.0019295264217986123,-0.00422083240221173,-0.001773648643916113,0.0,0.0,0.0,0.0,0.0,0.0,0.0,0.0,0.0,0.0,0.0,0.0,0.0,0.0,0.0,0.0,0.0,0.0,0.0,0.0,0.0,0.0,0.0,0.0,0.0,0.0,0.0,0.0,0.0,0.0,0.009797435423372225,0.004371371896929419,-0.013490964463580656,-0.007689124242023143,-0.015160930718222802,-0.012663161305727514,0.0,0.0,0.0,0.0,0.0,0.0,0.0,0.0,0.0,0.0,0.0,0.0,0.0,0.0,0.0,0.0,0.0,0.0,0.0,0.0,0.0,0.0,0.0,0.0,0.0,0.0,0.0,0.0,0.0,0.0,0.026126832907160075
2026-01-10 00:00:00+00:00,-0.001585730181122626,-0.0009233865640438053,-0.001890522949834913,-0.002224658257958033,-0.002940268737965845,-0.0026080707721016978,0.0,0.0,0.0,0.0,0.0,0.0,0.0,0.0,0.0,0.0,0.0,0.0,0.0,0.0,0.0,0.0,0.0,0.0,0.0,0.0,0.0,0.0,0.0,0.0,0.0,0.0,0.0,0.0,0.0,0.0,-0.0025506116980041826,-0.0010494129995166656,-0.003177337444373844,-0.0032037169034153357,-0.004277415287041278,-0.0034786141684884204,0.0,0.0,0.0,0.0,0.0,0.0,0.0,0.0,0.0,0.0,0.0,0.0,0.0,0.0,0.0,0.0,0.0,0.0,0.0,0.0,0.0,0.0,0.0,0.0,0.0,0.0,0.0,0.0,0.0,0.0,0.05242368630435427
2026-01-11 00:00:00+00:00,0.0019583433287368194,0.000667842442750012,-0.001415619526164518,0.00021683759049419664,0.0005433605495670122,0.0012162434305423356,0.0,0.0,0.0,0.0,0.0,0.0,0.0,0.0,0.0,0.0,0.0,0.0,0.0,0.0,0.0,0.0,0.0,0.0,0.0,0.0,0.0,0.0,0.0,0.0,0.0,0.0,0.0,0.0,0.0,0.0,0.0019583433287368194,0.00043694072195102964,-0.001415619526164518,0.00017172203191843623,0.0005433605495670122,0.0013699278860961233,0.0,0.0,0.0,0.0,0.0,0.0,0.0,0.0,0.0,0.0,0.0,0.0,0.0,0.0,0.0,0.0,0.0,0.0,0.0,0.0,0.0,0.0,0.0,0.0,0.0,0.0,0.0,0.0,0.0,0.0,0.010090400748724434
2026-01-12 00:00:00+00:00,-0.003920630231860817,0.0023249991875796917,-0.0032497772738959776,0.001206092021985674,0.0009239241986218468,0.0054804620871219826,0.0,0.0,0.0,0.0,0.0,0.0,0.0,0.0,0.0,0.0,0.0,0.0,0.0,0.0,0.0,0.0,0.0,0.0,0.0,0.0,0.0,0.0,0.0,0.0,0.0,0.0,0.0,0.0,0.0,0.0,-0.004752198173115894,0.0020767424970362554,-0.0049178837774221055,0.00036835324473436973,0.0017614126640874174,0.00496162645798518,0.0,0.0,0.0,0.0,0.0,0.0,0.0,0.0,0.0,0.0,0.0,0.0,0.0,0.0,0.0,0.0,0.0,0.0,0.0,0.0,0.0,0.0,0.0,0.0,0.0,0.0,0.0,0.0,0.0,0.0,0.08347660702845339
2026-01-13 00:00:00+00:00,-0.014464322204905903,-0.014081238555694077,-0.011271146863608469,-0.00541933308589283,0.008916776063968457,0.0023161324241361045,0.0,0.0,0.0,0.0,0.0,0.0,0.0,0.0,0.0,0.0,0.0,0.0,0.0,0.0,0.0,0.0,0.0,0.0,0.0,0.0,0.0,0.0,0.0,0.0,0.0,0.0,0.0,0.0,0.0,0.0,-0.0009664779134703863,-0.006690355048491209,0.0009794483668932276,-0.004650718345286617,-0.009035636795350355,-0.006565605732951989,0.0,0.0,0.0,0.0,0.0,0.0,0.0,0.0,0.0,0.0,0.0,0.0,0.0,0.0,0.0,0.0,0.0,0.0,0.0,0.0,0.0,0.0,0.0,0.0,0.0,0.0,0.0,0.0,0.0,0.0,-0.007482304143552295
2026-01-14 00:00:00+00:00,-0.008793347719992423,-0.0027020230895025855,-0.003688773552740296,-0.0022940887801200303,-0.004106121327656203,-0.0013458324644270003,0.0,0.0,0.0,0.0,0.0,0.0,0.0,0.0,0.0,0.0,0.0,0.0,0.0,0.0,0.0,0.0,0.0,0.0,0.0,0.0,0.0,0.0,0.0,0.0,0.0,0.0,0.0,0.0,0.0,0.0,-0.011984915183149343,-0.005831422125717419,-0.010121314284099046,-0.0043315844938184404,-0.007164099571449645,-0.0022344000628025003,0.0,0.0,0.0,0.0,0.0,0.0,0.0,0.0,0.0,0.0,0.0,0.0,0.0,0.0,0.0,0.0,0.0,0.0,0.0,0.0,0.0,0.0,0.0,0.0,0.0,0.0,0.0,0.0,0.0,0.0,0.013117659278124583
2026-01-15 00:00:00+00:00,-0.004299024809225385,0.004194165550268581,0.008012516858525161,0.00677123744736708,0.004849853806020869,0.0020834559131529436,0.0,0.0,0.0,0.0,0.0,0.0,0.0,0.0,0.0,0.0,0.0,0.0,0.0,0.0,0.0,0.0,0.0,0.0,0.0,0.0,0.0,0.0,0.0,0.0,0.0,0.0,0.0,0.0,0.0,0.0,0.003438139862726763,0.003216020504801032,0.003438139862726763,0.0011897942012214899,0.00040928869873318096,0.0006048282797248471,0.0,0.0,0.0,0.0,0.0,0.0,0.0,0.0,0.0,0.0,0.0,0.0,0.0,0.0,0.0,0.0,0.0,0.0,0.0,0.0,0.0,0.0,0.0,0.0,0.0,0.0,0.0,0.0,0.0,0.0,0.07600014685594954
2026-01-16 00:00:00+00:00,-0.0092445249998578,0.0011983561514446375,0.001168630849685403,0.006284911412577621,0.006383293643603949,0.0050572394885665395,0.0,0.0,0.0,0.0,0.0,0.0,0.0,0.0,0.0,0.0,0.0,0.0,0.0,0.0,0.0,0.0,0.0,0.0,0.0,0.0,0.0,0.0,0.0,0.0,0.0,0.0,0.0,0.0,0.0,0.0,-0.013017543153081616,0.004030317145608502,0.008526509176305801,0.011297303267783672,0.01249796730920735,0.007913357664805503,0.0,0.0,0.0,0.0,0.0,0.0,0.0,0.0,0.0,0.0,0.0,0.0,0.0,0.0,0.0,0.0,0.0,0.0,0.0,0.0,0.0,0.0,0.0,0.0,0.0,0.0,0.0,0.0,0.0,0.0,0.017739951444629625
2026-01-17 00:00:00+00:00,-0.0013997300357183392,-0.0006206894056584301,-0.0018044472546976053,-0.0008930153220520319,-0.0019352050227618859,-0.0009076679735983321,0.0,0.0,0.0,0.0,0.0,0.0,0.0,0.0,0.0,0.0,0.0,0.0,0.0,0.0,0.0,0.0,0.0,0.0,0.0,0.0,0.0,0.0,0.0,0.0,0.0,0.0,0.0,0.0,0.0,0.0,-0.0010005158919174698,-0.0004787426636669264,-0.0017593966817979808,-0.0009728004038570713,-0.002314365705894097,-0.0013904854100781005,0.0,0.0,0.0,0.0,0.0,0.0,0.0,0.0,0.0,0.0,0.0,0.0,0.0,0.0,0.0,0.0,0.0,0.0,0.0,0.0,0.0,0.0,0.0,0.0,0.0,0.0,0.0,0.0,0.0,0.0,0.0008983002868901228
2026-01-18 00:00:00+00:00,-0.00011517317211072638,9.51398474167926e-05,-0.0010179049708893056,0.00041106780396076486,-0.0003004025404152019,0.00013998890932457038,0.0,0.0,0.0,0.0,0.0,0.0,0.0,0.0,0.0,0.0,0.0,0.0,0.0,0.0,0.0,0.0,0.0,0.0,0.0,0.0,0.0,0.0,0.0,0.0,0.0,0.0,0.0,0.0,0.0,0.0,-0.00039848017444910565,8.700606396273169e-05,-0.0005755764228311523,0.0006891456992716719,0.00021071947824693972,0.0007003292549796137,0.0,0.0,0.0,0.0,0.0,0.0,0.0,0.0,0.0,0.0,0.0,0.0,0.0,0.0,0.0,0.0,0.0,0.0,0.0,0.0,0.0,0.0,0.0,0.0,0.0,0.0,0.0,0.0,0.0,0.0,0.04111005157277322
2026-01-19 00:00:00+00:00,-0.005289407134953669,-0.0017365570071103892,-0.000573195197377641,-0.0004571200807258234,-0.0021402488067189624,-7.318725277970764e-05,0.0,0.0,0.0,0.0,0.0,0.0,0.0,0.0,0.0,0.0,0.0,0.0,0.0,0.0,0.0,0.0,0.0,0.0,0.0,0.0,0.0,0.0,0.0,0.0,0.0,0.0,0.0,0.0,0.0,0.0,-0.0029102980616673452,-0.0012576315564691548,-0.0021621771895449357,-0.0007780907940214689,-8.255305114104384e-05,0.00031085544267128024,0.0,0.0,0.0,0.0,0.0,0.0,0.0,0.0,0.0,0.0,0.0,0.0,0.0,0.0,0.0,0.0,0.0,0.0,0.0,0.0,0.0,0.0,0.0,0.0,0.0,0.0,0.0,0.0,0.0,0.0,0.019328724815433313
2026-01-20 00:00:00+00:00,-0.0054165446383919215,-0.003673317871353426,-0.013740501044603469,-0.006218647684908442,-0.00700545073866407,-0.00880013310957395,0.0,0.0,0.0,0.0,0.0,0.0,0.0,0.0,0.0,0.0,0.0,0.0,0.0,0.0,0.0,0.0,0.0,0.0,0.0,0.0,0.0,0.0,0.0,0.0,0.0,0.0,0.0,0.0,0.0,0.0,0.006216676407687246,0.002664894339599369,-0.005362890936872624,-0.005127380172809702,0.0017312485105051931,-0.002216433014477532,0.0,0.0,0.0,0.0,0.0,0.0,0.0,0.0,0.0,0.0,0.0,0.0,0.0,0.0,0.0,0.0,0.0,0.0,0.0,0.0,0.0,0.0,0.0,0.0,0.0,0.0,0.0,0.0,0.0,0.0,0.0018817605558472856
2026-01-21 00:00:00+00:00,-0.01218707619833129,-0.0030981104811342876,-0.011768350572545555,-0.007614859890866102,-0.011768350572545555,-0.0024030070369272867,0.0,0.0,0.0,0.0,0.0,0.0,0.0,0.0,0.0,0.0,0.0,0.0,0.0,0.0,0.0,0.0,0.0,0.0,0.0,0.0,0.0,0.0,0.0,0.0,0.0,0.0,0.0,0.0,0.0,0.0,-0.011048865734461068,-0.0012622298611744548,-0.011048865734461068,-0.005505062298080773,-0.011048865734461068,0.0008245286521033393,0.0,0.0,0.0,0.0,0.0,0.0,0.0,0.0,0.0,0.0,0.0,0.0,0.0,0.0,0.0,0.0,0.0,0.0,0.0,0.0,0.0,0.0,0.0,0.0,0.0,0.0,0.0,0.0,0.0,0.0,-0.022355776678388024
2026-01-22 00:00:00+00:00,0.004795979987856053,0.0012768832033070961,0.0065822748913438815,0.005760604630128484,0.0065822748913438815,0.0009948559733210696,0.0,0.0,0.0,0.0,0.0,0.0,0.0,0.0,0.0,0.0,0.0,0.0,0.0,0.0,0.0,0.0,0.0,0.0,0.0,0.0,0.0,0.0,0.0,0.0,0.0,0.0,0.0,0.0,0.0,0.0,0.004907218826566784,0.002294018072592183,0.01866456728842372,0.014937807308333604,0.01866456728842372,0.005566177505178498,0.0,0.0,0.0,0.0,0.0,0.0,0.0,0.0,0.0,0.0,0.0,0.0,0.0,0.0,0.0,0.0,0.0,0.0,0.0,0.0,0.0,0.0,0.0,0.0,0.0,0.0,0.0,0.0,0.0,0.0,0.007618967490615525
2026-01-23 00:00:00+00:00,-0.0028179502222156812,-0.0007233173759512577,0.003769250957051197,0.0034230003902196043,0.003769250957051197,0.0034230003902196043,0.0,0.0,0.0,0.0,0.0,0.0,0.0,0.0,0.0,0.0,0.0,0.0,0.0,0.0,0.0,0.0,0.0,0.0,0.0,0.0,0.0,0.0,0.0,0.0,0.0,0.0,0.0,0.0,0.0,0.0,-0.011095595252409584,-4.274163681763328e-05,0.010366210844215056,0.008599421300214625,0.010366210844215056,0.008599421300214625,0.0,0.0,0.0,0.0,0.0,0.0,0.0,0.0,0.0,0.0,0.0,0.0,0.0,0.0,0.0,0.0,0.0,0.0,0.0,0.0,0.0,0.0,0.0,0.0,0.0,0.0,0.0,0.0,0.0,0.0,-0.0019616174837710685
2026-01-24 00:00:00+00:00,-0.0019487725842820146,-0.0006634594236239544,-0.0018334299711662803,-0.0005982887781570864,-0.0018511353487063865,-0.0006041886388104078,0.0,0.0,0.0,0.0,0.0,0.0,0.0,0.0,0.0,0.0,0.0,0.0,0.0,0.0,0.0,0.0,0.0,0.0,0.0,0.0,0.0,0.0,0.0,0.0,0.0,0.0,0.0,0.0,0.0,0.0,-0.0022464014719027602,-0.0007400350431729219,-0.0018945181389360536,-0.0005689310273927329,-0.001970311249835742,-0.0005941874185958611,0.0,0.0,0.0,0.0,0.0,0.0,0.0,0.0,0.0,0.0,0.0,0.0,0.0,0.0,0.0,0.0,0.0,0.0,0.0,0.0,0.0,0.0,0.0,0.0,0.0,0.0,0.0,0.0,0.0,0.0,-0.005732404663025603
2026-01-25 00:00:00+00:00,0.0019806808367357404,0.0007246850256877379,0.0019806808367357404,0.0006150425592747278,0.0019806808367357404,-0.0002925361838099938,0.0,0.0,0.0,0.0,0.0,0.0,0.0,0.0,0.0,0.0,0.0,0.0,0.0,0.0,0.0,0.0,0.0,0.0,0.0,0.0,0.0,0.0,0.0,0.0,0.0,0.0,0.0,0.0,0.0,0.0,0.0019806808367357404,0.0011905107915741765,0.0019806808367357404,0.0014353813821453548,0.0019806808367357404,0.001438461289270136,0.0,0.0,0.0,0.0,0.0,0.0,0.0,0.0,0.0,0.0,0.0,0.0,0.0,0.0,0.0,0.0,0.0,0.0,0.0,0.0,0.0,0.0,0.0,0.0,0.0,0.0,0.0,0.0,0.0,0.0,0.05222661880996885
2026-01-26 00:00:00+00:00,0.0010129357154324355,-0.009497841342785345,-0.0013078583319150229,-0.01002618216292174,0.003955732822237661,-0.008091590805115742,0.0,0.0,0.0,0.0,0.0,0.0,0.0,0.0,0.0,0.0,0.0,0.0,0.0,0.0,0.0,0.0,0.0,0.0,0.0,0.0,0.0,0.0,0.0,0.0,0.0,0.0,0.0,0.0,0.0,0.0,0.002945172731030168,-0.010308813303197219,-0.0015932802193165297,-0.010917886049507075,0.00498620872337433,-0.008063216048442278,0.0,0.0,0.0,0.0,0.0,0.0,0.0,0.0,0.0,0.0,0.0,0.0,0.0,0.0,0.0,0.0,0.0,0.0,0.0,0.0,0.0,0.0,0.0,0.0,0.0,0.0,0.0,0.0,0.0,0.0,-0.017164324910271273
2026-01-27 00:00:00+00:00,0.005925442808868682,0.010755429694296804,0.0027970269665108273,0.009678858064813604,0.0005998207247517719,0.01022283057028261,0.0,0.0,0.0,0.0,0.0,0.0,0.0,0.0,0.0,0.0,0.0,0.0,0.0,0.0,0.0,0.0,0.0,0.0,0.0,0.0,0.0,0.0,0.0,0.0,0.0,0.0,0.0,0.0,0.0,0.0,0.012702119005770781,0.013158485786806416,0.012702119005770781,0.012238203293848789,0.0074467921566829685,0.012081932746639832,0.0,0.0,0.0,0.0,0.0,0.0,0.0,0.0,0.0,0.0,0.0,0.0,0.0,0.0,0.0,0.0,0.0,0.0,0.0,0.0,0.0,0.0,0.0,0.0,0.0,0.0,0.0,0.0,0.0,0.0,0.016895859600860708
2026-01-28 00:00:00+00:00,-0.005650792415006987,-0.00039502564837995153,-0.014989351633831124,-0.0030896714148729563,-0.004956901173476171,0.0007570031979883691,0.0,0.0,0.0,0.0,0.0,0.0,0.0,0.0,0.0,0.0,0.0,0.0,0.0,0.0,0.0,0.0,0.0,0.0,0.0,0.0,0.0,0.0,0.0,0.0,0.0,0.0,0.0,0.0,0.0,0.0,0.0015003459428160003,0.006271186503525356,-0.010178366235342278,0.0027960560506898498,0.0028481686555597986,0.008393983931391171,0.0,0.0,0.0,0.0,0.0,0.0,0.0,0.0,0.0,0.0,0.0,0.0,0.0,0.0,0.0,0.0,0.0,0.0,0.0,0.0,0.0,0.0,0.0,0.0,0.0,0.0,0.0,0.0,0.0,0.0,0.06274612993180011
2026-01-29 00:00:00+00:00,-0.013341746282764615,-0.009397429482511136,-0.01561803072807632,-0.01126475397416636,-0.01310492025351353,-0.011688281255406899,0.0,0.0,0.0,0.0,0.0,0.0,0.0,0.0,0.0,0.0,0.0,0.0,0.0,0.0,0.0,0.0,0.0,0.0,0.0,0.0,0.0,0.0,0.0,0.0,0.0,0.0,0.0,0.0,0.0,0.0,-0.0037595129463590953,1.4632339027927937e-05,-0.00814330115026992,-0.003080447111679314,-0.007271534928639129,-0.00555668212499726,0.0,0.0,0.0,0.0,0.0,0.0,0.0,0.0,0.0,0.0,0.0,0.0,0.0,0.0,0.0,0.0,0.0,0.0,0.0,0.0,0.0,0.0,0.0,0.0,0.0,0.0,0.0,0.0,0.0,0.0,0.03584410116325317
2026-01-30 00:00:00+00:00,0.0014555192353334502,0.003602685038552648,0.000515298847882818,0.001608377350474266,0.0006150406439492781,0.0007253414819837927,0.0,0.0,0.0,0.0,0.0,0.0,0.0,0.0,0.0,0.0,0.0,0.0,0.0,0.0,0.0,0.0,0.0,0.0,0.0,0.0,0.0,0.0,0.0,0.0,0.0,0.0,0.0,0.0,0.0,0.0,0.0020159906576076485,0.006293363298117051,0.0038972015851345444,0.0057830411832303814,0.005295702699632453,0.005849190357018766,0.0,0.0,0.0,0.0,0.0,0.0,0.0,0.0,0.0,0.0,0.0,0.0,0.0,0.0,0.0,0.0,0.0,0.0,0.0,0.0,0.0,0.0,0.0,0.0,0.0,0.0,0.0,0.0,0.0,0.0,-0.032447292869552245
2026-01-31 00:00:00+00:00,-0.00031349809980034306,-0.0031535840284852325,-0.006911580828127945,-0.005674218388853324,-0.007337354296992952,-0.005608295735701083,0.0,0.0,0.0,0.0,0.0,0.0,0.0,0.0,0.0,0.0,0.0,0.0,0.0,0.0,0.0,0.0,0.0,0.0,0.0,0.0,0.0,0.0,0.0,0.0,0.0,0.0,0.0,0.0,0.0,0.0,-0.002112185034796477,0.0003463604985713873,0.00038638737242141356,0.0010040049456371749,-0.00010021087771002217,0.0007558494392527464,0.0,0.0,0.0,0.0,0.0,0.0,0.0,0.0,0.0,0.0,0.0,0.0,0.0,0.0,0.0,0.0,0.0,0.0,0.0,0.0,0.0,0.0,0.0,0.0,0.0,0.0,0.0,0.0,0.0,0.0,0.0712170697842071
2026-02-01 00:00:00+00:00,-0.0011804512331480034,-0.0003094063250983379,-0.00023416684602341133,-0.0007729832436044396,-0.0009651944371509162,-0.0007697623678696687,0.0,0.0,0.0,0.0,0.0,0.0,0.0,0.0,0.0,0.0,0.0,0.0,0.0,0.0,0.0,0.0,0.0,0.0,0.0,0.0,0.0,0.0,0.0,0.0,0.0,0.0,0.0,0.0,0.0,0.0,-0.0005598614656784045,0.00030898756437165584,0.0010893801559042472,0.00010145197895892646,-0.0005055643553593897,-0.0002866868656493373,0.0,0.0,0.0,0.0,0.0,0.0,0.0,0.0,0.0,0.0,0.0,0.0,0.0,0.0,0.0,0.0,0.0,0.0,0.0,0.0,0.0,0.0,0.0,0.0,0.0,0.0,0.0,0.0,0.0,0.0,0.016807231026853515
2026-02-02 00:00:00+00:00,0.016615758210588534,0.009907137857113293,-0.010393279224663123,-0.0008888078599321522,-0.010393279224663123,-0.008402360076114987,0.0,0.0,0.0,0.0,0.0,0.0,0.0,0.0,0.0,0.0,0.0,0.0,0.0,0.0,0.0,0.0,0.0,0.0,0.0,0.0,0.0,0.0,0.0,0.0,0.0,0.0,0.0,0.0,0.0,0.0,0.0043536776162436275,0.007128176432043519,0.0043536776162436275,0.00352410128821638,0.0043536776162436275,-0.005541049196592908,0.0,0.0,0.0,0.0,0.0,0.0,0.0,0.0,0.0,0.0,0.0,0.0,0.0,0.0,0.0,0.0,0.0,0.0,0.0,0.0,0.0,0.0,0.0,0.0,0.0,0.0,0.0,0.0,0.0,0.0,0.00626974691945692
2026-02-03 00:00:00+00:00,-0.0011515271727685623,-0.00479761203156556,-0.006212281192239369,-0.00994514824869703,-0.012483818809815847,-0.010519228763442084,0.0,0.0,0.0,0.0,0.0,0.0,0.0,0.0,0.0,0.0,0.0,0.0,0.0,0.0,0.0,0.0,0.0,0.0,0.0,0.0,0.0,0.0,0.0,0.0,0.0,0.0,0.0,0.0,0.0,0.0,-0.004178551879250811,-0.0020915205505492728,-0.004178551879250811,-0.0016081257106539024,-0.004178551879250811,-2.2651976881771246e-05,0.0,0.0,0.0,0.0,0.0,0.0,0.0,0.0,0.0,0.0,0.0,0.0,0.0,0.0,0.0,0.0,0.0,0.0,0.0,0.0,0.0,0.0,0.0,0.0,0.0,0.0,0.0,0.0,0.0,0.0,0.0393911010001012
2026-02-04 00:00:00+00:00,-0.008831004867359769,5.622962343948213e-05,-0.0053749648034763,-0.004540866208852065,-0.009661802425488919,-0.010701513962506274,0.0,0.0,0.0,0.0,0.0,0.0,0.0,0.0,0.0,0.0,0.0,0.0,0.0,0.0,0.0,0.0,0.0,0.0,0.0,0.0,0.0,0.0,0.0,0.0,0.0,0.0,0.0,0.0,0.0,0.0,-0.005652962969845668,0.0012247296112115793,0.0012591171579212734,0.0035287563204672266,-0.008949098924324154,0.00012601762638541716,0.0,0.0,0.0,0.0,0.0,0.0,0.0,0.0,0.0,0.0,0.0,0.0,0.0,0.0,0.0,0.0,0.0,0.0,0.0,0.0,0.0,0.0,0.0,0.0,0.0,0.0,0.0,0.0,0.0,0.0,0.021648986560849053
2026-02-05 00:00:00+00:00,-0.034306556471784745,-0.015037946891339096,-0.01970413991619146,-0.014955509140434128,-0.027267923405732673,-0.020033775704784363,0.0,0.0,0.0,0.0,0.0,0.0,0.0,0.0,0.0,0.0,0.0,0.0,0.0,0.0,0.0,0.0,0.0,0.0,0.0,0.0,0.0,0.0,0.0,0.0,0.0,0.0,0.0,0.0,0.0,0.0,-0.016785494407952194,-0.0021242754019301716,0.002127620569916331,0.004722800524725395,-0.016118769335752917,-0.002816055692622246,0.0,0.0,0.0,0.0,0.0,0.0,0.0,0.0,0.0,0.0,0.0,0.0,0.0,0.0,0.0,0.0,0.0,0.0,0.0,0.0,0.0,0.0,0.0,0.0,0.0,0.0,0.0,0.0,0.0,0.0,0.030758051871287106
2026-02-06 00:00:00+00:00,0.03527667593569221,0.029344113326264843,0.030007438734222198,0.026341387077620158,0.03531783854961861,0.028136631585277797,0.0,0.0,0.0,0.0,0.0,0.0,0.0,0.0,0.0,0.0,0.0,0.0,0.0,0.0,0.0,0.0,0.0,0.0,0.0,0.0,0.0,0.0,0.0,0.0,0.0,0.0,0.0,0.0,0.0,0.0,0.013811453593991123,0.005154240220732528,0.004025727362689688,0.0029403113789219677,0.010316241764893782,0.007810327185394955,0.0,0.0,0.0,0.0,0.0,0.0,0.0,0.0,0.0,0.0,0.0,0.0,0.0,0.0,0.0,0.0,0.0,0.0,0.0,0.0,0.0,0.0,0.0,0.0,0.0,0.0,0.0,0.0,0.0,0.0,-0.0796519978446522
2026-02-07 00:00:00+00:00,-8.165532162491456e-06,-0.0010618341599442286,-0.0011163093025833158,-0.0014022660495732902,-0.0013600371124972335,-0.0014864560548193552,0.0,0.0,0.0,0.0,0.0,0.0,0.0,0.0,0.0,0.0,0.0,0.0,0.0,0.0,0.0,0.0,0.0,0.0,0.0,0.0,0.0,0.0,0.0,0.0,0.0,0.0,0.0,0.0,0.0,0.0,-0.0012459066828252527,-0.0006647166694800066,-0.0015809703790416964,-0.0008198300967140648,-0.0019324093279714997,-0.0009262020260051015,0.0,0.0,0.0,0.0,0.0,0.0,0.0,0.0,0.0,0.0,0.0,0.0,0.0,0.0,0.0,0.0,0.0,0.0,0.0,0.0,0.0,0.0,0.0,0.0,0.0,0.0,0.0,0.0,0.0,0.0,0.04763967464504323
2026-02-08 00:00:00+00:00,4.795546200408573e-05,1.2563601583320353e-05,-0.005349181950975319,-0.0015056166128234094,4.795546200408573e-05,0.0003831866998004844,0.0,0.0,0.0,0.0,0.0,0.0,0.0,0.0,0.0,0.0,0.0,0.0,0.0,0.0,0.0,0.0,0.0,0.0,0.0,0.0,0.0,0.0,0.0,0.0,0.0,0.0,0.0,0.0,0.0,0.0,-0.0022415100772769513,-0.0008263658148813746,-0.0030551766907098176,-0.001013863880089182,-0.0022415100772769513,-0.0006298197887511784,0.0,0.0,0.0,0.0,0.0,0.0,0.0,0.0,0.0,0.0,0.0,0.0,0.0,0.0,0.0,0.0,0.0,0.0,0.0,0.0,0.0,0.0,0.0,0.0,0.0,0.0,0.0,0.0,0.0,0.0,0.016685902546125824
2026-02-09 00:00:00+00:00,-0.006429055815190843,-0.00406392966867923,-0.006429055815190843,-0.0011401472653760818,-0.004894524345294625,0.0016188328585874136,0.0,0.0,0.0,0.0,0.0,0.0,0.0,0.0,0.0,0.0,0.0,0.0,0.0,0.0,0.0,0.0,0.0,0.0,0.0,0.0,0.0,0.0,0.0,0.0,0.0,0.0,0.0,0.0,0.0,0.0,-0.007773061330427826,-0.0008590464721342446,-0.007773061330427826,-0.005431877736173588,-0.006048003905872366,-0.0012782157037194875,0.0,0.0,0.0,0.0,0.0,0.0,0.0,0.0,0.0,0.0,0.0,0.0,0.0,0.0,0.0,0.0,0.0,0.0,0.0,0.0,0.0,0.0,0.0,0.0,0.0,0.0,0.0,0.0,0.0,0.0,-0.03265686067969572
2026-02-10 00:00:00+00:00,0.0025189428439705295,0.0008368777348379616,-0.005152257145595375,-0.0007870705256228756,0.004500648637662876,0.005261344591111656,0.0,0.0,0.0,0.0,0.0,0.0,0.0,0.0,0.0,0.0,0.0,0.0,0.0,0.0,0.0,0.0,0.0,0.0,0.0,0.0,0.0,0.0,0.0,0.0,0.0,0.0,0.0,0.0,0.0,0.0,-0.012036554954938168,-0.003968367703336115,-0.012036554954938168,-0.009468266470466098,-0.0008948285721484866,0.005267165180227442,0.0,0.0,0.0,0.0,0.0,0.0,0.0,0.0,0.0,0.0,0.0,0.0,0.0,0.0,0.0,0.0,0.0,0.0,0.0,0.0,0.0,0.0,0.0,0.0,0.0,0.0,0.0,0.0,0.0,0.0,0.03645738049497482
2026-02-11 00:00:00+00:00,-0.0030595595472875233,0.005283724418026751,0.00012486029068376424,0.003311927652593475,0.012724376552988536,0.0102868146554799,0.0,0.0,0.0,0.0,0.0,0.0,0.0,0.0,0.0,0.0,0.0,0.0,0.0,0.0,0.0,0.0,0.0,0.0,0.0,0.0,0.0,0.0,0.0,0.0,0.0,0.0,0.0,0.0,0.0,0.0,0.0033795916578033313,0.00397274326704268,0.010683296840579998,0.006407978559532471,0.012648881219358631,0.0062209573869619035,0.0,0.0,0.0,0.0,0.0,0.0,0.0,0.0,0.0,0.0,0.0,0.0,0.0,0.0,0.0,0.0,0.0,0.0,0.0,0.0,0.0,0.0,0.0,0.0,0.0,0.0,0.0,0.0,0.0,0.0,0.06728007336624353
2026-02-12 00:00:00+00:00,-0.007599554350378151,-0.002347317514661055,-0.012834954230687565,-0.00674633889922394,-0.015073472053100497,-0.003862616953970858,0.0,0.0,0.0,0.0,0.0,0.0,0.0,0.0,0.0,0.0,0.0,0.0,0.0,0.0,0.0,0.0,0.0,0.0,0.0,0.0,0.0,0.0,0.0,0.0,0.0,0.0,0.0,0.0,0.0,0.0,0.0014448054074794256,0.0011431274478046624,-0.0064985843418157475,-0.0034251347079408447,-0.010975619986641602,-0.004770745486331812,0.0,0.0,0.0,0.0,0.0,0.0,0.0,0.0,0.0,0.0,0.0,0.0,0.0,0.0,0.0,0.0,0.0,0.0,0.0,0.0,0.0,0.0,0.0,0.0,0.0,0.0,0.0,0.0,0.0,0.0,-0.032347760829984806
2026-02-13 00:00:00+00:00,0.0069780708090354,0.011078247303470326,0.011230486356389648,0.013284247893855674,0.014334092217277947,0.004033166410779355,0.0,0.0,0.0,0.0,0.0,0.0,0.0,0.0,0.0,0.0,0.0,0.0,0.0,0.0,0.0,0.0,0.0,0.0,0.0,0.0,0.0,0.0,0.0,0.0,0.0,0.0,0.0,0.0,0.0,0.0,0.001053145745322623,0.0004019606428626651,-0.001761492835522656,-4.8009272990799495e-05,-0.0010693519418965025,-0.0012660405227054997,0.0,0.0,0.0,0.0,0.0,0.0,0.0,0.0,0.0,0.0,0.0,0.0,0.0,0.0,0.0,0.0,0.0,0.0,0.0,0.0,0.0,0.0,0.0,0.0,0.0,0.0,0.0,0.0,0.0,0.0,-0.020783745077397997
2026-02-14 00:00:00+00:00,-0.00334171838246801,-0.0005947373057631819,-0.0029437848278020054,-0.0003346519654491185,-0.0037139455698948515,-0.0005080512158791321,0.0,0.0,0.0,0.0,0.0,0.0,0.0,0.0,0.0,0.0,0.0,0.0,0.0,0.0,0.0,0.0,0.0,0.0,0.0,0.0,0.0,0.0,0.0,0.0,0.0,0.0,0.0,0.0,0.0,0.0,-0.0019158183426799843,-0.000800683250790689,-0.0018461769926314054,-0.0012145537459722913,-0.002521235292920714,-0.0015022175146607577,0.0,0.0,0.0,0.0,0.0,0.0,0.0,0.0,0.0,0.0,0.0,0.0,0.0,0.0,0.0,0.0,0.0,0.0,0.0,0.0,0.0,0.0,0.0,0.0,0.0,0.0,0.0,0.0,0.0,0.0,-0.0667924118714865
2026-02-15 00:00:00+00:00,0.002029132015083747,0.0009850077950566678,0.0029259304406870743,0.0005238391701909152,0.002029132015083747,0.00038787010036908247,0.0,0.0,0.0,0.0,0.0,0.0,0.0,0.0,0.0,0.0,0.0,0.0,0.0,0.0,0.0,0.0,0.0,0.0,0.0,0.0,0.0,0.0,0.0,0.0,0.0,0.0,0.0,0.0,0.0,0.0,-0.004067091880530636,-0.001653829261841878,-0.0036513135222038654,-0.0015564039362447064,-0.004067091880530636,-0.001360066331607298,0.0,0.0,0.0,0.0,0.0,0.0,0.0,0.0,0.0,0.0,0.0,0.0,0.0,0.0,0.0,0.0,0.0,0.0,0.0,0.0,0.0,0.0,0.0,0.0,0.0,0.0,0.0,0.0,0.0,0.0,0.06156938811795613
2026-02-16 00:00:00+00:00,-0.0008202339755851213,-0.0004366235681619612,-0.00208483779161466,-0.00035775917044076353,-0.0009088567272560293,-0.00024993797378160655,0.0,0.0,0.0,0.0,0.0,0.0,0.0,0.0,0.0,0.0,0.0,0.0,0.0,0.0,0.0,0.0,0.0,0.0,0.0,0.0,0.0,0.0,0.0,0.0,0.0,0.0,0.0,0.0,0.0,0.0,-0.0006892101469156797,-0.00036287534724378816,-0.002063151104614607,-6.615902036352715e-05,-0.0006892101469156797,4.839400653941148e-05,0.0,0.0,0.0,0.0,0.0,0.0,0.0,0.0,0.0,0.0,0.0,0.0,0.0,0.0,0.0,0.0,0.0,0.0,0.0,0.0,0.0,0.0,0.0,0.0,0.0,0.0,0.0,0.0,0.0,0.0,0.004838465987370107
2026-02-17 00:00:00+00:00,0.0002146010863658674,0.0027410921319433045,-0.007351064902509734,0.004101140830741162,0.0065571573593808195,0.007399037739716772,0.0,0.0,0.0,0.0,0.0,0.0,0.0,0.0,0.0,0.0,0.0,0.0,0.0,0.0,0.0,0.0,0.0,0.0,0.0,0.0,0.0,0.0,0.0,0.0,0.0,0.0,0.0,0.0,0.0,0.0,-0.010936372223289916,0.0036504292354977955,-0.003785837336097672,0.0060544125100093224,0.0027787400373123308,0.008221758326632498,0.0,0.0,0.0,0.0,0.0,0.0,0.0,0.0,0.0,0.0,0.0,0.0,0.0,0.0,0.0,0.0,0.0,0.0,0.0,0.0,0.0,0.0,0.0,0.0,0.0,0.0,0.0,0.0,0.0,0.0,-0.03926593200143843
2026-02-18 00:00:00+00:00,-0.0012960113339641535,-0.0005824403176204794,-0.0033067556615296216,0.0028856451867241262,0.0016649794797682616,0.004079887463475612,0.0,0.0,0.0,0.0,0.0,0.0,0.0,0.0,0.0,0.0,0.0,0.0,0.0,0.0,0.0,0.0,0.0,0.0,0.0,0.0,0.0,0.0,0.0,0.0,0.0,0.0,0.0,0.0,0.0,0.0,0.0016198516748937282,0.0010556785633365278,0.0016198516748937282,0.003843785537291372,-0.0008719978399481197,-0.001786221995132467,0.0,0.0,0.0,0.0,0.0,0.0,0.0,0.0,0.0,0.0,0.0,0.0,0.0,0.0,0.0,0.0,0.0,0.0,0.0,0.0,0.0,0.0,0.0,0.0,0.0,0.0,0.0,0.0,0.0,0.0,0.014038762812696262
2026-02-19 00:00:00+00:00,7.389961239716086e-05,4.735129108885573e-05,0.0035503491090035618,0.0030513621347970092,0.0038308069824786036,-0.0005773681396756101,0.0,0.0,0.0,0.0,0.0,0.0,0.0,0.0,0.0,0.0,0.0,0.0,0.0,0.0,0.0,0.0,0.0,0.0,0.0,0.0,0.0,0.0,0.0,0.0,0.0,0.0,0.0,0.0,0.0,0.0,-0.001083467887320681,-0.0006963024384401302,-0.0011887138316047199,-0.0006489208378004742,0.00038180735953269426,-3.371407971290561e-05,0.0,0.0,0.0,0.0,0.0,0.0,0.0,0.0,0.0,0.0,0.0,0.0,0.0,0.0,0.0,0.0,0.0,0.0,0.0,0.0,0.0,0.0,0.0,0.0,0.0,0.0,0.0,0.0,0.0,0.0,0.01339004755459361
2026-02-20 00:00:00+00:00,-0.0014194792317322148,-0.0013107895105667327,-0.01185461292860845,-0.007500320894427166,-0.007973915885137293,-0.006835536875557803,0.0,0.0,0.0,0.0,0.0,0.0,0.0,0.0,0.0,0.0,0.0,0.0,0.0,0.0,0.0,0.0,0.0,0.0,0.0,0.0,0.0,0.0,0.0,0.0,0.0,0.0,0.0,0.0,0.0,0.0,-0.007108854277654391,-0.004311089022296685,-0.007378654429493705,-0.005254000012332351,-0.007378654429493705,-0.004184371354612695,0.0,0.0,0.0,0.0,0.0,0.0,0.0,0.0,0.0,0.0,0.0,0.0,0.0,0.0,0.0,0.0,0.0,0.0,0.0,0.0,0.0,0.0,0.0,0.0,0.0,0.0,0.0,0.0,0.0,0.0,-0.029408199332769502
2026-02-21 00:00:00+00:00,-0.0024212611613506196,-0.0006894775424936316,-0.0016368620420142374,-0.0005794910515029919,-0.002133337621802239,-0.00042524018351462614,0.0,0.0,0.0,0.0,0.0,0.0,0.0,0.0,0.0,0.0,0.0,0.0,0.0,0.0,0.0,0.0,0.0,0.0,0.0,0.0,0.0,0.0,0.0,0.0,0.0,0.0,0.0,0.0,0.0,0.0,-0.0024968457931251525,-0.000746693306126041,-0.0021865957811687668,-0.0010724957344568303,-0.0024968457931251525,-0.0008357443988503426,0.0,0.0,0.0,0.0,0.0,0.0,0.0,0.0,0.0,0.0,0.0,0.0,0.0,0.0,0.0,0.0,0.0,0.0,0.0,0.0,0.0,0.0,0.0,0.0,0.0,0.0,0.0,0.0,0.0,0.0,0.01843809203440805
2026-02-22 00:00:00+00:00,6.234558053387434e-05,0.0004400361944203681,-1.568184743341969e-05,6.601815188593122e-05,-0.0036447690049013584,-0.0015818429647351448,0.0,0.0,0.0,0.0,0.0,0.0,0.0,0.0,0.0,0.0,0.0,0.0,0.0,0.0,0.0,0.0,0.0,0.0,0.0,0.0,0.0,0.0,0.0,0.0,0.0,0.0,0.0,0.0,0.0,0.0,-0.0008754553970836631,-0.00021519953500672857,-0.0014613970278433731,-0.0005479012066079401,-0.0014613970278433731,-0.0005424028525423749,0.0,0.0,0.0,0.0,0.0,0.0,0.0,0.0,0.0,0.0,0.0,0.0,0.0,0.0,0.0,0.0,0.0,0.0,0.0,0.0,0.0,0.0,0.0,0.0,0.0,0.0,0.0,0.0,0.0,0.0,0.0027266655257601746
2026-02-23 00:00:00+00:00,0.0012803340470276703,0.001305422843353345,-0.015412299096840372,-0.004963284445309471,-0.004265153300264494,-0.008983671847855123,0.0,0.0,0.0,0.0,0.0,0.0,0.0,0.0,0.0,0.0,0.0,0.0,0.0,0.0,0.0,0.0,0.0,0.0,0.0,0.0,0.0,0.0,0.0,0.0,0.0,0.0,0.0,0.0,0.0,0.0,0.007545140503150507,0.001427145610554666,-0.01053501023225353,-0.00647417286121688,-0.01053501023225353,-0.00757217664205972,0.0,0.0,0.0,0.0,0.0,0.0,0.0,0.0,0.0,0.0,0.0,0.0,0.0,0.0,0.0,0.0,0.0,0.0,0.0,0.0,0.0,0.0,0.0,0.0,0.0,0.0,0.0,0.0,0.0,0.0,0.05282843251302268
2026-02-24 00:00:00+00:00,0.001663633348161993,-0.0019424632013365789,0.001663633348161993,0.004095545338839803,0.006670946336149527,0.007720416515505676,0.0,0.0,0.0,0.0,0.0,0.0,0.0,0.0,0.0,0.0,0.0,0.0,0.0,0.0,0.0,0.0,0.0,0.0,0.0,0.0,0.0,0.0,0.0,0.0,0.0,0.0,0.0,0.0,0.0,0.0,-0.004597967124914212,-0.004002338338256167,-0.004597967124914212,0.00438858870100095,0.005783866580117535,0.007849199936011532,0.0,0.0,0.0,0.0,0.0,0.0,0.0,0.0,0.0,0.0,0.0,0.0,0.0,0.0,0.0,0.0,0.0,0.0,0.0,0.0,0.0,0.0,0.0,0.0,0.0,0.0,0.0,0.0,0.0,0.0,-0.04026557978869331
2026-02-25 00:00:00+00:00,0.00938314231810645,0.0068975704739134905,0.010774452243428262,0.009116202062104504,0.015180097977548898,0.007982070415000382,0.0,0.0,0.0,0.0,0.0,0.0,0.0,0.0,0.0,0.0,0.0,0.0,0.0,0.0,0.0,0.0,0.0,0.0,0.0,0.0,0.0,0.0,0.0,0.0,0.0,0.0,0.0,0.0,0.0,0.0,-0.0006653763749689993,-0.0006803498624704304,-0.002165019535866505,0.00027131272835427723,0.0025021921584064905,0.0020044489688855302,0.0,0.0,0.0,0.0,0.0,0.0,0.0,0.0,0.0,0.0,0.0,0.0,0.0,0.0,0.0,0.0,0.0,0.0,0.0,0.0,0.0,0.0,0.0,0.0,0.0,0.0,0.0,0.0,0.0,0.0,-0.025125744735475092
2026-02-26 00:00:00+00:00,-0.014761463249213395,-0.0033442450267131755,7.898878110212167e-05,0.009325468811398377,7.898878110212167e-05,0.005180776551971757,0.0,0.0,0.0,0.0,0.0,0.0,0.0,0.0,0.0,0.0,0.0,0.0,0.0,0.0,0.0,0.0,0.0,0.0,0.0,0.0,0.0,0.0,0.0,0.0,0.0,0.0,0.0,0.0,0.0,0.0,-0.0023769380744783344,0.0018828152153711672,0.0045215378201629314,0.005987666191676007,0.0045215378201629314,0.0038330301971412606,0.0,0.0,0.0,0.0,0.0,0.0,0.0,0.0,0.0,0.0,0.0,0.0,0.0,0.0,0.0,0.0,0.0,0.0,0.0,0.0,0.0,0.0,0.0,0.0,0.0,0.0,0.0,0.0,0.0,0.0,0.01068778835266119
2026-02-27 00:00:00+00:00,0.0018434010734175185,0.0015794276689419882,0.0028562859938304312,0.001455555100022807,-0.00010109239324734929,-0.001480727801548877,0.0,0.0,0.0,0.0,0.0,0.0,0.0,0.0,0.0,0.0,0.0,0.0,0.0,0.0,0.0,0.0,0.0,0.0,0.0,0.0,0.0,0.0,0.0,0.0,0.0,0.0,0.0,0.0,0.0,0.0,0.00016563828175182875,0.0009099481690008961,0.001152926315186327,0.003143462525118887,-0.0032661681140574604,0.0005049324970945765,0.0,0.0,0.0,0.0,0.0,0.0,0.0,0.0,0.0,0.0,0.0,0.0,0.0,0.0,0.0,0.0,0.0,0.0,0.0,0.0,0.0,0.0,0.0,0.0,0.0,0.0,0.0,0.0,0.0,0.0,0.022257672232036303
2026-02-28 00:00:00+00:00,-0.0009705613913472077,-0.0009360563289502914,-0.0018858521509060935,-0.000978598377656936,-0.0027500356310720324,-0.001468873430473169,0.0,0.0,0.0,0.0,0.0,0.0,0.0,0.0,0.0,0.0,0.0,0.0,0.0,0.0,0.0,0.0,0.0,0.0,0.0,0.0,0.0,0.0,0.0,0.0,0.0,0.0,0.0,0.0,0.0,0.0,-0.0011027107010269349,-0.00030010973333920724,-0.000544517243911174,-0.00029318314027674836,-0.0010786625400771247,-0.0005928130452611297,0.0,0.0,0.0,0.0,0.0,0.0,0.0,0.0,0.0,0.0,0.0,0.0,0.0,0.0,0.0,0.0,0.0,0.0,0.0,0.0,0.0,0.0,0.0,0.0,0.0,0.0,0.0,0.0,0.0,0.0,-0.010396684569125422
2026-03-01 00:00:00+00:00,-0.001549358309163231,-0.0011107527291866926,-0.0024869355168901123,-0.0010186606473266198,-0.00095698431442954,-0.0003348073841712993,0.0,0.0,0.0,0.0,0.0,0.0,0.0,0.0,0.0,0.0,0.0,0.0,0.0,0.0,0.0,0.0,0.0,0.0,0.0,0.0,0.0,0.0,0.0,0.0,0.0,0.0,0.0,0.0,0.0,0.0,-0.0008031025764481666,-6.240429949318287e-05,-0.0011488693661824499,-0.0004360434223749724,-0.0014896258511378814,-3.883719140360941e-05,0.0,0.0,0.0,0.0,0.0,0.0,0.0,0.0,0.0,0.0,0.0,0.0,0.0,0.0,0.0,0.0,0.0,0.0,0.0,0.0,0.0,0.0,0.0,0.0,0.0,0.0,0.0,0.0,0.0,0.0,0.023275341109235754
2026-03-02 00:00:00+00:00,0.010777996474531534,0.0035279057385844467,0.013369506409346752,0.0028465603600883013,-0.013702252979090836,-0.009130767800949157,0.0,0.0,0.0,0.0,0.0,0.0,0.0,0.0,0.0,0.0,0.0,0.0,0.0,0.0,0.0,0.0,0.0,0.0,0.0,0.0,0.0,0.0,0.0,0.0,0.0,0.0,0.0,0.0,0.0,0.0,0.0007257167453000961,0.00047359286997782166,0.005044899969992132,0.002110888840269789,0.003940884523454236,0.0022131478383149703,0.0,0.0,0.0,0.0,0.0,0.0,0.0,0.0,0.0,0.0,0.0,0.0,0.0,0.0,0.0,0.0,0.0,0.0,0.0,0.0,0.0,0.0,0.0,0.0,0.0,0.0,0.0,0.0,0.0,0.0,0.007958427830490944
2026-03-03 00:00:00+00:00,-0.011646672040179664,-0.008860602148007253,-0.008624809835308028,-0.008278199620885876,-0.01320045701112666,-0.006840708791170637,0.0,0.0,0.0,0.0,0.0,0.0,0.0,0.0,0.0,0.0,0.0,0.0,0.0,0.0,0.0,0.0,0.0,0.0,0.0,0.0,0.0,0.0,0.0,0.0,0.0,0.0,0.0,0.0,0.0,0.0,-0.014111984941515087,-0.007711872552466921,-0.014049828323480168,-0.007135081104304296,-0.016442662397935577,-0.01231881259211108,0.0,0.0,0.0,0.0,0.0,0.0,0.0,0.0,0.0,0.0,0.0,0.0,0.0,0.0,0.0,0.0,0.0,0.0,0.0,0.0,0.0,0.0,0.0,0.0,0.0,0.0,0.0,0.0,0.0,0.0,0.006906776597244517
2026-03-04 00:00:00+00:00,0.008329675593023826,0.009735252190981928,-0.008763338069759236,0.002024046590932053,-0.004738835115019359,-0.012397906784352085,0.0,0.0,0.0,0.0,0.0,0.0,0.0,0.0,0.0,0.0,0.0,0.0,0.0,0.0,0.0,0.0,0.0,0.0,0.0,0.0,0.0,0.0,0.0,0.0,0.0,0.0,0.0,0.0,0.0,0.0,0.011667822273169221,0.009244891039065554,0.008367164004141264,0.004460984232293962,0.0033105940671195816,0.005393553188357203,0.0,0.0,0.0,0.0,0.0,0.0,0.0,0.0,0.0,0.0,0.0,0.0,0.0,0.0,0.0,0.0,0.0,0.0,0.0,0.0,0.0,0.0,0.0,0.0,0.0,0.0,0.0,0.0,0.0,0.0,-0.03595639271823751
2026-03-05 00:00:00+00:00,0.0002481853538744763,-0.0017323580286158992,-0.0016354461570712007,-1.405849547649966e-05,-0.0016354461570712007,-0.0017956311036763726,0.0,0.0,0.0,0.0,0.0,0.0,0.0,0.0,0.0,0.0,0.0,0.0,0.0,0.0,0.0,0.0,0.0,0.0,0.0,0.0,0.0,0.0,0.0,0.0,0.0,0.0,0.0,0.0,0.0,0.0,-0.002145828207739252,-0.0011597181936352423,-0.004712334344617113,-0.0021108526407066816,-0.004712334344617113,-0.003304842935232382,0.0,0.0,0.0,0.0,0.0,0.0,0.0,0.0,0.0,0.0,0.0,0.0,0.0,0.0,0.0,0.0,0.0,0.0,0.0,0.0,0.0,0.0,0.0,0.0,0.0,0.0,0.0,0.0,0.0,0.0,0.043661779348016516
2026-03-06 00:00:00+00:00,-0.004545806394567739,-0.0020112443017764564,0.002092989857770325,0.0004068058518954555,0.0012664108178550818,-0.0017333075037783985,0.0,0.0,0.0,0.0,0.0,0.0,0.0,0.0,0.0,0.0,0.0,0.0,0.0,0.0,0.0,0.0,0.0,0.0,0.0,0.0,0.0,0.0,0.0,0.0,0.0,0.0,0.0,0.0,0.0,0.0,-0.0005866769334268451,0.00020292658579354646,4.5450568680263734e-05,-0.004404596934263076,0.0009759630238242714,-0.003851458100164332,0.0,0.0,0.0,0.0,0.0,0.0,0.0,0.0,0.0,0.0,0.0,0.0,0.0,0.0,0.0,0.0,0.0,0.0,0.0,0.0,0.0,0.0,0.0,0.0,0.0,0.0,0.0,0.0,0.0,0.0,-0.011597233880148846
2026-03-07 00:00:00+00:00,-0.0035409881777059113,-0.0012225583942560346,-0.0020630912303722564,-0.0009641055174721292,-0.0020468841790619,-0.0009903419077766059,0.0,0.0,0.0,0.0,0.0,0.0,0.0,0.0,0.0,0.0,0.0,0.0,0.0,0.0,0.0,0.0,0.0,0.0,0.0,0.0,0.0,0.0,0.0,0.0,0.0,0.0,0.0,0.0,0.0,0.0,-0.0035944390054001804,-0.000937550425160449,-0.003293701946034005,-0.0020265011219293117,-0.0023366965636783203,-0.0014435598449887594,0.0,0.0,0.0,0.0,0.0,0.0,0.0,0.0,0.0,0.0,0.0,0.0,0.0,0.0,0.0,0.0,0.0,0.0,0.0,0.0,0.0,0.0,0.0,0.0,0.0,0.0,0.0,0.0,0.0,0.0,0.021186845129851212
2026-03-08 00:00:00+00:00,-0.005631003837692671,-0.004036713550585268,-0.006180581963113055,-0.0008236682088124517,-0.004432128508365418,-0.0009252462963493402,0.0,0.0,0.0,0.0,0.0,0.0,0.0,0.0,0.0,0.0,0.0,0.0,0.0,0.0,0.0,0.0,0.0,0.0,0.0,0.0,0.0,0.0,0.0,0.0,0.0,0.0,0.0,0.0,0.0,0.0,-0.0023199689658210624,-0.0015017462310356368,-0.004339610798812238,-0.0013877923656313946,-0.00527409315437849,-0.0029879018090091416,0.0,0.0,0.0,0.0,0.0,0.0,0.0,0.0,0.0,0.0,0.0,0.0,0.0,0.0,0.0,0.0,0.0,0.0,0.0,0.0,0.0,0.0,0.0,0.0,0.0,0.0,0.0,0.0,0.0,0.0,0.0027129065989209464
2026-03-09 00:00:00+00:00,0.010795927684965916,0.01297797557586376,0.010456108430610322,0.007819413537480571,0.011436188458684264,0.01033963728247473,0.0,0.0,0.0,0.0,0.0,0.0,0.0,0.0,0.0,0.0,0.0,0.0,0.0,0.0,0.0,0.0,0.0,0.0,0.0,0.0,0.0,0.0,0.0,0.0,0.0,0.0,0.0,0.0,0.0,0.0,0.008370774429821363,0.010763383720171814,0.0073420329718235046,0.007960848966495817,0.010258213170572864,0.011781365947314016,0.0,0.0,0.0,0.0,0.0,0.0,0.0,0.0,0.0,0.0,0.0,0.0,0.0,0.0,0.0,0.0,0.0,0.0,0.0,0.0,0.0,0.0,0.0,0.0,0.0,0.0,0.0,0.0,0.0,0.0,0.02247414141084218
2026-03-10 00:00:00+00:00,-0.004523247425661759,0.002063329467260402,-0.005646904782562082,0.001438666386221129,0.005166155099650367,0.005415785081396112,0.0,0.0,0.0,0.0,0.0,0.0,0.0,0.0,0.0,0.0,0.0,0.0,0.0,0.0,0.0,0.0,0.0,0.0,0.0,0.0,0.0,0.0,0.0,0.0,0.0,0.0,0.0,0.0,0.0,0.0,-0.010175256079440505,0.0045304434896003476,-0.010175256079440505,0.0034225947618766925,0.0014274702852096048,0.004563573521720032,0.0,0.0,0.0,0.0,0.0,0.0,0.0,0.0,0.0,0.0,0.0,0.0,0.0,0.0,0.0,0.0,0.0,0.0,0.0,0.0,0.0,0.0,0.0,0.0,0.0,0.0,0.0,0.0,0.0,0.0,-0.011431977111955352
2026-03-11 00:00:00+00:00,-0.005264258132390586,-0.0019457579454960543,-0.004702327282876917,-0.0012680871623811218,-0.005033898888568625,-0.0016876018302034845,0.0,0.0,0.0,0.0,0.0,0.0,0.0,0.0,0.0,0.0,0.0,0.0,0.0,0.0,0.0,0.0,0.0,0.0,0.0,0.0,0.0,0.0,0.0,0.0,0.0,0.0,0.0,0.0,0.0,0.0,-0.0061699538848979645,-0.0014781717882666218,-0.005978882260525143,-0.0011427358589013662,-0.006374590333022897,-0.0017921575726317005,0.0,0.0,0.0,0.0,0.0,0.0,0.0,0.0,0.0,0.0,0.0,0.0,0.0,0.0,0.0,0.0,0.0,0.0,0.0,0.0,0.0,0.0,0.0,0.0,0.0,0.0,0.0,0.0,0.0,0.0,0.0032414647438883115
2026-03-12 00:00:00+00:00,0.0004975611196911343,0.0036208402903499283,0.0050216656137069045,0.0051452631802666364,0.004668581534323854,0.002249817075064706,0.0,0.0,0.0,0.0,0.0,0.0,0.0,0.0,0.0,0.0,0.0,0.0,0.0,0.0,0.0,0.0,0.0,0.0,0.0,0.0,0.0,0.0,0.0,0.0,0.0,0.0,0.0,0.0,0.0,0.0,0.002534996176951452,0.0038616852982023067,0.005046228794697015,0.004366858716015268,0.004567212307216484,0.0026465441915895552,0.0,0.0,0.0,0.0,0.0,0.0,0.0,0.0,0.0,0.0,0.0,0.0,0.0,0.0,0.0,0.0,0.0,0.0,0.0,0.0,0.0,0.0,0.0,0.0,0.0,0.0,0.0,0.0,0.0,0.0,0.021080925705040165
2026-03-13 00:00:00+00:00,-0.0031120194512695857,-0.0016411593443575907,-0.0017080061240368188,-0.002048057831579945,-0.007609504036017222,-0.0026679266355979434,0.0,0.0,0.0,0.0,0.0,0.0,0.0,0.0,0.0,0.0,0.0,0.0,0.0,0.0,0.0,0.0,0.0,0.0,0.0,0.0,0.0,0.0,0.0,0.0,0.0,0.0,0.0,0.0,0.0,0.0,0.0027096644410155067,0.0005203889671062833,-0.001304905420318147,-0.00644834265833779,-0.013851223318143698,-0.008551818406900906,0.0,0.0,0.0,0.0,0.0,0.0,0.0,0.0,0.0,0.0,0.0,0.0,0.0,0.0,0.0,0.0,0.0,0.0,0.0,0.0,0.0,0.0,0.0,0.0,0.0,0.0,0.0,0.0,0.0,0.0,-0.01317596793250031
2026-03-14 00:00:00+00:00,-0.0014339400923019724,-0.0006055313080159132,-0.0018929845653958858,-0.001243683285806104,-0.001650757252948827,-0.0005391658515844772,0.0,0.0,0.0,0.0,0.0,0.0,0.0,0.0,0.0,0.0,0.0,0.0,0.0,0.0,0.0,0.0,0.0,0.0,0.0,0.0,0.0,0.0,0.0,0.0,0.0,0.0,0.0,0.0,0.0,0.0,-0.00022914000015439437,-0.0002753713346596075,-0.0011120210386547733,-0.0007062196520321516,-0.0005028027321475504,2.355976023602109e-05,0.0,0.0,0.0,0.0,0.0,0.0,0.0,0.0,0.0,0.0,0.0,0.0,0.0,0.0,0.0,0.0,0.0,0.0,0.0,0.0,0.0,0.0,0.0,0.0,0.0,0.0,0.0,0.0,0.0,0.0,0.031086752009780987
2026-03-15 00:00:00+00:00,-0.005093654359631755,-0.002011459029795577,-0.0049333159015302625,-0.00198399958494099,-0.004684578656361546,-0.0028720138932217705,0.0,0.0,0.0,0.0,0.0,0.0,0.0,0.0,0.0,0.0,0.0,0.0,0.0,0.0,0.0,0.0,0.0,0.0,0.0,0.0,0.0,0.0,0.0,0.0,0.0,0.0,0.0,0.0,0.0,0.0,0.00031879793390232006,-3.9571679859320314e-05,-0.0023659058968449964,-0.0008544786877674091,-0.002849299433648389,-0.002278047976289135,0.0,0.0,0.0,0.0,0.0,0.0,0.0,0.0,0.0,0.0,0.0,0.0,0.0,0.0,0.0,0.0,0.0,0.0,0.0,0.0,0.0,0.0,0.0,0.0,0.0,0.0,0.0,0.0,0.0,0.0,0.025918972020681757
2026-03-16 00:00:00+00:00,-0.0056485955107295135,-0.002686556134875605,-0.007433933184478718,-0.005817758633938709,-0.005393918475238531,-0.0045431144089315145,0.0,0.0,0.0,0.0,0.0,0.0,0.0,0.0,0.0,0.0,0.0,0.0,0.0,0.0,0.0,0.0,0.0,0.0,0.0,0.0,0.0,0.0,0.0,0.0,0.0,0.0,0.0,0.0,0.0,0.0,-0.004635097093080163,0.0001078156154792033,-0.00551128356786057,-0.004041343232168727,-0.003996200919527456,-0.002708418904585501,0.0,0.0,0.0,0.0,0.0,0.0,0.0,0.0,0.0,0.0,0.0,0.0,0.0,0.0,0.0,0.0,0.0,0.0,0.0,0.0,0.0,0.0,0.0,0.0,0.0,0.0,0.0,0.0,0.0,0.0,-0.07233519368530388
2026-03-17 00:00:00+00:00,-0.00842682894258328,-0.002706197974793741,-0.009721750635329273,-0.006359890171784027,-0.007056124044285557,-0.0025239179440277124,0.0,0.0,0.0,0.0,0.0,0.0,0.0,0.0,0.0,0.0,0.0,0.0,0.0,0.0,0.0,0.0,0.0,0.0,0.0,0.0,0.0,0.0,0.0,0.0,0.0,0.0,0.0,0.0,0.0,0.0,-0.008001607147823256,0.0023824857964288657,-0.009988437497264838,-0.006814378738487819,-0.007710423361557044,-0.0016726895882546479,0.0,0.0,0.0,0.0,0.0,0.0,0.0,0.0,0.0,0.0,0.0,0.0,0.0,0.0,0.0,0.0,0.0,0.0,0.0,0.0,0.0,0.0,0.0,0.0,0.0,0.0,0.0,0.0,0.0,0.0,0.007296169865483611
2026-03-18 00:00:00+00:00,0.008704513167738976,0.008098106868907572,0.005545099030871908,0.007352301072193738,0.010288664823629964,0.007367132261772616,0.0,0.0,0.0,0.0,0.0,0.0,0.0,0.0,0.0,0.0,0.0,0.0,0.0,0.0,0.0,0.0,0.0,0.0,0.0,0.0,0.0,0.0,0.0,0.0,0.0,0.0,0.0,0.0,0.0,0.0,0.005480657947301307,0.004578291142257801,0.005567698070867928,0.00541176234447265,0.0047326115939929185,0.003855236191835727,0.0,0.0,0.0,0.0,0.0,0.0,0.0,0.0,0.0,0.0,0.0,0.0,0.0,0.0,0.0,0.0,0.0,0.0,0.0,0.0,0.0,0.0,0.0,0.0,0.0,0.0,0.0,0.0,0.0,0.0,-0.009946952836572579
2026-03-19 00:00:00+00:00,0.0007845539694233991,0.0016190674141173284,-0.003919462997798605,0.0001158097509043877,-0.0005964693462266568,0.0007610614118755696,0.0,0.0,0.0,0.0,0.0,0.0,0.0,0.0,0.0,0.0,0.0,0.0,0.0,0.0,0.0,0.0,0.0,0.0,0.0,0.0,0.0,0.0,0.0,0.0,0.0,0.0,0.0,0.0,0.0,0.0,0.00045514720480128047,0.000851436252744033,0.0009578531658301563,0.002704194945817555,0.003397294435871785,-0.0005235369082347242,0.0,0.0,0.0,0.0,0.0,0.0,0.0,0.0,0.0,0.0,0.0,0.0,0.0,0.0,0.0,0.0,0.0,0.0,0.0,0.0,0.0,0.0,0.0,0.0,0.0,0.0,0.0,0.0,0.0,0.0,0.016983679896290276
2026-03-20 00:00:00+00:00,0.002653759959936717,-1.4850686534015103e-05,0.0012232421265718995,0.001792803370471,0.0038026170771683545,0.0021809629070773193,0.0018676093287417017,0.0008678185202767134,0.0,0.0,0.0,0.0,0.0,0.0,0.0,0.0,0.0,0.0,0.0,0.0,0.0,0.0,0.0,0.0,0.0,0.0,0.0,0.0,0.0,0.0,0.0,0.0,0.0,0.0,0.0,0.0,0.0025651780549861727,0.0015113792136551164,0.001976419508713331,0.00153600381467782,0.0037422739265540435,0.0016518463688612328,0.0011613376421379296,0.0006326089124382796,0.0,0.0,0.0,0.0,0.0,0.0,0.0,0.0,0.0,0.0,0.0,0.0,0.0,0.0,0.0,0.0,0.0,0.0,0.0,0.0,0.0,0.0,0.0,0.0,0.0,0.0,0.0,0.0,0.02137684282735841
2026-03-21 00:00:00+00:00,-0.0025135547702822615,-0.0011972183043435034,-0.003678031226269075,-0.0011725449802352378,-0.001396621761113473,0.0008577041154993396,-0.002834673102993164,-0.0003991957445520702,0.0,0.0,0.0,0.0,0.0,0.0,0.0,0.0,0.0,0.0,0.0,0.0,0.0,0.0,0.0,0.0,0.0,0.0,0.0,0.0,0.0,0.0,0.0,0.0,0.0,0.0,0.0,0.0,-0.0027641377227914103,-0.0005781340538808683,-0.00262979917161304,-0.0007127281349220997,-0.001949832382831856,-0.0005038080527216969,-0.0016779319652973001,0.00012050936939857421,0.0,0.0,0.0,0.0,0.0,0.0,0.0,0.0,0.0,0.0,0.0,0.0,0.0,0.0,0.0,0.0,0.0,0.0,0.0,0.0,0.0,0.0,0.0,0.0,0.0,0.0,0.0,0.0,-0.0355477586107484
2026-03-22 00:00:00+00:00,-0.0016338741752159657,-8.107484662781776e-05,-0.0019042380212076365,-0.0012160202733913817,-0.0019042380212076365,-0.0009856854290872482,-0.0031569054110518443,-0.0014170245607250706,-0.0031569054110518443,-0.0008043967221550277,0.0,0.0,0.0,0.0,0.0,0.0,0.0,0.0,0.0,0.0,0.0,0.0,0.0,0.0,0.0,0.0,0.0,0.0,0.0,0.0,0.0,0.0,0.0,0.0,0.0,0.0,0.0008854085916110608,0.0011045682980771923,0.0008854085916110608,0.0009704913529863659,0.0008854085916110608,0.00017460670024710637,-0.0005760366965405165,-4.933968492447932e-05,-0.0005760366965405165,5.659863428224978e-05,0.0,0.0,0.0,0.0,0.0,0.0,0.0,0.0,0.0,0.0,0.0,0.0,0.0,0.0,0.0,0.0,0.0,0.0,0.0,0.0,0.0,0.0,0.0,0.0,0.0,0.0,0.014208445948539946
2026-03-23 00:00:00+00:00,0.002525781981782374,0.0031923536896849188,0.005126924033915778,0.002021296882611611,-6.939000792680235e-05,0.0008715393249150426,0.0024351307336697996,0.002232924560209126,0.003773695756982555,0.0015391849205489297,0.0,0.0,0.0,0.0,0.0,0.0,0.0,0.0,0.0,0.0,0.0,0.0,0.0,0.0,0.0,0.0,0.0,0.0,0.0,0.0,0.0,0.0,0.0,0.0,0.0,0.0,-0.007082725647179882,-0.005557090782045488,-0.003796431329087664,-0.0033605630763402974,-0.0029920747347331354,-0.0003756472115042455,-0.012152652677793186,-0.006382331498262727,-0.005059116501784266,-0.0027669073115252235,0.0,0.0,0.0,0.0,0.0,0.0,0.0,0.0,0.0,0.0,0.0,0.0,0.0,0.0,0.0,0.0,0.0,0.0,0.0,0.0,0.0,0.0,0.0,0.0,0.0,0.0,0.02065312841151597
2026-03-24 00:00:00+00:00,0.005693955132342344,-0.0030744832692729627,0.006987043550887369,-0.0012364189872029498,-0.00737566249944044,-0.00544134724892596,0.0035269932141246485,-0.00473190007821852,0.0075889244967553655,-0.0027116560413589373,-0.008197666929520977,-0.0024850323676609354,0.0,0.0,0.0,0.0,0.0,0.0,0.0,0.0,0.0,0.0,0.0,0.0,0.0,0.0,0.0,0.0,0.0,0.0,0.0,0.0,0.0,0.0,0.0,0.0,-0.0063339920541219535,-0.001048595670221181,-0.006110736129344841,8.722302384218696e-05,-0.0044865665278817305,0.00045052282980052676,-0.006635393678484816,-0.0030782713539468224,-0.006412137753707703,-0.0027962979619314166,-0.005563000900606242,-0.0016050376733241125,0.0,0.0,0.0,0.0,0.0,0.0,0.0,0.0,0.0,0.0,0.0,0.0,0.0,0.0,0.0,0.0,0.0,0.0,0.0,0.0,0.0,0.0,0.0,0.0,0.027150846438022198
2026-03-25 00:00:00+00:00,-0.014409943001186991,-0.008088792415977585,-0.016149899615679336,-0.003986107361832724,-0.0065846305280049654,-0.004321417866395837,-0.012104364823916955,-0.004934779114369728,-0.006292607317241978,-0.0010597928377499516,-0.0067244588014160845,-0.002477902461798389,0.0,0.0,0.0,0.0,0.0,0.0,0.0,0.0,0.0,0.0,0.0,0.0,0.0,0.0,0.0,0.0,0.0,0.0,0.0,0.0,0.0,0.0,0.0,0.0,-0.015239185402895851,-0.00995363178772147,-0.01778449257852714,-0.005658140448467952,-0.003164156786540948,-0.006009869839742267,-0.015323082366942523,-0.005544218983393822,-0.0027261219703964674,-0.0012737889628732463,-0.0033738991966576256,-0.0014138846969701795,0.0,0.0,0.0,0.0,0.0,0.0,0.0,0.0,0.0,0.0,0.0,0.0,0.0,0.0,0.0,0.0,0.0,0.0,0.0,0.0,0.0,0.0,0.0,0.0,0.007915569883455062
2026-03-26 00:00:00+00:00,-0.005593220436939383,-0.0007944787976359793,0.0015282100421968796,-0.00048114153153678603,0.0015282100421968796,-0.002908423064390677,-0.004185696823331601,0.00039194849915244614,0.002186057824036835,-0.0015794665015962685,0.002186057824036835,-0.003548360030038248,0.0,0.0,0.0,0.0,0.0,0.0,0.0,0.0,0.0,0.0,0.0,0.0,0.0,0.0,0.0,0.0,0.0,0.0,0.0,0.0,0.0,0.0,0.0,0.0,-0.00804185338678899,-0.003493913098739094,-0.00804185338678899,-0.006578928784869517,-0.00804185338678899,-0.0116456159347737,-0.0053321186163462955,-0.0029812745247550392,-0.007449790383133028,-0.008747379508546245,-0.007449790383133028,-0.012635834118163573,0.0,0.0,0.0,0.0,0.0,0.0,0.0,0.0,0.0,0.0,0.0,0.0,0.0,0.0,0.0,0.0,0.0,0.0,0.0,0.0,0.0,0.0,0.0,0.0,0.024000863139944355
2026-03-27 00:00:00+00:00,-0.00960039388708461,-0.0044896037114734106,-0.009202361248598762,-0.001975208916194292,-0.00018927487847127003,0.00039150483611088624,-0.012258953363761142,-0.007404115731054337,-0.010928099993707304,-0.003714153092904019,-0.005415893835731317,-0.0014195714660543953,0.0,0.0,0.0,0.0,0.0,0.0,0.0,0.0,0.0,0.0,0.0,0.0,0.0,0.0,0.0,0.0,0.0,0.0,0.0,0.0,0.0,0.0,0.0,0.0,-0.003553017295503595,-0.0006373711823352523,0.0011161205539320935,0.002381209836875312,0.0011161205539320935,0.0011829240850932,-0.007771243278055484,-0.0036836272790200675,-0.004053203922039473,-0.0014145009240880523,-0.0012722342385483405,0.00019888159365147347,0.0,0.0,0.0,0.0,0.0,0.0,0.0,0.0,0.0,0.0,0.0,0.0,0.0,0.0,0.0,0.0,0.0,0.0,0.0,0.0,0.0,0.0,0.0,0.0,-0.0015745759343875898
2026-03-28 00:00:00+00:00,-0.0005188392218628643,0.0005758853564310735,-7.964106170070583e-05,0.0007390519737875608,-4.0953035747986425e-05,0.0007037026111504421,0.0013442253820603735,0.00213528804047608,0.0013694091857951454,0.0014499660541586572,0.0013694091857951454,0.0012824783660423666,0.0,0.0,0.0,0.0,0.0,0.0,0.0,0.0,0.0,0.0,0.0,0.0,0.0,0.0,0.0,0.0,0.0,0.0,0.0,0.0,0.0,0.0,0.0,0.0,-0.0006853133324922869,0.0007855789772739423,-2.5815430272516397e-05,0.0008889255316901365,5.408355587883419e-05,0.0009156569082152381,0.001216565117346018,0.0022553634239327117,0.0015267384063301817,0.001705748219630995,0.0015267384063301817,0.0015351851136000277,0.0,0.0,0.0,0.0,0.0,0.0,0.0,0.0,0.0,0.0,0.0,0.0,0.0,0.0,0.0,0.0,0.0,0.0,0.0,0.0,0.0,0.0,0.0,0.0,0.021790184118600713
2026-03-29 00:00:00+00:00,-0.0008002763427610114,-0.0005978905713067553,-0.0021221471726424156,-0.0009556203558635977,-0.001980091770267504,-0.0008444481230937091,0.0008510186788933728,-0.0009618573035988535,-0.003844573688392317,-0.002257957621947767,-0.0034872149715486672,-0.0019387154521333227,0.0,0.0,0.0,0.0,0.0,0.0,0.0,0.0,0.0,0.0,0.0,0.0,0.0,0.0,0.0,0.0,0.0,0.0,0.0,0.0,0.0,0.0,0.0,0.0,-0.00046145418644140553,-0.0003754661308658547,-0.0025290011555545062,-0.000930822482117346,-0.0023466038465327047,-0.0008320334024335131,0.0012584124597056472,-0.0006389445925380108,-0.004251427671304407,-0.002304001023283986,-0.0036384237333451307,-0.0018954818395426284,0.0,0.0,0.0,0.0,0.0,0.0,0.0,0.0,0.0,0.0,0.0,0.0,0.0,0.0,0.0,0.0,0.0,0.0,0.0,0.0,0.0,0.0,0.0,0.0,0.0019469280485421663
2026-03-30 00:00:00+00:00,-0.01911687681989151,-0.0036422462146513727,-0.00043269760839716545,-0.005156380382072011,-0.008743194233632033,-0.006241832361419552,-0.01556235388208082,-0.0008666196958582033,-0.0021816311061968836,-0.006865861506325587,-0.010492127731431752,-0.00818647538289091,0.0,0.0,0.0,0.0,0.0,0.0,0.0,0.0,0.0,0.0,0.0,0.0,0.0,0.0,0.0,0.0,0.0,0.0,0.0,0.0,0.0,0.0,0.0,0.0,-0.02327564696518357,-0.00028518449347005585,0.003137791554666119,-0.005081615680389119,-0.011405577539494902,-0.006922771225259714,-0.02055950286738059,0.0007071804442406268,0.0016074747440913656,-0.0067504508253436605,-0.012935894350069657,-0.009070890688313875,0.0,0.0,0.0,0.0,0.0,0.0,0.0,0.0,0.0,0.0,0.0,0.0,0.0,0.0,0.0,0.0,0.0,0.0,0.0,0.0,0.0,0.0,0.0,0.0,-0.022665299699501706
2026-03-31 00:00:00+00:00,0.005042739008764678,-0.0010590617297954498,0.006473001823732018,0.010720282926608446,0.01415989499577457,0.011925347829586888,0.008563162246947286,0.0026588261588488364,0.006529347824520882,0.013416608268364792,0.0164848628347456,0.015198938580862723,0.0,0.0,0.0,0.0,0.0,0.0,0.0,0.0,0.0,0.0,0.0,0.0,0.0,0.0,0.0,0.0,0.0,0.0,0.0,0.0,0.0,0.0,0.0,0.0,0.00629236474923702,0.0017158280583849403,0.007265760506817246,0.01007105302716207,0.014804252352002892,0.009882664643329396,0.0104648570403731,0.0035749744021477564,0.007184330038690741,0.01256607843577727,0.016149388198052818,0.012494611366009456,0.0,0.0,0.0,0.0,0.0,0.0,0.0,0.0,0.0,0.0,0.0,0.0,0.0,0.0,0.0,0.0,0.0,0.0,0.0,0.0,0.0,0.0,0.0,0.0,-0.034738155646863035
2026-04-01 00:00:00+00:00,-0.009745326448333052,0.0036318793815368366,0.007715858798386001,0.006042990058794474,0.008319344548323537,0.004634174428620888,-0.007339774792256725,0.004645954859418328,0.006931792800976155,0.005737081616557779,0.010045472082611147,0.005673760447795967,0.0,0.0,0.0,0.0,0.0,0.0,0.0,0.0,0.0,0.0,0.0,0.0,0.0,0.0,0.0,0.0,0.0,0.0,0.0,0.0,0.0,0.0,0.0,0.0,-0.015733665065213093,0.006283164625717249,0.009867396422048112,0.011097023126236337,0.013255120329318443,0.011675241241786469,-0.011772315105701267,0.009071718758807265,0.009148669257755752,0.0109657483664405,0.01376470279290265,0.011492820239785878,0.0,0.0,0.0,0.0,0.0,0.0,0.0,0.0,0.0,0.0,0.0,0.0,0.0,0.0,0.0,0.0,0.0,0.0,0.0,0.0,0.0,0.0,0.0,0.0,-0.016367593980805378
2026-04-02 00:00:00+00:00,-0.0022537534080016896,-0.0006467968326392437,0.0017964126339733496,0.0014369846114150493,0.0017964126339733496,-0.0014798799025738524,-0.0008132755253083002,-0.0012089357828099976,0.0009738999816002228,0.0012225297844723542,0.00034495540092903095,-0.002060577443595512,0.0,0.0,0.0,0.0,0.0,0.0,0.0,0.0,0.0,0.0,0.0,0.0,0.0,0.0,0.0,0.0,0.0,0.0,0.0,0.0,0.0,0.0,0.0,0.0,0.0016544751980689433,0.0013429670343186907,0.0026139573377882384,0.002887837092554123,0.0026139573377882384,-0.0014016435942795866,0.003072867722878185,0.0010133964974755833,0.003072867722878185,0.0030207801183787706,0.0017884618116277534,-0.0015246873002087574,0.0,0.0,0.0,0.0,0.0,0.0,0.0,0.0,0.0,0.0,0.0,0.0,0.0,0.0,0.0,0.0,0.0,0.0,0.0,0.0,0.0,0.0,0.0,0.0,-0.014079304358029917
2026-04-03 00:00:00+00:00,-0.0007590243419700114,1.1913829690295423e-05,-0.0021194525849481437,-0.0012371845217830893,-0.0023643035199660237,-0.0010218545601151038,-0.0007210511857392545,-0.00024449947382614853,-0.0020703667537340558,-0.0010052097772328729,-0.0020084348938082543,-0.0009517111481082402,0.0,0.0,0.0,0.0,0.0,0.0,0.0,0.0,0.0,0.0,0.0,0.0,0.0,0.0,0.0,0.0,0.0,0.0,0.0,0.0,0.0,0.0,0.0,0.0,-0.0009805979124680926,-0.0007077307057265682,-0.0019265777341994804,-0.0013805678491930656,-0.00244842541269335,-0.001250607800991512,-0.000975763411087251,-0.0008436944517084471,-0.002246632435628484,-0.0012695925924784144,-0.002181523943075023,-0.0012206854417603262,0.0,0.0,0.0,0.0,0.0,0.0,0.0,0.0,0.0,0.0,0.0,0.0,0.0,0.0,0.0,0.0,0.0,0.0,0.0,0.0,0.0,0.0,0.0,0.0,-0.016604641292829386
2026-04-04 00:00:00+00:00,-0.0013497384225178686,-7.510605437847885e-05,0.0002890448097251136,0.00043884865324992343,-0.001446518937209081,-0.00021192777502342116,-0.0020023999355042532,-0.00013001692137300236,0.0002890448097251136,0.00026883426716062573,-0.0015499430847807018,-0.00034667341064871906,0.0,0.0,0.0,0.0,0.0,0.0,0.0,0.0,0.0,0.0,0.0,0.0,0.0,0.0,0.0,0.0,0.0,0.0,0.0,0.0,0.0,0.0,0.0,0.0,-0.0005954583984858787,-0.00013852148604041284,-0.0005395782490192891,0.0003545201519676643,-0.001275280983629887,-4.978194493989791e-05,-0.0013551257635072643,-0.00033266202010358634,-0.0007334985257160788,3.480744130089856e-05,-0.0013614677732729044,-0.00018736221490099758,0.0,0.0,0.0,0.0,0.0,0.0,0.0,0.0,0.0,0.0,0.0,0.0,0.0,0.0,0.0,0.0,0.0,0.0,0.0,0.0,0.0,0.0,0.0,0.0,-0.030235649188987284
2026-04-05 00:00:00+00:00,-0.0022230637813023223,-0.0006387512529559993,-0.0025321082002000305,0.0017244959012098554,-0.0019196588990825546,-0.0008783879767793923,-0.0020905980809060314,-0.0009397991940156342,-0.0024658753500018853,0.001777281002736313,-0.001985779706664213,-0.0009473380044411542,0.0,0.0,0.0,0.0,0.0,0.0,0.0,0.0,0.0,0.0,0.0,0.0,0.0,0.0,0.0,0.0,0.0,0.0,0.0,0.0,0.0,0.0,0.0,0.0,-0.0022230637813023223,-0.0006565471706074763,-0.0025321082002000305,-0.0007898624055989089,-0.0019196588990825546,-0.00044607530597760907,-0.0020905980809060314,-0.0005557521804391744,-0.0024658753500018853,-0.0007560010956383042,-0.001985779706664213,-0.0005047744678913357,0.0,0.0,0.0,0.0,0.0,0.0,0.0,0.0,0.0,0.0,0.0,0.0,0.0,0.0,0.0,0.0,0.0,0.0,0.0,0.0,0.0,0.0,0.0,0.0,0.02626446787241199
2026-04-06 00:00:00+00:00,0.0025689237285475537,-0.0005019906509424044,0.0025689237285475537,-0.005330487026875919,-0.013631141328403313,-0.006493473879015139,-0.005012817397546424,-0.0011751034683973609,0.0026242761394994077,-0.005265719983088494,-0.005865645298315861,-0.0039885828894040435,0.0,0.0,0.0,0.0,0.0,0.0,0.0,0.0,0.0,0.0,0.0,0.0,0.0,0.0,0.0,0.0,0.0,0.0,0.0,0.0,0.0,0.0,0.0,0.0,0.0013515676566131394,-0.0016452423332027142,0.0013515676566131394,-0.004524393943763849,-0.011640664763499193,-0.00742367413656278,-0.010147681572226763,-0.0024175471351948383,0.0015591391976825931,-0.004478930170780787,-0.011847931383924254,-0.007570257272428338,0.0,0.0,0.0,0.0,0.0,0.0,0.0,0.0,0.0,0.0,0.0,0.0,0.0,0.0,0.0,0.0,0.0,0.0,0.0,0.0,0.0,0.0,0.0,0.0,-0.012952029655618516
2026-04-07 00:00:00+00:00,-0.0023431678874925132,0.0019220924413661858,-0.009875281198799745,-0.0006850854435133131,-0.001043627672110672,-0.0027375595040543565,-0.001955136723425569,0.0009786972123133708,-0.010908535537838548,-0.00029675543316876946,-0.0014310980492502228,-0.006445715771428738,0.0,0.0,0.0,0.0,0.0,0.0,0.0,0.0,0.0,0.0,0.0,0.0,0.0,0.0,0.0,0.0,0.0,0.0,0.0,0.0,0.0,0.0,0.0,0.0,-0.008446372614541706,0.0023782975276149744,-0.008446372614541706,0.0022821727345393138,-0.008446372614541706,-0.009157229989196568,-0.009066325217964986,0.0017039168091464842,-0.009066325217964986,0.0033831430914698668,-0.009066325217964986,-0.010670938460174903,0.0,0.0,0.0,0.0,0.0,0.0,0.0,0.0,0.0,0.0,0.0,0.0,0.0,0.0,0.0,0.0,0.0,0.0,0.0,0.0,0.0,0.0,0.0,0.0,-0.031823130170233783
2026-04-08 00:00:00+00:00,0.003318982848980659,-0.00291101076817668,0.0014158801401474577,0.0007754702235920182,-0.00116564051313386,-0.01739418246837393,0.004770443321978677,-0.0023771780482516394,-0.0008262834991082206,5.7128218056222424e-05,-0.0008262834991082206,-0.007177888675868739,0.0,0.0,0.0,0.0,0.0,0.0,0.0,0.0,0.0,0.0,0.0,0.0,0.0,0.0,0.0,0.0,0.0,0.0,0.0,0.0,0.0,0.0,0.0,0.0,-0.005315013783398953,-0.004427373882131738,-0.013157728683348571,-0.007041474008420742,-0.014975822719338835,-0.014212341252780264,-0.002110448882872348,-0.002839065724861854,-0.014664745456481998,-0.0076628998707753615,-0.014664745456481998,-0.013902521805727666,0.0,0.0,0.0,0.0,0.0,0.0,0.0,0.0,0.0,0.0,0.0,0.0,0.0,0.0,0.0,0.0,0.0,0.0,0.0,0.0,0.0,0.0,0.0,0.0,0.004444280005839518
2026-04-09 00:00:00+00:00,-0.01320484989508305,-0.011565926569258006,-0.019277169496616682,-0.010093700759480547,-0.02052974082460097,-0.014787726210517958,-0.013103825476615762,-0.011224381391797706,-0.019203084923074012,-0.010476697661590005,-0.02052974082460097,-0.014829223381583581,0.0,0.0,0.0,0.0,0.0,0.0,0.0,0.0,0.0,0.0,0.0,0.0,0.0,0.0,0.0,0.0,0.0,0.0,0.0,0.0,0.0,0.0,0.0,0.0,-0.0070047898509006225,-0.010848237135595254,-0.01680965458274018,-0.014503873514006097,-0.01680965458274018,-0.014670171106993507,-0.006967747564129283,-0.009975677012055413,-0.01684656799093775,-0.014726448929392774,-0.01684656799093775,-0.014726448929392774,0.0,0.0,0.0,0.0,0.0,0.0,0.0,0.0,0.0,0.0,0.0,0.0,0.0,0.0,0.0,0.0,0.0,0.0,0.0,0.0,0.0,0.0,0.0,0.0,0.02996453391744865
2026-04-10 00:00:00+00:00,-0.00990594642653405,-0.004184947859604973,-0.004192289961479349,-0.0018797145409853299,-0.003992794413968539,-0.0019807891775901385,-0.010247513188594846,-0.004125542042413292,-0.009011654704526363,-0.004338235569596495,-0.0036507091566349184,-0.002148033481142882,0.0,0.0,0.0,0.0,0.0,0.0,0.0,0.0,0.0,0.0,0.0,0.0,0.0,0.0,0.0,0.0,0.0,0.0,0.0,0.0,0.0,0.0,0.0,0.0,-0.007670709062744961,-0.002227341421771955,6.603636929973598e-06,0.0007618360643461499,6.603636929973598e-06,-0.0005687061796385539,-0.008439234277381748,-0.0022610605334283077,-0.005098934225962318,-0.0026320807411127837,-0.0003008064489247414,-0.0010324088966137538,0.0,0.0,0.0,0.0,0.0,0.0,0.0,0.0,0.0,0.0,0.0,0.0,0.0,0.0,0.0,0.0,0.0,0.0,0.0,0.0,0.0,0.0,0.0,0.0,0.04581008991487582
2026-04-11 00:00:00+00:00,-0.0019072763314988198,-0.0009422488489768885,-0.0021454686725105175,-0.0010665388562294124,-0.0018612081916983812,-0.000925795529688744,-0.0016805612437058802,-0.000908375440344229,-0.0019100109652020005,-0.0009677460917366882,-0.0019100109652020005,-0.0009706786678572891,0.0,0.0,0.0,0.0,0.0,0.0,0.0,0.0,0.0,0.0,0.0,0.0,0.0,0.0,0.0,0.0,0.0,0.0,0.0,0.0,0.0,0.0,0.0,0.0,-0.0018654836448093967,-0.0010704153846551043,-0.0022131981357786904,-0.0010032369222724412,-0.001608445599060977,-0.0008016256133425687,-0.001427805598395788,-0.0008857809872833602,-0.0014135558795814196,-0.0005623413863563684,-0.0014135558795814196,-0.00068488918937428,0.0,0.0,0.0,0.0,0.0,0.0,0.0,0.0,0.0,0.0,0.0,0.0,0.0,0.0,0.0,0.0,0.0,0.0,0.0,0.0,0.0,0.0,0.0,0.0,0.0014930262583119729
2026-04-12 00:00:00+00:00,-0.0007893472652598478,-0.0002564570756885044,-0.002240607025719027,-0.0009370691919431272,-0.002754519015314333,-0.0005603111708581454,-0.001070952884839737,-0.00016077186736963706,-0.0021824809410960246,-0.0012493548778567556,-0.002696392930691331,-0.0005891830406819796,0.0,0.0,0.0,0.0,0.0,0.0,0.0,0.0,0.0,0.0,0.0,0.0,0.0,0.0,0.0,0.0,0.0,0.0,0.0,0.0,0.0,0.0,0.0,0.0,0.0009999576730612464,0.0016453072240109428,0.0006377901698654993,0.0020558805334878597,3.8226182004308254e-05,0.0016980768559867814,0.0003472236011301793,0.0016715115509716258,0.000909045231439511,0.0019541353751340077,0.0003094812435783202,0.0018840182014254515,0.0,0.0,0.0,0.0,0.0,0.0,0.0,0.0,0.0,0.0,0.0,0.0,0.0,0.0,0.0,0.0,0.0,0.0,0.0,0.0,0.0,0.0,0.0,0.0,-0.007902551689140669
2026-04-13 00:00:00+00:00,0.018296290727179056,0.0118835661053281,0.022208131485984738,0.01584838315177325,0.01834197400650737,0.014868595359415796,0.019131077587538688,0.007646898506946338,0.022864035447695875,0.016564372010982164,0.018505949996935153,0.01491535585805905,0.0,0.0,0.0,0.0,0.0,0.0,0.0,0.0,0.0,0.0,0.0,0.0,0.0,0.0,0.0,0.0,0.0,0.0,0.0,0.0,0.0,0.0,0.0,0.0,0.007784096838859156,0.0002600363051033754,0.012593111445499764,0.0010856429135052174,-0.0028224547727303843,-0.004058497514953823,0.008046458423543611,0.000693536094124101,0.012855473030184219,0.0009004652373356143,-0.0034772764525702253,-0.004774881049275284,0.0,0.0,0.0,0.0,0.0,0.0,0.0,0.0,0.0,0.0,0.0,0.0,0.0,0.0,0.0,0.0,0.0,0.0,0.0,0.0,0.0,0.0,0.0,0.0,0.027311578297385546
2026-04-14 00:00:00+00:00,-0.010968641925988315,-0.00029888652532786953,-0.0080899535269291,0.003075580426160704,-0.0010578481109458102,0.005485335393680536,-0.01248074135423064,0.0011893483378959534,-0.01103037513592124,0.0023757293797571633,-0.012296105550124541,0.0017266933041416698,0.0,0.0,0.0,0.0,0.0,0.0,0.0,0.0,0.0,0.0,0.0,0.0,0.0,0.0,0.0,0.0,0.0,0.0,0.0,0.0,0.0,0.0,0.0,0.0,-0.006317757637576624,0.0013640707068640588,0.0020249843770981614,-0.0006131549727814061,-0.008490494507206776,-0.005292332781100806,-0.007451832208758367,0.00287775095824658,-0.003810463994764144,-0.0029131226212568122,-0.01011060103746641,-0.006734094278564937,0.0,0.0,0.0,0.0,0.0,0.0,0.0,0.0,0.0,0.0,0.0,0.0,0.0,0.0,0.0,0.0,0.0,0.0,0.0,0.0,0.0,0.0,0.0,0.0,0.020776876882837803
2026-04-15 00:00:00+00:00,-0.010137541741849283,-0.0038856985368465407,-0.010137541741849283,-0.003418720435801182,-0.010137541741849283,0.0063755198288637975,-0.012723577046773146,-0.004759632056510578,-0.01226141534648546,-0.0035848504147760426,-0.01226141534648546,0.002517185564437708,0.0,0.0,0.0,0.0,0.0,0.0,0.0,0.0,0.0,0.0,0.0,0.0,0.0,0.0,0.0,0.0,0.0,0.0,0.0,0.0,0.0,0.0,0.0,0.0,-0.003130313016394156,-0.003407289424275895,-0.003130313016394156,-0.001210273641837874,-0.003130313016394156,0.0024751020520393046,-0.005285342437164041,-0.004429094966715699,-0.005348568575325769,-0.0017581170206541444,-0.005348568575325769,0.0004695106481004338,0.0,0.0,0.0,0.0,0.0,0.0,0.0,0.0,0.0,0.0,0.0,0.0,0.0,0.0,0.0,0.0,0.0,0.0,0.0,0.0,0.0,0.0,0.0,0.0,-0.030214041921982293
2026-04-16 00:00:00+00:00,-0.007383172092367262,-0.00484219130465022,-0.006110631005602108,-0.0035099930048434493,0.0019131701473201848,-0.0009936169533680324,-0.0022375531586120647,-0.003398461075773858,-0.0032800992352407326,-0.004034518476474514,-0.0032800992352407326,-0.0024972917439892365,0.0,0.0,0.0,0.0,0.0,0.0,0.0,0.0,0.0,0.0,0.0,0.0,0.0,0.0,0.0,0.0,0.0,0.0,0.0,0.0,0.0,0.0,0.0,0.0,0.0047180373726300705,0.0014091492026966678,0.004322662802763312,-0.00017776293037938696,0.004322662802763312,0.0013739010255161858,-0.00380755865313355,-0.0016489884060581547,-0.005566081859997119,-0.006509666051239378,-0.005566081859997119,-0.004965469165905921,0.0,0.0,0.0,0.0,0.0,0.0,0.0,0.0,0.0,0.0,0.0,0.0,0.0,0.0,0.0,0.0,0.0,0.0,0.0,0.0,0.0,0.0,0.0,0.0,-0.03960482978903568
2026-04-17 00:00:00+00:00,0.000491142613964125,-0.005734509388535477,-0.005728404406159211,-0.006066375595494044,-0.005728404406159211,-0.005478323702474425,0.00030238288250362586,-0.004006142073526277,-0.006456477656078281,-0.004754858311675217,-0.006456477656078281,-0.004754858311675217,0.0,0.0,0.0,0.0,0.0,0.0,0.0,0.0,0.0,0.0,0.0,0.0,0.0,0.0,0.0,0.0,0.0,0.0,0.0,0.0,0.0,0.0,0.0,0.0,0.0072703186354369535,0.0005484501481954862,0.0011461597032714067,-0.00011371413984110181,0.0011461597032714067,-0.00011371413984110181,0.007100434877122504,0.0011778932186217624,0.00040291826064569073,0.0014021659627536066,0.00040291826064569073,0.0014021659627536066,0.0,0.0,0.0,0.0,0.0,0.0,0.0,0.0,0.0,0.0,0.0,0.0,0.0,0.0,0.0,0.0,0.0,0.0,0.0,0.0,0.0,0.0,0.0,0.0,0.050843074645022725
2026-04-18 00:00:00+00:00,0.00036663035597623564,0.0012796043865552261,0.0005248676545932538,0.001923842872626115,0.001148948867369487,0.0019587152873125385,0.0004595652030413219,0.0015419149454442957,0.0010994982829725022,0.0024833057388585033,0.0017071338609402939,0.0026859154913350543,0.0,0.0,0.0,0.0,0.0,0.0,0.0,0.0,0.0,0.0,0.0,0.0,0.0,0.0,0.0,0.0,0.0,0.0,0.0,0.0,0.0,0.0,0.0,0.0,-0.002284505930133312,-0.0010115242438415782,-0.0017284155087748585,0.00020581856976165333,7.438764734331847e-05,0.0008069205156394169,-0.001890619429038391,-2.363794673973923e-06,-0.0005375553930276628,0.0013224129773291933,0.0007304385779159936,0.0017451605758224229,0.0,0.0,0.0,0.0,0.0,0.0,0.0,0.0,0.0,0.0,0.0,0.0,0.0,0.0,0.0,0.0,0.0,0.0,0.0,0.0,0.0,0.0,0.0,0.0,0.0461818775187656
2026-04-19 00:00:00+00:00,-0.0040830719626266995,0.0007746825845468764,0.0013768366742980863,0.0025120230349265165,0.0014704259903694104,0.002346779816156624,-0.002845046723489229,0.0008596106773593985,0.00043251361770602135,0.0012899672614329093,-7.951565328775728e-05,0.0009424623464951012,0.0,0.0,0.0,0.0,0.0,0.0,0.0,0.0,0.0,0.0,0.0,0.0,0.0,0.0,0.0,0.0,0.0,0.0,0.0,0.0,0.0,0.0,0.0,0.0,-0.0020001469249020403,-0.0006103575669705615,-0.0016543566029163024,-0.0001831181128984628,-0.0013474626025385722,-0.00018739610731855665,-0.0006634894752362107,-0.00029077784925912937,-0.0012022264653089318,-0.0007313295312209008,-0.0022114366541248183,-0.0012914449389859232,0.0,0.0,0.0,0.0,0.0,0.0,0.0,0.0,0.0,0.0,0.0,0.0,0.0,0.0,0.0,0.0,0.0,0.0,0.0,0.0,0.0,0.0,0.0,0.0,0.009913819868435278
2026-04-20 00:00:00+00:00,0.0058671727145199245,-0.000477865858049874,-0.004628542337790394,-0.005187842865297003,-0.007106159815615882,-0.005739782386756098,0.009110250353327683,0.0014689995682469169,-0.006451351060603183,-0.004151657256902031,-0.006701354859331431,-0.005774063879175631,0.0,0.0,0.0,0.0,0.0,0.0,0.0,0.0,0.0,0.0,0.0,0.0,0.0,0.0,0.0,0.0,0.0,0.0,0.0,0.0,0.0,0.0,0.0,0.0,-0.0022937422360428854,-0.002177550318831797,-0.0019636217123180284,0.0032383759857214194,0.007280885471012855,0.005671192975768555,-0.0003666306517146104,-0.0013911615406210177,-0.0035680588608820105,0.00369037726400097,0.007078201093931876,0.003736341206980205,0.0,0.0,0.0,0.0,0.0,0.0,0.0,0.0,0.0,0.0,0.0,0.0,0.0,0.0,0.0,0.0,0.0,0.0,0.0,0.0,0.0,0.0,0.0,0.0,-0.013467661209347911
2026-04-21 00:00:00+00:00,0.00646866188050374,0.00016767249029365906,0.0068573418214567935,0.0020582994824064624,-0.004182460369715101,-0.0018663147782133677,0.00646866188050374,-0.0010380426322410567,0.007089545189810392,0.0030168889096027006,-0.00441429701154871,-0.0017920897918604773,0.0,0.0,0.0,0.0,0.0,0.0,0.0,0.0,0.0,0.0,0.0,0.0,0.0,0.0,0.0,0.0,0.0,0.0,0.0,0.0,0.0,0.0,0.0,0.0,0.0031019352807446876,0.0006562393955266269,0.0031019352807446876,0.001574896376424157,0.0017363606701133014,-0.0016440510664616815,0.003624392859540284,0.0010658442442188641,0.003624392859540284,0.002495108440791521,0.0019453437016315404,-0.000582778123873788,0.0,0.0,0.0,0.0,0.0,0.0,0.0,0.0,0.0,0.0,0.0,0.0,0.0,0.0,0.0,0.0,0.0,0.0,0.0,0.0,0.0,0.0,0.0,0.0,0.005441798879783392
2026-04-22 00:00:00+00:00,-0.005625558238258405,0.00020062074402570304,-0.012507407975428089,-0.00193654246962647,-0.002979530648900022,-0.003238892573649286,-0.005141217473219682,-0.003744724710761474,-0.012991023588315597,-0.0008866908865432247,-0.005630118278916515,-0.005058300489022669,0.0,0.0,0.0,0.0,0.0,0.0,0.0,0.0,0.0,0.0,0.0,0.0,0.0,0.0,0.0,0.0,0.0,0.0,0.0,0.0,0.0,0.0,0.0,0.0,-0.007416450618093533,-0.0008694054343504239,-0.009121774414047122,-0.0007991899903787222,0.0011627661941453118,0.004516088925184372,-0.006641505394031577,-0.00394050467352462,-0.008346829189985167,0.0019088819110115436,0.002445463667242429,0.005526392947213112,0.0,0.0,0.0,0.0,0.0,0.0,0.0,0.0,0.0,0.0,0.0,0.0,0.0,0.0,0.0,0.0,0.0,0.0,0.0,0.0,0.0,0.0,0.0,0.0,0.011728605614460097
2026-04-23 00:00:00+00:00,0.0010020136542610919,0.002945664695498664,0.008149640791484069,0.010496510300465592,0.00501263994852255,0.0010401166126371795,-0.017745774413419867,-0.00329153070528755,0.006979659313208205,0.01011607220403124,0.005554579644740986,0.0009633072291632677,0.0,0.0,0.0,0.0,0.0,0.0,0.0,0.0,0.0,0.0,0.0,0.0,0.0,0.0,0.0,0.0,0.0,0.0,0.0,0.0,0.0,0.0,0.0,0.0,0.006571338894165347,-0.00045079675148062236,0.016099578425036638,0.015044201526152748,0.011023715775675654,9.059319577212298e-05,-0.022815470561257982,-0.010177556573472753,0.0159232126528771,0.015053953073018987,0.0159232126528771,0.0025957448865096613,0.0,0.0,0.0,0.0,0.0,0.0,0.0,0.0,0.0,0.0,0.0,0.0,0.0,0.0,0.0,0.0,0.0,0.0,0.0,0.0,0.0,0.0,0.0,0.0,-0.02713386417798643
2026-04-24 00:00:00+00:00,-0.008911597167853141,-0.0034920618441854766,-0.00509504997650995,-0.0024530996413263365,-0.0038845967616980346,0.0009599633520882313,-0.00710210098790728,-0.006115247425413347,-0.007435996280081994,-0.0032852440357362973,-0.0020272126268725318,-0.0005297800561881298,0.0,0.0,0.0,0.0,0.0,0.0,0.0,0.0,0.0,0.0,0.0,0.0,0.0,0.0,0.0,0.0,0.0,0.0,0.0,0.0,0.0,0.0,0.0,0.0,0.00013609948503712525,0.0018981726221700558,-0.0004883565029164772,-0.0034797319733682664,-0.004215354586919731,0.0002755793170074283,0.0007995814176839401,-0.002315484108673115,-0.0027046755971008246,-0.0029443627014396644,-0.001496918019880527,-0.0008624203701813902,0.0,0.0,0.0,0.0,0.0,0.0,0.0,0.0,0.0,0.0,0.0,0.0,0.0,0.0,0.0,0.0,0.0,0.0,0.0,0.0,0.0,0.0,0.0,0.0,-0.00315875686509511
2026-04-25 00:00:00+00:00,-0.0014694939248177696,-0.0007125617099698559,-0.0013494380073553972,-0.0006279874593885972,-0.001780560440022838,-0.0006359515422885506,-0.0007420514561429132,-0.0002366737107989561,-0.0016951346366162366,-0.0007087298117836255,-0.0016199705816279122,-0.0005201105543673029,0.0,0.0,0.0,0.0,0.0,0.0,0.0,0.0,0.0,0.0,0.0,0.0,0.0,0.0,0.0,0.0,0.0,0.0,0.0,0.0,0.0,0.0,0.0,0.0,-0.0014255507148921705,-0.0006934734104461182,-0.0011651971192041788,-0.0005692624071706635,-0.0014904500704981981,-0.0007089472461239578,-0.0010523028040142009,-0.0002583347755401705,-0.0013090194460499015,-0.0005137970082210572,-0.0011753313502586888,-0.0004999811490476546,0.0,0.0,0.0,0.0,0.0,0.0,0.0,0.0,0.0,0.0,0.0,0.0,0.0,0.0,0.0,0.0,0.0,0.0,0.0,0.0,0.0,0.0,0.0,0.0,0.011731741202269053
2026-04-26 00:00:00+00:00,-0.001340391227731001,0.0008962927143901603,0.0005856863174494666,0.0009181429611773291,0.0005664088463452797,0.00034577006960911477,-0.0008956347961110734,0.0006083508849159838,0.0007762962167151503,0.0004907873688523521,0.0009298983959556569,0.00036507657541469065,0.0,0.0,0.0,0.0,0.0,0.0,0.0,0.0,0.0,0.0,0.0,0.0,0.0,0.0,0.0,0.0,0.0,0.0,0.0,0.0,0.0,0.0,0.0,0.0,-0.0009180239809751186,-0.0003213513465240492,-0.0020358828341559094,-0.0010474821524654053,-0.0015523810016563344,-0.000830443717380059,-0.0003620784414502089,-0.0003758906185617132,-0.00220242576069585,-0.00150242895946927,-0.0023335083728559824,-0.0014846410599323103,0.0,0.0,0.0,0.0,0.0,0.0,0.0,0.0,0.0,0.0,0.0,0.0,0.0,0.0,0.0,0.0,0.0,0.0,0.0,0.0,0.0,0.0,0.0,0.0,1.5913836058848812e-05
2026-04-27 00:00:00+00:00,-0.0011413295928710105,-0.0016663945578123838,-0.0039280296320837885,-0.0073983979850118925,-0.008499560311936135,-0.006128421108064798,-0.00014742033134547525,-0.0014008747979993646,-0.0031281901254385028,-0.006306778548489554,-0.0030179224839604803,-0.0070074209898833605,0.0,0.0,0.0,0.0,0.0,0.0,0.0,0.0,0.0,0.0,0.0,0.0,0.0,0.0,0.0,0.0,0.0,0.0,0.0,0.0,0.0,0.0,0.0,0.0,-0.010699935085298953,-0.0037829961371420584,-0.010306408246980902,-0.011898198702049195,-0.01470943799438321,-0.010206475467864507,-0.008408085402543697,-0.0033078319033983568,-0.008408085402543697,-0.009307611200006886,-0.014437309551810834,-0.012193424673334471,0.0,0.0,0.0,0.0,0.0,0.0,0.0,0.0,0.0,0.0,0.0,0.0,0.0,0.0,0.0,0.0,0.0,0.0,0.0,0.0,0.0,0.0,0.0,0.0,0.019824166440406632
2026-04-28 00:00:00+00:00,-0.009699860766159857,-0.0024675284944001862,-0.009699860766159857,-0.003253561415733611,-0.006922200018028615,-0.0058397236070038315,-0.010025341881638289,-0.002534396614296233,-0.010399730649542582,-0.003711237000848914,-0.007771027201279777,-0.006462802341166057,0.0,0.0,0.0,0.0,0.0,0.0,0.0,0.0,0.0,0.0,0.0,0.0,0.0,0.0,0.0,0.0,0.0,0.0,0.0,0.0,0.0,0.0,0.0,0.0,0.000754000283240791,5.8095647443545444e-05,0.000754000283240791,0.0018009805812653071,0.0025992376636863102,0.0037870047970189704,0.0012950907593032288,0.00047389173611778104,0.0016274979259922927,0.0023885905347706634,0.0030054528938953605,0.0029049780631857296,0.0,0.0,0.0,0.0,0.0,0.0,0.0,0.0,0.0,0.0,0.0,0.0,0.0,0.0,0.0,0.0,0.0,0.0,0.0,0.0,0.0,0.0,0.0,0.0,-0.008977546286759286
2026-04-29 00:00:00+00:00,-0.024376767889779244,-0.012890418829082205,-0.012133192108287175,-0.009469059210568181,-0.017203581823065434,-0.02746010831963433,-0.009496456585722672,-0.008423169127550442,-0.017587675005161566,-0.01097072128275886,-0.017203581823065434,-0.02112085573600735,0.0,0.0,0.0,0.0,0.0,0.0,0.0,0.0,0.0,0.0,0.0,0.0,0.0,0.0,0.0,0.0,0.0,0.0,0.0,0.0,0.0,0.0,0.0,0.0,-0.025139942996035745,-0.015653341487905193,-0.0035902892020139472,-0.005111034161029385,-0.00707229157235369,-0.02515612505067279,-0.011030430954738652,-0.013995898461889096,-0.02034101250073943,-0.011646535565919944,-0.01122528794677895,-0.02120747850490173,0.0,0.0,0.0,0.0,0.0,0.0,0.0,0.0,0.0,0.0,0.0,0.0,0.0,0.0,0.0,0.0,0.0,0.0,0.0,0.0,0.0,0.0,0.0,0.0,0.01772770334008274
2026-04-30 00:00:00+00:00,-0.0006365495615678783,0.003249114879117787,0.00947933701845044,0.011203622360477184,0.00947933701845044,0.013706733377490577,0.0006426837215306237,0.0015887286202568892,0.014297118613976333,0.010868811252084118,0.014297118613976333,0.016047605912902097,0.0,0.0,0.0,0.0,0.0,0.0,0.0,0.0,0.0,0.0,0.0,0.0,0.0,0.0,0.0,0.0,0.0,0.0,0.0,0.0,0.0,0.0,0.0,0.0,-0.0063874275567027405,-0.0012667389716024496,0.01123363474817745,0.009527725697847857,0.01123363474817745,0.012613773174031381,-0.002633374499669358,-0.0008898364621916542,0.01797460670162028,0.012695273441990696,0.01797460670162028,0.016555431521500227,0.0,0.0,0.0,0.0,0.0,0.0,0.0,0.0,0.0,0.0,0.0,0.0,0.0,0.0,0.0,0.0,0.0,0.0,0.0,0.0,0.0,0.0,0.0,0.0,0.040160492090110855
2026-05-01 00:00:00+00:00,-0.0011429706159547242,0.004190833993452196,0.0026271832160999604,0.0034027321837045905,-0.0033918609041244164,0.0010507059053718622,-0.0013357864587025185,0.0021969222762603063,0.003142142295437224,0.003417201814246202,-0.002876901824787153,0.001273589865146392,0.0,0.0,0.0,0.0,0.0,0.0,0.0,0.0,0.0,0.0,0.0,0.0,0.0,0.0,0.0,0.0,0.0,0.0,0.0,0.0,0.0,0.0,0.0,0.0,0.007004240154245953,-0.00010166173726919741,-0.008269802163309267,-0.009040762842000206,-0.019104081579713137,-0.012715291436568544,0.007776678773251849,-0.004674799427173548,-0.008578307511705737,-0.010665241331548123,-0.01941258692810961,-0.01346305001473424,0.0,0.0,0.0,0.0,0.0,0.0,0.0,0.0,0.0,0.0,0.0,0.0,0.0,0.0,0.0,0.0,0.0,0.0,0.0,0.0,0.0,0.0,0.0,0.0,0.020655451243856704
2026-05-02 00:00:00+00:00,-0.0021296109981915378,-0.0006862063604950967,-0.0021009464411629757,-0.0004932410293220422,-0.0024003684679482886,-0.0009062473753496425,-0.0028728926548712798,-0.00093734750622348,-0.002723406417578331,-0.0003172964030867962,-0.0026951348276929737,-0.0006209695381154843,0.0,0.0,0.0,0.0,0.0,0.0,0.0,0.0,0.0,0.0,0.0,0.0,0.0,0.0,0.0,0.0,0.0,0.0,0.0,0.0,0.0,0.0,0.0,0.0,-0.0019819221199731986,-0.0005248958802566472,-0.0018932706346062112,-0.0007726485182405216,-0.0018932706346062112,-0.0013364020651664662,-0.002435937451515992,-0.0007695714655783307,-0.0025564949440317532,-0.0011140717838348968,-0.0025564949440317532,-0.0016778253307608414,0.0,0.0,0.0,0.0,0.0,0.0,0.0,0.0,0.0,0.0,0.0,0.0,0.0,0.0,0.0,0.0,0.0,0.0,0.0,0.0,0.0,0.0,0.0,0.0,-0.008670924635112098
2026-05-03 00:00:00+00:00,0.00014748732003558242,0.00032801789212093973,-0.00038650617956262497,-0.00021879427970310437,-0.0009478938990924112,-0.0001979224217575719,-0.0012525780457512026,-0.0003466225665605395,-0.0009361425596956662,-0.00031684244251762363,-0.00137538886141811,-0.00031590110119906226,0.0,0.0,0.0,0.0,0.0,0.0,0.0,0.0,0.0,0.0,0.0,0.0,0.0,0.0,0.0,0.0,0.0,0.0,0.0,0.0,0.0,0.0,0.0,0.0,-0.000709818304896833,0.000177701932361059,-0.00047961049425562395,0.0002897281122576857,-0.00047961049425562395,0.0005330017806269369,-0.0015143044274692232,-0.00018991976729341425,-0.0009605423268720349,-2.156106847887309e-05,-0.0009605423268720349,0.000221712599890378,0.0,0.0,0.0,0.0,0.0,0.0,0.0,0.0,0.0,0.0,0.0,0.0,0.0,0.0,0.0,0.0,0.0,0.0,0.0,0.0,0.0,0.0,0.0,0.0,0.03445148772119344
2026-05-04 00:00:00+00:00,0.006923163622307822,-0.0019125475972082329,-0.0012185741221681402,-0.0003488117725427956,0.003133722200225516,0.005491856075621411,-0.002885824556646615,-0.0035580749230073355,-0.0013298564827480873,-0.0024555524727027677,0.0025741612779041547,0.004973469052231112,0.0,0.0,0.0,0.0,0.0,0.0,0.0,0.0,0.0,0.0,0.0,0.0,0.0,0.0,0.0,0.0,0.0,0.0,0.0,0.0,0.0,0.0,0.0,0.0,-0.0004741293561332032,-0.002294798538983371,-0.0025186316523455373,-0.0016749548842368326,-0.001712390324940662,-0.0014062077751018744,-0.012352268051107541,-0.005103467509469494,-0.0017413447685207307,-0.001882204939994207,-0.0021600390627977517,-0.0020218027761277828,0.0,0.0,0.0,0.0,0.0,0.0,0.0,0.0,0.0,0.0,0.0,0.0,0.0,0.0,0.0,0.0,0.0,0.0,0.0,0.0,0.0,0.0,0.0,0.0,0.01038897923799853
2026-05-05 00:00:00+00:00,0.006725043530880436,0.0003277753373427418,0.006725043530880436,-0.012355923524546454,0.015423490101218247,-0.01698577768275441,0.015580262214337426,-0.006499010181714009,0.015738319101808916,-0.011993121122280646,0.013097660328429109,-0.01986913684389197,0.0,0.0,0.0,0.0,0.0,0.0,0.0,0.0,0.0,0.0,0.0,0.0,0.0,0.0,0.0,0.0,0.0,0.0,0.0,0.0,0.0,0.0,0.0,0.0,-0.007293416052566056,-0.012595657728503547,-0.007293416052566056,-0.024700065317132782,-0.008058412158592015,-0.027377928623449482,0.0050787143389694495,-0.009086368306354977,0.008781061119720974,-0.02068320709728085,-0.004999757285673926,-0.02843627475271238,0.0,0.0,0.0,0.0,0.0,0.0,0.0,0.0,0.0,0.0,0.0,0.0,0.0,0.0,0.0,0.0,0.0,0.0,0.0,0.0,0.0,0.0,0.0,0.0,0.01023404680955827
2026-05-06 00:00:00+00:00,0.004251440688494835,-0.00029475489267841306,0.0035622688053802915,0.002357828461036594,0.0020532793545424612,0.0028575308569718672,0.004446873310632711,0.0011100366676362,0.006530245419116889,0.002571702853709253,-0.0007105254700720407,0.0018565472221035214,0.0,0.0,0.0,0.0,0.0,0.0,0.0,0.0,0.0,0.0,0.0,0.0,0.0,0.0,0.0,0.0,0.0,0.0,0.0,0.0,0.0,0.0,0.0,0.0,0.009203642692096727,0.0012687742696874255,0.009203642692096727,0.007789794424491715,0.00917955605335229,0.007180453332753581,0.010160908115802787,0.004110682041571567,0.012351570777164733,0.008063056036727443,0.006246051427686488,0.006350736876543721,0.0,0.0,0.0,0.0,0.0,0.0,0.0,0.0,0.0,0.0,0.0,0.0,0.0,0.0,0.0,0.0,0.0,0.0,0.0,0.0,0.0,0.0,0.0,0.0,-0.058653496132439975
2026-05-07 00:00:00+00:00,-0.005486095234908167,0.0030069248854383956,0.006073573537118722,0.008161830860967086,0.006073573537118722,0.011310688817226836,-0.005215813123791966,0.0022156704103175333,0.006269060823300706,0.009822795706477738,0.006269060823300706,0.008319843341786008,0.0,0.0,0.0,0.0,0.0,0.0,0.0,0.0,0.0,0.0,0.0,0.0,0.0,0.0,0.0,0.0,0.0,0.0,0.0,0.0,0.0,0.0,0.0,0.0,-0.011866173686829903,0.001246837384782028,0.004212417922522879,0.006606305178603046,0.004212417922522879,0.00512639026662848,-0.011622919786825319,0.0003918439614823601,0.006002894474492453,0.005976078498026696,0.006002894474492453,0.004653706001442719,0.0,0.0,0.0,0.0,0.0,0.0,0.0,0.0,0.0,0.0,0.0,0.0,0.0,0.0,0.0,0.0,0.0,0.0,0.0,0.0,0.0,0.0,0.0,0.0,-0.028269833046262627
2026-05-08 00:00:00+00:00,0.02796383125572154,0.008429567660786846,-0.027011434596769402,-0.025103839974914225,-0.027226270083064757,-0.03047275394781608,0.03527467514326371,0.012118445159836766,-0.02236626684601419,-0.02531485290672525,-0.021036133254268133,-0.024905187504803545,0.0,0.0,0.0,0.0,0.0,0.0,0.0,0.0,0.0,0.0,0.0,0.0,0.0,0.0,0.0,0.0,0.0,0.0,0.0,0.0,0.0,0.0,0.0,0.0,0.03038257237992484,0.008181863687122723,-0.031844427266973466,-0.030516283598390367,-0.04339405829413076,-0.034340607055924996,0.024512257068624883,0.0058271608458223476,-0.02748940650543593,-0.027629096624513395,-0.02748940650543593,-0.028678427245065696,0.0,0.0,0.0,0.0,0.0,0.0,0.0,0.0,0.0,0.0,0.0,0.0,0.0,0.0,0.0,0.0,0.0,0.0,0.0,0.0,0.0,0.0,0.0,0.0,-0.0856119891449773
2026-05-09 00:00:00+00:00,-0.0025944083929866405,-5.519353844105979e-06,-0.002578555884296574,-0.001671480667134891,-0.0025463959677820753,-0.0015558939026920965,-0.003367183593278816,-0.00017169075065731707,-0.003231302176921114,-0.0020365022658648956,-0.0034740731620844707,-0.002184134831107534,0.0,0.0,0.0,0.0,0.0,0.0,0.0,0.0,0.0,0.0,0.0,0.0,0.0,0.0,0.0,0.0,0.0,0.0,0.0,0.0,0.0,0.0,0.0,0.0,-0.0026063663174823236,0.0004789350854237458,-0.0037456291666279704,-0.00280539450124135,-0.003694173300204772,-0.002830468073261361,-0.00389461361285841,-0.00022817914314648348,-0.00389461361285841,-0.0031270441858962015,-0.004002672819072178,-0.003163213110974325,0.0,0.0,0.0,0.0,0.0,0.0,0.0,0.0,0.0,0.0,0.0,0.0,0.0,0.0,0.0,0.0,0.0,0.0,0.0,0.0,0.0,0.0,0.0,0.0,0.05694654143480671
2026-05-10 00:00:00+00:00,-0.004846555755953124,-0.0012218501160197362,0.004453936193871222,0.0037678121109603027,0.0032587523062713704,0.0033502713659540866,-0.0038901251055208897,-0.0011468713389290116,-0.0038901251055208897,-0.00021336540859855741,-0.001100139752950001,0.00016595498461349496,0.0,0.0,0.0,0.0,0.0,0.0,0.0,0.0,0.0,0.0,0.0,0.0,0.0,0.0,0.0,0.0,0.0,0.0,0.0,0.0,0.0,0.0,0.0,0.0,-0.0008902026458904167,-0.00027190619785120014,-0.0006694372071115883,0.0007019063209431084,-0.0010789831920348474,0.000957049675869202,-0.0008812184905227653,-0.00026478505482196643,-0.0008812184905227653,0.0006137766301282945,-0.0008812184905227653,0.0004788103724004968,0.0,0.0,0.0,0.0,0.0,0.0,0.0,0.0,0.0,0.0,0.0,0.0,0.0,0.0,0.0,0.0,0.0,0.0,0.0,0.0,0.0,0.0,0.0,0.0,0.02285944865646942
2026-05-11 00:00:00+00:00,-0.002854995577979645,-0.005891676934792547,-0.016745834312211723,-0.011010895974245455,-0.012034229404050696,-0.008821830855058381,-0.003391862754821896,-0.007584120243486252,-0.008191319274329418,-0.008321206429854955,-0.011918572571366302,-0.007661352140557816,0.0,0.0,0.0,0.0,0.0,0.0,0.0,0.0,0.0,0.0,0.0,0.0,0.0,0.0,0.0,0.0,0.0,0.0,0.0,0.0,0.0,0.0,0.0,0.0,0.002779559164993651,-0.003926818855918149,-0.015416422966722307,-0.0175096882608653,-0.020131634785776068,-0.017847466015287788,0.0028175424470723355,-0.00731910441798352,-0.007672233788330384,-0.010815696496451093,-0.02006224068616543,-0.012274542284877633,0.0,0.0,0.0,0.0,0.0,0.0,0.0,0.0,0.0,0.0,0.0,0.0,0.0,0.0,0.0,0.0,0.0,0.0,0.0,0.0,0.0,0.0,0.0,0.0,0.029219406592169
2026-05-12 00:00:00+00:00,0.014755396814117812,0.00873855562697028,0.014755396814117812,0.016470798565348697,0.01705039667776091,0.012626211576423676,0.014237871575529923,0.012096217620163241,0.014237871575529923,0.014943387785156073,0.012085656230793036,0.013762201765154657,0.0,0.0,0.0,0.0,0.0,0.0,0.0,0.0,0.0,0.0,0.0,0.0,0.0,0.0,0.0,0.0,0.0,0.0,0.0,0.0,0.0,0.0,0.0,0.0,0.017436429254243508,0.007558629674889169,0.017436429254243508,0.01891977004873183,0.017436429254243508,0.0155253366547954,0.016608388872502884,0.01124355492830946,0.016608388872502884,0.013835910732260433,0.0145257212215223,0.014784123258430931,0.0,0.0,0.0,0.0,0.0,0.0,0.0,0.0,0.0,0.0,0.0,0.0,0.0,0.0,0.0,0.0,0.0,0.0,0.0,0.0,0.0,0.0,0.0,0.0,-0.017964128098375515
2026-05-13 00:00:00+00:00,-0.0011890751314445015,-0.0004009200428661005,0.003676196179874561,-8.503070776851131e-05,-0.002589785130783272,-0.0031405742808466165,-0.0025027545783574455,-0.0014782900184137655,-0.001212592450972196,-0.003242104107975424,-0.004144816288669062,-0.002428873764265299,0.0,0.0,0.0,0.0,0.0,0.0,0.0,0.0,0.0,0.0,0.0,0.0,0.0,0.0,0.0,0.0,0.0,0.0,0.0,0.0,0.0,0.0,0.0,0.0,0.004902432376374321,-0.0011754742972182423,-0.0018262178104903864,-0.006187148359095402,-0.011621081516556983,-0.010738983029947512,-4.922911267063934e-05,-0.003784280003924435,0.0012859027961604,-0.006665651848800617,-0.012554100211288458,-0.011294467780819764,0.0,0.0,0.0,0.0,0.0,0.0,0.0,0.0,0.0,0.0,0.0,0.0,0.0,0.0,0.0,0.0,0.0,0.0,0.0,0.0,0.0,0.0,0.0,0.0,0.0340222157278629
2026-05-14 00:00:00+00:00,0.010412919790571722,0.0027863316946552578,0.0070876663866435066,-0.0023839856035720313,0.0070876663866435066,0.0004985783141249674,0.012058008762159221,0.0025296988558200875,0.006424113260123527,-0.0015611162349050917,0.006424113260123527,0.0004184747063919186,0.0,0.0,0.0,0.0,0.0,0.0,0.0,0.0,0.0,0.0,0.0,0.0,0.0,0.0,0.0,0.0,0.0,0.0,0.0,0.0,0.0,0.0,0.0,0.0,0.0032239856371776834,-0.0014066012061362202,-0.004303201941340018,-0.004963382653145232,-0.004303201941340018,0.0007344542205436145,0.006376576761779433,-0.0019019691691855194,-0.003309289421484347,-0.004453534843766636,-0.003309289421484347,0.0016251435713512186,0.0,0.0,0.0,0.0,0.0,0.0,0.0,0.0,0.0,0.0,0.0,0.0,0.0,0.0,0.0,0.0,0.0,0.0,0.0,0.0,0.0,0.0,0.0,0.0,-0.005633178767185165
2026-05-15 00:00:00+00:00,0.0016542755040588697,-0.005855125401975994,-0.013515534191484194,-0.006147437892365292,0.00687276711377954,0.008510834031979176,-0.003995954427158654,-0.005828174682013001,-0.014625626069270183,-0.006269395006907844,0.0004924859221227655,0.0063975634888385835,0.0,0.0,0.0,0.0,0.0,0.0,0.0,0.0,0.0,0.0,0.0,0.0,0.0,0.0,0.0,0.0,0.0,0.0,0.0,0.0,0.0,0.0,0.0,0.0,-0.009384354506494087,-0.0019028877901003498,-0.011079014089052064,-0.0010836096317228064,0.009723005513356258,0.01353906618089514,-0.010970200046188358,-0.00251606366278507,-0.01152305084016646,-0.0008279460020486438,0.000747341530931826,0.011067485830147106,0.0,0.0,0.0,0.0,0.0,0.0,0.0,0.0,0.0,0.0,0.0,0.0,0.0,0.0,0.0,0.0,0.0,0.0,0.0,0.0,0.0,0.0,0.0,0.0,0.03358924532514903
2026-05-16 00:00:00+00:00,-0.003508166082624837,-0.0011119175907229686,-0.003486943345228213,-0.002304392194748367,-0.003210572010829544,-0.0016995567913310682,-0.0036830966119108296,-0.0010908103539503339,-0.0036474455180903315,-0.0024895371093685338,-0.0035169852499299516,-0.0021262818003870893,0.0,0.0,0.0,0.0,0.0,0.0,0.0,0.0,0.0,0.0,0.0,0.0,0.0,0.0,0.0,0.0,0.0,0.0,0.0,0.0,0.0,0.0,0.0,0.0,-0.0021578466675357395,-0.0007747270991797082,-0.0019536540731414334,-0.0006111384868443661,-0.0014609566246665175,-0.00010529696788850616,-0.0025242597245947987,-0.0007327204393167704,-0.0018575051907274713,-0.0005322251719622028,-0.0015572579283837885,-0.0005080807426289735,0.0,0.0,0.0,0.0,0.0,0.0,0.0,0.0,0.0,0.0,0.0,0.0,0.0,0.0,0.0,0.0,0.0,0.0,0.0,0.0,0.0,0.0,0.0,0.0,0.015778142682220813
2026-05-17 00:00:00+00:00,-0.001595042893529366,0.00027709616316014333,-0.0014478714206166458,-0.0007221471917285509,-0.0012919211809975855,-0.00023737191371982308,-0.0015372757492228338,0.0004293247114097543,-0.0012862337506889285,-0.0006402640147123661,-0.0012624132121788767,7.944973705770322e-05,0.0,0.0,0.0,0.0,0.0,0.0,0.0,0.0,0.0,0.0,0.0,0.0,0.0,0.0,0.0,0.0,0.0,0.0,0.0,0.0,0.0,0.0,0.0,0.0,0.0008556369448671033,0.0015486455684556027,0.0015784162534544866,0.001929460813739627,0.0008277954575809825,0.0010214436115560915,6.617031200217968e-05,0.0013017776765412142,0.0007776842367005249,0.001662070365632996,0.000786540836971971,0.001536855040946218,0.0,0.0,0.0,0.0,0.0,0.0,0.0,0.0,0.0,0.0,0.0,0.0,0.0,0.0,0.0,0.0,0.0,0.0,0.0,0.0,0.0,0.0,0.0,0.0,0.05724741382668097
2026-05-18 00:00:00+00:00,-0.0003307653276333699,-0.003694104977601774,-0.00861378343461693,-0.005668265037892965,-0.004050045425775273,-0.004285698306723899,0.002462011463602842,-0.001993685215379435,-0.008942333874701537,-0.005767559676190775,-0.004234855048322863,-0.004574618594376567,0.0,0.0,0.0,0.0,0.0,0.0,0.0,0.0,0.0,0.0,0.0,0.0,0.0,0.0,0.0,0.0,0.0,0.0,0.0,0.0,0.0,0.0,0.0,0.0,0.001254519450784363,-0.0044466411403829625,-0.011743672658024933,-0.00851351642744406,-0.008541969630621007,-0.006929865287521306,0.0051794705079023905,-0.0015972426337264847,-0.011743672658024933,-0.008128783491411598,-0.00824665233628244,-0.006782201479990505,0.0,0.0,0.0,0.0,0.0,0.0,0.0,0.0,0.0,0.0,0.0,0.0,0.0,0.0,0.0,0.0,0.0,0.0,0.0,0.0,0.0,0.0,0.0,0.0,0.005222769988799965
2026-05-19 00:00:00+00:00,0.0019870578752539444,0.002704504405666053,0.0023673885924719784,0.0025457391032589535,0.0030409772566030715,0.005237799984628855,0.0019870578752539444,0.0018677937813368912,-0.0017338835759251672,0.0006681658610847603,-0.00039360059895564726,0.004053477625666143,0.0,0.0,0.0,0.0,0.0,0.0,0.0,0.0,0.0,0.0,0.0,0.0,0.0,0.0,0.0,0.0,0.0,0.0,0.0,0.0,0.0,0.0,0.0,0.0,0.001976525223972219,0.004386309039338751,0.003357525101341938,0.0067753689872840405,0.006035943135728829,0.007794697769381832,0.0019316237599145579,0.0022973385173628963,0.0019316237599145579,0.0053290470159459554,-0.00018488269985818392,0.0057797501235115865,0.0,0.0,0.0,0.0,0.0,0.0,0.0,0.0,0.0,0.0,0.0,0.0,0.0,0.0,0.0,0.0,0.0,0.0,0.0,0.0,0.0,0.0,0.0,0.0,0.04536497290573046
2026-05-20 00:00:00+00:00,0.0009368047197890457,-0.0025263069854989744,-0.0033566305901651695,0.0008674679553505793,0.0010014053802384752,0.005864867002970647,0.0014814500535888398,-0.0029273672539821137,-0.002539662589465479,0.001399118386241467,0.0041654255482978485,0.006218764282285828,0.0,0.0,0.0,0.0,0.0,0.0,0.0,0.0,0.0,0.0,0.0,0.0,0.0,0.0,0.0,0.0,0.0,0.0,0.0,0.0,0.0,0.0,0.0,0.0,-0.005766691138890683,-0.0029737783400812516,-0.003681490626073398,0.0022890129796678386,-0.0018280695306400114,0.0062548426878042485,-0.0054399039386108065,-0.003865288921021607,-0.0025143934822166973,0.0022313011057400415,0.0034707087311988336,0.00634993693693871,0.0,0.0,0.0,0.0,0.0,0.0,0.0,0.0,0.0,0.0,0.0,0.0,0.0,0.0,0.0,0.0,0.0,0.0,0.0,0.0,0.0,0.0,0.0,0.0,0.017537792445903182
2026-05-21 00:00:00+00:00,-0.008208341957684055,-0.003519678143911521,-0.008461313364798164,-0.00325071595402743,-0.007491145878361643,-0.0009061567774802061,-0.008816079873558926,-0.0034998193792622396,-0.008214562995188746,-0.002921708222618393,-0.006833144892736528,-0.00022874965960022284,0.0,0.0,0.0,0.0,0.0,0.0,0.0,0.0,0.0,0.0,0.0,0.0,0.0,0.0,0.0,0.0,0.0,0.0,0.0,0.0,0.0,0.0,0.0,0.0,-0.00898346041059549,-0.003999026678112464,-0.010420469675804922,-0.0027948568395244886,-0.010420469675804922,-0.0013443505678212236,-0.010137521948690859,-0.004117343722891935,-0.010025669084429855,-0.0022584952405016886,-0.010025669084429855,-0.001038725556106343,0.0,0.0,0.0,0.0,0.0,0.0,0.0,0.0,0.0,0.0,0.0,0.0,0.0,0.0,0.0,0.0,0.0,0.0,0.0,0.0,0.0,0.0,0.0,0.0,0.05734973527160762
2026-05-22 00:00:00+00:00,-0.004228451567872122,-0.0027184398520005326,-0.005570060449614739,-0.0042732370712853275,-0.009067757680250041,-0.007848050351608108,-0.0007853305018512345,-0.0014070536503876824,-0.005009647502076513,-0.004443434098495246,-0.0040599151231094505,-0.006579517187960816,0.0,0.0,0.0,0.0,0.0,0.0,0.0,0.0,0.0,0.0,0.0,0.0,0.0,0.0,0.0,0.0,0.0,0.0,0.0,0.0,0.0,0.0,0.0,0.0,-0.0017320146273222888,4.377006564841297e-06,-0.00469312025867393,-0.0030607329919962183,-0.0017320146273222888,-0.002477629520029665,-0.003575281857729326,-0.0014125539995028709,-0.004356872490150994,-0.0034709248098259474,-0.002068723383428556,-0.0028612476938671186,0.0,0.0,0.0,0.0,0.0,0.0,0.0,0.0,0.0,0.0,0.0,0.0,0.0,0.0,0.0,0.0,0.0,0.0,0.0,0.0,0.0,0.0,0.0,0.0,0.013747306991272431
2026-05-23 00:00:00+00:00,0.0006398468902805267,-0.0025761736985019127,-0.0038495695172552423,-0.00338689923160718,-0.002968147045320611,-0.0021267997712235893,0.0003654042294819362,-0.0027322905557531983,-0.0038025578893619598,-0.003393809071177631,-0.003744745317659971,-0.002569376256687237,0.0,0.0,0.0,0.0,0.0,0.0,0.0,0.0,0.0,0.0,0.0,0.0,0.0,0.0,0.0,0.0,0.0,0.0,0.0,0.0,0.0,0.0,0.0,0.0,0.001929102845032535,-0.002123197620305675,-0.005426738360369027,-0.004154899520279624,-0.0043999351628222876,-0.0034493633729634162,0.0012062012350569614,-0.001980775909263651,-0.005501856216470635,-0.00417728364951949,-0.005501856216470635,-0.0037674747135390922,0.0,0.0,0.0,0.0,0.0,0.0,0.0,0.0,0.0,0.0,0.0,0.0,0.0,0.0,0.0,0.0,0.0,0.0,0.0,0.0,0.0,0.0,0.0,0.0,0.048206352229507754
2026-05-24 00:00:00+00:00,-0.0018295468732683103,0.00012959625897638452,2.5026562881316468e-05,0.0005257869353804071,2.5026562881316468e-05,0.0002404026466028454,-0.0031047153402791053,-0.0003461068299117683,0.0002758810619602329,0.0004672796437786312,0.0002758810619602329,0.0001901329275433222,0.0,0.0,0.0,0.0,0.0,0.0,0.0,0.0,0.0,0.0,0.0,0.0,0.0,0.0,0.0,0.0,0.0,0.0,0.0,0.0,0.0,0.0,0.0,0.0,-0.0021882520713058244,-0.0009032328631110967,-0.0024430532525334093,-0.0015307562108221498,-0.0024430532525334093,-0.0016529573322237327,-0.0025890193037949316,-0.000805119517730131,-0.002041686054007143,-0.0016691398156237585,-0.002041686054007143,-0.0014600647693376698,0.0,0.0,0.0,0.0,0.0,0.0,0.0,0.0,0.0,0.0,0.0,0.0,0.0,0.0,0.0,0.0,0.0,0.0,0.0,0.0,0.0,0.0,0.0,0.0,0.03442209926116605
2026-05-25 00:00:00+00:00,-0.002220018146761134,-0.0009996896446869644,-0.0031966881094879383,-0.0018348075564351858,-0.0031969487309952012,-0.0017372633507307944,-0.003473475191066434,-0.0014357556947714803,-0.003171320567157636,-0.001813299253931892,-0.0032222715330803755,-0.0018990110317447656,0.0,0.0,0.0,0.0,0.0,0.0,0.0,0.0,0.0,0.0,0.0,0.0,0.0,0.0,0.0,0.0,0.0,0.0,0.0,0.0,0.0,0.0,0.0,0.0,-0.004021740253466225,-0.0014894340656687911,-0.005122186342596743,-0.003042083171174261,-0.004217364588139975,-0.0025161607041657027,-0.004316282893011248,-0.0016187652197521653,-0.005122186342596743,-0.003042167494103725,-0.004293332994395496,-0.0027662486903859006,0.0,0.0,0.0,0.0,0.0,0.0,0.0,0.0,0.0,0.0,0.0,0.0,0.0,0.0,0.0,0.0,0.0,0.0,0.0,0.0,0.0,0.0,0.0,0.0,0.056767396217617914
2026-05-26 00:00:00+00:00,0.0021188785792480304,-0.0014624443426025449,-0.0016236066425619265,-0.018120837270313484,-0.022138467852941747,-0.023540945772847238,-0.0012896375739380988,-0.0011844863294823652,-0.002660321979332983,-0.018104938553018503,-0.01964509254097832,-0.022762445701314513,0.0,0.0,0.0,0.0,0.0,0.0,0.0,0.0,0.0,0.0,0.0,0.0,0.0,0.0,0.0,0.0,0.0,0.0,0.0,0.0,0.0,0.0,0.0,0.0,-0.004619776694028371,-0.015326527828201984,-0.01539944325725213,-0.024695597607201247,-0.02478591825801628,-0.02277591389817359,-0.00787336029479695,-0.011035771502456817,-0.010967824749111602,-0.02297145844969038,-0.015797479038575653,-0.020153853676293836,0.0,0.0,0.0,0.0,0.0,0.0,0.0,0.0,0.0,0.0,0.0,0.0,0.0,0.0,0.0,0.0,0.0,0.0,0.0,0.0,0.0,0.0,0.0,0.0,0.020079361240070853
2026-05-27 00:00:00+00:00,-7.092126825568594e-05,0.002597451336353256,0.001647375751601889,0.0036121503003359837,0.001647375751601889,0.0008786073161796312,-0.0018090147351437706,0.0003578419579824586,0.0009297426697740263,0.002100045408377485,0.000898762003953031,-0.0023089400742655405,0.0,0.0,0.0,0.0,0.0,0.0,0.0,0.0,0.0,0.0,0.0,0.0,0.0,0.0,0.0,0.0,0.0,0.0,0.0,0.0,0.0,0.0,0.0,0.0,0.002731101939854431,0.00086831404508564,0.006815320878963354,0.00707389452701589,0.006815320878963354,0.004617921360285416,0.001262867007942738,0.0004831123958811925,0.007354758166395633,0.005129285856451865,0.006227124362953537,0.0006670448066644049,0.0,0.0,0.0,0.0,0.0,0.0,0.0,0.0,0.0,0.0,0.0,0.0,0.0,0.0,0.0,0.0,0.0,0.0,0.0,0.0,0.0,0.0,0.0,0.0,-0.016193618117832265
2026-05-28 00:00:00+00:00,-0.0014904732157117336,-0.0012483155748152536,0.0018890822066384943,-0.0004110284572105422,0.00045404202260890085,0.003912080027296136,0.011522235039181993,0.003834939374214427,0.002130594176833961,0.001353085209215425,0.00152663673774926,0.005387554997901549,0.0,0.0,0.0,0.0,0.0,0.0,0.0,0.0,0.0,0.0,0.0,0.0,0.0,0.0,0.0,0.0,0.0,0.0,0.0,0.0,0.0,0.0,0.0,0.0,0.0018877348512612107,-0.0006951541452194041,0.0009148384621853053,-0.0009468281322987613,-0.0009888076520724529,-0.0017785338062112526,0.006554372443128753,0.0011860698562860654,0.0005290491760140301,-5.928487757884135e-05,-0.0006152188633731949,-0.0006833575490654939,0.0,0.0,0.0,0.0,0.0,0.0,0.0,0.0,0.0,0.0,0.0,0.0,0.0,0.0,0.0,0.0,0.0,0.0,0.0,0.0,0.0,0.0,0.0,0.0,0.020891311814874063
2026-05-29 00:00:00+00:00,-0.018166896377312582,-0.003846080807720906,-0.021334185656408735,0.0022335054218320972,-0.021334185656408735,0.0009115722457567777,-0.018501116820135322,0.0030621585429779752,-0.018288839067250415,0.004915931774308516,-0.012893783924236703,0.007270328261573661,0.0,0.0,0.0,0.0,0.0,0.0,0.0,0.0,0.0,0.0,0.0,0.0,0.0,0.0,0.0,0.0,0.0,0.0,0.0,0.0,0.0,0.0,0.0,0.0,-0.009290276909596483,-0.005763157732464971,-0.017066700000439618,-0.004413561065058278,-0.017066700000439618,-0.006125729661441146,-0.009089397236666769,-0.0007164569840303189,-0.015150402193143626,-0.0019073223991989744,-0.0075691546467240205,0.0014045936713739753,0.0,0.0,0.0,0.0,0.0,0.0,0.0,0.0,0.0,0.0,0.0,0.0,0.0,0.0,0.0,0.0,0.0,0.0,0.0,0.0,0.0,0.0,0.0,0.0,0.02360882068822449
2026-05-30 00:00:00+00:00,-0.003268548324977953,-0.002104451571625759,-0.003944385504533761,-0.0011457751516044292,-0.003878690691264581,-0.0012203834503287585,-0.0031211344412872023,-0.0008037452671834812,-0.004115625053122388,-0.0011500892378016366,-0.0036055722731706524,-0.0011142100125201791,0.0,0.0,0.0,0.0,0.0,0.0,0.0,0.0,0.0,0.0,0.0,0.0,0.0,0.0,0.0,0.0,0.0,0.0,0.0,0.0,0.0,0.0,0.0,0.0,-0.002330609073594354,-0.0017489481470582633,-0.002619653572021028,-0.0004922406201881279,-0.0026708370632135886,-0.0005042387794742795,-0.0014882440239329226,-0.000456204619563157,-0.0025083498855287146,-0.000516843279390154,-0.0019960092089684085,-0.0007420787844260051,0.0,0.0,0.0,0.0,0.0,0.0,0.0,0.0,0.0,0.0,0.0,0.0,0.0,0.0,0.0,0.0,0.0,0.0,0.0,0.0,0.0,0.0,0.0,0.0,0.03379689076839565
2026-05-31 00:00:00+00:00,-0.003468423857563881,-0.004214096716943543,-0.0053015463918440215,-0.005240415713950358,-0.0072288448595462015,-0.005870059336906791,-0.003867609195205446,-0.004289933650818639,-0.004893178132332515,-0.00464150327791141,-0.0072288448595462015,-0.005698207432581624,0.0,0.0,0.0,0.0,0.0,0.0,0.0,0.0,0.0,0.0,0.0,0.0,0.0,0.0,0.0,0.0,0.0,0.0,0.0,0.0,0.0,0.0,0.0,0.0,-0.0021356867216068085,-0.0008456651475394597,-0.0022499002163354756,-0.002287341332419321,-0.0022722149028319358,-0.001997330011342694,-0.0019525423076705093,-0.0010345288153540456,-0.002454395244308153,-0.002488851829026631,-0.002763002969966362,-0.00272388323183834,0.0,0.0,0.0,0.0,0.0,0.0,0.0,0.0,0.0,0.0,0.0,0.0,0.0,0.0,0.0,0.0,0.0,0.0,0.0,0.0,0.0,0.0,0.0,0.0,-0.0013986873614622402
2026-06-01 00:00:00+00:00,0.00798649614268633,-0.000494073069709121,-0.013941715505092373,-0.00671647141617782,0.001422387439802562,-0.007629401421371747,0.0021445338088509386,0.0008474382708647015,-0.005727230843667744,-0.003490467660015366,-0.0032900209608024487,-0.006858340354390092,0.0,0.0,0.0,0.0,0.0,0.0,0.0,0.0,0.0,0.0,0.0,0.0,0.0,0.0,0.0,0.0,0.0,0.0,0.0,0.0,0.0,0.0,0.0,0.0,0.0064820997868654025,-0.006881516781569803,-0.03463990128094688,-0.024078594654664564,-0.011633290857151615,-0.01403084414573978,-0.005301545873473286,-0.007798286730316385,-0.021045075178510658,-0.018279901956462903,-0.021045075178510658,-0.014112299703669798,0.0,0.0,0.0,0.0,0.0,0.0,0.0,0.0,0.0,0.0,0.0,0.0,0.0,0.0,0.0,0.0,0.0,0.0,0.0,0.0,0.0,0.0,0.0,0.0,0.006791271935002656
2026-06-02 00:00:00+00:00,-0.014770142988817136,0.0032124737654979484,-0.007186995950358639,0.005027195824485425,0.0007709771783151042,0.0010604912442220666,-0.0132663700793457,0.0038572086911919097,-0.006184480677377683,0.004666655316458523,0.0005207653313590744,0.0009653255071352512,0.0,0.0,0.0,0.0,0.0,0.0,0.0,0.0,0.0,0.0,0.0,0.0,0.0,0.0,0.0,0.0,0.0,0.0,0.0,0.0,0.0,0.0,0.0,0.0,-0.008648823547316052,0.0014871853190168219,-0.0031599498794101337,-0.003283245193989618,-0.0031599498794101337,-0.004939934564687852,-0.007216658871628973,0.001120058336052627,-0.0021574346064291774,-0.002037215615181511,-0.0021574346064291774,-0.0027967086065709586,0.0,0.0,0.0,0.0,0.0,0.0,0.0,0.0,0.0,0.0,0.0,0.0,0.0,0.0,0.0,0.0,0.0,0.0,0.0,0.0,0.0,0.0,0.0,0.0,-0.007217165531044123
2026-06-03 00:00:00+00:00,-0.015034065824521613,-0.0010060887676090833,-0.004487955211858222,0.00933535126978117,0.00893775795125524,0.013171267146185646,-0.01476449017328697,0.0013815419197320464,-0.004218379560623578,0.006578611553996525,0.009463499369894915,0.013714092904525051,0.0,0.0,0.0,0.0,0.0,0.0,0.0,0.0,0.0,0.0,0.0,0.0,0.0,0.0,0.0,0.0,0.0,0.0,0.0,0.0,0.0,0.0,0.0,0.0,0.0003958673686672307,0.0020769344522066353,0.005495062187149464,0.010836361041292805,0.009385696388629024,0.006611331366978092,0.0005980491070932132,0.005500000420020815,0.005697243925575446,0.007547210065820954,0.010340745934284796,0.00909533573171546,0.0,0.0,0.0,0.0,0.0,0.0,0.0,0.0,0.0,0.0,0.0,0.0,0.0,0.0,0.0,0.0,0.0,0.0,0.0,0.0,0.0,0.0,0.0,0.0,0.034022419057431606
2026-06-04 00:00:00+00:00,0.020345709466587498,0.014567090474362034,0.015258950761969516,0.00995669714804265,0.015406106965802534,0.004844919691060628,0.01868024755882753,0.011672539473879124,0.012226588778260772,0.007021201007657983,0.012226588778260772,0.003777444488149115,0.0,0.0,0.0,0.0,0.0,0.0,0.0,0.0,0.0,0.0,0.0,0.0,0.0,0.0,0.0,0.0,0.0,0.0,0.0,0.0,0.0,0.0,0.0,0.0,0.013255243745131345,0.011689304955705922,0.009681229938819539,0.009565325013137725,0.009021396175321742,0.008722927620610785,0.014253070278005497,0.01001587536221406,0.006523203313681787,0.006861942887324128,0.006523203313681787,0.007610912829164054,0.0,0.0,0.0,0.0,0.0,0.0,0.0,0.0,0.0,0.0,0.0,0.0,0.0,0.0,0.0,0.0,0.0,0.0,0.0,0.0,0.0,0.0,0.0,0.0,-0.017310913456506705
2026-06-05 00:00:00+00:00,-0.004870420113262931,-0.0010010639436709185,-0.003977914547971169,-0.004010480470929698,-0.005437538572057568,-0.002627313567168795,-0.00088950906853456,-0.0029709276281405517,-0.009034294379266361,-0.009713871094277111,-0.01627797535330005,-0.010245672030553052,0.0,0.0,0.0,0.0,0.0,0.0,0.0,0.0,0.0,0.0,0.0,0.0,0.0,0.0,0.0,0.0,0.0,0.0,0.0,0.0,0.0,0.0,0.0,0.0,-0.016338742066943926,-0.00034675586091613766,0.0015458973393666193,-0.0009126611084309056,-0.001485058372912149,0.00014335666615536882,-0.01657377603147082,-0.001406097461220318,-0.00047665459315145717,-0.0042040587639480195,-0.015032508360922335,-0.008775545481015208,0.0,0.0,0.0,0.0,0.0,0.0,0.0,0.0,0.0,0.0,0.0,0.0,0.0,0.0,0.0,0.0,0.0,0.0,0.0,0.0,0.0,0.0,0.0,0.0,0.04444363377999094
2026-06-06 00:00:00+00:00,-0.001802929567618666,-0.0005892528926829342,-0.0014901856783384915,-0.0007438105685575925,-0.0019157525336406518,-0.00220001068338695,-0.0006922059441076719,-5.0189587866078696e-05,-0.0008666266623876382,-0.000250359477185132,-0.0006434716483198537,-0.0007816201408109062,0.0,0.0,0.0,0.0,0.0,0.0,0.0,0.0,0.0,0.0,0.0,0.0,0.0,0.0,0.0,0.0,0.0,0.0,0.0,0.0,0.0,0.0,0.0,0.0,0.001941891976682185,0.0007302346244785423,0.0026299285330985676,0.001545037625432992,0.000662414598555395,-0.0004616157915486535,0.0016952786027066122,0.0008750303159341177,0.0017443512572823936,0.001208354470556077,0.0014821280519835083,0.0007867786247246754,0.0,0.0,0.0,0.0,0.0,0.0,0.0,0.0,0.0,0.0,0.0,0.0,0.0,0.0,0.0,0.0,0.0,0.0,0.0,0.0,0.0,0.0,0.0,0.0,-0.0810218276129087
2026-06-07 00:00:00+00:00,0.002734555914992104,0.0030651671918923025,0.007223054650052454,0.006433955728100267,0.006457185212413273,0.006649454708933329,0.002035962743865585,0.0023603391380864684,0.005211933519172722,0.005848313196090173,0.007012741615789048,0.007059593381102954,0.0,0.0,0.0,0.0,0.0,0.0,0.0,0.0,0.0,0.0,0.0,0.0,0.0,0.0,0.0,0.0,0.0,0.0,0.0,0.0,0.0,0.0,0.0,0.0,-0.006342529642200783,0.0013373877396738003,0.0030294332040228383,0.002402753415592041,0.0035311811353160457,0.00308282665296907,-0.0061553021952490405,0.0009127896835426871,0.002848623112238569,0.0022178396002375178,0.0039015520708998966,0.0037940592506930508,0.0,0.0,0.0,0.0,0.0,0.0,0.0,0.0,0.0,0.0,0.0,0.0,0.0,0.0,0.0,0.0,0.0,0.0,0.0,0.0,0.0,0.0,0.0,0.0,-0.03724803361890013
2026-06-08 00:00:00+00:00,-0.011203572836633213,-0.0008556294659069642,0.011880946535929145,0.014680234538429376,0.007218481615331623,0.008205190239192854,-0.009165853979383687,-0.0001366539719599979,0.009780149381998577,0.010320954568857798,0.011746586263762172,0.011816927750313108,0.0,0.0,0.0,0.0,0.0,0.0,0.0,0.0,0.0,0.0,0.0,0.0,0.0,0.0,0.0,0.0,0.0,0.0,0.0,0.0,0.0,0.0,0.0,0.0,-0.01670796339022553,-0.003002887199394677,0.019801186580905177,0.022023891984640387,0.0073977108642710315,0.010984112327171398,-0.008245244804921593,-0.0025409220533044487,0.011708221770599991,0.012884473951198447,0.01596244093222741,0.014872225286295629,0.0,0.0,0.0,0.0,0.0,0.0,0.0,0.0,0.0,0.0,0.0,0.0,0.0,0.0,0.0,0.0,0.0,0.0,0.0,0.0,0.0,0.0,0.0,0.0,0.005098755352412554
2026-06-09 00:00:00+00:00,0.0009386853133535903,0.0018472737031751613,0.008401666619485736,-0.0013767021099492655,0.001698943071853927,-0.006547147013487881,0.012322284017659056,0.006729229258827328,0.011668840412361431,-0.00382278460543407,-0.003245020607950775,-0.009654994123714044,0.0,0.0,0.0,0.0,0.0,0.0,0.0,0.0,0.0,0.0,0.0,0.0,0.0,0.0,0.0,0.0,0.0,0.0,0.0,0.0,0.0,0.0,0.0,0.0,0.004771514890328128,0.0037931523491076765,0.004763123328258718,-0.0015795334736792045,-0.004455349398107572,-0.004454605212696231,0.002807561344137443,0.004695823028060379,0.003977541909782445,-0.0032287165504820605,-0.007195685972619402,-0.007507561773181521,0.0,0.0,0.0,0.0,0.0,0.0,0.0,0.0,0.0,0.0,0.0,0.0,0.0,0.0,0.0,0.0,0.0,0.0,0.0,0.0,0.0,0.0,0.0,0.0,-0.01471889209570539
2026-06-10 00:00:00+00:00,-0.0036174158403414333,-0.0006698709428893694,-0.005348790921289394,-0.0057030175713928275,-0.005505160496202022,-0.007692223900092259,-0.007836025437134266,-0.0023022799626192325,-0.005817649230133707,-0.002204314445258222,-0.008877276331740696,-0.010255071017328051,0.0,0.0,0.0,0.0,0.0,0.0,0.0,0.0,0.0,0.0,0.0,0.0,0.0,0.0,0.0,0.0,0.0,0.0,0.0,0.0,0.0,0.0,0.0,0.0,0.0005298759373896288,0.0036185850963064547,0.00448852762479278,0.0007693994279557662,-0.003936828670620059,-0.002317705551863035,-0.005274596846787796,0.000469542581782903,0.0037383543306418804,0.00015277391132605296,-0.0072083485081997365,-0.006591353251167845,0.0,0.0,0.0,0.0,0.0,0.0,0.0,0.0,0.0,0.0,0.0,0.0,0.0,0.0,0.0,0.0,0.0,0.0,0.0,0.0,0.0,0.0,0.0,0.0,-0.0179486323250998
2026-06-11 00:00:00+00:00,-0.0008455917665130743,-0.004999837170511812,-0.0177816068992013,-0.026291018711720567,-0.0177816068992013,-0.00660529129576046,0.008223960131312533,-0.0015546259911716324,-0.00824174004447176,-0.020697941698227255,-0.011406345292385186,-0.0020081162096456566,0.0,0.0,0.0,0.0,0.0,0.0,0.0,0.0,0.0,0.0,0.0,0.0,0.0,0.0,0.0,0.0,0.0,0.0,0.0,0.0,0.0,0.0,0.0,0.0,-0.0011411324682887667,-0.00309008825263871,-0.025845565942697983,-0.030211954295402788,-0.025845565942697983,-0.012164098225830625,0.011666212423689218,0.001824770166294873,-0.018689660057496227,-0.026550170531682123,-0.018689660057496227,-0.006248017829221349,0.0,0.0,0.0,0.0,0.0,0.0,0.0,0.0,0.0,0.0,0.0,0.0,0.0,0.0,0.0,0.0,0.0,0.0,0.0,0.0,0.0,0.0,0.0,0.0,0.025925367538105853
2026-06-12 00:00:00+00:00,-0.015035060575007963,-0.004039118445607222,-0.004379651392950383,-0.0052472724205705245,-0.012144360660123874,-0.005702829412318606,-0.010504324805582966,-0.002004931013779819,-0.008650906328931696,-0.006953844423818432,-0.015040102535317856,-0.007095427957504139,0.0,0.0,0.0,0.0,0.0,0.0,0.0,0.0,0.0,0.0,0.0,0.0,0.0,0.0,0.0,0.0,0.0,0.0,0.0,0.0,0.0,0.0,0.0,0.0,-0.011744928935145562,-0.0038109811155076514,-0.008498333564560645,-0.009098022826546728,-0.008498333564560645,-0.00781938692916461,-0.008360181565637082,-0.0021292718270109496,-0.008527144766331466,-0.009106006530923985,-0.011765096776385138,-0.009483444677181154,0.0,0.0,0.0,0.0,0.0,0.0,0.0,0.0,0.0,0.0,0.0,0.0,0.0,0.0,0.0,0.0,0.0,0.0,0.0,0.0,0.0,0.0,0.0,0.0,-0.018687107069774684
2026-06-13 00:00:00+00:00,-0.0010809524043106226,-0.0024319876978254945,-0.004183212833109276,-0.0006586781387982827,-0.0011984627205721488,-0.000916868513434829,-0.0015553761391968906,-0.0009449482153952004,-0.004276403209604793,-0.0004641947539714886,-0.0014469703912268605,-0.001465872669752174,0.0,0.0,0.0,0.0,0.0,0.0,0.0,0.0,0.0,0.0,0.0,0.0,0.0,0.0,0.0,0.0,0.0,0.0,0.0,0.0,0.0,0.0,0.0,0.0,-0.0018420908852730222,-0.0009567174546677281,-0.002245322694797139,-0.0008119768576703287,-0.002245322694797139,-0.0008119768576703287,-0.0023746073223902616,-0.0007797682620633512,-0.002618084200779207,-0.0012979608533822415,-0.002618084200779207,-0.0015000784311222778,0.0,0.0,0.0,0.0,0.0,0.0,0.0,0.0,0.0,0.0,0.0,0.0,0.0,0.0,0.0,0.0,0.0,0.0,0.0,0.0,0.0,0.0,0.0,0.0,-0.013892887607059756
2026-06-14 00:00:00+00:00,-0.004968233914027182,-0.003751561115930706,-0.006234014863404602,-0.004253311583900199,-0.0033877635164633628,-0.0037883092785308743,-0.0072870261999409885,-0.003990578918343692,-0.007902531320391835,-0.004065108471973007,-0.004562582831710707,-0.003801030293931604,0.0,0.0,0.0,0.0,0.0,0.0,0.0,0.0,0.0,0.0,0.0,0.0,0.0,0.0,0.0,0.0,0.0,0.0,0.0,0.0,0.0,0.0,0.0,0.0,-0.0052373547151089404,-0.0035916125852736777,-0.0067286116700545915,-0.005672969723318007,-0.006380096123761174,-0.005556919640022731,-0.007610939016632779,-0.004207519977824895,-0.008508560257774661,-0.004940879584005913,-0.004041189647360978,-0.003820987719481276,0.0,0.0,0.0,0.0,0.0,0.0,0.0,0.0,0.0,0.0,0.0,0.0,0.0,0.0,0.0,0.0,0.0,0.0,0.0,0.0,0.0,0.0,0.0,0.0,-0.024755482203593287
2026-06-15 00:00:00+00:00,0.003521043641163334,0.004464960373602657,0.004839887407674834,0.003804998087472392,0.0017634871433999096,-0.0005258861674565248,-0.005046958661093666,0.002345122450006474,0.0005712971055387369,0.0029699971624384605,0.0022734388731217156,0.0018062241621370852,0.0,0.0,0.0,0.0,0.0,0.0,0.0,0.0,0.0,0.0,0.0,0.0,0.0,0.0,0.0,0.0,0.0,0.0,0.0,0.0,0.0,0.0,0.0,0.0,0.004451277662997406,0.005143150904947551,0.006825196442718104,0.005291429188708123,0.0030164244113942184,0.0028102799978691547,-0.0027919405269503502,0.004159767100617007,0.0060105251399410736,0.0066527204609353775,0.0050562313302814415,0.005169613976059278,0.0,0.0,0.0,0.0,0.0,0.0,0.0,0.0,0.0,0.0,0.0,0.0,0.0,0.0,0.0,0.0,0.0,0.0,0.0,0.0,0.0,0.0,0.0,0.0,-0.05682140674494548
2026-06-16 00:00:00+00:00,-0.0007940572248985888,0.0037934130544575798,0.00255422366281022,0.009129373053618656,0.011434479111843428,0.010883927516606951,0.0008230572783839865,0.005366572390242705,0.003336268388078005,0.010855278936940313,0.012324502242653277,0.011523450156536502,0.0,0.0,0.0,0.0,0.0,0.0,0.0,0.0,0.0,0.0,0.0,0.0,0.0,0.0,0.0,0.0,0.0,0.0,0.0,0.0,0.0,0.0,0.0,0.0,-0.0012162367028901902,0.004191364625368585,-0.0005165110129086106,0.007626959315413968,0.010868140191428555,0.011573976578326707,-0.0017021134103151648,0.00428123216871659,-0.0032037021489569094,0.007799867506502661,0.013954424116294727,0.009888007805072999,0.0,0.0,0.0,0.0,0.0,0.0,0.0,0.0,0.0,0.0,0.0,0.0,0.0,0.0,0.0,0.0,0.0,0.0,0.0,0.0,0.0,0.0,0.0,0.0,-0.0013848107691772544
2026-06-17 00:00:00+00:00,0.0037632408792504894,-0.00155228028277476,-0.005767494446949921,-0.003186890822818008,-0.0077970539481029815,-0.01440321485820073,0.008167425251017104,-0.00020332865822710622,-0.005612330779264686,-0.006517321228774776,-0.007434112329346142,-0.01203943014847042,0.0,0.0,0.0,0.0,0.0,0.0,0.0,0.0,0.0,0.0,0.0,0.0,0.0,0.0,0.0,0.0,0.0,0.0,0.0,0.0,0.0,0.0,0.0,0.0,0.01602876486590323,0.0014493232573247854,0.003232693141313114,-0.0033695040096239025,-0.002505491563259221,-0.011570278676819442,0.006714269926744124,0.0038337220643900756,0.0019654073781304633,-0.002590068539123371,-0.0010537250882318668,-0.009824538001773594,0.0,0.0,0.0,0.0,0.0,0.0,0.0,0.0,0.0,0.0,0.0,0.0,0.0,0.0,0.0,0.0,0.0,0.0,0.0,0.0,0.0,0.0,0.0,0.0,-0.022427758454202862
2026-06-18 00:00:00+00:00,-0.017385615033411718,-0.004286833840440114,-0.0040814302728779004,0.0007885570513034091,-0.004200945887793938,-0.0041689216083919045,-0.01627622956746784,-0.0037593288883145536,-0.004077899763131035,-0.0005900034433590663,-0.003046443949753213,-0.0020890943235720607,0.0,0.0,0.0,0.0,0.0,0.0,0.0,0.0,0.0,0.0,0.0,0.0,0.0,0.0,0.0,0.0,0.0,0.0,0.0,0.0,0.0,0.0,0.0,0.0,-0.014577985979110225,-2.5619679251957794e-05,-0.001523881606240388,-0.0011608476069923665,-0.0017031550286144442,-0.005045944309112455,-0.017530470927278188,-0.001208015872395847,-0.0005634972370135041,-0.000712675306608267,-0.0015096540721145039,-0.00586117620891393,0.0,0.0,0.0,0.0,0.0,0.0,0.0,0.0,0.0,0.0,0.0,0.0,0.0,0.0,0.0,0.0,0.0,0.0,0.0,0.0,0.0,0.0,0.0,0.0,0.005300122698189173
2026-06-19 00:00:00+00:00,0.0022972449959612956,0.001171102678600396,0.0017274772327755443,0.0018007891171391793,0.0013643468378964807,0.0009783889761012564,0.0020258018212689784,0.00195477862448089,0.0021393889501081097,0.0020457588098391315,0.002581631261580467,0.0012118515021312891,0.0,0.0,0.0,0.0,0.0,0.0,0.0,0.0,0.0,0.0,0.0,0.0,0.0,0.0,0.0,0.0,0.0,0.0,0.0,0.0,0.0,0.0,0.0,0.0,0.0018383754921398629,0.00018661247593687157,0.001145088756691036,0.0018099131644176277,0.00037022707940630563,0.001425784423901717,0.0017026539047937045,0.0014903506487782053,0.00261342477633657,0.0025281460152026336,0.000998253069151012,0.0018912166163266887,0.0,0.0,0.0,0.0,0.0,0.0,0.0,0.0,0.0,0.0,0.0,0.0,0.0,0.0,0.0,0.0,0.0,0.0,0.0,0.0,0.0,0.0,0.0,0.0,0.0024141813358735664
2026-06-20 00:00:00+00:00,-0.003975678343456465,-0.0015647453412609067,-0.001835537972318804,0.0002977115921011233,-0.0019250550042713573,0.00017962953197816516,-0.0018108610222924335,-0.0008006033206704269,-0.0019032148126553322,0.00039178721021281547,-0.0017660267744574742,0.0002620433168877277,0.0,0.0,0.0,0.0,0.0,0.0,0.0,0.0,0.0,0.0,0.0,0.0,0.0,0.0,0.0,0.0,0.0,0.0,0.0,0.0,0.0,0.0,0.0,0.0,-0.0028108501761798044,-0.0030894484356019363,-0.0039257054367407935,-0.0015599922315423,-0.0049229030800241845,-0.0016526782415673454,0.0018965337881287122,-0.0018554452206148587,-0.004447288284856287,-0.0016496201327224084,-0.004655711258113154,-0.0012239260372213757,0.0,0.0,0.0,0.0,0.0,0.0,0.0,0.0,0.0,0.0,0.0,0.0,0.0,0.0,0.0,0.0,0.0,0.0,0.0,0.0,0.0,0.0,0.0,0.0,-0.010317581149664782
2026-06-21 00:00:00+00:00,0.0011513202702000866,0.0008910526697965657,-0.002625247852687594,-0.0017279365214541128,-0.002810089546447598,-0.0017607449631159879,0.002388138694696141,0.001062152508608719,-0.001452120889695395,-0.0020633400443638935,-0.003773491877043304,-0.0021948217335274723,0.0,0.0,0.0,0.0,0.0,0.0,0.0,0.0,0.0,0.0,0.0,0.0,0.0,0.0,0.0,0.0,0.0,0.0,0.0,0.0,0.0,0.0,0.0,0.0,-0.0006995134786330799,0.0005626922431962298,-0.0005348155010290199,0.0005763620914120113,0.00016201000699242723,0.0008466949941930629,0.0004548503842299041,0.00025609292464582554,0.0004548503842299041,0.00043062376037148327,-0.0005605417409543532,0.0010746220057041504,0.0,0.0,0.0,0.0,0.0,0.0,0.0,0.0,0.0,0.0,0.0,0.0,0.0,0.0,0.0,0.0,0.0,0.0,0.0,0.0,0.0,0.0,0.0,0.0,-0.01873268594459206
2026-06-22 00:00:00+00:00,0.002859793830258666,0.0030159463393189794,0.0009871596075089095,-0.010816905036906833,-0.023293299945908078,-0.019455792427654398,-0.003327059081905508,0.0012073936439177108,-0.0014470516866468257,-0.011690346182136407,-0.024417190371760683,-0.019209590546975592,0.0,0.0,0.0,0.0,0.0,0.0,0.0,0.0,0.0,0.0,0.0,0.0,0.0,0.0,0.0,0.0,0.0,0.0,0.0,0.0,0.0,0.0,0.0,0.0,0.011854313661731834,0.0051375822199916125,0.007382309520631351,-0.0075448859979528535,-0.02057432291553853,-0.020500081729545882,0.00021330399560792724,0.0031853273311984536,-0.0016157216379787003,-0.011062488271463685,-0.02205857076835035,-0.01957572481220948,0.0,0.0,0.0,0.0,0.0,0.0,0.0,0.0,0.0,0.0,0.0,0.0,0.0,0.0,0.0,0.0,0.0,0.0,0.0,0.0,0.0,0.0,0.0,0.0,-0.01653949095154809
2026-06-23 00:00:00+00:00,0.009818096583431867,0.0025274399854249008,0.009818096583431867,0.005739153671316621,0.010855479031429957,0.012009751842943213,0.008029193214856872,0.005998688823335267,0.005415508751935897,0.00629026180710951,0.008139469359153328,0.009128890810678436,0.0,0.0,0.0,0.0,0.0,0.0,0.0,0.0,0.0,0.0,0.0,0.0,0.0,0.0,0.0,0.0,0.0,0.0,0.0,0.0,0.0,0.0,0.0,0.0,0.02320167870709475,0.007850685881414373,0.02320167870709475,0.00873711769503964,0.023045846582480455,0.021005725322397445,0.021587396502212895,0.011433872739263476,0.021587396502212895,0.012643266927865167,0.02758010983809125,0.021779325580668658,0.0,0.0,0.0,0.0,0.0,0.0,0.0,0.0,0.0,0.0,0.0,0.0,0.0,0.0,0.0,0.0,0.0,0.0,0.0,0.0,0.0,0.0,0.0,0.0,0.02097513287495349
2026-06-24 00:00:00+00:00,0.005763506629343864,-0.001869263760059665,-0.0060490112755147,-0.006147529572564502,-0.007727182937165707,-0.018895102092944694,0.0015239159332912236,-0.005482587178671599,-0.004943648842614588,-0.004567986623610209,-0.006465187438117518,-0.018118682053670933,0.0,0.0,0.0,0.0,0.0,0.0,0.0,0.0,0.0,0.0,0.0,0.0,0.0,0.0,0.0,0.0,0.0,0.0,0.0,0.0,0.0,0.0,0.0,0.0,0.0227237089833817,0.008553651533660013,0.011662489742631527,0.0012592205105414062,0.008109739609018292,-0.012045115379986487,0.021861512563808562,0.0026873228277462385,0.005529209093311622,-0.0016102899784668529,0.005723494781697345,-0.013365692807115212,0.0,0.0,0.0,0.0,0.0,0.0,0.0,0.0,0.0,0.0,0.0,0.0,0.0,0.0,0.0,0.0,0.0,0.0,0.0,0.0,0.0,0.0,0.0,0.0,0.0180742922785934
2026-06-25 00:00:00+00:00,-0.014422381494659185,-0.011462250047570732,-0.012241685282759762,-0.010519273183623813,-0.012241685282759762,-0.009197818809164855,-0.016910274975493227,-0.012998192205999131,-0.016910274975493227,-0.013861915718466499,-0.016910274975493227,-0.013447350556988045,0.0,0.0,0.0,0.0,0.0,0.0,0.0,0.0,0.0,0.0,0.0,0.0,0.0,0.0,0.0,0.0,0.0,0.0,0.0,0.0,0.0,0.0,0.0,0.0,-0.003794017035934948,-0.00018295764530849062,0.0019753200956680256,0.0017938491556701418,0.0019753200956680256,0.002180270451804835,-0.0061634393986340396,-0.0009630645197691115,-0.0061634393986340396,-0.003213930071257502,-0.0061634393986340396,-0.0015364179500975605,0.0,0.0,0.0,0.0,0.0,0.0,0.0,0.0,0.0,0.0,0.0,0.0,0.0,0.0,0.0,0.0,0.0,0.0,0.0,0.0,0.0,0.0,0.0,0.0,-0.006712699901716672
2026-06-26 00:00:00+00:00,0.005000690705201858,0.0028267745692448372,0.003988842764923679,0.006655436417363942,0.012260605212473321,0.009072912257061397,0.0017769077734745029,0.0022682307016314916,0.0038547029564064126,0.006058318637226636,0.005966035673451874,0.006446062108314621,-0.0030923189273816634,-0.0017012787766826608,-0.008807450462221353,-0.005810070845550208,-0.0038754675464166308,-0.011029216651745666,-0.005810070845550208,-0.0038754675464166308,-0.011029216651745666,0.0,0.0,0.0,0.0,0.0,0.0,0.0,0.0,0.0,0.0,0.0,0.0,0.0,0.0,0.0,0.004081444271808616,0.00047641304033953485,0.002202298097006284,0.001641058509157126,0.009966627147149111,0.004923326914406654,0.0016602084276386374,-0.001164877700513685,0.0016602084276386374,0.003981463505147301,0.005618957272098877,0.004134922197062973,-0.003305736192052698,-0.0016473652768720928,-0.0124029068626988,-0.005137018922621879,-0.0028907783982188057,-0.010231806033854327,-0.005057916142630376,-0.0028569937939075304,-0.009931875033340807,0.0,0.0,0.0,0.0,0.0,0.0,0.0,0.0,0.0,0.0,0.0,0.0,0.0,0.0,0.0,0.052767717388592615
2026-06-27 00:00:00+00:00,-0.002092352893309687,0.00038457218252630317,-0.0002265515954812463,0.0011944736271965364,-0.0002966245539382747,0.0014104808136778503,-0.0020428952920758876,0.0008108141313325195,0.00038622618631171425,0.0015701519597051646,0.00021077550799653423,0.0016835289473800426,0.0,0.0,0.0,0.0,0.0,0.0,0.0,0.0,0.0,0.0,0.0,0.0,0.0,0.0,0.0,0.0,0.0,0.0,0.0,0.0,0.0,0.0,0.0,0.0,-0.002893316971807624,-0.0006088740876844273,-0.0025281238371638298,-0.00017636164780042204,-0.001738041979604561,0.0006081626309259701,-0.0028210762547584067,-9.054237320728371e-05,-0.0008739074477052008,0.0005584047746830361,-0.0008739074477052008,0.0008807140735037309,0.0,0.0,0.0,0.0,0.0,0.0,0.0,0.0,0.0,0.0,0.0,0.0,0.0,0.0,0.0,0.0,0.0,0.0,0.0,0.0,0.0,0.0,0.0,0.0,0.00883054229230044
2026-06-28 00:00:00+00:00,0.0038068727781550224,0.001396191944970834,0.0011205657003975397,-0.0014369158400132503,-0.0023069280847728356,-0.003022571258616335,0.003150164786514144,0.0014316902453329484,-0.0016702942450505598,-0.001496071920737208,-0.001973501863921847,-0.00177264229585431,0.0,0.0,0.0,0.0,0.0,0.0,0.0,0.0,0.0,0.0,0.0,0.0,0.0,0.0,0.0,0.0,0.0,0.0,0.0,0.0,0.0,0.0,0.0,0.0,0.0016801525450198455,0.0016715884790638703,0.0022803707174173593,0.0006882451911250127,0.0015106670742389798,-0.00014665850135470418,0.0011328958853191141,0.0017905042695079405,0.0005986821942446533,9.059739834410763e-05,0.00020852152473302583,-0.00045658968870304514,0.0,0.0,0.0,0.0,0.0,0.0,0.0,0.0,0.0,0.0,0.0,0.0,0.0,0.0,0.0,0.0,0.0,0.0,0.0,0.0,0.0,0.0,0.0,0.0,0.01452762660966885
2026-06-29 00:00:00+00:00,0.006920816036209628,0.0002522661683012657,0.0006032370537933946,0.0012233636007746285,0.008605959232016624,0.00784024718858528,0.011613785136527286,0.0003951569660252032,0.001143878623674433,0.004788140188925394,0.010796151449289311,0.010701568587795508,0.0,0.0,0.0,0.0,0.0,0.0,0.0,0.0,0.0,-0.0020471925449119326,-0.008181442134410853,-0.009836146526336036,0.003639194383479169,0.007955886436933398,0.010528352882899489,0.0023845690636070966,0.006601120887088754,0.009326742187925003,-0.002688311179497839,-0.005011726950831782,-0.001201248953298966,0.0006779503908103467,-0.001798720971003919,-0.0011540364750736935,0.002933752355385078,-0.0018895000234890698,-0.00462345122062029,-0.006138537964928077,0.006406834961867497,0.005281497484633684,0.006567072069545008,-0.0025921931432010313,-0.006686153974468574,-0.001751914133650585,0.008231995142928066,0.008323862322709898,0.0,0.0,0.0,0.0,0.0,0.0,0.0,0.0,0.0,-0.0017876422713164516,-0.0010879736561392103,-0.0036600016199283803,0.004976844246132882,0.017253132714450257,0.023508698765625332,0.0031804742926456364,0.013659137725929577,0.01834608928009532,-0.0034669097879695223,-0.006152228755702143,-0.001081613434458586,-0.001019790789657722,-0.0020504907771588814,-0.0020062870626695608,-0.004498998982978415
2026-06-30 00:00:00+00:00,-0.0030530727226930326,-0.001296518137893694,-0.005652708329091743,0.002804410929446969,-0.0031165840041684923,-0.0054003554784692,0.0004474446758650054,-0.0019452585514991606,0.0004474446758650054,0.002668785193148133,0.00372035617251697,-0.001390416282569763,-0.004869796589208502,-0.004697492495421871,-0.00332730971869427,-0.004364656290573144,-0.005346601646934322,-0.004221079953848394,-0.003395835984557678,-0.0038879974627177294,-0.0027583363912500065,0.0,0.0,0.0,0.0,0.0,0.0,0.0,0.0,0.0,0.0,0.0,0.0,0.0,0.0,0.0,-0.0002553282212931834,0.0001275543862565507,-0.004106609569433813,0.004048339957594026,0.009137755261435383,0.008540941108928989,-0.001184763034201787,-0.0019935896451339233,-0.001184763034201787,0.004416426451166223,0.00820832044852678,0.007928115556783199,-0.002988422624129234,-0.0024352785526055186,-0.0014483777105253042,-0.0029745039011830183,-0.0029211436074921345,-0.0019937790054038503,-0.0014819746195061593,-0.0014301861233501348,-0.0005078027412730792,0.0,0.0,0.0,0.0,0.0,0.0,0.0,0.0,0.0,0.0,0.0,0.0,0.0,0.0,0.0,-0.02766923765366976
2026-07-01 00:00:00+00:00,0.02488404340574428,0.018364427834476695,0.023846068454463614,-0.003468068958951918,-0.01234765622934901,-0.00194371013719144,0.03677878185218349,0.019692777483349525,0.014115200220609017,-0.01452780535485662,-0.006883391035352902,-0.004551601216640663,-0.012622285350922543,-0.015375894600446027,-0.013276114526304327,-0.009457027931949552,-0.012181109819674874,-0.011612021266333311,-0.008861465062751123,-0.011138275448161058,-0.010212637908188398,0.0,0.0,0.0,0.0,0.0,0.0,0.0,0.0,0.0,0.0,0.0,0.0,0.0,0.0,0.0,0.008127702922015163,0.011403051482593326,0.009017472258622134,-0.0056498149752654304,-0.0227533077978114,-0.015603146173441232,0.0158107052512771,0.01255997328724646,0.01753533996428763,-0.011060894245182645,-0.013939236710008964,-0.013461994279206272,-0.010127278938480805,-0.008916623222602177,-0.00973970801769187,-0.007849544574199329,-0.007602888351356246,-0.009098390823204891,-0.0073036119441007704,-0.006646956844135251,-0.007815622744905383,0.0,0.0,0.0,0.0,0.0,0.0,0.0,0.0,0.0,0.0,0.0,0.0,0.0,0.0,0.0,-0.0034703515274698837
2026-07-02 00:00:00+00:00,-0.019423952139992165,0.0006535483860756313,-0.012918210933401572,0.0026862292987023142,-0.012918210933401572,-0.002181600255957073,-0.017132002098255505,0.0014829680489685537,-0.008936798695619344,-0.0007451541571778698,-0.0070455118413974074,-4.385804410758122e-05,0.003795181545893119,0.007860214136581967,0.0076785706020369915,0.0022157853129938132,0.0046746609159171075,0.004970151419439672,0.0016455846209744056,0.003995719558760358,0.004023796328778184,0.0,0.0,0.0,0.0,0.0,0.0,0.0,0.0,0.0,0.0,0.0,0.0,0.0,0.0,0.0,-0.008121432718693082,0.0034111304707083183,-0.009335026841226772,0.0034011839743601884,-0.009335026841226772,-0.002151704527381948,-0.005685398956593063,0.005630115522708065,-0.005685398956593063,0.006237305603832497,-0.002907678597787782,0.002654929890806176,0.004069393311901629,0.01027516910681568,0.008926062198286587,0.004910236058290063,0.012166053730803206,0.010124526129760251,0.0036834781494382066,0.00980362996487518,0.0076303253460767535,0.0,0.0,0.0,0.0,0.0,0.0,0.0,0.0,0.0,0.0,0.0,0.0,0.0,0.0,0.0,0.01652865106379971
2026-07-03 00:00:00+00:00,0.0011308208931341444,0.0018438070187488085,0.00046656994233074296,0.0011333948335170913,0.0003697529718838825,0.0019752169282435286,0.0009386491341971733,0.0004329624576013598,-0.0006468978733163773,-0.002516289065150472,-0.0015055044443831995,-0.00031824691416333764,0.0,0.0,0.0,0.0,0.0,0.0,0.0,0.0,0.0,0.0,0.0,0.0,0.0,0.0,0.0,0.0,0.0,0.0,0.0,0.0,0.0,0.0,0.0,0.0,0.006156715467542952,0.004266167449401286,0.0045406411360533845,0.0038163875877902723,0.004363143356900806,0.004537878822099879,0.005905831191340381,0.0019154431857651662,0.0051913029013974585,0.00147086860596994,0.0026441573919893137,0.0017049722742580797,0.0,0.0,0.0,0.0,0.0,0.0,0.0,0.0,0.0,0.0,0.0,0.0,0.0,0.0,0.0,0.0,0.0,0.0,0.0,0.0,0.0,0.0,0.0,0.0,-0.012302076714950797
2026-07-04 00:00:00+00:00,-0.004101490686652035,-0.0016774649847940764,-0.001788542307965174,-0.0011041895570931255,-0.0017603182711233953,-0.0010854437212526,-0.003924723462416974,-0.0018451156478041803,-0.0017182407529939437,-0.0011062843385681268,-0.0019079652132227322,-0.001267309638226412,0.0,0.0,0.0,0.0,0.0,0.0,0.0,0.0,0.0,0.0,0.0,0.0,0.0,0.0,0.0,0.0,0.0,0.0,0.0,0.0,0.0,0.0,0.0,0.0,-0.004311707416607471,-0.0001251256042851336,0.0004934232286455107,0.0015261002011740454,0.000545167296188771,0.0015604675668816758,-0.0018003289244649923,0.0004948218684886882,0.0012528310822193796,0.0019918708578397335,0.0004098242659310459,0.0012103931708326951,0.0,0.0,0.0,0.0,0.0,0.0,0.0,0.0,0.0,0.0,0.0,0.0,0.0,0.0,0.0,0.0,0.0,0.0,0.0,0.0,0.0,0.0,0.0,0.0,0.004862615107777117
2026-07-05 00:00:00+00:00,-0.0005547709483620847,-0.00010673275594740306,-0.002144561028792227,-0.0016350024119765145,-0.003636979100967545,-0.0016030833656041881,-0.0009113275761542389,-0.0005297943019586755,-0.0015174531771126034,-0.001214743767426226,-0.0036218885149925826,-0.0015862987380879199,0.0,0.0,0.0,0.0,0.0,0.0,0.0,0.0,0.0,0.0,0.0,0.0,0.0,0.0,0.0,0.0,0.0,0.0,0.0,0.0,0.0,0.0,0.0,0.0,0.0016117397907288726,0.0005654995319680235,-0.0030924343696869644,-0.0031287418010594336,-0.0057041659959937725,-0.003028767491816411,0.0005084666190648733,-4.33942103815541e-05,-0.0020086706859049506,-0.0025933856060246486,-0.005695363154175044,-0.0030150591996400567,0.0,0.0,0.0,0.0,0.0,0.0,0.0,0.0,0.0,0.0,0.0,0.0,0.0,0.0,0.0,0.0,0.0,0.0,0.0,0.0,0.0,0.0,0.0,0.0,0.016389691946516516
2026-07-06 00:00:00+00:00,-0.006797385086361443,0.0020258682214372046,0.010395738588816365,0.008429076401329533,-0.0005408028962479658,-0.0008132738450616972,-0.0053237301734515245,0.001281927945391324,0.0032648697760432914,0.006231961575458546,-0.0013389993043711752,1.9457218994117903e-06,0.0,0.0,0.0,0.0,0.0,0.0,0.0,0.0,0.0,0.0,0.0,0.0,0.0,0.0,0.0,0.0,0.0,0.0,0.0,0.0,0.0,0.0,0.0,0.0,-0.0031962095499568875,0.00415227211788641,0.013217148785904785,0.008110229071889519,-0.005950343697413701,-0.008229735761539908,-0.0025330648391474245,0.0029926963939373654,0.0033115837492827555,0.0023415873075698667,-0.008972510821453443,-0.008404294039117839,0.0,0.0,0.0,0.0,0.0,0.0,0.0,0.0,0.0,0.0,0.0,0.0,0.0,0.0,0.0,0.0,0.0,0.0,0.0,0.0,0.0,0.0,0.0,0.0,-0.0025543199315668508
2026-07-07 00:00:00+00:00,-0.00969000019315146,0.001431763903716855,-0.006686693060443937,0.003958762721446359,-0.003491968828844131,-0.009949449683901242,-0.00922303522090534,0.0025717548013131906,-0.008048599794941907,0.0017634271888885304,0.0007808453445904042,-0.006629089967597715,-0.002728796722220067,0.0005399700463285456,0.0023728403308253525,-0.0010629803568962162,0.0015652696866397323,0.002666334411417177,-0.002728796722220067,0.0005399700463285456,0.0023728403308253525,0.0,0.0,0.0,0.0,0.0,0.0,0.0,0.0,0.0,0.0,0.0,0.0,0.0,0.0,0.0,-0.017285367858465215,-0.004144631199190345,-0.017285367858465215,-0.004007929147650587,-0.015464716428772791,-0.022532306143523,-0.014305991346272532,-0.004530139635962608,-0.014305991346272532,-0.005021152583021289,-0.009718709670249912,-0.019602296104365917,-0.0013883372621984122,0.003202686852894522,0.0029836081403839623,-0.00047732464871403334,0.0043156937502100015,0.004994516549657642,-0.0014812452517920863,0.0029514987418937763,0.002556807770434885,0.0,0.0,0.0,0.0,0.0,0.0,0.0,0.0,0.0,0.0,0.0,0.0,0.0,0.0,0.0,0.019897750340943654
2026-07-08 00:00:00+00:00,0.004068301017390161,0.0034479697947118037,0.005933353283315741,0.0012282367592931695,0.0027697377504816286,0.005147254843472812,0.004068301017390161,0.0025828944941789236,0.0069574281485317,0.0035070796109601104,0.0033833461232169624,0.006093779894257592,-0.00836237153552975,-0.0004613175210076842,0.005979478596045235,-0.004758972855167931,-0.002756217554269644,0.0010719192938035034,-0.00529727131344757,-0.0027125351710948153,0.0018599654028758409,0.0,0.0,0.0,0.0,0.0,0.0,0.0,0.0,0.0,0.0,0.0,0.0,0.0,0.0,0.0,0.004545758749871294,0.0071145602838390805,0.00800128614877282,0.0026252907202648328,0.00800128614877282,0.007157435313040784,0.0025314726748837573,0.005385338973999566,0.013905505615408237,0.008672368837872075,0.004567547544280671,0.006839790172471913,-0.00823522695153742,-0.0022624521405729538,0.004117893497411627,-0.005567592559594101,-0.0023761600893863924,0.0015857039194520763,-0.005327489975446051,-0.00261951990022161,0.001881072952542887,0.0,0.0,0.0,0.0,0.0,0.0,0.0,0.0,0.0,0.0,0.0,0.0,0.0,0.0,0.0,-0.00953148522716026
2026-07-09 00:00:00+00:00,-0.009758448493746512,-0.0017263961174626395,0.0014234049396359446,0.0017122418205928662,0.00030488008204525687,0.004025967963656302,-0.008849130796130296,-0.0009882233751425482,0.003292430194588308,-0.0004147118180307125,0.0032031621899661876,0.005646243677986512,0.0009664391051508198,0.00244529243266833,0.008481768246564129,-6.316771774446106e-05,0.0010909952988345836,0.004807203684284459,0.00018007852929443702,0.0022708282368360685,0.006771888509631244,0.0,0.0,0.0,0.0,0.0,0.0,0.0,0.0,0.0,0.0,0.0,0.0,0.0,0.0,0.0,-0.00241612640172066,0.0008283436750920123,0.0007222878120029428,0.001030520873966654,0.0007222878120029428,0.005765603784249167,-4.9212728564502e-05,0.0010695724289636228,0.0036878193593265,-0.00015132348367254467,0.0036878193593265,0.0044051953425958985,0.0015057216825126723,0.002514345356427398,0.012911480320810334,0.0009844537470666763,0.0036346918277568477,0.011531520147115051,0.0008065975250212852,0.0038213310865204586,0.011404493291365933,0.0,0.0,0.0,0.0,0.0,0.0,0.0,0.0,0.0,0.0,0.0,0.0,0.0,0.0,0.0,0.004370086836876934
2026-07-10 00:00:00+00:00,-0.0027623835268385925,-0.002405090970278767,-0.006250648335749128,-0.005118694104410359,-0.008841066402830416,-0.004070943685341598,0.0021877623888599336,-0.0005771825728643915,-0.00654565072226702,-0.006485331737129119,-0.008841066402830416,-0.007865919308053256,-0.00030073086147982007,0.0029981919965991074,0.004264518939382719,-0.0003413530644613692,0.0030536587780074054,0.0041243755502985155,-0.00048138056528327484,0.002554279230839756,0.0037543720862559505,0.0,0.0,0.0,0.0,0.0,0.0,0.0,0.0,0.0,0.0,0.0,0.0,0.0,0.0,0.0,0.0017863887757161058,-0.001382845492114865,-0.00934420947360954,-0.009626238262829474,-0.014520354244337626,-0.011351619853072169,0.003273124740138787,-0.0003332561963140749,-0.009196856555837685,-0.009109868076486734,-0.014373001326565769,-0.012693734479640312,-0.0013992542382167082,0.003636768956519827,0.0036365596531961514,-0.0015090950999250834,0.0026448197863256167,0.002615758331331144,-0.0014389734540839166,0.0028948918353212012,0.0028010526264712794,0.0,0.0,0.0,0.0,0.0,0.0,0.0,0.0,0.0,0.0,0.0,0.0,0.0,0.0,0.0,0.04418818426893897
2026-07-11 00:00:00+00:00,5.089702428642427e-05,-0.00047038170726342184,0.00012995331923867253,0.000587986323846463,-0.00023259022350839622,-0.00014685484677835932,8.454485872693828e-06,-0.0008928285883023109,-0.0011266906957471704,0.00026940996169907044,-0.00029046641225439194,0.00025207652074646104,0.0,0.0,0.0,0.0,0.0,0.0,0.0,0.0,0.0,0.0,0.0,0.0,0.0,0.0,0.0,0.0,0.0,0.0,0.0,0.0,0.0,0.0,0.0,0.0,0.0005878231958627309,-1.568908421102676e-05,0.0013597040698085407,0.0013253637864503187,0.0008080584258789638,0.0008389766096929901,0.0005347700228455683,-0.0003321955913208688,-0.0010528562670120126,0.0008718640909324233,0.0007868371566720981,0.0011825359768977961,0.0,0.0,0.0,0.0,0.0,0.0,0.0,0.0,0.0,0.0,0.0,0.0,0.0,0.0,0.0,0.0,0.0,0.0,0.0,0.0,0.0,0.0,0.0,0.0,0.01403050712368444
2026-07-12 00:00:00+00:00,-5.224999492745518e-05,0.0003601615992872493,-0.0018025650965894787,-0.0008543755192621487,-0.0012096685759922761,-0.001031149692265214,0.000581571534097922,0.0006113630689743773,-0.0011660655928818014,-0.0006549651847884752,-0.00133921637216693,-0.0012389202021406106,0.0,0.0,0.0,0.0,0.0,0.0,0.0,0.0,0.0,0.0,0.0,0.0,0.0,0.0,0.0,0.0,0.0,0.0,0.0,0.0,0.0,0.0,0.0,0.0,0.0008931053706599077,0.00014004309049496627,-0.0036929762018987518,-0.002369549730281506,-0.0028017841857632883,-0.002993838040779005,0.0013458350342494625,0.0005779308017557572,-0.0023782812293282863,-0.0014463239928794787,-0.0026206923203274664,-0.00293338409072179,0.0,0.0,0.0,0.0,0.0,0.0,0.0,0.0,0.0,0.0,0.0,0.0,0.0,0.0,0.0,0.0,0.0,0.0,0.0,0.0,0.0,0.0,0.0,0.0,-0.007727463551418401
2026-07-13 00:00:00+00:00,-0.004601541512679601,0.0013247471862188524,0.001963476299123957,0.0031970758611171942,0.0017736476355150767,-0.001198923711561256,-0.0044108694855193534,0.0018881448974064241,-0.00026766334700507356,0.0019472167084161735,0.005589772140209434,-0.0010715830356992546,0.0,0.0,0.0,0.0,0.0,0.0,0.0,0.0,0.0,-0.0012290583596786095,-0.00914574160583491,-0.009437037721839917,-0.0005405755718812035,-0.0024738735954389405,-0.000608377252240442,-0.0011611647645210646,-0.00673098903849105,-0.0056516079204790666,-0.0015695942120383095,-0.001868438378984189,-0.001214964506716058,-0.0017121174621186413,-0.0013286519788418348,-0.0011434844004271597,-1.962238685036463e-06,0.0009248544612467684,0.00245880082403727,0.006712847557200347,0.005309308570117143,0.0005370664463160762,-0.004394518417001565,-0.0005384571159556127,-5.123127785788893e-05,0.008054835543370125,0.01589750338776158,0.0040665657835918505,0.0,0.0,0.0,0.0,0.0,0.0,0.0,0.0,0.0,-0.002203996945414092,-0.008222028817087453,-0.009252308397071038,-0.0014258019940421578,-0.003212354286575054,-0.0023583558361348084,-0.002300578413692382,-0.007149197483120721,-0.005677682835097547,-0.001883339924990208,-0.002568409151840883,-0.0019597370174513663,-0.0024321138757341636,-0.0015192389026677346,-0.0015203025309094805,-0.046013490748963215
2026-07-14 00:00:00+00:00,0.013432999362073735,0.0021397595758109868,0.013432999362073735,0.0036310369468417827,0.008470733657116742,0.0026371454000290568,0.012938566154670298,0.00290934217521778,0.012938566154670298,0.004695872408017829,0.012334039186444908,0.003136889052263229,-0.00270635118119375,-0.0031727330598727683,-0.004022394823426298,-0.004329500011576743,-0.003748227715376889,-0.004122374864339332,-0.0032934744972221443,-0.003447095062490443,-0.005863425848931629,0.0,0.0,0.0,0.0,0.0,0.0,0.0,0.0,0.0,0.0,0.0,0.0,0.0,0.0,0.0,0.01705515043621769,0.007429506039158259,0.01705515043621769,0.004236691489977956,0.012103697686887915,0.00044801269659911803,0.01496573037979441,0.007296441940362009,0.01496573037979441,0.0046197047607367285,0.018008629669741708,-0.000997861345228811,-0.004786488380847453,-0.0057045795304488086,-0.00650655421885752,-0.004558824743268385,-0.006669653165270691,-0.0065466607188222545,-0.004535424728046689,-0.005397661238498147,-0.006110595688281921,0.0,0.0,0.0,0.0,0.0,0.0,0.0,0.0,0.0,0.0,0.0,0.0,0.0,0.0,0.0,0.04102846343030161
2026-07-15 00:00:00+00:00,0.013577311646761243,-0.002279474144432419,-0.007505935189065697,-0.008648485947003466,-0.01477215020615973,-0.0028694182755159537,0.009880232381964489,3.8677007954652835e-05,-0.005098937710204794,-0.003995530087063031,-0.01019492625566699,-0.0003279048320736806,-0.0018871018785703378,-0.0038408894603490003,-0.006039919351541421,-0.0017617232955544997,-0.004693891644344516,-0.003673999335853131,-0.0027965006684776694,-0.005139138137180058,-0.0048666574965929065,0.0,0.0,0.0,0.0,0.0,0.0,0.0,0.0,0.0,0.0,0.0,0.0,0.0,0.0,0.0,0.022416164683838658,-0.0024084566130753798,-0.0085075295817617,-0.01437851127014572,-0.028885543607961747,-0.013289479801648353,0.014470656249657512,-0.0008790205870721225,-0.006301115226139204,-0.008912143695720182,-0.024351784919684222,-0.008091375284072855,-0.003168924077181636,-0.0032697795737626017,-0.007028277227463682,-0.001780706070550749,-0.003316755693861003,-0.0012716758623122937,-0.004281784558707805,-0.005076550152794311,-0.004351435878337511,0.0,0.0,0.0,0.0,0.0,0.0,0.0,0.0,0.0,0.0,0.0,0.0,0.0,0.0,0.0,0.01610664819817405
2026-07-16 00:00:00+00:00,-0.002949924439897891,-0.002590269458066186,-0.004695205667158227,-0.0071481931986211835,-0.004695205667158227,-0.012223717553019467,-0.01050875739433503,-0.005795350645593137,-0.002950584626716821,-0.0063020878084981205,-0.0010687979319126263,-0.010239922693225857,-0.003720653397057521,-0.012230247974436928,-0.01011552667816064,-0.004779367355088253,-0.010710221148408292,-0.007497049562537853,-0.0032786238530358104,-0.008901184210008557,-0.006814592944987537,0.0,0.0,0.0,0.0,0.0,0.0,0.0,0.0,0.0,0.0,0.0,0.0,0.0,0.0,0.0,-0.013091625927609811,-0.0029525443713671836,-0.01417499213524838,-0.011540522530718087,-0.01417499213524838,-0.014976741272021676,-0.01657075585675375,-0.005840987954383404,-0.01657075585675375,-0.012684039763040653,-0.010850785044606577,-0.012225196669299268,-0.004769187049595061,-0.01257375212540744,-0.0038203162740080674,-0.004824058401739387,-0.007813920146074531,-0.001559632797978349,-0.004502256184866678,-0.011318744996686654,-0.0032394949455931874,0.0,0.0,0.0,0.0,0.0,0.0,0.0,0.0,0.0,0.0,0.0,0.0,0.0,0.0,0.0,0.024721207732685935
2026-07-17 00:00:00+00:00,0.0038892443029866375,0.0026831957934636864,0.0027976965279618796,0.0014413422830996652,0.002400956134760649,0.0027173554768488727,-0.0018130735675762752,0.0038417016502452187,0.002877454426075953,0.0021061576883956235,0.005569956593847641,0.004787218716779088,0.0020537471829108474,0.015596833716184583,0.004392231890697968,-0.00055068625396084,0.004876697688676007,0.0010105596338932357,-0.00020058954007385458,0.007461204294469202,0.0027301223598096467,0.0,0.0,0.0,0.0,0.0,0.0,0.0,0.0,0.0,0.0,0.0,0.0,0.0,0.0,0.0,0.002046789750660588,0.0013041859668946217,0.004145770846930547,0.002088616018178771,0.0037753393102901473,0.004791001984955069,-0.005979700327308291,0.0012579045646609575,0.00484746046574958,0.002948300092335115,0.004675020981854966,0.006631189578020492,0.0005948467255723176,0.011507161355182982,0.001580851267782457,-0.0011932152940842607,0.003964295201132262,-0.0008249409262399108,-0.0011281197273475777,0.005875393028587138,0.0009703518723809514,0.0,0.0,0.0,0.0,0.0,0.0,0.0,0.0,0.0,0.0,0.0,0.0,0.0,0.0,0.0,0.0045809857079571374
2026-07-18 00:00:00+00:00,0.0002587850912175195,-0.0007379044032182603,-0.004292933627889545,-0.00317492616958185,-0.004501786818102377,-0.003248443196732852,-0.001322801949358942,-0.001014539044897363,-0.002180705568929483,-0.002499580476349907,-0.0044238648102683294,-0.0028237515397630864,0.0,0.0,0.0,0.0,0.0,0.0,0.0,0.0,0.0,0.0,0.0,0.0,0.0,0.0,0.0,0.0,0.0,0.0,0.0,0.0,0.0,0.0,0.0,0.0,0.0007293978389542966,-0.0015689982385242221,-0.004173458502248425,-0.002767350185376821,-0.0035847759899324616,-0.002532647451113873,-0.001521464006992421,-0.0018714213854966611,-0.003896925674188755,-0.002725378642256014,-0.003896925674188755,-0.002735974378369494,0.0,0.0,0.0,0.0,0.0,0.0,0.0,0.0,0.0,0.0,0.0,0.0,0.0,0.0,0.0,0.0,0.0,0.0,0.0,0.0,0.0,0.0,0.0,0.0,0.020091907385367074
2026-07-19 00:00:00+00:00,0.0029226137694900447,0.0015851144557030067,0.002206372836468297,0.002673462166402332,0.00307652401519771,0.0032266743609966862,0.003290293870401274,0.002467487289513383,0.0024287853309529353,0.0027973090411136116,0.003107030916722299,0.0034391585078988583,0.0,0.0,0.0,0.0,0.0,0.0,0.0,0.0,0.0,0.0,0.0,0.0,0.0,0.0,0.0,0.0,0.0,0.0,0.0,0.0,0.0,0.0,0.0,0.0,0.004526114445585519,0.0023562370691452427,0.003059428817531627,0.0034709050749551517,0.0026189334378451364,0.003462085571616345,0.003926565644678009,0.003198612579039054,0.0038648863750803154,0.004044666354248684,0.003633344918791649,0.004582049074945308,0.0,0.0,0.0,0.0,0.0,0.0,0.0,0.0,0.0,0.0,0.0,0.0,0.0,0.0,0.0,0.0,0.0,0.0,0.0,0.0,0.0,0.0,0.0,0.0,0.020680936735846627
2026-07-20 00:00:00+00:00,-0.0005031786017576961,0.0004075120361396742,-0.004998541778024847,9.919377538840136e-05,0.002851489503334189,-0.0022664495249121084,-0.001653622671342534,0.001146423938872993,-0.004998541778024847,-0.0006770155540724888,2.6597684962962383e-05,-0.0014992697701944507,0.0,0.0,0.0,0.0,0.0,0.0,0.0,0.0,0.0,-0.00456787041977976,-0.0045621044054194,0.003810303302940843,0.002097993133047133,0.006822719871423259,0.009762826857069517,-0.00015043227599402997,0.002396044260082873,0.0072680752027052065,0.0013259383173074924,-0.0022403544901973224,-0.0003510810640972724,-0.0012506745773783734,-0.0005719178456414741,-0.001685512385001797,-0.0041646572101184075,0.002373662042152291,-0.0033056072906802094,0.004248990457229303,0.003549662003961968,0.0014871374293180138,-0.005092506677230498,0.0028277696746427422,-0.0034996523867137073,0.0007115257086242013,0.0008878003632200239,0.0026298606622629883,0.0,0.0,0.0,0.0,0.0,0.0,0.0,0.0,0.0,-0.002529398890822381,-0.0013451182673270869,0.006986834125634995,0.0006403937792381726,0.002720797199365498,0.007635380068534397,0.0006085095290573227,0.002634286307853302,0.007858894876256016,0.0012422281715228135,-0.0022108768887872314,-2.7387248622238855e-05,-0.0013462249185859176,-0.0006137729185338136,-0.0016707735842967514,-0.036328655114827
2026-07-21 00:00:00+00:00,-0.007988196206107643,-0.002926131162525105,-0.007988196206107643,-0.0059092670555788715,0.010197796198909282,0.021028205084862656,-0.010099626724516298,-0.0028003589605424405,-0.010120989455978738,-0.0056228011315744425,0.018591154127114564,0.02239613220203864,-0.0037491235840373723,-0.005739343538828921,-0.00767294276088058,-0.004250478795556618,-0.006796716672929526,-0.005854151299921668,-0.0035216885979980025,-0.006580138114983633,-0.005922812261492406,0.0,0.0,0.0,0.0,0.0,0.0,0.0,0.0,0.0,0.0,0.0,0.0,0.0,0.0,0.0,-0.008550991418061442,-0.0020982008228032727,-0.008550991418061442,-0.004338462622664573,-0.0025485432779446607,0.017933931108013553,-0.011190279566072261,-0.0018795656997571877,-0.011068042023862388,-0.0038698260617647056,0.01321614174687335,0.018496716176585572,-0.00451870196358477,-0.007211306859603074,-0.008570610546561745,-0.003954772934954389,-0.007558932261164234,-0.009746087531486881,-0.003906423578342549,-0.007554811695261868,-0.009227761296966085,0.0,0.0,0.0,0.0,0.0,0.0,0.0,0.0,0.0,0.0,0.0,0.0,0.0,0.0,0.0,-0.014918306675783163
2026-07-22 00:00:00+00:00,0.0016637262283738232,0.005227163436398025,-0.004932526292075361,-0.0004915276038771624,-0.0041856738407890035,0.0013766284013712043,-0.0025794831252512838,0.005477583989402402,-0.0022515616283195856,-0.0005398739372246266,-0.008605722584740965,-0.00816052236404082,-0.0017352457670945893,-0.0006548816176346131,-0.005589020160380429,-0.0017565340039007594,-0.0004020747265921973,-0.0038533750310971054,-0.001959409125385636,-0.0011274402074104176,-0.00461874543755401,0.0,0.0,0.0,0.0,0.0,0.0,0.0,0.0,0.0,0.0,0.0,0.0,0.0,0.0,0.0,-0.0012890937033794056,0.003679410761088493,-0.008387919516338294,-0.002809751444261377,-0.008387919516338294,-0.0014687874137442423,-0.008191538410099362,0.003828903262362676,-0.008764152752122048,-0.004828792600955624,-0.01593527422156565,-0.01126716581098408,0.001277840905764197,0.0026680419681701308,-0.003008595826899127,-0.0018698287196881522,-0.0027660800897585506,-0.006626130329468203,0.001135460290443494,0.002402779271243546,-0.0029338543945535956,0.0,0.0,0.0,0.0,0.0,0.0,0.0,0.0,0.0,0.0,0.0,0.0,0.0,0.0,0.0,-0.0023627502120899813
2026-07-23 00:00:00+00:00,-0.011373320165792794,-0.002753195694477815,-0.006881659874299782,-0.004506718630771426,-0.006881659874299782,-0.004671615819492191,-0.010734580312861047,-0.0024710629582234984,-0.007473262390016897,-0.002705345338035323,-0.007473262390016897,-0.005328723696112386,-0.008663171894885278,-0.006388874637200625,-0.008888264261714253,-0.0025618934839439973,-0.00022808066785650043,-0.0035711040655601275,-0.004546233870965236,-0.003787816984931841,-0.005580336405158664,0.0,0.0,0.0,0.0,0.0,0.0,0.0,0.0,0.0,0.0,0.0,0.0,0.0,0.0,0.0,-0.011099204871795047,-0.006316561425090002,-0.014563617831721902,-0.011060655386631764,-0.014563617831721902,-0.011583209253902866,-0.00890243388560016,-0.005021280452221054,-0.01589472349208541,-0.010420738850937028,-0.01589472349208541,-0.012363129975301581,-0.007304661326511887,-0.005329600042244456,-0.007111202801284708,-0.003153075866160635,-0.004588768928805887,-0.006009583368405124,-0.0027623810316932105,-0.0025766480887663614,-0.003913758755039536,0.0,0.0,0.0,0.0,0.0,0.0,0.0,0.0,0.0,0.0,0.0,0.0,0.0,0.0,0.0,0.0027765106983147123
2026-07-24 00:00:00+00:00,-0.002360824772526945,0.0056950853291411335,0.018314297528852275,0.017935840370245825,0.01324933314104349,0.018582628110730075,-0.005440467642933176,-0.0009456767552409989,0.018314297528852275,0.01948445667806808,0.010312401180817266,0.0159096963180934,-0.0016026611288884971,-0.00031082981434453174,0.0017909737347189569,-0.0010124138538898416,-0.00060900006181525,-0.00025623462034272965,-0.0007818888861720729,0.00011120379253874485,0.0011535474424316996,0.0,0.0,0.0,0.0,0.0,0.0,0.0,0.0,0.0,0.0,0.0,0.0,0.0,0.0,0.0,0.00869854461469383,0.007435216129957258,0.016258872385993224,0.017070987167526402,0.016258872385993224,0.017070987167526402,0.009769527448170747,0.003984992630511876,0.012587707435710443,0.014998654321482632,0.012587707435710443,0.013897661457895704,-0.0006226010301758506,-0.0004694620459795099,-0.0003518148809261907,4.629812675113067e-05,0.0011225775975406119,0.0003482605316964802,0.00015834924854151778,9.773802053333074e-05,-0.0006129005923739757,0.0,0.0,0.0,0.0,0.0,0.0,0.0,0.0,0.0,0.0,0.0,0.0,0.0,0.0,0.0,0.0052282624624177725
2026-07-25 00:00:00+00:00,0.0025101536300528747,0.0005288551245630134,0.0004951530375203743,-0.001539497468465654,-0.0011700759294113676,-0.001988264255023652,0.0017127911995435483,0.0014717521113065673,0.001757876469146308,-0.0010035316613278323,-0.0005662469188199755,-0.001459042739336943,0.0,0.0,0.0,0.0,0.0,0.0,0.0,0.0,0.0,0.0,0.0,0.0,0.0,0.0,0.0,0.0,0.0,0.0,0.0,0.0,0.0,0.0,0.0,0.0,0.0030979262176947775,0.0001301150839326841,0.0006452910943599427,-0.0020615199223834543,-0.001904818607299662,-0.002911514493432143,0.0017314278325994787,0.0009574297271433748,0.0018178199951554524,-0.001145348354159508,-0.0010840483767428047,-0.0021125087446633344,0.0,0.0,0.0,0.0,0.0,0.0,0.0,0.0,0.0,0.0,0.0,0.0,0.0,0.0,0.0,0.0,0.0,0.0,0.0,0.0,0.0,0.0,0.0,0.0,-0.020214337586256088
2026-07-26 00:00:00+00:00,-0.006632614310196832,0.00022048773191643556,0.0026033227669474573,0.0006292724317541976,-0.0005523781831762082,-0.0009969072805550894,-0.006309470250993886,0.0003803154524653135,0.0031525406870310186,0.0013720796527157532,0.0005298298951528985,0.00045454918100492725,0.0,0.0,0.0,0.0,0.0,0.0,0.0,0.0,0.0,0.0,0.0,0.0,0.0,0.0,0.0,0.0,0.0,0.0,0.0,0.0,0.0,0.0,0.0,0.0,-0.004141814034875494,-0.0002837957758990148,0.0021717855309095055,0.0006008356356176817,-0.0006690287925917298,-0.0008482552996345079,-0.005306272257033898,-0.0008309514276047808,0.0022231884212870583,0.001489559831448289,0.00041317928573737653,0.00022825980335835954,0.0,0.0,0.0,0.0,0.0,0.0,0.0,0.0,0.0,0.0,0.0,0.0,0.0,0.0,0.0,0.0,0.0,0.0,0.0,0.0,0.0,0.0,0.0,0.0,0.021673147079926364
2026-07-27 00:00:00+00:00,0.006052224383841753,0.0015179454996802353,-0.015816630541313055,-0.005805127119721022,0.0062260035565797995,0.011701543968950297,0.011441973516324833,0.00547605383588106,-0.009033639785217585,-0.006936433720011609,-0.006641461269769313,0.006024591439089031,0.0,0.0,0.0,0.0,0.0,0.0,0.0,0.0,0.0,0.0012078915009028214,-0.00014323357517567604,-0.005658917082213691,-0.0017735134853155258,-0.005069949973275505,-0.004070766065792572,-1.936795635929683e-05,-0.0027695862289697395,-0.004382086075228823,-0.0016203556700237695,-0.003455835035771864,-0.001269834346164498,-0.0024694663017528597,-0.0013767667146395747,-0.0022899969119850507,0.008250243324686239,0.0013024362601393568,-0.013896581433315907,-0.006726477833645072,-0.0016209067492522404,0.005261747576272478,0.013909393161975552,0.004925519312244162,-0.009219746278352384,-0.008296057182710554,-0.00577576175726416,0.0019060978769566252,0.0,0.0,0.0,0.0,0.0,0.0,0.0,0.0,0.0,0.00097127533617188,0.00459185529113213,-0.00020550685184346083,-0.0016581508655818579,-0.001129062444145628,0.00042693796545136345,-0.0014874832927170654,-0.0009636047768721495,0.000364707177696948,-0.0016581930183313665,-0.003018116245901322,-0.0014044212480667983,-0.0024490283440815426,-0.0013725656573679655,-0.002170299421059081,0.04013149076394703
2026-07-28 00:00:00+00:00,-0.013819177824982196,0.004485902060175983,-0.011591248320096557,-0.011157999921864352,-0.01134764770953685,-0.0010293690516892833,-0.015576705860231754,0.0005484629481286744,-0.009130402092708677,-0.009432645158490892,-0.008723309030420609,-0.003895581954389368,0.009334826964653452,0.011601060726965137,0.010261050000952556,0.005883241345704795,0.007463079260718455,0.006921853618582364,0.0063563774881617435,0.007884282334372968,0.0070886580304805906,0.0,0.0,0.0,0.0,0.0,0.0,0.0,0.0,0.0,0.0,0.0,0.0,0.0,0.0,0.0,-0.017167849339746005,0.0023726255444076264,-0.017167849339746005,-0.013206668192801389,-0.012792595246647283,-0.004129852960659383,-0.015051653166177625,1.2389813431054088e-05,-0.016265539056370452,-0.011450395183058862,-0.010291906859582436,-0.005107535729142911,0.0018684720073289807,7.965522405182883e-05,0.0010688464870865166,0.0007719229328960303,-0.00031719171088153976,0.00012637271522791772,0.001936759309917372,0.0004691552681263429,0.0012214463174114725,0.0,0.0,0.0,0.0,0.0,0.0,0.0,0.0,0.0,0.0,0.0,0.0,0.0,0.0,0.0,-0.14367660116340863
2026-07-29 00:00:00+00:00,-0.016015627039264162,-0.005725962645513259,-0.018005498915365653,-0.018216607909653303,-0.018005498915365653,-0.014408773757607957,-0.023331059454021103,-0.010482057593299364,-0.02979450422167361,-0.017043712225306023,-0.026772668162932906,-0.01869347261929318,-0.003244712289452559,-0.0009695079399831375,0.00040796707696755366,-0.002375978914929447,-0.0012285315769778894,0.0020945543869760382,-0.0028599554090419517,-0.0018136382980814669,0.001531565199810822,0.0,0.0,0.0,0.0,0.0,0.0,0.0,0.0,0.0,0.0,0.0,0.0,0.0,0.0,0.0,-0.01994905288877884,-0.009188876937248841,-0.026127497089201677,-0.027462222563861813,-0.026127497089201677,-0.020927791345695206,-0.0364097908644513,-0.014740294637469805,-0.03351655119588237,-0.023035855813571354,-0.03351655119588237,-0.022103001912085474,-0.000608451064595051,0.0011149773254614608,0.0027170027968578705,-0.0004377104998192466,0.0007770169804196246,0.003329392879873081,-0.0009406969295930092,-0.000611591979105826,0.0022367728062854847,0.0,0.0,0.0,0.0,0.0,0.0,0.0,0.0,0.0,0.0,0.0,0.0,0.0,0.0,0.0,0.0886511472017389
2026-07-30 00:00:00+00:00,0.01949545358700023,0.021991994725062122,0.0258552754228882,0.02558914058735996,0.0258552754228882,0.02886573029762866,0.02708977558108954,0.03396588238670342,0.040266856785124275,0.033165369141602015,0.023798588126988846,0.03144252212285531,0.0027480686236689244,-0.0014096147272834054,0.00017391304221478542,-0.0008996234586068938,-0.002283144257490146,-0.0007167324193597719,0.001006346452956594,-6.838370465984522e-05,0.0018932515910613835,0.0,0.0,0.0,0.0,0.0,0.0,0.0,0.0,0.0,0.0,0.0,0.0,0.0,0.0,0.0,0.032883974662957956,0.032856699931366695,0.032883974662957956,0.03467004440819258,0.032883974662957956,0.03585074393507809,0.03473778873902113,0.04251333886828449,0.04643577558849526,0.04114902775131147,0.03473778873902113,0.03773520692849359,0.0006938245820583595,-0.004936757391141652,-0.002130782191211884,-0.0024601045746572084,-0.006575529021241189,-0.0016685448453740315,-0.0004210456329014485,-0.0034950904138793867,-0.0007320711254562845,0.0,0.0,0.0,0.0,0.0,0.0,0.0,0.0,0.0,0.0,0.0,0.0,0.0,0.0,0.0,-0.017904236323087835
2026-07-31 00:00:00+00:00,0.008644748248588087,-0.010422689327848511,0.002396848278347575,-0.008137742834698683,-0.01482129944222273,-0.013877333181879512,0.006438710007398074,-0.009931612257379114,0.003152505198430951,-0.0037297972287811732,-0.01482129944222273,-0.011251795517302232,0.0014665291580618894,0.0025302291949131535,0.006668007086264738,0.0009216372206268519,0.0035850042554608622,0.009109697099072772,0.0008691643058691429,0.003036345802306027,0.00692535562823728,0.0,0.0,0.0,0.0,0.0,0.0,0.0,0.0,0.0,0.0,0.0,0.0,0.0,0.0,0.0,0.012885790546276811,-0.014667210481669163,0.0020495571866281427,-0.019098743598477522,-0.01651889641040076,-0.02528822813082049,0.00943663549160621,-0.012766037714914205,0.0027296484147031792,-0.008951381843228303,-0.017199967329055026,-0.020052920284730897,0.00271785010409648,-0.002746567859120138,0.0022337497881280534,0.0018119708345616856,0.0005796448069957581,0.008053392172000594,0.0013411840296497196,-0.0005389765830695867,0.0032213847215867056,0.0,0.0,0.0,0.0,0.0,0.0,0.0,0.0,0.0,0.0,0.0,0.0,0.0,0.0,0.0,0.006291514203376443
2026-08-01 00:00:00+00:00,-0.0001933896918232072,-0.00016005251658724734,-0.0007782732193351546,2.4729681699092998e-05,-0.0007951552803992165,0.00022661771363696598,-0.00034641373851415744,-0.00011071339094166303,-0.0007782732193351546,-0.00010893319378860692,-0.0005594706294051461,0.00030079943118039475,0.0,0.0,0.0,0.0,0.0,0.0,0.0,0.0,0.0,0.0,0.0,0.0,0.0,0.0,0.0,0.0,0.0,0.0,0.0,0.0,0.0,0.0,0.0,0.0,0.001220942952746437,0.0008405732407995474,-7.078467390635276e-05,0.0006546975204254438,0.00028843053654443746,0.001349026951692969,0.001245097025922762,0.0009624842699882667,-0.00010187880006789639,0.0002470378477712644,0.000319579533782408,0.0013680818077211902,0.0,0.0,0.0,0.0,0.0,0.0,0.0,0.0,0.0,0.0,0.0,0.0,0.0,0.0,0.0,0.0,0.0,0.0,0.0,0.0,0.0,0.0,0.0,0.0,-0.011709085898481261
2026-08-02 00:00:00+00:00,-0.0013378735115479397,-0.0005341486483021815,-0.005507779420835239,-0.0035916867136233615,0.003605987403222267,0.003604472789026477,-0.00014187572211341428,0.00018842810892740676,-0.005590913394681778,-0.0037647498493814757,0.004491911691692286,0.004052562038776607,0.0,0.0,0.0,0.0,0.0,0.0,0.0,0.0,0.0,0.0,0.0,0.0,0.0,0.0,0.0,0.0,0.0,0.0,0.0,0.0,0.0,0.0,0.0,0.0,-0.0043756729172993855,-0.0025743364588436397,-0.00653664710575886,-0.004664684523329307,0.00252526422108026,0.0012173060529061287,-0.0029518660251154267,-0.0011662742825515823,-0.006760737917008285,-0.0052024911332684606,0.002923930150891768,0.0018125081252716516,0.0,0.0,0.0,0.0,0.0,0.0,0.0,0.0,0.0,0.0,0.0,0.0,0.0,0.0,0.0,0.0,0.0,0.0,0.0,0.0,0.0,0.0,0.0,0.0,-0.04747410114557878
2026-08-03 00:00:00+00:00,-0.007436167746467823,-0.010581412858627926,-0.028440357805098737,-0.011862401174146617,0.003225384985809652,-0.007750884633422497,-0.006670206500064637,-0.0002408200615649391,-0.028650446457765273,-0.013445661312225727,0.00028960892687264353,-0.0034761937542724247,0.0,0.0,0.0,0.0,0.0,0.0,0.0,0.0,0.0,0.0006783421311026093,-2.563651128310255e-06,-0.0013286434738839625,0.0007069500419964193,0.0004829958659357818,-0.0005885798093904267,0.0005902283727884358,0.0016962566996597723,-0.0025492797898964367,-0.0025252546910467175,-0.0035986748496839895,-0.0015545243977735255,-0.0017733530165924612,-0.0013915085919126192,-0.0015508306960525617,0.005776060721815634,-0.0006184666441826451,-0.019403514372245943,-0.009496006939893878,-0.0004450206853451079,-0.0050308480379404885,0.003963865723911657,-0.0015109697498281484,-0.019718647351245747,-0.01181203393342166,-0.003875322224670467,-0.006019375038733436,0.0,0.0,0.0,0.0,0.0,0.0,0.0,0.0,0.0,0.0009214636493680405,0.0008500189931517187,0.0035163692262763363,0.0009228986173459274,0.0012017642940813987,0.00369792525430449,-0.00015506437419057222,0.0009235817903363907,0.0010511768558969306,-0.0027985681723439373,-0.004531654006308433,-0.0017267131076407632,-0.0020477891797376795,-0.0013525471720977754,-0.0019802744292612626,-0.11500303286441112
2026-08-04 00:00:00+00:00,-0.00013297994600966023,-0.004584506972307723,-0.0005408982977600928,0.00038737391843800283,-0.0010090479283861279,0.0026709195529310502,-0.002348963283926,-0.005076680156439062,-0.00317200561981855,-0.0013020780462738907,-0.004030843389181136,0.0008409636173775671,-0.004564674567529151,-0.007317846660168739,-0.006985409818679726,-0.002848349246945958,-0.005133611871278009,-0.005060003252193694,-0.004564674567529151,-0.007317846660168739,-0.006985409818679726,0.0,0.0,0.0,0.0,0.0,0.0,0.0,0.0,0.0,0.0,0.0,0.0,0.0,0.0,0.0,0.010609899028784673,-0.001212804121727035,0.0006820481769308114,0.003457005262292741,0.0006820481769308114,0.0016675821346216297,0.00783991985638925,-0.0006967472126098197,-0.004165415374761181,0.0006332630289473846,-0.004165415374761181,-0.0017469546222851733,-0.0030513894610238006,-0.004534389709271684,-0.005798855437981944,-0.0030988501567214017,-0.004763568989245146,-0.005654815377652542,-0.003244729463713599,-0.005078222629420016,-0.0062428410825979865,0.0,0.0,0.0,0.0,0.0,0.0,0.0,0.0,0.0,0.0,0.0,0.0,0.0,0.0,0.0,-0.06261790111757559
2026-08-05 00:00:00+00:00,-0.0037562266062574757,0.001337175961921573,0.00034583235544123365,0.0025579638732025722,0.005564953988712213,0.003246764888934658,-0.0022041385171268756,0.002754846932664622,0.0009814268929213442,0.00363586322517645,0.006263117416560788,0.003228939944901619,0.0004908356382011435,0.005291526577676061,0.0015574113429742277,-0.0010516403288728007,0.005355072019703352,0.0026977532506115023,-0.0019209156893823052,0.004281412530214007,0.0003995606353215541,0.0,0.0,0.0,0.0,0.0,0.0,0.0,0.0,0.0,0.0,0.0,0.0,0.0,0.0,0.0,-0.008131661551050962,0.0009736858781567388,-0.0048176797610574446,-0.00038889759105609586,0.003011002688849026,0.002593928536047529,-0.00561441910967876,0.001901036847837573,-0.0016315451539979007,0.00217046332830693,0.00458187040150832,0.0031907627046498742,0.0002830179533051686,0.00962132808288861,0.004347119078003908,7.471125107453675e-05,0.008348057672492139,0.004055630033096921,0.00017788165544295755,0.008450318874310718,0.004485301765188935,0.0,0.0,0.0,0.0,0.0,0.0,0.0,0.0,0.0,0.0,0.0,0.0,0.0,0.0,0.0,-0.08888571049092282
2026-08-06 00:00:00+00:00,0.0030395957641397692,0.001161249401980391,-0.0007883071455484106,-0.001270470941303982,-0.00320266470191421,-0.0022531916955574483,-0.0014222110750703998,0.0015246553459456911,-0.001180035360565938,-0.0014050973330811268,-0.0033376686456294234,-0.0027544786414365093,0.0012515130917354594,-0.0024920153683187485,-0.006536267398618727,0.0017158286307502317,-0.00044680188879600525,-0.003976734213429941,0.0010060370860331186,-0.0013827265461077733,-0.00442117471290519,0.0,0.0,0.0,0.0,0.0,0.0,0.0,0.0,0.0,0.0,0.0,0.0,0.0,0.0,0.0,0.0022539360360163737,0.0010638150632132004,-0.0032402756077622085,-0.0013500654974914056,-0.006062229762212423,-0.001624764360945584,0.0026070389738286613,0.0019288617410449422,-0.00288717266994992,-0.0019422115784274586,-0.005516845997091599,-0.0022590585392011295,0.0012582936079770755,-0.0022883420296281273,-0.005547074784165921,0.0017476111365297812,7.019774405558623e-05,-0.002876337039595013,0.0011676076875953877,-0.0019019701286864998,-0.004870460060849572,0.0,0.0,0.0,0.0,0.0,0.0,0.0,0.0,0.0,0.0,0.0,0.0,0.0,0.0,0.0,0.020040010760281907
2026-08-07 00:00:00+00:00,0.0077564570986891224,0.001497607572631402,-0.004353129163527,-0.005064578875371495,-0.005788835058419985,-0.005975790559747767,0.002283024711228051,0.00037448633760579455,-0.003978498141373035,-0.006658445543985806,-0.007341445356877217,-0.007230300715310678,-0.0035865494903560974,-8.957776646883586e-05,-0.005070254311736112,-0.0021911735914172665,-0.0009701434736245062,-0.004046196870928452,-0.002464266266421613,-0.0013104207827901128,-0.004815529782229583,0.0,0.0,0.0,0.0,0.0,0.0,0.0,0.0,0.0,0.0,0.0,0.0,0.0,0.0,0.0,0.0006908989257970546,-0.0013210482666652773,-0.00047391985826928263,-0.00011274281478367342,-0.000999072959365192,-0.0007354366509710444,0.0032486695926853544,0.0011536095909221022,-0.0008105480972886313,-0.0015501754290696869,-0.005026984506890108,-0.003697739128307369,-0.004781160773440949,-0.004220762684930193,-0.0069683334093615735,-0.004051655634933964,-0.0055138051344396375,-0.008407348265812976,-0.003942252830753314,-0.005377484841887253,-0.008099140799547171,0.0,0.0,0.0,0.0,0.0,0.0,0.0,0.0,0.0,0.0,0.0,0.0,0.0,0.0,0.0,0.03582224107685672
2026-08-08 00:00:00+00:00,-0.003414067626194007,-0.0008359476789830195,-0.0028071615288584525,-0.0012890648288913893,-0.0032656101796246146,-0.0018793927132263932,-0.0032393214810634086,-0.00041153749121497295,-0.0023116715336331355,-0.0011239232182676505,-0.00293528351614107,-0.002365368155752561,0.0,0.0,0.0,0.0,0.0,0.0,0.0,0.0,0.0,0.0,0.0,0.0,0.0,0.0,0.0,0.0,0.0,0.0,0.0,0.0,0.0,0.0,0.0,0.0,-0.0023648780972539145,-0.00014201157647835859,-0.0019917936449175503,-0.0003899546823397778,-0.0030059451217388238,-0.0015039170259484556,-0.0034818903861900826,-0.00021729487295916802,-0.0016614669814340056,-0.00027933219507086194,-0.0028738144563454056,-0.001960629487314912,0.0,0.0,0.0,0.0,0.0,0.0,0.0,0.0,0.0,0.0,0.0,0.0,0.0,0.0,0.0,0.0,0.0,0.0,0.0,0.0,0.0,0.0,0.0,0.0,0.04224304415638266
2026-08-09 00:00:00+00:00,-0.0009217981804334908,-0.0003603054365141959,-0.002114234209331326,-0.0011303026749704616,-0.002251123415150988,-0.0006456408971799956,-0.0015731201889716718,-0.0006816916700752833,-0.0018802740981149826,-0.0012166668647261524,-0.002307325559169393,-0.0009094586857230702,0.0,0.0,0.0,0.0,0.0,0.0,0.0,0.0,0.0,0.0,0.0,0.0,0.0,0.0,0.0,0.0,0.0,0.0,0.0,0.0,0.0,0.0,0.0,0.0,-0.0003634755659509513,-0.00017597909766089176,-0.0015894051076438746,-0.0008923807853680318,-0.0017810499957914014,-0.0006172176079345813,-0.001028089860377666,-9.524839623113641e-05,-0.0010896510584451691,-0.0009439808512850678,-0.0017588838746076822,-0.0005351569218125168,0.0,0.0,0.0,0.0,0.0,0.0,0.0,0.0,0.0,0.0,0.0,0.0,0.0,0.0,0.0,0.0,0.0,0.0,0.0,0.0,0.0,0.0,0.0,0.0,0.007937994678289853
2026-08-10 00:00:00+00:00,0.0006046656912502353,0.003375393912027571,0.0038056858199908917,0.00492130226219875,0.004184665579736407,0.0051205078395852865,0.00625756043053597,0.0052574313943435655,0.002695682655827873,0.005689827274380741,0.006029639673375196,0.006109619932609518,0.0,0.0,0.0,0.0,0.0,0.0,0.0,0.0,0.0,-0.0009378675492483921,-0.0018090266869993873,-0.004943856278038676,-0.0013037405456986402,-0.0014999461498947176,-0.0038103232371236267,-0.0013649286459205192,-0.0015501526020707537,-0.004015426980082548,-0.002024436653180459,-0.002328707613595157,-0.0015063903959187004,-0.0015789299342785703,-0.0016248486778268068,-0.0015553724213679427,-0.004175348143611874,0.0021108699685588954,0.0051613148971868875,0.004805793595604861,0.003184653957756457,0.005095452453801103,0.004870928368594542,0.0049891383021218845,0.0027016615395295505,0.004276426541474541,0.004453073647133123,0.005871155845881369,0.0,0.0,0.0,0.0,0.0,0.0,0.0,0.0,0.0,-0.0004939578243828382,0.001186163480458851,-0.0021693716415407405,-0.0020420567970724514,0.000798339422457359,-0.002563188329923625,-0.0020971260872721434,0.0007531536154989268,-0.0027477816985866533,-0.002074774416282257,-0.0019686600364033618,-0.0019069261019755244,-0.001769020380623042,-0.001969150271380296,-0.0016782140193916228,-0.027983921238767324
2026-08-11 00:00:00+00:00,0.002180547013685131,0.0009618654718405072,0.002180547013685131,-0.0013753414770963403,4.984313757151076e-05,-0.0017334885569800465,6.305820789328197e-05,-3.9425659735217536e-05,0.0021673762702255194,-0.0008529867197881618,-0.0010753032758004434,-0.0020593499488165043,-0.0003024437784020498,0.001742095717682231,-0.0017361796598589698,-0.002667650260111058,-0.002030577310739421,-0.0046504398148719955,-0.000799668422855975,0.0004281914569617385,-0.002505014540450897,0.0,0.0,0.0,0.0,0.0,0.0,0.0,0.0,0.0,0.0,0.0,0.0,0.0,0.0,0.0,0.002225672790557396,0.0019349165304116476,0.002225672790557396,-0.003396957989559709,-0.001591134179433155,-0.003510762407071965,-0.0015614002712091692,5.01805578340216e-05,0.002213819121443747,-0.0021294415002377194,-0.003707670340939619,-0.00417340429446095,-0.00033903071511609675,0.0013520879045560309,-0.000840236647858636,-0.0011893267207395127,-0.00012556262015419152,-0.0021201065013152997,-0.0005839843436716541,0.0007341365555084044,-0.001314248389354633,0.0,0.0,0.0,0.0,0.0,0.0,0.0,0.0,0.0,0.0,0.0,0.0,0.0,0.0,0.0,0.009347185183012178
2026-08-12 00:00:00+00:00,-0.007221225538917987,0.003481780326851147,0.006357830720077414,0.00639625875507132,0.007188912290214301,0.005700760891223132,-0.0075754216115474,0.0001574160379587703,0.006712566635964498,0.0069459180365824685,0.007188912290214301,0.007260231270057431,0.0009199653488634994,-0.0013173090568678065,0.0004363683111912469,-0.0027026479512371384,-0.004458295916495165,-0.003322459801495729,-0.0011166157696642321,-0.003052727435464747,-0.0026275620463616853,0.0,0.0,0.0,0.0,0.0,0.0,0.0,0.0,0.0,0.0,0.0,0.0,0.0,0.0,0.0,-0.013889917088403422,0.006551927649812748,0.010970568459735349,0.010630677104930536,0.010970568459735349,0.009208990261800803,-0.01420869355376989,0.00016417224995169552,0.011768724270481286,0.012170129493807767,0.011768724270481286,0.012663442713085166,0.0010694861792516711,-0.0016510343227988534,0.0018346803224460735,-0.0027217389694709107,-0.00502434342623968,-0.002314764387916496,-0.002175350877965204,-0.00515518903817809,-0.004011296398549065,0.0,0.0,0.0,0.0,0.0,0.0,0.0,0.0,0.0,0.0,0.0,0.0,0.0,0.0,0.0,0.05114782058982481
2026-08-13 00:00:00+00:00,-0.002578537940424743,-0.004631751283320663,-0.002829713721994695,-0.003749598344315456,-0.001859170055243533,-0.004014362978773052,-0.0018405313108565745,-0.004205501001249885,-0.0006156938332901885,-0.003011555784035416,-0.0005819034897259875,-0.004116748888475955,-0.0011350242000288597,-0.004162821671277686,-0.0041057352244979065,-0.0002649872857771543,-0.0022143890518497625,-0.006333598633262169,-0.001568022911245797,-0.003615862678683387,-0.002686796050530601,0.0,0.0,0.0,0.0,0.0,0.0,0.0,0.0,0.0,0.0,0.0,0.0,0.0,0.0,0.0,-0.005498442162554898,-0.004658601558535819,-0.001807864007450631,0.0007735082475070254,-0.0009610707466734177,0.001060974374767669,-0.003837927246026518,-0.00376582748684432,0.001098037096474035,0.0020766379700788216,0.001098037096474035,0.002143560218356469,-0.001990408239300237,-0.0020780508038722614,-0.0006176315372022339,0.00020520122544705576,0.0016135910143689491,-0.00037403700700997856,1.3832309729614072e-05,0.001400634411922323,0.0015155795421683191,0.0,0.0,0.0,0.0,0.0,0.0,0.0,0.0,0.0,0.0,0.0,0.0,0.0,0.0,0.0,0.022358574328102437
2026-08-14 00:00:00+00:00,0.010479129541530519,0.002998741481897126,0.00038414963037749226,0.0021746462487863528,0.004471803305698942,0.002895744802865169,0.006074948705552613,0.001531707610032044,0.0003941809353502335,0.002167107183733598,0.004466237728636311,0.0030167061445979626,-0.0007211890781102997,-0.00047134083767590265,-0.005729405228274029,-0.0009589942626188128,-0.0011243645335876672,-0.007398001480930623,-0.0009624798988554321,-0.0008220712701788726,-0.005428310309708668,0.0,0.0,0.0,0.0,0.0,0.0,0.0,0.0,0.0,0.0,0.0,0.0,0.0,0.0,0.0,0.00043940527899031146,0.0014916373062302164,5.302817868801067e-05,-0.0006730392114541596,-0.0003059270912724283,-0.0008339517265494563,-0.0020215899448227256,0.0006682938917561606,4.801915933164277e-05,-0.0006916288687585587,-0.0003184496396633485,-0.0008137829795018983,0.00030371202520218434,-0.0004684587552978696,-0.00346712982841723,-0.0008020028007622986,-0.0020631312617599693,-0.003943830476475968,-0.0004954175973024832,-0.0012583227490240603,-0.003355235111609369,0.0,0.0,0.0,0.0,0.0,0.0,0.0,0.0,0.0,0.0,0.0,0.0,0.0,0.0,0.0,0.05124726063396867
2026-08-15 00:00:00+00:00,-0.0006807016148947428,-0.00027666364368638026,-0.00042580741525412216,9.820333006734268e-06,-0.0011159044335117344,-0.00022255035860344475,-0.0005876092973996986,-0.00013846737233331636,-0.0007032701464019658,-6.026794383716518e-05,-0.0015853601469615224,-0.00033151125556958014,0.0,0.0,0.0,0.0,0.0,0.0,0.0,0.0,0.0,0.0,0.0,0.0,0.0,0.0,0.0,0.0,0.0,0.0,0.0,0.0,0.0,0.0,0.0,0.0,-0.0018110303304348016,-0.0006314886407011249,-0.0017774176396214625,-0.0007329335433349654,-0.002059995908858419,-0.0008154391619621181,-0.0018575057496698463,-0.0005436711391353776,-0.0017308714808739404,-0.0006320473617303078,-0.0015784407565260332,-0.0005301365605707861,0.0,0.0,0.0,0.0,0.0,0.0,0.0,0.0,0.0,0.0,0.0,0.0,0.0,0.0,0.0,0.0,0.0,0.0,0.0,0.0,0.0,0.0,0.0,0.0,0.04238016397425789
2026-08-16 00:00:00+00:00,0.000523971575826155,0.0003999522690240138,-0.0025584979197357458,-0.0014335320283358124,-0.003023708491552101,-0.0011781810096922547,0.00029564582961746195,0.00022734359216245475,-0.0028659141623064892,-0.001582208216433966,-0.0031150387900355783,-0.0015088266395883992,0.0,0.0,0.0,0.0,0.0,0.0,0.0,0.0,0.0,0.0,0.0,0.0,0.0,0.0,0.0,0.0,0.0,0.0,0.0,0.0,0.0,0.0,0.0,0.0,5.8942448522974816e-05,0.0004702476831202656,-0.002010508804268494,-0.0010833759185108806,-0.002318027461305312,-0.0005556506804235383,-0.00021504844692745708,0.0002959274553250659,-0.002440125812273237,-0.0011657455173891423,-0.0024321903344096587,-0.0009669870475727613,0.0,0.0,0.0,0.0,0.0,0.0,0.0,0.0,0.0,0.0,0.0,0.0,0.0,0.0,0.0,0.0,0.0,0.0,0.0,0.0,0.0,0.0,0.0,0.0,0.005017712829593253
2026-08-17 00:00:00+00:00,0.0010817714539676016,-0.001891816637468839,0.0017584668183339178,0.0021559825427158023,-0.004664175892037397,-0.0026701880794379475,0.009529735774092855,0.0008859711786391109,0.0005369793138966105,0.0008231962138231819,-0.003131477092581521,-0.0015363400104302682,0.0,0.0,0.0,0.0,0.0,0.0,0.0,0.0,0.0,-0.0032208433412851214,-0.0008140505772579592,-0.00046730688164644293,-0.0014861497413703698,-0.0014702223345154919,9.8854170567856e-05,-0.0026927317311499486,-0.0015192030186828723,-0.0017054667675518232,-0.0020870607166943223,-0.004335632824437927,-0.0014504807385919225,-0.0013456907881273792,-0.001668697013622036,-0.00273781452722892,-0.0032127323570694194,-0.002590812564336234,-0.005288517272082664,-0.005757160623276608,-0.015870289394327233,-0.011880875475399321,0.0038066942564913163,-0.0005580043910356578,-0.005731014694137381,-0.006329064509048188,-0.01138676118351794,-0.010741162597424454,0.0,0.0,0.0,0.0,0.0,0.0,0.0,0.0,0.0,-0.0018201199152263318,0.0006678841424157981,0.0010383681710482706,-0.0035751655409025766,-0.003707502354023656,-0.0007855676435118123,-0.0016288035541179354,-0.0007847921688574538,-0.00112077276979022,-0.0016268726368759735,-0.003291529702447567,-0.0012952422819027933,-0.0013354814388642944,-0.001585751882301072,-0.0029993100249505445,0.009561190374912801
2026-08-18 00:00:00+00:00,0.003594994830332058,-0.0006736116964441776,0.013018780590298417,0.0032922575236272733,0.008156320524924335,0.01307938387147492,0.009357625392987474,0.005268452500465665,0.009357625392987474,0.005467155036397796,0.006975412531110175,0.012326977933207757,-0.0037337700325957347,-0.00432554122346319,-0.007544128138901649,-0.0027695840144600476,-0.004053612505948888,-0.005233264131178989,-0.0026858800410391893,-0.0037025378863323887,-0.004483403632298002,0.0,0.0,0.0,0.0,0.0,0.0,0.0,0.0,0.0,0.0,0.0,0.0,0.0,0.0,0.0,-8.694702148737935e-05,-0.0005585775117160433,0.015619362578456551,0.003915159626026792,0.008728889653200806,0.01709289130231803,0.010717022486646707,0.006807771194652923,0.010717022486646707,0.006568962757642014,0.007971607848007616,0.015315152615017716,-0.0028387103493041025,-0.0039904199717952045,-0.004640394543204415,-0.003072495895462534,-0.00439195844773116,-0.004152396494722082,-0.002750841951273966,-0.003657490893748798,-0.0029480254684095407,0.0,0.0,0.0,0.0,0.0,0.0,0.0,0.0,0.0,0.0,0.0,0.0,0.0,0.0,0.0,0.004870303705067099
2026-08-19 00:00:00+00:00,0.010160137430309931,0.006513167859477531,-0.018259581454883704,-0.0035580058641957405,0.01391944830967645,0.011409253547276158,0.012809355423063717,0.009993342092932476,0.013116742092131472,0.005323502845147726,0.013116742092131472,0.008107129849422435,-0.013075964738772441,-0.013456011950330284,-0.012452415343974357,-0.006664623651559148,-0.006976174696699515,-0.006555752940887662,-0.007218512850610907,-0.007514051106121518,-0.0070772429659445414,0.0,0.0,0.0,0.0,0.0,0.0,0.0,0.0,0.0,0.0,0.0,0.0,0.0,0.0,0.0,-0.010873393950693831,-4.7787262547333356e-05,-0.010198553835856274,-0.0035552780087172893,-0.010198553835856274,-0.003956634646647291,-0.0030943450774151087,0.0032930720140421812,0.0010389265120045981,0.0004361243594149227,0.0010389265120045981,0.0005139692083493336,-0.0037146328151916232,-0.0035696950745514114,-0.006373921150483801,-0.002799922553425333,-0.0036627915352034864,-0.005430552810506312,-0.0030030152597443106,-0.003860012885324887,-0.005621765819693834,0.0,0.0,0.0,0.0,0.0,0.0,0.0,0.0,0.0,0.0,0.0,0.0,0.0,0.0,0.0,0.0053795082677627155
2026-08-20 00:00:00+00:00,-0.006538262885443069,-0.0018319910884159567,-0.004761697346097332,-0.005866264019261556,-0.004761697346097332,5.984906987319561e-05,-0.0058204777476329565,-0.002139019660889461,-0.005117819585462091,-0.002744030574863406,-0.004522435633493961,-0.0021038016349188365,-0.001091070789375373,-0.0006203584176964039,0.0009022609265891611,-0.0017892136925630622,-0.001970687732703332,-0.0026415278306622775,-0.0017354410720461467,-0.0021043802478058144,-0.0036668878895019883,0.0,0.0,0.0,0.0,0.0,0.0,0.0,0.0,0.0,0.0,0.0,0.0,0.0,0.0,0.0,-0.003924786813874955,-0.0009213759105155209,0.0036392135721076357,0.001971683897474458,0.0036392135721076357,0.0023356209671263005,-0.0033864479605173704,-0.0007505771967002889,0.0023152240680020743,0.00013832878208887007,0.0034235664760626536,0.0009420826143623102,0.00034925764796247855,0.00218733482673945,0.004976602864585465,-0.0009911101228173246,0.00027149342422975493,-0.000805638496620821,-0.0009749783366622498,0.0002313856696990101,-0.001113246514272734,0.0,0.0,0.0,0.0,0.0,0.0,0.0,0.0,0.0,0.0,0.0,0.0,0.0,0.0,0.0,-0.008653104441583218
2026-08-21 00:00:00+00:00,-0.0019144105222724923,-0.0011414880224561604,-0.01874047984352815,-0.013392657982412374,-0.017927783120590634,-0.0070720857729679705,-0.0010687099054274016,0.00023951330792828843,-0.018567270766662168,-0.008009859540348503,-0.018861346125780887,-0.0075680264841495705,-0.005052862276549011,-0.0051232325663184445,-0.0037153477137372103,0.0003781288083819355,0.0007644507475190932,0.000241150985711681,-0.0001808415632155581,-0.00020090238629204824,-0.0005806280815537423,0.0,0.0,0.0,0.0,0.0,0.0,0.0,0.0,0.0,0.0,0.0,0.0,0.0,0.0,0.0,-0.0010909565692993279,-0.004340719219780684,-0.008705218065689796,-0.007632469966305203,-0.00707982461981476,-0.007090672151013525,0.0002535588363927026,-0.0007384559996906955,-0.008618613527256807,-0.00446535913219425,-0.005735309214122728,-0.004244606951944653,-0.003282329496807932,-0.003454688298330477,-0.001937837899896839,-0.0004033728001564191,-0.0009590827596606772,-0.0014215003365829438,-0.0009102808380618048,-0.001874259108497447,-0.002156264247006589,0.0,0.0,0.0,0.0,0.0,0.0,0.0,0.0,0.0,0.0,0.0,0.0,0.0,0.0,0.0,-0.04957397001918614
2026-08-22 00:00:00+00:00,0.0004603898389743668,0.000810041971754473,-0.000572796038365564,0.0010233800092776055,-0.00015066061589521997,0.001190514355578649,0.000705341519304804,0.0009922509735372648,-0.00037448084851026396,0.0012686716848759759,0.00014111247740165454,0.0014397027260286104,0.0,0.0,0.0,0.0,0.0,0.0,0.0,0.0,0.0,0.0,0.0,0.0,0.0,0.0,0.0,0.0,0.0,0.0,0.0,0.0,0.0,0.0,0.0,0.0,-0.0017809526880108043,-0.0009984036018945825,-0.0016972404785735784,-0.0008393968165518982,-0.0018018636243732145,-0.0008212761647016037,-0.0016700875868611768,-0.0008005734461010265,-0.0016834674065258977,-0.0006750240461535437,-0.001860053374366389,-0.0006725140714073856,0.0,0.0,0.0,0.0,0.0,0.0,0.0,0.0,0.0,0.0,0.0,0.0,0.0,0.0,0.0,0.0,0.0,0.0,0.0,0.0,0.0,0.0,0.0,0.0,0.03747847454901332
2026-08-23 00:00:00+00:00,0.0012095727439983528,-0.0005248950387425057,-0.003947551744514827,-0.002217485121229459,-0.00278552593606877,-0.0019357522091750527,0.0016919243772523704,-0.00031995679668889713,-0.004597735358158028,-0.0029363758181919462,-0.003267143427656326,-0.002175528628185105,0.0,0.0,0.0,0.0,0.0,0.0,0.0,0.0,0.0,0.0,0.0,0.0,0.0,0.0,0.0,0.0,0.0,0.0,0.0,0.0,0.0,0.0,0.0,0.0,-0.0013159517273986351,-0.0006838319294011318,-0.002027009029398983,-0.00035710117536606566,-0.000513499455468769,0.0001773262506570909,-0.0010988934924343273,0.00013747284891374467,-0.002243736900613383,-0.0007663619508578729,-0.0007302273266831691,0.000705625912643196,0.0,0.0,0.0,0.0,0.0,0.0,0.0,0.0,0.0,0.0,0.0,0.0,0.0,0.0,0.0,0.0,0.0,0.0,0.0,0.0,0.0,0.0,0.0,0.0,-0.09058891219278702
2026-08-24 00:00:00+00:00,0.007421510717831066,0.0007276908618759079,-0.0013387162286832813,0.0012378272143491464,-0.0022250279420026227,-0.002183248073000837,0.007895093601114447,0.001158584360313481,0.00445240510953873,0.006080029344427085,0.0010956877494465184,0.0013990354676142165,0.0,0.0,0.0,0.0,0.0,0.0,0.0,0.0,0.0,0.0016801734468266999,0.0035585062651533033,0.0010488393841673117,0.00020944783392966198,0.002831849168403849,0.002807396109576111,0.001150584131090077,0.0031731082141722602,0.0009367544611422213,-0.0010319450143601897,0.0007964785504353693,-0.0016101958603302203,-0.0008810184009108995,-0.0012221931658512473,-0.000536902906630918,0.007380130733540057,-0.0028203964502938037,-0.010187177227464289,-0.004061686323248429,-0.005596311113304308,-0.00609257697965599,0.00558935295085522,-0.003183870009407997,-0.003140616552503581,0.000982795768248879,-0.002334893916345331,-0.0024219263815255998,0.0,0.0,0.0,0.0,0.0,0.0,0.0,0.0,0.0,0.0009346018706818818,0.0007852342614006188,-0.0008568949149752969,-0.0009232509126841393,0.0006255557491944156,0.002268208445428004,-7.485882549399852e-05,-1.982996012434974e-05,-0.0010788806899350767,2.6476913719927224e-06,0.0043541132295798765,-0.001192212749931344,0.0005658105752652276,-0.0007646342185673682,0.000770796098006792,-0.09896913813027919
2026-08-25 00:00:00+00:00,0.007793133522165088,0.003002882805915817,0.007793133522165088,-0.002600220029736164,-0.0022027299893569,-0.0006607336093261376,0.008108732831833514,0.0037760043299520595,0.008108732831833514,-0.003423298093747829,-0.0030874494464472454,-0.0015006870080335934,0.001827441405320085,0.004246072249456472,0.0044667699177984585,0.0005564562787813415,0.0024441491347374942,0.0010112956168532867,0.0020607922120297775,0.0049776096604546224,0.004051169638236285,0.0,0.0,0.0,0.0,0.0,0.0,0.0,0.0,0.0,0.0,0.0,0.0,0.0,0.0,0.0,0.005068675634436107,0.0008439098971909425,0.005068675634436107,0.0013995209063980734,0.003306325837567196,0.004308475268302621,0.004785069719616471,0.001560224102096652,0.004785069719616471,-2.4681442352428192e-05,0.0009114874473079317,0.0030849831545082373,-0.0007118056449388027,-0.0007515966940942908,-0.0009367850968320513,-0.000833360003651059,0.0003952221753134569,-0.0017714614698817368,-0.00039483663056835916,0.0003592666164615201,-0.001561692522289812,0.0,0.0,0.0,0.0,0.0,0.0,0.0,0.0,0.0,0.0,0.0,0.0,0.0,0.0,0.0,0.04353990132728377
2026-08-26 00:00:00+00:00,-0.003516278517581283,0.0010316996460177457,0.009098295272990097,0.0073453822168648595,0.006860196420479197,0.005805974053990202,-0.003994601322111836,0.00023897562248431444,0.008793512277077222,0.006144681908992643,0.005242820196226722,0.005360145791656788,-0.003907166594240855,-0.0028016095765770674,-0.0019503853398999285,-0.0028870477810565495,-0.0012691122939879572,-0.001042717145013114,-0.0029781508463420756,-0.002069677102518904,-0.0018233920733103232,0.0,0.0,0.0,0.0,0.0,0.0,0.0,0.0,0.0,0.0,0.0,0.0,0.0,0.0,0.0,-0.013923302814586123,-0.0028816978176549528,0.005595093760258666,0.007003280305577527,0.008904942049146922,0.007689947272514267,-0.010008216386430157,-0.0023596037936137186,0.0051845395867925435,0.005561827116156032,0.00776173402442501,0.006037662860958147,-0.0028467523910171316,-0.0010674060203472438,-0.00012288730978155392,-0.0018584829973326633,0.0012276406623645205,0.001883486965011761,-0.00241017063648961,-0.0009592467813648491,-0.0004966857402853344,0.0,0.0,0.0,0.0,0.0,0.0,0.0,0.0,0.0,0.0,0.0,0.0,0.0,0.0,0.0,-0.08675921088153889
2026-08-27 00:00:00+00:00,0.0043987311611572944,-2.355158211020847e-05,0.00010956773629024869,-0.0012704597872163343,0.0020735970024850373,-0.0036468439114079633,0.004550589347766893,-0.00038353668585669015,0.002654358140751379,-0.00013801697296873726,0.0009360465180895106,-0.006096972258024799,-0.003669711303517705,-0.003971091083280367,-0.006549298626001669,-0.0031103326061434713,-0.00319818392747038,-0.004855533907046479,-0.003702379431179273,-0.004044392836023356,-0.005605652522061945,0.0,0.0,0.0,0.0,0.0,0.0,0.0,0.0,0.0,0.0,0.0,0.0,0.0,0.0,0.0,0.0025326485250079973,0.0018635928824001942,0.0011826389824431197,0.0018057217492476758,0.006208852927904129,0.0022840078920010865,-0.002391070031238872,-0.0008512878324900694,0.006254229933370474,0.004190135104912256,0.0033206918719432877,-0.0013797517614138426,-0.0018461764115071195,-0.0023554635568115885,-0.006205030294625717,-0.0016674796064699423,-0.001889896238312945,-0.005054885616136353,-0.0017295402173672656,-0.0020290470291020137,-0.004420720908165572,0.0,0.0,0.0,0.0,0.0,0.0,0.0,0.0,0.0,0.0,0.0,0.0,0.0,0.0,0.0,0.01965190676615765
2026-08-28 00:00:00+00:00,0.013802608059900693,0.007185781071387377,0.01421958448241385,0.002873237905825731,0.010950495782043015,0.005338165958015816,0.014216406833987658,0.0064608167986084505,0.009819748661798943,0.0031008555108372267,0.008719361265116502,0.005791244891422335,-0.006229535113304738,-0.013611653901769147,-0.01505351152464728,-0.005949161406053705,-0.010224797637655067,-0.010783301912541107,-0.004752762059385344,-0.008593841487605816,-0.010127047128875554,0.0,0.0,0.0,0.0,0.0,0.0,0.0,0.0,0.0,0.0,0.0,0.0,0.0,0.0,0.0,0.009814449611659557,0.009187966831186667,0.007920850434870206,-0.0056001784415182845,0.0038722695163783097,-0.0038017729085306072,0.010021348998703038,0.007058649943771649,0.003055734558102508,-0.005031949018037001,0.0040791689034217924,-0.0017558960924738956,-0.006599198549046388,-0.009256712157792307,-0.009914025818898602,-0.004568353276522647,-0.005222233761282538,-0.004921961688086863,-0.004985141748795826,-0.00620147394090929,-0.007820925921790706,0.0,0.0,0.0,0.0,0.0,0.0,0.0,0.0,0.0,0.0,0.0,0.0,0.0,0.0,0.0,-0.0001814769272483104
2026-08-29 00:00:00+00:00,0.0004436659852066506,-0.00021539605544951745,-0.0010573191952632068,-0.0005879059792312954,0.00011601265982101182,-0.0006001925779389809,0.00044638585190511946,-0.00041821494938587106,-0.0010645608722395965,-0.0009638521412876113,0.00011873252651948087,-0.00046233267209464863,0.0,0.0,0.0,0.0,0.0,0.0,0.0,0.0,0.0,0.0,0.0,0.0,0.0,0.0,0.0,0.0,0.0,0.0,0.0,0.0,0.0,0.0,0.0,0.0,-0.000585342367664139,-0.0011518991523365933,-0.0015075114816627707,-0.0004032521917882491,0.00027978102919206543,-0.0001210301355027592,-0.0005962048831287239,-0.001091645465277172,-0.0015183739971273557,-0.0011600954580594305,0.00028413281590961557,-2.785067033827084e-05,0.0,0.0,0.0,0.0,0.0,0.0,0.0,0.0,0.0,0.0,0.0,0.0,0.0,0.0,0.0,0.0,0.0,0.0,0.0,0.0,0.0,0.0,0.0,0.0,-0.004259538757905486
2026-08-30 00:00:00+00:00,0.0005620898578286662,-0.0002248494267392009,-0.0018214138264142272,-0.00036832345890703617,0.0020208579179405565,0.00017291544571605046,0.001539114288006278,0.00023410050384210703,-0.0010886455037810183,0.0006260314953396446,0.0010483884112914687,-3.571054846147798e-05,0.0,0.0,0.0,0.0,0.0,0.0,0.0,0.0,0.0,0.0,0.0,0.0,0.0,0.0,0.0,0.0,0.0,0.0,0.0,0.0,0.0,0.0,0.0,0.0,0.0019256340856687849,0.00020689833862374467,-0.003006729481537814,-0.0009144815410512606,0.0012783682776888352,-0.0007786891310148286,0.0026584024083019936,0.0007934710834175644,-0.0019599175920618018,0.0004185533590477721,0.0011130612394992891,-0.000834353598378551,0.0,0.0,0.0,0.0,0.0,0.0,0.0,0.0,0.0,0.0,0.0,0.0,0.0,0.0,0.0,0.0,0.0,0.0,0.0,0.0,0.0,0.0,0.0,0.0,0.03356545354445547
2026-08-31 00:00:00+00:00,0.004318872509523545,0.001415118929074176,0.011625334746879537,0.008053172193626104,0.006269294338439268,0.005595557978001295,0.007278061136045807,0.0019488751970166193,0.011625334746879537,0.007356544922398861,0.005636934046524619,0.005988910363504796,0.0,0.0,0.0,0.0,0.0,0.0,0.0,0.0,0.0,0.00022897423470482343,0.0022674159538453626,0.0030521688032778614,-0.0013526990565780027,-0.001981495591676549,-0.003977611822082945,-0.0008323749694905076,-0.0022215545885914197,-0.005593857106657825,-0.0016958783182055267,-0.0008063740351044098,-0.0010012534775979635,-0.0003587245657972089,-0.0013065232937050641,-0.0008998205528181563,0.006264606551275862,0.0015967108689918647,0.008352584953567657,0.007552803896311261,0.007742999232402048,0.007158594626473585,0.011251914633243737,0.0024227178317226387,0.007087864369738361,0.006115802240308987,0.006478278648572752,0.007578938209768269,0.0,0.0,0.0,0.0,0.0,0.0,0.0,0.0,0.0,-0.0011771539938110816,2.866722406996659e-05,0.0013408973577392163,-0.0005166485473934707,0.0010035406857389982,0.0002723736222667852,0.00031586999194652105,0.0006194462906752039,-0.0023136188330530206,-0.0017688785181225726,-0.0005863910017168805,-0.001349818634857087,-0.0011257099810964937,-0.00125324316272555,-0.0007753633634749801,0.013703976418734554
2026-09-01 00:00:00+00:00,0.008109532672419782,0.0033307086871914985,0.0068739545383959344,-0.0020094893285565836,0.0004170962174706108,-0.0032206943670815293,0.007816123719131197,0.0037247085763064177,0.007816123719131197,-0.0012233112566040554,0.0007704096602463343,-0.0016738194858339052,0.0010292472516626255,-0.003270702431726087,-0.005176539274083904,-0.0008622480924240171,-0.0019831964308537225,-0.0026442840773584983,-0.0003586877486873384,-0.0017915939097318647,-0.0027980928190335964,0.0,0.0,0.0,0.0,0.0,0.0,0.0,0.0,0.0,0.0,0.0,0.0,0.0,0.0,0.0,0.0071302095136701795,0.002197460346885165,0.0071302095136701795,-0.0006619022872069785,-0.003359177532266277,-0.005539160258381998,0.006564076242931532,0.0021559717730939196,0.006564076242931532,0.00030177550430289334,-0.00279387602382512,-0.0036187916383613092,0.004270842543834843,0.0010779495175154401,-0.0009847285090673259,0.0013441580120734126,0.0009918486941215983,0.0001873057145385605,0.001417393637238513,0.0007049469658753877,-0.0003591158618350566,0.0,0.0,0.0,0.0,0.0,0.0,0.0,0.0,0.0,0.0,0.0,0.0,0.0,0.0,0.0,-0.011053206616279732
2026-09-02 00:00:00+00:00,-0.010716458699232705,-0.0024188505642884143,-0.014766388226361058,-0.0028041730355259993,-0.002612700250684833,0.00399937447259019,-0.0014296336839923105,-0.0002524073130008139,-0.0122745051521865,-0.0018714402761868185,-0.0025898394198511712,0.004121521459208088,-0.004029070936116103,-0.004111808991504879,-0.004151663814901725,-0.00523998656737376,-0.005157854907039217,-0.00543446926381396,-0.0037394470891067492,-0.003438822855890668,-0.003534778302603963,0.0,0.0,0.0,0.0,0.0,0.0,0.0,0.0,0.0,0.0,0.0,0.0,0.0,0.0,0.0,-0.007482933285161662,-0.0026781722528471004,-0.010350183182564735,-0.0050593715825959125,-0.0016988662345061812,-0.0008505607649169779,0.0004941298575010624,0.0011166352274315752,-0.009550895887927983,-0.0047012455882341625,-0.0009622861209480886,-0.00039077866744883784,-0.0021810410428101303,-0.001853533318829271,-0.00121584962947871,-0.0043744571802519635,-0.004000000514105202,-0.0033654028609378726,-0.002415486922057845,-0.0018893274161584353,-0.0014651074161719363,0.0,0.0,0.0,0.0,0.0,0.0,0.0,0.0,0.0,0.0,0.0,0.0,0.0,0.0,0.0,-0.014203545705630427
2026-09-03 00:00:00+00:00,0.002171195077815356,0.0025320639972805144,0.008722278876563285,-0.0005073164980811239,0.008722278876563285,0.007911451999937187,0.0071965738208066565,0.002294257141692941,0.008814248129419748,-0.0007018842333951543,0.008814248129419748,0.007144012401232698,-0.006760070007833273,-0.007573425194482039,-0.009408758182193725,-0.0028924944353649284,-0.003406345192827062,-0.0033329165130656212,-0.0032136147919935103,-0.0037698445689079915,-0.0037981756636411915,0.0,0.0,0.0,0.0,0.0,0.0,0.0,0.0,0.0,0.0,0.0,0.0,0.0,0.0,0.0,-0.004720974220135163,-0.0013216333128441163,-0.004380525628149242,-0.0026073920998626447,-0.004380525628149242,-0.004308063182540439,0.0027453193688504775,0.0019234939513674513,-0.00474784792614995,-0.0027191941444981806,-0.00474784792614995,-0.004647605871326283,-0.004074923657078675,-0.002957097648646311,-0.0020088240717170054,-0.0009033248188560529,-0.0005245172929690517,0.002438465767458029,-0.0011556336704927957,-0.0008101239456040681,0.002072905006291509,0.0,0.0,0.0,0.0,0.0,0.0,0.0,0.0,0.0,0.0,0.0,0.0,0.0,0.0,0.0,0.01845794796011539
2026-09-04 00:00:00+00:00,0.007011521067497644,-0.0008450628783835884,0.005607758419772549,-0.0005890374068338028,-0.0033076177310712132,-0.0008608957247692766,0.00527371706232285,-0.002969737489573682,0.003090508854423266,0.0008585206316365988,-0.0044661537345210755,-0.0015472513478671315,-0.0006489724358464612,-0.0009331908398053499,-0.0043590665477925665,-0.0012049176493599332,-0.0005396313274889951,-0.0034464842317292357,-0.000666743108703015,-0.0008310155561925464,-0.003140206777038055,0.0,0.0,0.0,0.0,0.0,0.0,0.0,0.0,0.0,0.0,0.0,0.0,0.0,0.0,0.0,0.004723876410115073,-0.0014313982551885796,0.00757081304056027,-0.001088603055671093,-0.0069609714407147085,-0.001566256746576872,0.00306882497661527,-0.005351105814110693,0.004474930204075994,0.00019429686206817962,-0.008119507444164571,-0.0030520092933261616,-0.0014090214283658147,-0.0020184029233949754,-0.00545646994168746,-0.0027255079753117158,-0.0015764415821757397,-0.0044845555278713685,-0.0014088852523229303,-0.0016202440380033362,-0.003211965690805976,0.0,0.0,0.0,0.0,0.0,0.0,0.0,0.0,0.0,0.0,0.0,0.0,0.0,0.0,0.0,0.03263914376019509
2026-09-05 00:00:00+00:00,0.0010479498807702593,-0.0007586458208875176,-0.0023608264076052797,-0.0018566526192459476,-0.002804236473392105,-0.001962099340310063,0.0013485273308580727,-0.000493918834025249,-0.002769127776923743,-0.002080886438279681,-0.0030820693882867133,-0.0021417901464364174,0.0,0.0,0.0,0.0,0.0,0.0,0.0,0.0,0.0,0.0,0.0,0.0,0.0,0.0,0.0,0.0,0.0,0.0,0.0,0.0,0.0,0.0,0.0,0.0,-0.00018652071152268942,-0.0003799011789473775,-0.0003887703721189462,-0.00037662066871404896,-0.0014472627320113467,-0.0005957764092398045,-0.0002496427615406229,-8.50519715388899e-05,-0.0009602959667327108,-0.0007402041410318346,-0.0015861791894586509,-0.0008764816114445033,0.0,0.0,0.0,0.0,0.0,0.0,0.0,0.0,0.0,0.0,0.0,0.0,0.0,0.0,0.0,0.0,0.0,0.0,0.0,0.0,0.0,0.0,0.0,0.0,0.0367967333815901
2026-09-06 00:00:00+00:00,-0.004551490959475307,-0.002234834021140013,-0.007191328154020876,-0.004800073606446361,-0.005194348450197185,-0.0045099133422146385,-0.004034791366257156,-0.0021644074976166906,-0.0057350786335988585,-0.004235477767775618,-0.005217993238210743,-0.00454091647226891,0.0,0.0,0.0,0.0,0.0,0.0,0.0,0.0,0.0,0.0,0.0,0.0,0.0,0.0,0.0,0.0,0.0,0.0,0.0,0.0,0.0,0.0,0.0,0.0,-0.0025902251236777536,-0.0019168056969986016,-0.005283131722081717,-0.00315629663499978,-0.004973560280423766,-0.0038652037208865876,-0.0020967964993168484,-0.0021254440373603303,-0.004324228255839351,-0.002864182000062684,-0.0049901116320332575,-0.003888413707782961,0.0,0.0,0.0,0.0,0.0,0.0,0.0,0.0,0.0,0.0,0.0,0.0,0.0,0.0,0.0,0.0,0.0,0.0,0.0,0.0,0.0,0.0,0.0,0.0,-0.015092487033487756
2026-09-07 00:00:00+00:00,0.00027677735340847086,6.598932742928603e-05,-0.0013646418530368393,0.0009741846305081526,-0.00012918603475694742,0.0008199844316606912,9.210563988228874e-05,-0.0005501963133889405,-0.0014157080220138234,0.0010148825895405955,-0.0002452034107808228,0.000612597379984363,0.0,0.0,0.0,0.0,0.0,0.0,0.0,0.0,0.0,0.0,0.0,0.0,0.0,0.0,0.0,0.0,0.0,0.0,0.0,0.0,0.0,0.0,0.0,0.0,-0.0034158208330944072,-0.0011461801070289323,-0.0034158208330944072,-0.0029315925569453442,-0.0041741910096890706,-0.0030077328470746547,-0.0030459115615324604,-0.0015533142587700877,-0.003393289805563343,-0.001988629483156848,-0.003393289805563343,-0.0028458563569096827,0.0,0.0,0.0,0.0,0.0,0.0,0.0,0.0,0.0,0.0,0.0,0.0,0.0,0.0,0.0,0.0,0.0,0.0,0.0,0.0,0.0,0.0,0.0,0.0,-0.056658845541453985
2026-09-08 00:00:00+00:00,-0.01300657996966347,-0.0027086682984665965,-0.008148013483880345,9.833029538743737e-05,0.0026053971266226696,0.003624951342691817,-0.01324233698384901,-0.0031974795301154247,-0.0038404958066996656,0.0007450023110699802,0.001807233711705567,0.003043329964551125,0.0,0.0,0.0,0.0,0.0,0.0,0.0,0.0,0.0,0.0,0.0,0.0,0.0,0.0,0.0,0.0,0.0,0.0,0.0,0.0,0.0,0.0,0.0,0.0,-0.0006473959549581211,-0.002115602287602863,-0.00690918379929691,-0.0014641461506174622,-0.00040275915165257064,0.0011465229794219646,-0.00721955039272532,-0.004090645380339093,-0.005476620548651006,-0.0008988998071027555,-0.00018928305184599207,0.0012239670244938335,0.0,0.0,0.0,0.0,0.0,0.0,0.0,0.0,0.0,0.0,0.0,0.0,0.0,0.0,0.0,0.0,0.0,0.0,0.0,0.0,0.0,0.0,0.0,0.0,-0.02128131434425969
2026-09-09 00:00:00+00:00,-0.008950407626892672,-0.005812132556587172,-0.008950407626892672,-0.003922567768985783,-0.01231233625911287,-0.006655280637092806,-0.007978883122442458,-0.0052054656020345405,-0.008623864706192584,-0.0061185505264228675,-0.011867050458158205,-0.005675897463659554,-0.0014938523692901537,-0.0020641946466932967,0.0029264774734428962,-0.0010288772371748218,-0.0007747804278466708,0.0018798573561187367,-0.0010256883867607012,-0.0006481655910399797,0.0027844281454218155,0.0,0.0,0.0,0.0,0.0,0.0,0.0,0.0,0.0,0.0,0.0,0.0,0.0,0.0,0.0,-0.006066184526444865,-0.004818679869066644,-0.006066184526444865,-0.002530974316610181,-0.01271042420225653,-0.012396184149994481,-0.0033167467875984433,-0.003636754327423629,-0.0059029130660948215,-0.007699371523675305,-0.012302245551381421,-0.010440987622643824,-0.0051679156694797055,-0.004844091451829909,-0.003939938970634059,-0.0018346413730971703,-0.0003986685485865196,-0.000580274837194896,-0.0026350608896349163,-0.0009191280531794073,0.00033201990737950147,0.0,0.0,0.0,0.0,0.0,0.0,0.0,0.0,0.0,0.0,0.0,0.0,0.0,0.0,0.0,0.04273660779222702
2026-09-10 00:00:00+00:00,-0.0007744199811822166,0.0021298084631926847,0.0038643523580843475,0.005185489888234743,0.0038643523580843475,0.00767091128349903,-0.0021476620737981393,0.0014139605548462329,-0.000651937018793612,0.0016436052891491855,-0.000651937018793612,0.00559487284908308,-0.0005186376312566985,-0.0037151875813976093,-0.009405715912643896,-0.0018241130905175464,-0.004100200655837828,-0.007178688281109292,-0.001614987541448902,-0.002695898753974093,-0.004952762138246326,0.0,0.0,0.0,0.0,0.0,0.0,0.0,0.0,0.0,0.0,0.0,0.0,0.0,0.0,0.0,0.005126291914619223,0.00777922113044158,0.012812316728535802,0.011035074157441885,0.012812316728535802,0.014419343697084247,0.004107392815261971,0.006637994025658494,0.005736282461679697,0.005153315056576956,0.005736282461679697,0.01120515141596464,-9.979005382823837e-05,-0.0020001432035388262,-0.006151219855667187,-0.001759243687063869,-0.0032305163893080933,-0.005544676282992547,-0.0014657851438962394,-0.0014723386781716299,-0.002654978208238224,0.0,0.0,0.0,0.0,0.0,0.0,0.0,0.0,0.0,0.0,0.0,0.0,0.0,0.0,0.0,0.021313761658982355
2026-09-11 00:00:00+00:00,-0.003963822722287909,-0.0015622057668331184,-0.00600600189722077,0.0012246006938731178,0.0022756665473228524,0.004184374379372019,-0.0036169725271953976,-0.0016630172996156631,-0.005483681963797893,0.00142455462299532,0.0027979864807457307,0.00444573285879684,0.0009122911600401969,0.0042472715208942986,0.008454656925850153,0.00047874506182943706,0.002346658341480063,0.003877943457135743,0.00016807129320544863,0.001663938806615457,0.0027081047081468196,0.0,0.0,0.0,0.0,0.0,0.0,0.0,0.0,0.0,0.0,0.0,0.0,0.0,0.0,0.0,-0.0026345827571049407,-0.0020904430479789433,-0.004022536751726874,-0.0018394507149027556,-0.004310123040015778,-0.0012274225284995709,-0.0036684086046939557,-0.0032599668297373595,-0.004283287493910713,-0.002639764640736736,-0.004048963073304339,-0.001727119333035975,-0.0008773931993081369,5.280300112087104e-05,0.0022904285792189807,-0.00012060450152542462,0.0005431158723341858,0.0009993779295535642,-0.0002055693999032888,-1.9884107746170887e-05,-0.00024010821360522728,0.0,0.0,0.0,0.0,0.0,0.0,0.0,0.0,0.0,0.0,0.0,0.0,0.0,0.0,0.0,-5.893660020620898e-05
2026-09-12 00:00:00+00:00,1.674839893722941e-05,-3.641881274644073e-05,-0.0026366871456711934,-0.0006684066141311532,-0.001906607218528703,-0.0006520447161645167,-0.0005840512493668345,-0.0002701373586642395,-0.0029834198561121236,-0.001068576013710987,-0.002253339928969633,-0.0010522141157443506,0.0,0.0,0.0,0.0,0.0,0.0,0.0,0.0,0.0,0.0,0.0,0.0,0.0,0.0,0.0,0.0,0.0,0.0,0.0,0.0,0.0,0.0,0.0,0.0,-0.000910306423956349,-0.0009311660399315634,-0.004222181364003663,-0.0007847554030891283,-0.0029080374951471815,-0.00017031637819203303,-0.001564448210873797,-0.0007989715075079009,-0.004014461193975296,-0.0007727158184480196,-0.0027003173251188145,-0.00029824887538507425,0.0,0.0,0.0,0.0,0.0,0.0,0.0,0.0,0.0,0.0,0.0,0.0,0.0,0.0,0.0,0.0,0.0,0.0,0.0,0.0,0.0,0.0,0.0,0.0,-0.0011408037082913196
2026-09-13 00:00:00+00:00,-0.004970964342484365,-0.0038701604564698316,-0.00774971266838304,-0.0039740947692423765,-0.0039756817512568475,-0.0012145300031029327,-0.007058904213075393,-0.004199276848855827,-0.008132038695617388,-0.0046565374292537945,-0.0039756817512568475,-0.0017703043141443742,0.0,0.0,0.0,0.0,0.0,0.0,0.0,0.0,0.0,0.0,0.0,0.0,0.0,0.0,0.0,0.0,0.0,0.0,0.0,0.0,0.0,0.0,0.0,0.0,-0.006362116449275662,-0.0047098167260461905,-0.00931982931421227,-0.005751310447975212,-0.002728494738934154,-0.001319768242412261,-0.008754302453817756,-0.005560998202117802,-0.009509841173824397,-0.0055112447444007695,-0.0013712302739873176,-0.0008693905224985772,0.0,0.0,0.0,0.0,0.0,0.0,0.0,0.0,0.0,0.0,0.0,0.0,0.0,0.0,0.0,0.0,0.0,0.0,0.0,0.0,0.0,0.0,0.0,0.0,-0.007653737524825639
2026-09-14 00:00:00+00:00,0.0006879381828929596,-0.0005200503767596332,-0.012584710505027413,-0.002641061934299345,0.0039860631379760965,0.004766738388926747,0.00757285044022343,-0.001624501315818828,-0.007430042116328589,0.0004531570635316353,0.002476412114168419,0.004424418134180367,0.0,0.0,0.0,0.0,0.0,0.0,0.0,0.0,0.0,-0.0016307395328070155,-0.0035047722326357234,-0.0053170781190608795,-0.001572420081472036,-0.0028421737640227473,-0.0035569369354032394,-0.0016435540722454566,-0.003327340982823971,-0.004857823362705055,0.0015159327447864784,0.003961932249431697,-0.00034563915335117785,0.0022301363796093034,-0.00037078823221976836,0.0017220286165486156,-0.006156703221341763,-0.003014951051554682,-0.01239898852511803,-0.010613219719296725,-0.008633951759707478,-0.005783235957192175,0.0017450169382821753,-0.0051671383041342125,-0.005929626983588363,-0.00642118072946236,-0.012963847480203593,-0.007615699626504348,0.0,0.0,0.0,0.0,0.0,0.0,0.0,0.0,0.0,0.00040641963926864896,0.0009970018843403017,-0.0027383057018341623,-0.000487958216461879,-0.0007970633628765849,-0.0019884007832526034,9.455562922221481e-05,0.000268459788434297,-0.0028452527775978047,0.0004289220540931317,-0.0005187148510269132,-0.0012376959628934907,-0.0011744211423392588,-0.0009755022226130781,-0.000630961455239249,0.012109794945174243
2026-09-15 00:00:00+00:00,0.009258213794217046,-0.0003434343482832316,0.0074178964696842145,0.001542677384719353,0.007962029793198412,-0.0039264095421955225,0.007659772483276339,-0.0020042157135349765,0.007659772483276339,0.002445449686301468,0.008397406617664234,-0.004087025800293753,0.0026390862223736274,0.0034942120204567977,-0.002610253455782781,0.001981089928685485,0.0025580394116463128,-0.001403712470824937,0.001699439865848026,0.0021291957704825536,-0.002116932680245221,0.0,0.0,0.0,0.0,0.0,0.0,0.0,0.0,0.0,0.0,0.0,0.0,0.0,0.0,0.0,-0.0025427255707211665,-0.0014311680669602742,-0.003913990216412213,-0.001246337154595533,-0.001043039828562541,-3.7371367861334186e-05,-0.004131993633092999,-0.0020102680687582885,-0.004131993633092999,-0.00039395750935404176,-0.0008253514163296292,-0.0010558497997224985,-0.00035015966197672876,0.0003483128019280848,0.0008822051147844345,-0.00014948239355650847,0.0004010161789868261,0.0009256272391764763,-0.0003626806822927837,7.281870693146388e-05,0.0003773067705710698,0.0,0.0,0.0,0.0,0.0,0.0,0.0,0.0,0.0,0.0,0.0,0.0,0.0,0.0,0.0,-0.015952337206508904
2026-09-16 00:00:00+00:00,-0.011583252538046505,0.0020099113455347025,2.9166927899175205e-05,0.007360275783914215,0.003231293397377208,0.006065224325164702,-0.0016923942919526425,0.0045299852903073696,0.0017509115282417617,0.00804413417378689,0.0028015072307915646,0.00586281351363941,-0.0005502049712749633,0.0009159282291976894,0.004562302744153977,-0.0017804142336742847,-0.0008799217610595793,0.0016555945591991818,-0.0016313597285892295,-0.00046167497323325985,0.0012804109083219132,0.0,0.0,0.0,0.0,0.0,0.0,0.0,0.0,0.0,0.0,0.0,0.0,0.0,0.0,0.0,-0.010587384715129542,0.001036936562273265,0.005910585754479291,0.0074308736487847344,0.005910585754479291,0.007239675471203845,0.0011883696365255284,0.005088369491064868,0.006599283594616325,0.008773559806445579,0.006599283594616325,0.007659487692152874,-0.0017308241142660486,-0.0004670873515352088,0.0026243927688040397,-0.001513055606065053,-0.0014105938911595315,-0.0014949212714318787,-0.0013721096575071148,-0.0007362447935679346,-0.0015131380978016318,0.0,0.0,0.0,0.0,0.0,0.0,0.0,0.0,0.0,0.0,0.0,0.0,0.0,0.0,0.0,0.018134543096970008
2026-09-17 00:00:00+00:00,-0.007701886308866119,0.0019837062496692766,0.002942497559981763,0.008917036401286741,0.0038232080779169644,0.006205226965759536,-0.006539427477197352,0.0035774068165172223,-0.002646794194522013,0.0071857284199468435,0.003996579116437025,0.0060177037787441075,-0.001839158547662053,-0.004064999571109861,-0.005964480712638237,-0.001132423241073089,-0.0025035349741807157,-0.0023212641477008637,-0.0014330918254278008,-0.0025438650581285156,-0.0031474210130020583,0.0,0.0,0.0,0.0,0.0,0.0,0.0,0.0,0.0,0.0,0.0,0.0,0.0,0.0,0.0,-0.012791277267625538,-0.00128875757167799,-0.0017945286472418485,0.008034826091823813,-0.00038539181854552705,0.008467346799080618,-0.009676510091310323,0.0043246537021624015,-0.00865856983868326,0.005933693471402743,-0.0006623418710637811,0.008376134730632014,-0.0027275082144888607,-0.003375907145873725,-0.003316669124209321,-0.0010540531226040264,7.529321946705449e-05,0.002611103822121955,-0.0015633701391565612,-0.0006461542807605407,-3.1004369084770833e-07,0.0,0.0,0.0,0.0,0.0,0.0,0.0,0.0,0.0,0.0,0.0,0.0,0.0,0.0,0.0,-0.004847334976376905
2026-09-18 00:00:00+00:00,-0.022051864325865256,0.007553846701426323,0.02045688835279885,0.021638523236276425,0.0011283215491118895,0.005552684210615011,-0.01855858601059586,0.006057898019552209,0.019524388560649336,0.02007694282709383,0.0003838107213175192,0.005302839351199848,-0.003139244496020429,-0.005105047038902944,-0.01049616635476667,-0.0026187040897828148,-0.0038312136863862755,-0.005079798350562967,-0.002516039708358274,-0.003752675467594503,-0.005998633634288094,0.0,0.0,0.0,0.0,0.0,0.0,0.0,0.0,0.0,0.0,0.0,0.0,0.0,0.0,0.0,-0.008180664385053694,-0.000689519458770021,0.0007917336729231924,0.004305938229415704,-0.0018049769734636706,0.004823376462880382,-0.0045568161839960085,-0.0003157460115442203,-0.0006070160153010737,0.002162864717112093,-0.0017565943777873077,0.0048412320011512544,0.0005567886462321605,0.0017138086189891378,-0.0030653377010806918,0.00029463916145478685,0.0015890864007459867,0.0014754766696394928,-0.0003513304075376455,0.0002688819310247034,-0.0012003817675239252,0.0,0.0,0.0,0.0,0.0,0.0,0.0,0.0,0.0,0.0,0.0,0.0,0.0,0.0,0.0,0.061443432781961814
2026-09-19 00:00:00+00:00,-0.0018913921136232718,-0.00013222296978671129,-0.0020735326567596734,0.0005234790526317967,-0.0030293164735567934,-0.0012315187662762371,-0.001859781118685335,-0.0003527171019737924,-0.0023087979162049865,0.0006170291513314751,-0.0024260904258540314,-0.001031663796999684,0.0,0.0,0.0,0.0,0.0,0.0,0.0,0.0,0.0,0.0,0.0,0.0,0.0,0.0,0.0,0.0,0.0,0.0,0.0,0.0,0.0,0.0,0.0,0.0,0.0008615517452108278,0.00042137502532816614,-0.00042658860802793214,-0.0007402819791205678,-0.0014926462189106136,-0.0013156676172370555,0.0008330584759881847,0.00016412169720461114,-0.0014463457652921586,-0.0006248070227341467,-0.0015371887594381104,-0.0013951001054237399,0.0,0.0,0.0,0.0,0.0,0.0,0.0,0.0,0.0,0.0,0.0,0.0,0.0,0.0,0.0,0.0,0.0,0.0,0.0,0.0,0.0,0.0,0.0,0.0,0.024140021101126747
2026-09-20 00:00:00+00:00,0.0004934696208114438,0.00018569931191019496,-0.002209718850998072,-0.001987906434486528,-0.003063387644311514,-0.0012492193302223802,0.00016925886961937785,3.1759937128061693e-05,-0.0022199152879380036,-0.0017410142605480156,-0.0019462251616216332,-0.001033887387951415,0.0,0.0,0.0,0.0,0.0,0.0,0.0,0.0,0.0,0.0,0.0,0.0,0.0,0.0,0.0,0.0,0.0,0.0,0.0,0.0,0.0,0.0,0.0,0.0,-0.0012902611726639081,-0.0006747240487547925,-0.0033797441693899847,-0.002266809321761138,-0.0040580507007032,-0.002088499825254031,-0.0017225421742533297,-0.0005503563807315162,-0.0026453554902961746,-0.0015405452940035732,-0.002093716662553828,-0.001345873309621969,0.0,0.0,0.0,0.0,0.0,0.0,0.0,0.0,0.0,0.0,0.0,0.0,0.0,0.0,0.0,0.0,0.0,0.0,0.0,0.0,0.0,0.0,0.0,0.0,0.056202556460250706
2026-09-21 00:00:00+00:00,-0.005194111122565387,-0.004326597006604864,-0.009750511800343921,-0.010009124536353711,-0.011185918834616233,-0.01376226313227163,-0.0021961693147484525,-0.005008698113143146,-0.013225231157321802,-0.012178273533513131,-0.012280431666104184,-0.015832486564122814,0.0,0.0,0.0,0.0,0.0,0.0,0.0,0.0,0.0,-0.0039287994493385535,-0.005491108489132591,-0.007594036948797576,-0.0017217341680822607,-0.000852916191831947,-0.0005956596310611317,-0.0019750348129873685,-0.0011371107254287986,-0.0012584569088767458,0.00017985647560883784,-0.00018561804116913364,-0.0006627785662139707,-0.0008422484168033734,-0.0004475814676711558,-0.00048345580240718463,-0.0062251266023533825,-0.0002904456179410519,-0.002851300689004745,-0.00358383864097663,-0.006150102563223702,-0.00969036208273578,-0.001253771885943273,0.00027850256214420187,-0.004241188431795897,-0.0045423272298025395,-0.006222499482623261,-0.01281588753951099,0.0,0.0,0.0,0.0,0.0,0.0,0.0,0.0,0.0,-0.0043953853230194245,-0.008373574167591102,-0.01084893572520997,-0.0028892666953644363,-0.0029114656288497047,-0.003323432251328971,-0.0030159170178169904,-0.00305356289564813,-0.003654830890236778,-0.0012852046071988906,-0.0016548716792372184,-0.0016130878531391923,-0.001846463423877641,-0.001431449588906132,-0.0018248495984900224,-0.007750805073230338
2026-09-22 00:00:00+00:00,-0.006849796788909899,-0.0019066969133425323,-0.0013576364936350158,-0.00044389245807864634,-0.00621474490301256,-0.004206480151561018,-0.0029857183336618296,-0.0011732131879306096,-0.0028455489914882733,-0.002492870484070347,-0.0040851932200080595,-0.0030678216927021128,-0.0014028001260212317,-0.0008107392074060069,0.0007550369848651634,-0.001351233351685571,-0.0009423679603278476,0.00019824448947184636,-0.0013557523870402922,-0.00088526969729694,0.0005259796719594563,0.0,0.0,0.0,0.0,0.0,0.0,0.0,0.0,0.0,0.0,0.0,0.0,0.0,0.0,0.0,-0.010492630773823298,-0.003563117013666488,-0.001647251333425412,-0.002478810975027431,-0.009592063174050874,-0.008327498338439763,-0.004575310895274408,-0.001533691613106791,-0.004131315476269111,-0.003979379018834159,-0.004575310895274408,-0.00430798895212382,-0.0010009177010759103,-0.0002438764072163768,0.002843294879128924,-0.0009946958466683475,-0.0004190285648649962,0.0021333558438485635,-0.0009987629784875968,-0.00036764012813717933,0.0024283175080874117,0.0,0.0,0.0,0.0,0.0,0.0,0.0,0.0,0.0,0.0,0.0,0.0,0.0,0.0,0.0,-0.08919505012352354
2026-09-23 00:00:00+00:00,-0.0075681021672227245,-0.004035586372095352,-0.005643687142438159,-0.002608324761466621,-0.004209000295203472,4.3135678005299717e-05,-0.00454450787580015,-0.001837085874894108,-0.0015860115587198566,0.0012433563553120388,-0.0018430967072744484,0.0020048966214537634,-0.001275672453715982,-0.002236885516067883,-0.005984581635644556,-0.0009737035656226005,-0.001259358925479464,-0.00340033543787277,-0.0012162541150677626,-0.0021285209235146836,-0.005458437753824054,0.0,0.0,0.0,0.0,0.0,0.0,0.0,0.0,0.0,0.0,0.0,0.0,0.0,0.0,0.0,-0.00504466777996535,-0.0028907281887382077,-0.004855711962049511,-9.330220812032244e-05,-0.002236759360935613,-0.0004900214984909033,-0.0030634701944736594,0.000493372702689706,-0.0030634701944736594,0.0036545271252237973,0.0003329903706940575,0.004149006272329497,-0.001170425675145475,-0.0012514365601482202,-0.002536443264883611,-0.0012635923405379273,-0.0018766754935798837,-0.002362960879981752,-0.0014667188911090983,-0.0019511164247918314,-0.0028906365405926893,0.0,0.0,0.0,0.0,0.0,0.0,0.0,0.0,0.0,0.0,0.0,0.0,0.0,0.0,0.0,0.07539846289703855
2026-09-24 00:00:00+00:00,0.003159357067009351,-0.0010063242658672562,-0.010664826541075511,-0.009593138119782074,-0.010664826541075511,-0.009521092604813403,0.002388408561731652,-0.002465515549033821,-0.006360801909429179,-0.004874467737972084,-0.006360801909429179,-0.005653129260292332,-0.0027683828541087466,0.005414892361407051,0.006817648738858788,-0.0008543690728128935,0.0007175006809051923,0.002861386549454122,-0.0017182871422306279,0.0010904145408837905,0.002465393558364415,0.0,0.0,0.0,0.0,0.0,0.0,0.0,0.0,0.0,0.0,0.0,0.0,0.0,0.0,0.0,0.009252205029841101,0.0021996690691783107,-0.011428024072784058,-0.009543810645853763,-0.011428024072784058,-0.009956404036157161,0.007245375803918017,-0.00277487946812879,-0.00656842983058821,-0.006692622694963222,-0.00656842983058821,-0.00780583373432445,-0.0029508351544240727,0.005706293570215563,0.006563694822832836,-0.0016387267961218898,0.000489310323730471,0.0036565952317269153,-0.0019364768586446106,0.0011417161923393327,0.0025624807440088374,0.0,0.0,0.0,0.0,0.0,0.0,0.0,0.0,0.0,0.0,0.0,0.0,0.0,0.0,0.0,0.013027100603894374
2026-09-25 00:00:00+00:00,0.0038726488245028586,-0.0029569594731650994,0.0010716341393994988,0.0042194186592907175,0.0010716341393994988,0.005547797027517197,0.003724974018693736,0.001133681120190787,0.0006545463540416634,0.0050933376072541045,0.008618691955955347,0.007680445212124472,-0.002091763098822312,-0.0020222976805158673,-0.004781769706367479,-0.001404571426966597,-0.0008672888417698109,-0.003171754485669884,-0.001404571426966597,-0.0008672888417698109,-0.003171754485669884,0.0,0.0,0.0,0.0,0.0,0.0,0.0,0.0,0.0,0.0,0.0,0.0,0.0,0.0,0.0,0.009401098849726855,-0.0009095551861307295,0.01263625863411432,0.013780915914191526,0.01263625863411432,0.011708797852018645,0.009268191524498643,0.0044193182972990215,0.010970819654612583,0.008693704604700482,0.013205992013557287,0.010161583916727059,-0.0024591358286511164,-0.002715824227889183,-0.004342847917128593,-0.001308388617113786,-0.0010236741870397914,-0.0017320534548987097,-0.0013396461198744187,-0.0010573196439406648,-0.001824573005709414,0.0,0.0,0.0,0.0,0.0,0.0,0.0,0.0,0.0,0.0,0.0,0.0,0.0,0.0,0.0,-0.03714434122354463
2026-09-26 00:00:00+00:00,-0.00019231639698235508,0.0004175487057249659,0.0007012842013914044,0.0006021708611626898,-0.00038874918125628003,0.00023888568700184375,-8.089197200630599e-05,0.00037836083277292105,0.0006958167500333106,0.0003064095882048012,-0.0014623237067649118,-0.0012914784339317018,0.0,0.0,0.0,0.0,0.0,0.0,0.0,0.0,0.0,0.0,0.0,0.0,0.0,0.0,0.0,0.0,0.0,0.0,0.0,0.0,0.0,0.0,0.0,0.0,-0.0014291883194820195,-0.0005521202599955609,-0.00057757418898282,-0.001038205897355271,-0.002795405955823496,-0.0017774331188290676,-0.0014183070857752183,-0.0006531203613525196,-0.0005830416403409142,-0.000810574704356348,-0.002351185430863165,-0.0014728138427709996,0.0,0.0,0.0,0.0,0.0,0.0,0.0,0.0,0.0,0.0,0.0,0.0,0.0,0.0,0.0,0.0,0.0,0.0,0.0,0.0,0.0,0.0,0.0,0.0,0.034783749046527035
2026-09-27 00:00:00+00:00,-0.0009520149077748219,-0.000311480574250559,-0.0022656893613784285,-0.0012868938671155277,-0.0022784221820089916,-0.001311372872409253,-0.0011311848688759344,-0.0003153240162547091,-0.0023403435118372258,-0.001297986033666961,-0.0021948750909567103,-0.0016082142087852878,0.0,0.0,0.0,0.0,0.0,0.0,0.0,0.0,0.0,0.0,0.0,0.0,0.0,0.0,0.0,0.0,0.0,0.0,0.0,0.0,0.0,0.0,0.0,0.0,-0.0016727216149342598,-0.00042034466014195614,-0.0014442652508342164,-0.0006152344470809019,-0.001598175455581872,-0.000654041481277158,-0.0018220299158518533,-0.0004242259322408453,-0.0016575628235736357,-0.0006943673439086572,-0.001488117975466526,-0.0010687738972601126,0.0,0.0,0.0,0.0,0.0,0.0,0.0,0.0,0.0,0.0,0.0,0.0,0.0,0.0,0.0,0.0,0.0,0.0,0.0,0.0,0.0,0.0,0.0,0.0,0.06721793324669208
2026-09-28 00:00:00+00:00,0.0043145281018041335,0.002745974837918432,-0.007725517519800594,-0.002553955034623476,-0.005289921837349564,-0.000961130861208088,0.005369406704912927,0.00269973620740804,-0.008169502844513565,-0.0028788947574856795,-0.006354764190162226,0.001137706370730221,0.0,0.0,0.0,0.0,0.0,0.0,0.0,0.0,0.0,-0.003932463073530818,-0.0004424135997527807,-0.0025011728975897142,-0.0022587898268736878,-0.00257653452810837,-0.0007087690785834378,-0.0024303699245525755,-0.0007697350065375303,-0.00041125325271405686,0.0023111799443727068,0.005436850567582596,0.0008946201357022881,0.002771688170676516,0.0009940297098714192,0.003271808645980983,0.008181877986511684,0.005642059310318453,-0.006398996544219394,-0.00073311817852193,-0.004559903916749713,0.0025684540569333274,0.007449502121278013,0.00487910728144566,-0.00902284261521428,-0.001455412037175173,-0.005624746269562375,0.005011145406831859,0.0,0.0,0.0,0.0,0.0,0.0,0.0,0.0,0.0,-0.0038999071588783044,-0.0012215640534390363,-0.0030993827950651833,-0.0024097802674544603,-0.0016718587021054513,-0.00027127693186310706,-0.0023137138487397016,-0.0011998193267166101,0.00029289528897301933,0.00156183516013152,0.003574136417706733,0.0007561669353694273,0.0022319910192513297,0.0003080000414010273,0.0018993856136038155,-0.02378357790438231
2026-09-29 00:00:00+00:00,0.0020925449673358356,-0.000549022456969018,0.004604671778572555,0.0020231521284338064,0.002752167012218792,0.0010206100716837602,0.0036087697461493393,-0.0008207449408081241,0.0014502887941948654,0.0017051016543662577,0.004066228487190496,0.0018718810408419157,0.000708003412947599,0.0033268789392168277,0.002964596686195506,0.0014719817177429784,0.0017077829665477148,0.0017937987079647492,0.0005042161018004454,0.0007523270325682637,0.0010351902424326216,0.0,0.0,0.0,0.0,0.0,0.0,0.0,0.0,0.0,0.0,0.0,0.0,0.0,0.0,0.0,0.00420828494378593,-0.0016278157152010539,0.00420828494378593,0.0014173569481266575,0.006214525846795049,0.00032730548490533806,0.005193831050014708,-0.001473931928473447,0.0006504318169821372,0.0005514105098421903,0.00660874428928656,0.0005734112078291543,-0.0006996522226125347,-2.945797880798087e-05,-0.00034654295347848326,-0.000383700624530084,3.507356042271747e-05,-0.00038556257197607386,-0.001312202443280469,-0.001066507976770882,-0.0008535820719552388,0.0,0.0,0.0,0.0,0.0,0.0,0.0,0.0,0.0,0.0,0.0,0.0,0.0,0.0,0.0,0.015225298925993632
2026-09-30 00:00:00+00:00,0.002312923216755867,-0.0016150847064993026,-0.0032673788877794303,-0.0036914180794216304,-0.004981527302222769,-0.004533251579568312,0.0023118549695217367,-0.0007590653118937123,0.00028360884871689003,-0.002601100661860273,-0.00312395608496423,-0.0030716914783629665,-0.0009340809570464826,0.0007240866281791034,0.004548769648420559,-0.0001965855272328261,0.0010056802709825523,0.0024970242942368077,-0.0004494938517057387,4.610447890643683e-05,-4.806730427275096e-05,0.0,0.0,0.0,0.0,0.0,0.0,0.0,0.0,0.0,0.0,0.0,0.0,0.0,0.0,0.0,0.0026015211934363996,0.0011004294080060389,0.0006573419632650763,0.00013763701784365304,9.439927762045029e-05,0.000493350077467107,0.0022238846597240807,-0.0002592262288378536,0.006264731866811054,0.0019570214692562924,0.001642375292002566,0.001513626932417506,-0.0023136148765303855,2.8037020631291305e-05,0.004921899172858533,-0.000785594245492427,0.0015449554119963953,0.005101044365882346,-0.0011402078327646238,-9.460517994816589e-05,0.0007742072313112184,0.0,0.0,0.0,0.0,0.0,0.0,0.0,0.0,0.0,0.0,0.0,0.0,0.0,0.0,0.0,0.02635227832340381
2026-10-01 00:00:00+00:00,0.004377918843800623,0.0038459614165925714,0.0018593552996993756,-7.716474861898316e-06,0.0014052461133446776,0.0019066992970406358,0.005075244268593665,0.004784539701024265,0.002135168093699859,0.0020851159506570303,0.002135168093699859,0.002651887963621306,-0.0008747116513758911,-0.0010139373137017162,-0.0005885800675692582,-0.00019126841874106892,0.0006184465144056093,0.0009258707178247083,-0.0005144064561354705,0.00029734060985053845,0.0011823893976480352,0.0,0.0,0.0,0.0,0.0,0.0,0.0,0.0,0.0,0.0,0.0,0.0,0.0,0.0,0.0,0.0037383961006009444,0.0009250667343565704,0.001342625214543799,0.0008353310813565014,0.001342625214543799,0.0008706568115167008,0.0022441247198047663,0.0007971230935180746,0.001950269663474527,0.0007253623785416457,0.001950269663474527,0.0013738427067315057,-8.840143561241141e-08,0.003605886005108423,0.0071387341081952825,-0.00012872127432491545,0.003846837753439297,0.00637554353523266,-0.0005766910707929514,0.0028389984826596507,0.005889803055688161,0.0,0.0,0.0,0.0,0.0,0.0,0.0,0.0,0.0,0.0,0.0,0.0,0.0,0.0,0.0,0.02022561818327236
2026-10-02 00:00:00+00:00,-0.002018561158062063,-0.0009792292674367113,-0.0006402617549133923,-0.0023590278221608334,-0.0010344141174357716,-0.002451559857501603,-0.001737583573796608,-0.002656577052069363,-0.0009607546715216682,-0.0026886134001888828,-0.0006534208465710156,-0.0021100017126843553,0.005418497397833603,0.010042966147702137,0.010003198015424734,0.001321927087007274,0.004178561532885778,0.0037406258300881445,0.0012686992331702293,0.003252207699028436,0.0035881105854664113,0.0,0.0,0.0,0.0,0.0,0.0,0.0,0.0,0.0,0.0,0.0,0.0,0.0,0.0,0.0,-0.003983515391087199,0.0027100307180488695,0.0057301056329992816,-0.0012128139643375823,0.00151530301698285,-0.001084958030846179,-0.0030434834078917152,0.0011183197630677902,0.0053294894872389365,-0.0006450758070615227,0.0030604885424370923,-0.0007460852665117038,0.0028684964511361925,0.005559561284158633,0.007128563461923867,-0.0009480719846021971,0.0014637297524232944,0.0016994197755983962,-0.000302715394797289,0.0005254510923514182,0.0016925727780046677,0.0,0.0,0.0,0.0,0.0,0.0,0.0,0.0,0.0,0.0,0.0,0.0,0.0,0.0,0.0,0.05770825847360461
2026-10-03 00:00:00+00:00,-0.0006640243273003525,0.00046049353510346634,-0.0006601926904463856,-0.00023959358501576532,-0.0012554567778515103,-0.00014141068443692658,-0.0006640243273003525,0.0006553223304943352,-0.0006734231745241339,-0.0001231722435923178,-0.0009854862724874274,-0.0001231722435923178,0.0,0.0,0.0,0.0,0.0,0.0,0.0,0.0,0.0,0.0,0.0,0.0,0.0,0.0,0.0,0.0,0.0,0.0,0.0,0.0,0.0,0.0,0.0,0.0,-0.002914612333322399,0.00011090319601768618,-0.0001063507083277032,-0.0008698133937685548,-0.003172872330959805,-0.0008698133937685548,-0.0029074870394530904,0.00018779534644896732,-0.00017428398168521978,-0.0009650510586002164,-0.003649025911205285,-0.0009650510586002164,0.0,0.0,0.0,0.0,0.0,0.0,0.0,0.0,0.0,0.0,0.0,0.0,0.0,0.0,0.0,0.0,0.0,0.0,0.0,0.0,0.0,0.0,0.0,0.0,0.0006526093656468538
