date,baseline_phase0,baseline_phase1,baseline_phase2,illiquidity_phase0,illiquidity_phase1,illiquidity_phase2,blend_illiquidity_phase0,blend_illiquidity_phase1,blend_illiquidity_phase2,downside_share_phase0,downside_share_phase1,downside_share_phase2,blend_downside_share_phase0,blend_downside_share_phase1,blend_downside_share_phase2,close_pressure_phase0,close_pressure_phase1,close_pressure_phase2,blend_close_pressure_phase0,blend_close_pressure_phase1,blend_close_pressure_phase2,trade_size_phase0,trade_size_phase1,trade_size_phase2,blend_trade_size_phase0,blend_trade_size_phase1,blend_trade_size_phase2
2023-08-14 00:00:00+00:00,0.0,0.0,0.0,0.0,0.0,0.0,0.0,0.0,0.0,0.0,0.0,0.0,0.0,0.0,0.0,0.0,0.0,0.0,0.0,0.0,0.0,0.0,0.0,0.0,0.0,0.0,0.0
2023-08-15 00:00:00+00:00,0.0,0.0,0.0,0.0,0.0,0.0,0.0,0.0,0.0,0.0,0.0,0.0,0.0,0.0,0.0,0.0,0.0,0.0,0.0,0.0,0.0,0.0,0.0,0.0,0.0,0.0,0.0
2023-08-16 00:00:00+00:00,0.0,0.0,0.0,0.0,0.0,0.0,0.0,0.0,0.0,0.0,0.0,0.0,0.0,0.0,0.0,0.0,0.0,0.0,0.0,0.0,0.0,0.0,0.0,0.0,0.0,0.0,0.0
2023-08-17 00:00:00+00:00,0.0,0.0,0.0,0.0,0.0,0.0,0.0,0.0,0.0,0.0,0.0,0.0,0.0,0.0,0.0,0.0,0.0,0.0,0.0,0.0,0.0,0.0,0.0,0.0,0.0,0.0,0.0
2023-08-18 00:00:00+00:00,0.0,0.0,0.0,0.0,0.0,0.0,0.0,0.0,0.0,0.0,0.0,0.0,0.0,0.0,0.0,0.0,0.0,0.0,0.0,0.0,0.0,0.0,0.0,0.0,0.0,0.0,0.0
2023-08-19 00:00:00+00:00,0.0,0.0,0.0,0.0,0.0,0.0,0.0,0.0,0.0,0.0,0.0,0.0,0.0,0.0,0.0,0.0,0.0,0.0,0.0,0.0,0.0,0.0,0.0,0.0,0.0,0.0,0.0
2023-08-20 00:00:00+00:00,0.0,0.0,0.0,0.0,0.0,0.0,0.0,0.0,0.0,0.0,0.0,0.0,0.0,0.0,0.0,0.0,0.0,0.0,0.0,0.0,0.0,0.0,0.0,0.0,0.0,0.0,0.0
2023-08-21 00:00:00+00:00,0.0,0.0,0.0,0.0,0.0,0.0,0.0,0.0,0.0,0.0,0.0,0.0,0.0,0.0,0.0,0.0,0.0,0.0,0.0,0.0,0.0,0.0,0.0,0.0,0.0,0.0,0.0
2023-08-22 00:00:00+00:00,0.0,0.0,0.0,0.0,0.0,0.0,0.0,0.0,0.0,0.0,0.0,0.0,0.0,0.0,0.0,0.0,0.0,0.0,0.0,0.0,0.0,0.0,0.0,0.0,0.0,0.0,0.0
2023-08-23 00:00:00+00:00,0.0,0.0,0.0,0.0,0.0,0.0,0.0,0.0,0.0,0.0,0.0,0.0,0.0,0.0,0.0,0.0,0.0,0.0,0.0,0.0,0.0,0.0,0.0,0.0,0.0,0.0,0.0
2023-08-24 00:00:00+00:00,0.0,0.0,0.0,0.0,0.0,0.0,0.0,0.0,0.0,0.0,0.0,0.0,0.0,0.0,0.0,0.0,0.0,0.0,0.0,0.0,0.0,0.0,0.0,0.0,0.0,0.0,0.0
2023-08-25 00:00:00+00:00,0.0,0.0,0.0,0.0,0.0,0.0,0.0,0.0,0.0,0.0,0.0,0.0,0.0,0.0,0.0,0.0,0.0,0.0,0.0,0.0,0.0,0.0,0.0,0.0,0.0,0.0,0.0
2023-08-26 00:00:00+00:00,0.0,0.0,0.0,0.0,0.0,0.0,0.0,0.0,0.0,0.0,0.0,0.0,0.0,0.0,0.0,0.0,0.0,0.0,0.0,0.0,0.0,0.0,0.0,0.0,0.0,0.0,0.0
2023-08-27 00:00:00+00:00,0.0,0.0,0.0,0.0,0.0,0.0,0.0,0.0,0.0,0.0,0.0,0.0,0.0,0.0,0.0,0.0,0.0,0.0,0.0,0.0,0.0,0.0,0.0,0.0,0.0,0.0,0.0
2023-08-28 00:00:00+00:00,0.0,0.0,0.0,0.0,0.0,0.0,0.0,0.0,0.0,0.0,0.0,0.0,0.0,0.0,0.0,0.0,0.0,0.0,0.0,0.0,0.0,0.0,0.0,0.0,0.0,0.0,0.0
2023-08-29 00:00:00+00:00,0.0,0.0,0.0,0.0,0.0,0.0,0.0,0.0,0.0,0.0,0.0,0.0,0.0,0.0,0.0,0.0,0.0,0.0,0.0,0.0,0.0,0.0,0.0,0.0,0.0,0.0,0.0
2023-08-30 00:00:00+00:00,0.0,0.0,0.0,0.0,0.0,0.0,0.0,0.0,0.0,0.0,0.0,0.0,0.0,0.0,0.0,0.0,0.0,0.0,0.0,0.0,0.0,0.0,0.0,0.0,0.0,0.0,0.0
2023-08-31 00:00:00+00:00,0.0,0.0,0.0,0.0,0.0,0.0,0.0,0.0,0.0,0.0,0.0,0.0,0.0,0.0,0.0,0.0,0.0,0.0,0.0,0.0,0.0,0.0,0.0,0.0,0.0,0.0,0.0
2023-09-01 00:00:00+00:00,0.0,0.0,0.0,0.0,0.0,0.0,0.0,0.0,0.0,0.0,0.0,0.0,0.0,0.0,0.0,0.0,0.0,0.0,0.0,0.0,0.0,0.0,0.0,0.0,0.0,0.0,0.0
2023-09-02 00:00:00+00:00,0.0,0.0,0.0,0.0,0.0,0.0,0.0,0.0,0.0,0.0,0.0,0.0,0.0,0.0,0.0,0.0,0.0,0.0,0.0,0.0,0.0,0.0,0.0,0.0,0.0,0.0,0.0
2023-09-03 00:00:00+00:00,0.0,0.0,0.0,0.0,0.0,0.0,0.0,0.0,0.0,0.0,0.0,0.0,0.0,0.0,0.0,0.0,0.0,0.0,0.0,0.0,0.0,0.0,0.0,0.0,0.0,0.0,0.0
2023-09-04 00:00:00+00:00,0.0,0.0,0.0,0.0,0.0,0.0,0.0,0.0,0.0,0.0,0.0,0.0,0.0,0.0,0.0,0.0,0.0,0.0,0.0,0.0,0.0,0.0,0.0,0.0,0.0,0.0,0.0
2023-09-05 00:00:00+00:00,0.0,0.0,0.0,0.0,0.0,0.0,0.0,0.0,0.0,0.0,0.0,0.0,0.0,0.0,0.0,0.0,0.0,0.0,0.0,0.0,0.0,0.0,0.0,0.0,0.0,0.0,0.0
2023-09-06 00:00:00+00:00,0.0,0.0,0.0,0.0,0.0,0.0,0.0,0.0,0.0,0.0,0.0,0.0,0.0,0.0,0.0,0.0,0.0,0.0,0.0,0.0,0.0,0.0,0.0,0.0,0.0,0.0,0.0
2023-09-07 00:00:00+00:00,0.0,0.0,0.0,0.0,0.0,0.0,0.0,0.0,0.0,0.0,0.0,0.0,0.0,0.0,0.0,0.0,0.0,0.0,0.0,0.0,0.0,0.0,0.0,0.0,0.0,0.0,0.0
2023-09-08 00:00:00+00:00,0.0,0.0,0.0,0.0,0.0,0.0,0.0,0.0,0.0,0.0,0.0,0.0,0.0,0.0,0.0,0.0,0.0,0.0,0.0,0.0,0.0,0.0,0.0,0.0,0.0,0.0,0.0
2023-09-09 00:00:00+00:00,0.0,0.0,0.0,0.0,0.0,0.0,0.0,0.0,0.0,0.0,0.0,0.0,0.0,0.0,0.0,0.0,0.0,0.0,0.0,0.0,0.0,0.0,0.0,0.0,0.0,0.0,0.0
2023-09-10 00:00:00+00:00,0.0,0.0,0.0,0.0,0.0,0.0,0.0,0.0,0.0,0.0,0.0,0.0,0.0,0.0,0.0,0.0,0.0,0.0,0.0,0.0,0.0,0.0,0.0,0.0,0.0,0.0,0.0
2023-09-11 00:00:00+00:00,0.0,0.0,0.0,0.0,0.0,0.0,0.0,0.0,0.0,0.0,0.0,0.0,0.0,0.0,0.0,0.0,0.0,0.0,0.0,0.0,0.0,0.0,0.0,0.0,0.0,0.0,0.0
2023-09-12 00:00:00+00:00,0.0,0.0,0.0,0.0,0.0,0.0,0.0,0.0,0.0,0.0,0.0,0.0,0.0,0.0,0.0,0.0,0.0,0.0,0.0,0.0,0.0,0.0,0.0,0.0,0.0,0.0,0.0
2023-09-13 00:00:00+00:00,0.0,0.0,0.0,0.0,0.0,0.0,0.0,0.0,0.0,0.0,0.0,0.0,0.0,0.0,0.0,0.0,0.0,0.0,0.0,0.0,0.0,0.0,0.0,0.0,0.0,0.0,0.0
2023-09-14 00:00:00+00:00,0.0,0.0,0.0,0.0,0.0,0.0,0.0,0.0,0.0,0.0,0.0,0.0,0.0,0.0,0.0,0.0,0.0,0.0,0.0,0.0,0.0,0.0,0.0,0.0,0.0,0.0,0.0
2023-09-15 00:00:00+00:00,0.0,0.0,0.0,0.0,0.0,0.0,0.0,0.0,0.0,0.0,0.0,0.0,0.0,0.0,0.0,0.0,0.0,0.0,0.0,0.0,0.0,0.0,0.0,0.0,0.0,0.0,0.0
2023-09-16 00:00:00+00:00,0.0,0.0,0.0,0.0,0.0,0.0,0.0,0.0,0.0,0.0,0.0,0.0,0.0,0.0,0.0,0.0,0.0,0.0,0.0,0.0,0.0,0.0,0.0,0.0,0.0,0.0,0.0
2023-09-17 00:00:00+00:00,0.0,0.0,0.0,0.0,0.0,0.0,0.0,0.0,0.0,0.0,0.0,0.0,0.0,0.0,0.0,0.0,0.0,0.0,0.0,0.0,0.0,0.0,0.0,0.0,0.0,0.0,0.0
2023-09-18 00:00:00+00:00,0.0,0.0,0.0,0.0,0.0,0.0,0.0,0.0,0.0,0.0,0.0,0.0,0.0,0.0,0.0,0.0,0.0,0.0,0.0,0.0,0.0,0.0,0.0,0.0,0.0,0.0,0.0
2023-09-19 00:00:00+00:00,0.0,0.0,0.0,0.0,0.0,0.0,0.0,0.0,0.0,0.0,0.0,0.0,0.0,0.0,0.0,0.0,0.0,0.0,0.0,0.0,0.0,0.0,0.0,0.0,0.0,0.0,0.0
2023-09-20 00:00:00+00:00,0.0,0.0,0.0,0.0,0.0,0.0,0.0,0.0,0.0,0.0,0.0,0.0,0.0,0.0,0.0,0.0,0.0,0.0,0.0,0.0,0.0,0.0,0.0,0.0,0.0,0.0,0.0
2023-09-21 00:00:00+00:00,0.0,0.0,0.0,0.0,0.0,0.0,0.0,0.0,0.0,0.0,0.0,0.0,0.0,0.0,0.0,0.0,0.0,0.0,0.0,0.0,0.0,0.0,0.0,0.0,0.0,0.0,0.0
2023-09-22 00:00:00+00:00,0.0,0.0,0.0,0.0,0.0,0.0,0.0,0.0,0.0,0.0,0.0,0.0,0.0,0.0,0.0,0.0,0.0,0.0,0.0,0.0,0.0,0.0,0.0,0.0,0.0,0.0,0.0
2023-09-23 00:00:00+00:00,0.0,0.0,0.0,0.0,0.0,0.0,0.0,0.0,0.0,0.0,0.0,0.0,0.0,0.0,0.0,0.0,0.0,0.0,0.0,0.0,0.0,0.0,0.0,0.0,0.0,0.0,0.0
2023-09-24 00:00:00+00:00,0.0,0.0,0.0,0.0,0.0,0.0,0.0,0.0,0.0,0.0,0.0,0.0,0.0,0.0,0.0,0.0,0.0,0.0,0.0,0.0,0.0,0.0,0.0,0.0,0.0,0.0,0.0
2023-09-25 00:00:00+00:00,0.0,0.0,0.0,0.0,0.0,0.0,0.0,0.0,0.0,0.0,0.0,0.0,0.0,0.0,0.0,0.0,0.0,0.0,0.0,0.0,0.0,0.0,0.0,0.0,0.0,0.0,0.0
2023-09-26 00:00:00+00:00,0.0,0.0,0.0,0.0,0.0,0.0,0.0,0.0,0.0,0.0,0.0,0.0,0.0,0.0,0.0,0.0,0.0,0.0,0.0,0.0,0.0,0.0,0.0,0.0,0.0,0.0,0.0
2023-09-27 00:00:00+00:00,0.0,0.0,0.0,0.0,0.0,0.0,0.0,0.0,0.0,0.0,0.0,0.0,0.0,0.0,0.0,0.0,0.0,0.0,0.0,0.0,0.0,0.0,0.0,0.0,0.0,0.0,0.0
2023-09-28 00:00:00+00:00,0.0,0.0,0.0,0.0,0.0,0.0,0.0,0.0,0.0,0.0,0.0,0.0,0.0,0.0,0.0,0.0,0.0,0.0,0.0,0.0,0.0,0.0,0.0,0.0,0.0,0.0,0.0
2023-09-29 00:00:00+00:00,0.0,0.0,0.0,0.0,0.0,0.0,0.0,0.0,0.0,0.0,0.0,0.0,0.0,0.0,0.0,0.0,0.0,0.0,0.0,0.0,0.0,0.0,0.0,0.0,0.0,0.0,0.0
2023-09-30 00:00:00+00:00,0.0,0.0,0.0,0.0,0.0,0.0,0.0,0.0,0.0,0.0,0.0,0.0,0.0,0.0,0.0,0.0,0.0,0.0,0.0,0.0,0.0,0.0,0.0,0.0,0.0,0.0,0.0
2023-10-01 00:00:00+00:00,0.0,0.0,0.0,0.0,0.0,0.0,0.0,0.0,0.0,0.0,0.0,0.0,0.0,0.0,0.0,0.0,0.0,0.0,0.0,0.0,0.0,0.0,0.0,0.0,0.0,0.0,0.0
2023-10-02 00:00:00+00:00,0.0,0.0,0.0,0.0,0.0,0.0,0.0,0.0,0.0,0.0,0.0,0.0,0.0,0.0,0.0,0.0,0.0,0.0,0.0,0.0,0.0,0.0,0.0,0.0,0.0,0.0,0.0
2023-10-03 00:00:00+00:00,0.0,0.0,0.0,0.0,0.0,0.0,0.0,0.0,0.0,0.0,0.0,0.0,0.0,0.0,0.0,0.0,0.0,0.0,0.0,0.0,0.0,0.0,0.0,0.0,0.0,0.0,0.0
2023-10-04 00:00:00+00:00,0.0,0.0,0.0,0.0,0.0,0.0,0.0,0.0,0.0,0.0,0.0,0.0,0.0,0.0,0.0,0.0,0.0,0.0,0.0,0.0,0.0,0.0,0.0,0.0,0.0,0.0,0.0
2023-10-05 00:00:00+00:00,0.0,0.0,0.0,0.0,0.0,0.0,0.0,0.0,0.0,0.0,0.0,0.0,0.0,0.0,0.0,0.0,0.0,0.0,0.0,0.0,0.0,0.0,0.0,0.0,0.0,0.0,0.0
2023-10-06 00:00:00+00:00,0.0,0.0,0.0,0.0,0.0,0.0,0.0,0.0,0.0,0.0,0.0,0.0,0.0,0.0,0.0,0.0,0.0,0.0,0.0,0.0,0.0,0.0,0.0,0.0,0.0,0.0,0.0
2023-10-07 00:00:00+00:00,0.0,0.0,0.0,0.0,0.0,0.0,0.0,0.0,0.0,0.0,0.0,0.0,0.0,0.0,0.0,0.0,0.0,0.0,0.0,0.0,0.0,0.0,0.0,0.0,0.0,0.0,0.0
2023-10-08 00:00:00+00:00,0.0,0.0,0.0,0.0,0.0,0.0,0.0,0.0,0.0,0.0,0.0,0.0,0.0,0.0,0.0,0.0,0.0,0.0,0.0,0.0,0.0,0.0,0.0,0.0,0.0,0.0,0.0
2023-10-09 00:00:00+00:00,0.0,0.0,0.0,0.0,0.0,0.0,0.0,0.0,0.0,0.0,0.0,0.0,0.0,0.0,0.0,0.0,0.0,0.0,0.0,0.0,0.0,0.0,0.0,0.0,0.0,0.0,0.0
2023-10-10 00:00:00+00:00,0.0,0.0,0.0,0.0,0.0,0.0,0.0,0.0,0.0,0.0,0.0,0.0,0.0,0.0,0.0,0.0,0.0,0.0,0.0,0.0,0.0,0.0,0.0,0.0,0.0,0.0,0.0
2023-10-11 00:00:00+00:00,0.0,0.0,0.0,0.0,0.0,0.0,0.0,0.0,0.0,0.0,0.0,0.0,0.0,0.0,0.0,0.0,0.0,0.0,0.0,0.0,0.0,0.0,0.0,0.0,0.0,0.0,0.0
2023-10-12 00:00:00+00:00,0.0,0.0,0.0,0.0,0.0,0.0,0.0,0.0,0.0,0.0,0.0,0.0,0.0,0.0,0.0,0.0,0.0,0.0,0.0,0.0,0.0,0.0,0.0,0.0,0.0,0.0,0.0
2023-10-13 00:00:00+00:00,0.0,0.0,0.0,0.0,0.0,0.0,0.0,0.0,0.0,0.0,0.0,0.0,0.0,0.0,0.0,0.0,0.0,0.0,0.0,0.0,0.0,0.0,0.0,0.0,0.0,0.0,0.0
2023-10-14 00:00:00+00:00,0.0,0.0,0.0,0.0,0.0,0.0,0.0,0.0,0.0,0.0,0.0,0.0,0.0,0.0,0.0,0.0,0.0,0.0,0.0,0.0,0.0,0.0,0.0,0.0,0.0,0.0,0.0
2023-10-15 00:00:00+00:00,0.0,0.0,0.0,0.0,0.0,0.0,0.0,0.0,0.0,0.0,0.0,0.0,0.0,0.0,0.0,0.0,0.0,0.0,0.0,0.0,0.0,0.0,0.0,0.0,0.0,0.0,0.0
2023-10-16 00:00:00+00:00,0.0,0.0,0.0,0.0,0.0,0.0,0.0,0.0,0.0,0.0,0.0,0.0,0.0,0.0,0.0,0.0,0.0,0.0,0.0,0.0,0.0,0.0,0.0,0.0,0.0,0.0,0.0
2023-10-17 00:00:00+00:00,0.0,0.0,0.0,0.0,0.0,0.0,0.0,0.0,0.0,0.0,0.0,0.0,0.0,0.0,0.0,0.0,0.0,0.0,0.0,0.0,0.0,0.0,0.0,0.0,0.0,0.0,0.0
2023-10-18 00:00:00+00:00,0.0,0.0,0.0,0.0,0.0,0.0,0.0,0.0,0.0,0.0,0.0,0.0,0.0,0.0,0.0,0.0,0.0,0.0,0.0,0.0,0.0,0.0,0.0,0.0,0.0,0.0,0.0
2023-10-19 00:00:00+00:00,0.0,0.0,0.0,0.0,0.0,0.0,0.0,0.0,0.0,0.0,0.0,0.0,0.0,0.0,0.0,0.0,0.0,0.0,0.0,0.0,0.0,0.0,0.0,0.0,0.0,0.0,0.0
2023-10-20 00:00:00+00:00,0.0,0.0,0.0,0.0,0.0,0.0,0.0,0.0,0.0,0.0,0.0,0.0,0.0,0.0,0.0,0.0,0.0,0.0,0.0,0.0,0.0,0.0,0.0,0.0,0.0,0.0,0.0
2023-10-21 00:00:00+00:00,0.0,0.0,0.0,0.0,0.0,0.0,0.0,0.0,0.0,0.0,0.0,0.0,0.0,0.0,0.0,0.0,0.0,0.0,0.0,0.0,0.0,0.0,0.0,0.0,0.0,0.0,0.0
2023-10-22 00:00:00+00:00,0.0,0.0,0.0,0.0,0.0,0.0,0.0,0.0,0.0,0.0,0.0,0.0,0.0,0.0,0.0,0.0,0.0,0.0,0.0,0.0,0.0,0.0,0.0,0.0,0.0,0.0,0.0
2023-10-23 00:00:00+00:00,0.0,0.0,0.0,0.0,0.0,0.0,0.0,0.0,0.0,0.0,0.0,0.0,0.0,0.0,0.0,0.0,0.0,0.0,0.0,0.0,0.0,0.0,0.0,0.0,0.0,0.0,0.0
2023-10-24 00:00:00+00:00,0.0,0.0,0.0,0.0,0.0,0.0,0.0,0.0,0.0,0.0,0.0,0.0,0.0,0.0,0.0,0.0,0.0,0.0,0.0,0.0,0.0,0.0,0.0,0.0,0.0,0.0,0.0
2023-10-25 00:00:00+00:00,0.0,0.0,0.0,0.0,0.0,0.0,0.0,0.0,0.0,0.0,0.0,0.0,0.0,0.0,0.0,0.0,0.0,0.0,0.0,0.0,0.0,0.0,0.0,0.0,0.0,0.0,0.0
2023-10-26 00:00:00+00:00,0.0,0.0,0.0,0.0,0.0,0.0,0.0,0.0,0.0,0.0,0.0,0.0,0.0,0.0,0.0,0.0,0.0,0.0,0.0,0.0,0.0,0.0,0.0,0.0,0.0,0.0,0.0
2023-10-27 00:00:00+00:00,0.0,0.0,0.0,0.0,0.0,0.0,0.0,0.0,0.0,0.0,0.0,0.0,0.0,0.0,0.0,0.0,0.0,0.0,0.0,0.0,0.0,0.0,0.0,0.0,0.0,0.0,0.0
2023-10-28 00:00:00+00:00,0.0,0.0,0.0,0.0,0.0,0.0,0.0,0.0,0.0,0.0,0.0,0.0,0.0,0.0,0.0,0.0,0.0,0.0,0.0,0.0,0.0,0.0,0.0,0.0,0.0,0.0,0.0
2023-10-29 00:00:00+00:00,0.0,0.0,0.0,0.0,0.0,0.0,0.0,0.0,0.0,0.0,0.0,0.0,0.0,0.0,0.0,0.0,0.0,0.0,0.0,0.0,0.0,0.0,0.0,0.0,0.0,0.0,0.0
2023-10-30 00:00:00+00:00,0.0,0.0,0.0,0.0,0.0,0.0,0.0,0.0,0.0,0.0,0.0,0.0,0.0,0.0,0.0,0.0,0.0,0.0,0.0,0.0,0.0,0.0,0.0,0.0,0.0,0.0,0.0
2023-10-31 00:00:00+00:00,0.0,0.0,0.0,0.0,0.0,0.0,0.0,0.0,0.0,0.0,0.0,0.0,0.0,0.0,0.0,0.0,0.0,0.0,0.0,0.0,0.0,0.0,0.0,0.0,0.0,0.0,0.0
2023-11-01 00:00:00+00:00,0.0,0.0,0.0,0.0,0.0,0.0,0.0,0.0,0.0,0.0,0.0,0.0,0.0,0.0,0.0,0.0,0.0,0.0,0.0,0.0,0.0,0.0,0.0,0.0,0.0,0.0,0.0
2023-11-02 00:00:00+00:00,0.0,0.0,0.0,0.0,0.0,0.0,0.0,0.0,0.0,0.0,0.0,0.0,0.0,0.0,0.0,0.0,0.0,0.0,0.0,0.0,0.0,0.0,0.0,0.0,0.0,0.0,0.0
2023-11-03 00:00:00+00:00,0.0,0.0,0.0,0.0,0.0,0.0,0.0,0.0,0.0,0.0,0.0,0.0,0.0,0.0,0.0,0.0,0.0,0.0,0.0,0.0,0.0,0.0,0.0,0.0,0.0,0.0,0.0
2023-11-04 00:00:00+00:00,0.0,0.0,0.0,0.0,0.0,0.0,0.0,0.0,0.0,0.0,0.0,0.0,0.0,0.0,0.0,0.0,0.0,0.0,0.0,0.0,0.0,0.0,0.0,0.0,0.0,0.0,0.0
2023-11-05 00:00:00+00:00,0.0,0.0,0.0,0.0,0.0,0.0,0.0,0.0,0.0,0.0,0.0,0.0,0.0,0.0,0.0,0.0,0.0,0.0,0.0,0.0,0.0,0.0,0.0,0.0,0.0,0.0,0.0
2023-11-06 00:00:00+00:00,0.0,0.0,0.0,0.0,0.0,0.0,0.0,0.0,0.0,0.0,0.0,0.0,0.0,0.0,0.0,0.0,0.0,0.0,0.0,0.0,0.0,0.0,0.0,0.0,0.0,0.0,0.0
2023-11-07 00:00:00+00:00,0.0,0.0,0.0,0.0,0.0,0.0,0.0,0.0,0.0,0.0,0.0,0.0,0.0,0.0,0.0,0.0,0.0,0.0,0.0,0.0,0.0,0.0,0.0,0.0,0.0,0.0,0.0
2023-11-08 00:00:00+00:00,0.0,0.0,0.0,0.0,0.0,0.0,0.0,0.0,0.0,0.0,0.0,0.0,0.0,0.0,0.0,0.0,0.0,0.0,0.0,0.0,0.0,0.0,0.0,0.0,0.0,0.0,0.0
2023-11-09 00:00:00+00:00,0.0,0.0,0.0,0.0,0.0,0.0,0.0,0.0,0.0,0.0,0.0,0.0,0.0,0.0,0.0,0.0,0.0,0.0,0.0,0.0,0.0,0.0,0.0,0.0,0.0,0.0,0.0
2023-11-10 00:00:00+00:00,0.0,0.0,0.0,0.0,0.0,0.0,0.0,0.0,0.0,0.0,0.0,0.0,0.0,0.0,0.0,0.0,0.0,0.0,0.0,0.0,0.0,0.0,0.0,0.0,0.0,0.0,0.0
2023-11-11 00:00:00+00:00,0.0,0.0,0.0,0.0,0.0,0.0,0.0,0.0,0.0,0.0,0.0,0.0,0.0,0.0,0.0,0.0,0.0,0.0,0.0,0.0,0.0,0.0,0.0,0.0,0.0,0.0,0.0
2023-11-12 00:00:00+00:00,0.0,0.0,0.0,0.0,0.0,0.0,0.0,0.0,0.0,0.0,0.0,0.0,0.0,0.0,0.0,0.0,0.0,0.0,0.0,0.0,0.0,0.0,0.0,0.0,0.0,0.0,0.0
2023-11-13 00:00:00+00:00,0.0,0.0,0.0,0.0,0.0,0.0,0.0,0.0,0.0,0.0,0.0,0.0,0.0,0.0,0.0,0.0,0.0,0.0,0.0,0.0,0.0,0.0,0.0,0.0,0.0,0.0,0.0
2023-11-14 00:00:00+00:00,0.0,0.0,0.0,0.0,0.0,0.0,0.0,0.0,0.0,0.0,0.0,0.0,0.0,0.0,0.0,0.0,0.0,0.0,0.0,0.0,0.0,0.0,0.0,0.0,0.0,0.0,0.0
2023-11-15 00:00:00+00:00,0.0,0.0,0.0,0.0,0.0,0.0,0.0,0.0,0.0,0.0,0.0,0.0,0.0,0.0,0.0,0.0,0.0,0.0,0.0,0.0,0.0,0.0,0.0,0.0,0.0,0.0,0.0
2023-11-16 00:00:00+00:00,0.0,0.0,0.0,0.0,0.0,0.0,0.0,0.0,0.0,0.0,0.0,0.0,0.0,0.0,0.0,0.0,0.0,0.0,0.0,0.0,0.0,0.0,0.0,0.0,0.0,0.0,0.0
2023-11-17 00:00:00+00:00,0.0,0.0,0.0,0.0,0.0,0.0,0.0,0.0,0.0,0.0,0.0,0.0,0.0,0.0,0.0,0.0,0.0,0.0,0.0,0.0,0.0,0.0,0.0,0.0,0.0,0.0,0.0
2023-11-18 00:00:00+00:00,0.0,0.0,0.0,0.0,0.0,0.0,0.0,0.0,0.0,0.0,0.0,0.0,0.0,0.0,0.0,0.0,0.0,0.0,0.0,0.0,0.0,0.0,0.0,0.0,0.0,0.0,0.0
2023-11-19 00:00:00+00:00,0.0,0.0,0.0,0.0,0.0,0.0,0.0,0.0,0.0,0.0,0.0,0.0,0.0,0.0,0.0,0.0,0.0,0.0,0.0,0.0,0.0,0.0,0.0,0.0,0.0,0.0,0.0
2023-11-20 00:00:00+00:00,0.0,0.0,0.0,0.0,0.0,0.0,0.0,0.0,0.0,0.0,0.0,0.0,0.0,0.0,0.0,0.0,0.0,0.0,0.0,0.0,0.0,0.0,0.0,0.0,0.0,0.0,0.0
2023-11-21 00:00:00+00:00,0.0,0.0,0.0,0.0,0.0,0.0,0.0,0.0,0.0,0.0,0.0,0.0,0.0,0.0,0.0,0.0,0.0,0.0,0.0,0.0,0.0,0.0,0.0,0.0,0.0,0.0,0.0
2023-11-22 00:00:00+00:00,0.0,0.0,0.0,0.0,0.0,0.0,0.0,0.0,0.0,0.0,0.0,0.0,0.0,0.0,0.0,0.0,0.0,0.0,0.0,0.0,0.0,0.0,0.0,0.0,0.0,0.0,0.0
2023-11-23 00:00:00+00:00,0.0,0.0,0.0,0.0,0.0,0.0,0.0,0.0,0.0,0.0,0.0,0.0,0.0,0.0,0.0,0.0,0.0,0.0,0.0,0.0,0.0,0.0,0.0,0.0,0.0,0.0,0.0
2023-11-24 00:00:00+00:00,0.0,0.0,0.0,0.0,0.0,0.0,0.0,0.0,0.0,0.0,0.0,0.0,0.0,0.0,0.0,0.0,0.0,0.0,0.0,0.0,0.0,0.0,0.0,0.0,0.0,0.0,0.0
2023-11-25 00:00:00+00:00,0.0,0.0,0.0,0.0,0.0,0.0,0.0,0.0,0.0,0.0,0.0,0.0,0.0,0.0,0.0,0.0,0.0,0.0,0.0,0.0,0.0,0.0,0.0,0.0,0.0,0.0,0.0
2023-11-26 00:00:00+00:00,0.0,0.0,0.0,0.0,0.0,0.0,0.0,0.0,0.0,0.0,0.0,0.0,0.0,0.0,0.0,0.0,0.0,0.0,0.0,0.0,0.0,0.0,0.0,0.0,0.0,0.0,0.0
2023-11-27 00:00:00+00:00,0.0,0.0,0.0,0.0,0.0,0.0,0.0,0.0,0.0,0.0,0.0,0.0,0.0,0.0,0.0,0.0,0.0,0.0,0.0,0.0,0.0,0.0,0.0,0.0,0.0,0.0,0.0
2023-11-28 00:00:00+00:00,0.0,0.0,0.0,0.0,0.0,0.0,0.0,0.0,0.0,0.0,0.0,0.0,0.0,0.0,0.0,0.0,0.0,0.0,0.0,0.0,0.0,0.0,0.0,0.0,0.0,0.0,0.0
2023-11-29 00:00:00+00:00,0.0,0.0,0.0,0.0,0.0,0.0,0.0,0.0,0.0,0.0,0.0,0.0,0.0,0.0,0.0,0.0,0.0,0.0,0.0,0.0,0.0,0.0,0.0,0.0,0.0,0.0,0.0
2023-11-30 00:00:00+00:00,0.0,0.0,0.0,0.0,0.0,0.0,0.0,0.0,0.0,0.0,0.0,0.0,0.0,0.0,0.0,0.0,0.0,0.0,0.0,0.0,0.0,0.0,0.0,0.0,0.0,0.0,0.0
2023-12-01 00:00:00+00:00,0.0,0.0,0.0,0.0,0.0,0.0,0.0,0.0,0.0,0.0,0.0,0.0,0.0,0.0,0.0,0.0,0.0,0.0,0.0,0.0,0.0,0.0,0.0,0.0,0.0,0.0,0.0
2023-12-02 00:00:00+00:00,0.0,0.0,0.0,0.0,0.0,0.0,0.0,0.0,0.0,0.0,0.0,0.0,0.0,0.0,0.0,0.0,0.0,0.0,0.0,0.0,0.0,0.0,0.0,0.0,0.0,0.0,0.0
2023-12-03 00:00:00+00:00,0.0,0.0,0.0,0.0,0.0,0.0,0.0,0.0,0.0,0.0,0.0,0.0,0.0,0.0,0.0,0.0,0.0,0.0,0.0,0.0,0.0,0.0,0.0,0.0,0.0,0.0,0.0
2023-12-04 00:00:00+00:00,0.0,0.0,0.0,0.0,0.0,0.0,0.0,0.0,0.0,0.0,0.0,0.0,0.0,0.0,0.0,0.0,0.0,0.0,0.0,0.0,0.0,0.0,0.0,0.0,0.0,0.0,0.0
2023-12-05 00:00:00+00:00,0.0,0.0,0.0,0.0,0.0,0.0,0.0,0.0,0.0,0.0,0.0,0.0,0.0,0.0,0.0,0.0,0.0,0.0,0.0,0.0,0.0,0.0,0.0,0.0,0.0,0.0,0.0
2023-12-06 00:00:00+00:00,0.0,0.0,0.0,0.0,0.0,0.0,0.0,0.0,0.0,0.0,0.0,0.0,0.0,0.0,0.0,0.0,0.0,0.0,0.0,0.0,0.0,0.0,0.0,0.0,0.0,0.0,0.0
2023-12-07 00:00:00+00:00,0.0,0.0,0.0,0.0,0.0,0.0,0.0,0.0,0.0,0.0,0.0,0.0,0.0,0.0,0.0,0.0,0.0,0.0,0.0,0.0,0.0,0.0,0.0,0.0,0.0,0.0,0.0
2023-12-08 00:00:00+00:00,0.0,0.0,0.0,0.0,0.0,0.0,0.0,0.0,0.0,0.0,0.0,0.0,0.0,0.0,0.0,0.0,0.0,0.0,0.0,0.0,0.0,0.0,0.0,0.0,0.0,0.0,0.0
2023-12-09 00:00:00+00:00,0.0,0.0,0.0,0.0,0.0,0.0,0.0,0.0,0.0,0.0,0.0,0.0,0.0,0.0,0.0,0.0,0.0,0.0,0.0,0.0,0.0,0.0,0.0,0.0,0.0,0.0,0.0
2023-12-10 00:00:00+00:00,0.0,0.0,0.0,0.0,0.0,0.0,0.0,0.0,0.0,0.0,0.0,0.0,0.0,0.0,0.0,0.0,0.0,0.0,0.0,0.0,0.0,0.0,0.0,0.0,0.0,0.0,0.0
2023-12-11 00:00:00+00:00,0.0,0.0,0.0,0.0,0.0,0.0,0.0,0.0,0.0,0.0,0.0,0.0,0.0,0.0,0.0,0.0,0.0,0.0,0.0,0.0,0.0,0.0,0.0,0.0,0.0,0.0,0.0
2023-12-12 00:00:00+00:00,0.0,0.0,0.0,0.0,0.0,0.0,0.0,0.0,0.0,0.0,0.0,0.0,0.0,0.0,0.0,0.0,0.0,0.0,0.0,0.0,0.0,0.0,0.0,0.0,0.0,0.0,0.0
2023-12-13 00:00:00+00:00,0.0,0.0,0.0,0.0,0.0,0.0,0.0,0.0,0.0,0.0,0.0,0.0,0.0,0.0,0.0,0.0,0.0,0.0,0.0,0.0,0.0,0.0,0.0,0.0,0.0,0.0,0.0
2023-12-14 00:00:00+00:00,0.0,0.0,0.0,0.0,0.0,0.0,0.0,0.0,0.0,0.0,0.0,0.0,0.0,0.0,0.0,0.0,0.0,0.0,0.0,0.0,0.0,0.0,0.0,0.0,0.0,0.0,0.0
2023-12-15 00:00:00+00:00,0.0,0.0,0.0,0.0,0.0,0.0,0.0,0.0,0.0,0.0,0.0,0.0,0.0,0.0,0.0,0.0,0.0,0.0,0.0,0.0,0.0,0.0,0.0,0.0,0.0,0.0,0.0
2023-12-16 00:00:00+00:00,0.0,0.0,0.0,0.0,0.0,0.0,0.0,0.0,0.0,0.0,0.0,0.0,0.0,0.0,0.0,0.0,0.0,0.0,0.0,0.0,0.0,0.0,0.0,0.0,0.0,0.0,0.0
2023-12-17 00:00:00+00:00,0.0,0.0,0.0,0.0,0.0,0.0,0.0,0.0,0.0,0.0,0.0,0.0,0.0,0.0,0.0,0.0,0.0,0.0,0.0,0.0,0.0,0.0,0.0,0.0,0.0,0.0,0.0
2023-12-18 00:00:00+00:00,0.0,0.0,0.0,0.0,0.0,0.0,0.0,0.0,0.0,0.0,0.0,0.0,0.0,0.0,0.0,0.0,0.0,0.0,0.0,0.0,0.0,0.0,0.0,0.0,0.0,0.0,0.0
2023-12-19 00:00:00+00:00,0.0,0.0,0.0,0.0,0.0,0.0,0.0,0.0,0.0,0.0,0.0,0.0,0.0,0.0,0.0,0.0,0.0,0.0,0.0,0.0,0.0,0.0,0.0,0.0,0.0,0.0,0.0
2023-12-20 00:00:00+00:00,0.0,0.0,0.0,0.0,0.0,0.0,0.0,0.0,0.0,0.0,0.0,0.0,0.0,0.0,0.0,0.0,0.0,0.0,0.0,0.0,0.0,0.0,0.0,0.0,0.0,0.0,0.0
2023-12-21 00:00:00+00:00,0.0,0.0,0.0,0.0,0.0,0.0,0.0,0.0,0.0,0.0,0.0,0.0,0.0,0.0,0.0,0.0,0.0,0.0,0.0,0.0,0.0,0.0,0.0,0.0,0.0,0.0,0.0
2023-12-22 00:00:00+00:00,0.0,0.0,0.0,0.0,0.0,0.0,0.0,0.0,0.0,0.0,0.0,0.0,0.0,0.0,0.0,0.0,0.0,0.0,0.0,0.0,0.0,0.0,0.0,0.0,0.0,0.0,0.0
2023-12-23 00:00:00+00:00,0.0,0.0,0.0,0.0,0.0,0.0,0.0,0.0,0.0,0.0,0.0,0.0,0.0,0.0,0.0,0.0,0.0,0.0,0.0,0.0,0.0,0.0,0.0,0.0,0.0,0.0,0.0
2023-12-24 00:00:00+00:00,0.0,0.0,0.0,0.0,0.0,0.0,0.0,0.0,0.0,0.0,0.0,0.0,0.0,0.0,0.0,0.0,0.0,0.0,0.0,0.0,0.0,0.0,0.0,0.0,0.0,0.0,0.0
2023-12-25 00:00:00+00:00,0.0,0.0,0.0,0.0,0.0,0.0,0.0,0.0,0.0,0.0,0.0,0.0,0.0,0.0,0.0,0.0,0.0,0.0,0.0,0.0,0.0,0.0,0.0,0.0,0.0,0.0,0.0
2023-12-26 00:00:00+00:00,0.0,0.0,0.0,0.0,0.0,0.0,0.0,0.0,0.0,0.0,0.0,0.0,0.0,0.0,0.0,0.0,0.0,0.0,0.0,0.0,0.0,0.0,0.0,0.0,0.0,0.0,0.0
2023-12-27 00:00:00+00:00,0.0,0.0,0.0,0.0,0.0,0.0,0.0,0.0,0.0,0.0,0.0,0.0,0.0,0.0,0.0,0.0,0.0,0.0,0.0,0.0,0.0,0.0,0.0,0.0,0.0,0.0,0.0
2023-12-28 00:00:00+00:00,0.0,0.0,0.0,0.0,0.0,0.0,0.0,0.0,0.0,0.0,0.0,0.0,0.0,0.0,0.0,0.0,0.0,0.0,0.0,0.0,0.0,0.0,0.0,0.0,0.0,0.0,0.0
2023-12-29 00:00:00+00:00,0.0,0.0,0.0,0.0,0.0,0.0,0.0,0.0,0.0,0.0,0.0,0.0,0.0,0.0,0.0,0.0,0.0,0.0,0.0,0.0,0.0,0.0,0.0,0.0,0.0,0.0,0.0
2023-12-30 00:00:00+00:00,0.0,0.0,0.0,0.0,0.0,0.0,0.0,0.0,0.0,0.0,0.0,0.0,0.0,0.0,0.0,0.0,0.0,0.0,0.0,0.0,0.0,0.0,0.0,0.0,0.0,0.0,0.0
2023-12-31 00:00:00+00:00,-0.0007593750000000066,-0.0002531249999999652,-0.0010124999999999718,-0.0010124999999999718,-0.0005062500000000414,-0.0005062500000000414,-0.000867857142857198,-0.00014464285714288483,-0.0010124999999999718,-0.0010124999999999718,-0.0005062500000000414,-0.0005062500000000414,-0.0006749999999999812,-0.0003374999999999906,-0.0010124999999999718,-0.0015187500000000131,-0.0005062500000000414,0.0,-0.000787500000000052,-0.0003374999999999906,-0.0009000000000000119,-0.0015187500000000131,0.0,-0.0005062500000000414,-0.000787500000000052,-0.00022500000000003073,-0.0010124999999999718
2024-01-01 00:00:00+00:00,0.021388810281607107,0.001782063818194235,0.013433568301182586,0.02157402406426523,-0.005591702798705689,-0.0032995308521694966,0.030957659513000335,0.0005659717669808106,0.014807197452753496,-0.02258652406426509,0.004579202798705717,0.001274530852169331,0.014049312136452663,0.002680292791298333,0.01231390013614031,0.058710238734372755,0.005088028613191131,-0.0015187500000000131,0.03204807769188145,0.0027141572526170332,0.011826673974957957,-0.05924648226601992,-0.0005062500000000414,0.0007671218693303672,0.005863589457572482,0.001471429594548157,0.012336695663270225
2024-01-02 00:00:00+00:00,0.003685786909046751,-0.031415527515878394,0.0416292760397623,0.026408536234948876,-0.035740932732127084,-0.0011634543770505656,0.011515810293220019,-0.04006223851408819,0.0383544838142571,-0.028823913619799413,0.033150339171574394,0.0005166533611105084,-0.0033213184354864422,-0.018102396904762785,0.03255544287812029,0.10813285649549265,0.0025605361909817326,0.10390670811102032,0.027865048435415485,-0.027126763176050006,0.06005602593659187,-0.11748190968220296,0.02906898679595238,-0.07375129574427874,-0.02111779597574659,-0.021233243313686034,0.02055074112108035
2024-01-03 00:00:00+00:00,-0.033003950655531744,0.020641333695554653,-0.010598711829451712,-0.017330114753347003,-0.013006317508567733,-0.017575499730054123,-0.037467864073747026,0.018206285240981668,-0.01569788997872623,0.0194804049913746,0.0005872821732721967,0.06280792977323024,-0.020527054175967452,0.016745447539617375,0.0024536394910266157,-0.07100511247423735,-0.07739648238311703,-0.0769745982975758,-0.045580037314852606,0.0009193858022722434,-0.027170006682663783,0.053519129277108224,0.04432957581906316,0.05031535779855112,-0.01995000820963111,0.028411267413937846,0.0011971198109534953
2024-01-04 00:00:00+00:00,0.1569048549512091,0.10664773460873533,0.044635853439912276,-0.03472758259425068,-0.02577461677635684,-0.03665205647681813,0.1754004035543213,0.10901838683305143,0.044698807215616476,-0.017907994116933668,-0.08915233077475171,-0.03144035753088914,0.12742462307411895,0.0720626465097578,0.0334194471187248,0.11615084393211039,0.12341432911445138,0.1313383705987312,0.17515446141883073,0.12651281007682558,0.06913249035183355,-0.0828394104165755,-0.08552234002097792,-0.09452827156696597,0.12103597746757822,0.07420440367687098,0.0187368727278594
2024-01-05 00:00:00+00:00,-0.03332434956391683,-0.0064593180110155135,-0.028521722228306623,0.006213534375543839,0.0031205797658149237,0.006881035578723882,-0.04110286641030314,-0.007359356578984122,-0.02982227825926298,-0.04251433549220773,-0.044440364349164874,-0.040420666871715194,-0.03844664188734381,-0.013098684185241516,-0.034570954983421553,0.056078526966439224,0.057791986391875216,0.0617771531630571,-0.019441857956309927,0.006161087591165293,-0.01113724563728169,-0.04622852964036395,-0.041377027407345834,-0.03901392856934127,-0.0386713889100222,-0.012935168404955788,-0.03442454203298784
2024-01-06 00:00:00+00:00,0.04152586695540661,0.0244510197359864,0.014985803289529365,-0.07679364191425986,-0.09134602583928719,-0.05223516911893411,0.02064992043184577,0.007891729045341522,0.0013186738851369562,0.07373462362010774,0.06704929224620293,0.07441705035774415,0.051141232059481734,0.03715446739311856,0.029863885025301906,-0.035813334921242945,-0.048054870592882826,-0.04297183963196394,0.027224661015762486,0.011750933864234092,0.004430807746061305,0.0793049004474129,0.06795781180080462,0.07422649614885013,0.05123269230901806,0.03705363263943662,0.02974364133849927
2024-01-07 00:00:00+00:00,0.044579041124308105,-0.041438934893795576,-0.014687854261743016,-0.05843642685865358,-0.10428583843087946,-0.03190003902479199,0.032811533402155035,-0.06173289043931296,-0.03180487230636975,0.09979660192563689,0.08850120131544426,0.0961402347812288,0.06155953600232977,-0.01594343280293198,0.009716169718263279,-0.02225779642510517,-0.052993399981294265,-0.09151131930525613,0.035087984272016204,-0.04918478051718267,-0.03354765009114857,0.09902765712297978,0.0890953199792841,0.09685105430632146,0.06155960419072182,-0.016012642668757904,0.008934020033671164
2024-01-08 00:00:00+00:00,0.014789830612575328,0.038417033344068985,0.009389107215818093,-0.07112583334781275,-0.019733249516931006,-0.018962037623565076,-0.002984732121346978,0.03435491992515938,0.00757853173001144,0.015389290211411666,0.013233915052972778,0.06629435545717044,0.016410799348241634,0.0370968864209289,0.02268470778960352,-0.011765484852517272,-0.018803942636114845,-0.1001861274653918,0.010928253368364782,0.030235056093685486,-0.013178564852870611,0.015206049755546847,0.013385748694552557,0.019045598974480882,0.016409853718271084,0.03709949299977655,0.012207721884473166
2024-01-09 00:00:00+00:00,-0.03785369512058423,-0.07536208568610236,0.07492792347158073,0.08500482157378642,0.009471823209476371,0.008071195364040884,-0.025057630681655674,-0.07259625305476314,0.08066799929585788,0.002312113955733608,-0.011554471313248937,-0.05837065384984852,-0.033236934801616824,-0.06985646487068276,0.05351586202589731,-0.03666906327470287,0.04261352447789535,0.05671094464660542,-0.045036407260520606,-0.05556047836952316,0.0794329725091425,0.0030545558450987276,-0.01156102933572134,-0.013596681326066506,-0.033236956262804984,-0.06985639504126173,0.06423344239465667
2024-01-10 00:00:00+00:00,-0.008217653984440187,-0.007444006875709452,-0.04122082359139978,0.053771652391335634,0.020737847720469604,0.06549243621044853,0.006253734556106005,-0.007015882651679184,-0.02816470675188365,-0.06370341996411999,-0.06917794227057583,0.023879701358462402,-0.021703113508942717,-0.02260451188248236,-0.03212885677443911,0.018560468925493012,0.0061308617756843375,0.007426066974631107,-0.0005130435084511609,-0.012033267938913572,-0.035573674246515585,-0.06369403582649869,-0.06823262374395267,-0.06559654165358508,-0.021666414849416782,-0.022554114226454147,-0.05075634645570526
2024-01-11 00:00:00+00:00,-0.06998254359238498,0.0014589070500776735,0.03467560693796634,0.02538125563100757,0.1681125197464426,-0.019973037588879805,-0.07469198580278402,0.044581470088768116,0.04759735810109045,-0.13340639072427674,-0.07833761313131471,-0.11871909856667062,-0.09382735135438858,-0.0193596125325467,0.009658319833091511,0.04882466940385055,0.03630323060034968,0.1551044713595615,-0.059900748314931196,0.01970027097722582,0.06634985294980811,-0.1334119981399915,-0.14763035712509442,-0.11922940333537313,-0.09045346904620422,-0.03137817811938981,0.00410750074358579
2024-01-12 00:00:00+00:00,-0.00829593353790914,0.011198027947349143,-7.35094913860701e-05,-0.037031583250603184,-0.006108997896846047,-0.0001683501896051487,-0.019443568929049637,0.009887438885630706,0.0015342410505307935,-0.003807020219037338,0.00021753747997776962,-0.01448179820325246,-0.008406027810998307,0.010803535528546293,-0.0018313632635263977,-0.04346596544502879,0.041695218746774065,0.02363206756487979,-0.01623382585872435,0.017213993386746784,0.005166226132342633,0.012218893733856317,-0.005731993670495372,-0.015264688441812835,-0.005109996889450907,0.010933164789717065,-0.0030487876894328414
2024-01-13 00:00:00+00:00,0.015826325417112708,0.03141140764092487,0.01708920810911474,-0.047858585326760794,0.0599484572101443,0.03916959394201469,0.012868380457087492,0.05364831231584399,0.023212793817826594,-0.038776370640028035,-0.04404851690741163,-0.10688941880750058,0.006762326057648371,0.022044802438961453,-0.009777822551983784,0.1077115075419377,0.04677595683068447,0.009763302860937628,0.0382291322902748,0.0364850304893678,0.013187604789935081,0.00622546223569076,-0.07019641125878195,-0.019441039517379854,0.018384281422298088,0.010407617379054379,0.009971956232168733
2024-01-14 00:00:00+00:00,-0.03784909620747401,-0.06000040876940771,-0.03976957443218232,-0.02577073299857413,-0.05755816034068095,-0.023035739156105572,-0.051490439519161546,-0.0759371845881962,-0.048692447287935425,0.005585720044476217,0.03986433492454733,0.03967660163310138,-0.03642086571577985,-0.05113772934243943,-0.0314562826392627,-0.14195221484286813,-0.060793024281625474,-0.13267234912616443,-0.059325121012340665,-0.059980233830358554,-0.0585784897253534,0.022191885792727906,0.014951109976422572,0.024428528257236293,-0.028351467615326365,-0.045039600046131056,-0.03186160103937474
2024-01-15 00:00:00+00:00,-0.005456660838021765,0.01555129789514087,-0.006528169485681801,-0.012773562022936225,-0.013525938280413485,-0.014230564691050107,-0.004274397151862619,0.008530823338851024,-0.013005767650204558,0.061612160247642045,0.00675212552734239,0.05824931435026848,0.011468602606417244,0.012370131798978834,0.013776310154179683,-0.013450242209399943,0.0031337508162145866,-0.03143868596534671,-0.005717159965458407,0.008499224212144219,-0.008062803987891054,0.009278536899034462,0.01340865255069179,0.012735025428154412,-0.0005983295589954141,0.011682369213391386,-0.0004299708398006752
2024-01-16 00:00:00+00:00,0.025054186599952066,0.006815188743790612,0.008899214470532879,-0.01854485590239019,-0.019200232031573616,-0.018909534620066726,0.025422557162889214,-5.1478117300662873e-05,0.009449537036390065,-0.06978031113895822,-0.00887400938338967,-0.06579559730827789,0.009599035118679211,0.004931303834633027,-0.007048671694783737,0.03843860331880955,-0.008401072430181511,-0.0477419231597872,0.03317917214365185,0.003938332891784357,0.0009095175984468185,-0.04264723381865687,0.012980835383978873,-0.04510210477971954,0.013787668666866093,0.008819690664937596,-0.0012519441847850254
2024-01-17 00:00:00+00:00,-0.035314341308643415,-0.021304983912263986,-0.03630826995681147,0.029083735555701873,0.029461796494075765,0.030475077411499463,-0.03113910582467294,-0.02200244430811671,-0.03838943573809983,0.04510391772801081,0.04432544475364275,0.05240785187556041,-0.02706304178282737,-0.01153360456116248,-0.028308609815611452,-0.04802741051578252,-0.04603627012142153,-0.05371208984894338,-0.04147559494006381,-0.02901573292281112,-0.04369607191148439,0.06301969735647828,0.010891126138328211,0.06705986751071968,-0.017872591435607377,-0.01300774472066879,-0.018744880485660698
2024-01-18 00:00:00+00:00,-0.026910322575565027,-0.0042401576781488926,0.03976235351843305,-0.05122560697840517,-0.05121221479380278,-0.05257904977294148,-0.04792185821603634,-0.020620325361701664,0.032776893821742314,0.04376890027432401,0.03000299512600657,0.04780583631474,-0.016352745914134936,0.00428065304447145,0.0584823394346492,0.0394447061636356,0.002183176479585436,-0.0016838522097299968,-0.015100667365157583,-0.0013210921175195178,0.03415153152379258,-0.0056870716348856876,-0.005069388050791046,-0.007671479953119564,-0.023182865880903014,-0.0038158353119900346,0.0347817530467045
2024-01-19 00:00:00+00:00,0.014365546545632046,0.04396242810372031,-0.019338430994905398,-0.03397796913326423,-0.03423426712317379,-0.03641417561997795,0.004249512538285316,0.051279195058501204,-0.039502480618128555,-0.020315340619289524,0.06019242637760458,-0.008213535759744928,0.008054703807647723,0.0619783417168398,-0.02114579550892337,-0.06414312803850042,-0.07136295259555114,-0.0636262458371124,-0.0013424261091441458,0.023833731226189814,-0.03221360559399833,0.08131512347898329,0.0457061524492024,-0.004883699621739845,0.028117277743783253,0.04559081427784806,-0.015880461603330787
2024-01-20 00:00:00+00:00,0.045858419213854695,0.01834650245859004,0.058964458884545934,-0.024178166622036645,-0.025364455000135844,0.006658733707574305,0.049879891938887644,0.01647304414733819,0.07109940678649762,0.01950136630606636,0.015190252746227983,0.018648113903353192,0.04574127441825193,0.018867497132063482,0.05395734848641087,0.022220265478144485,0.024731965781578547,0.023185078904245815,0.041366560154516785,0.019576591322882475,0.051603805027249816,-0.007662863926266916,0.024041269417483857,-0.02228915624383021,0.03633839737068301,0.02218737984949226,0.046685413951164545
2024-01-21 00:00:00+00:00,-0.005780549238868726,-0.015500120605158263,-0.04088995427942166,-0.0137597938589894,-0.05720341450925703,-0.05864414709888144,-0.014007674578158658,-0.03255485335432429,-0.06206562467381049,0.027534712663835448,0.02798434052183807,0.028596606560354454,-1.879805523774536e-05,-0.008336332710276784,-0.026694232234524273,-0.022175641870945784,-0.02298196273203945,-0.02092789751565982,-0.008660770296989306,-0.020220870582377648,-0.03648649260628534,0.037477275950407396,0.03830492094558213,0.043865321351107545,0.0034243000486486874,-0.005321470465694866,-0.027434001334180835
2024-01-22 00:00:00+00:00,-0.02451361756804471,-0.022202872955763064,-0.026327341968201412,-0.028030398646760935,-0.0277251744066207,-0.028690218057442984,-0.02561733188209314,-0.034184117864890395,-0.03756323103275527,-0.002969974842017886,-0.0027185371049294194,-0.003312208845118958,-0.02286401695292173,-0.020201114141803478,-0.021522465736804164,-0.0118493140155711,-0.011627493037162595,-0.012449603545725219,-0.02165886478622292,-0.02259793232029017,-0.023456925816248364,0.027247685291662993,0.024331357463728054,0.026285908393432145,-0.015716200068729647,-0.013860082183879685,-0.017338035887159986
2024-01-23 00:00:00+00:00,0.07438119614248229,0.022409886566252757,-0.04890232456779442,0.041577187438622154,0.04255523360808988,0.04028611931110748,0.08579675481762106,0.033228296973817795,-0.03460325209552473,-0.008892965709328737,-0.02188994330785321,-0.05947285034196059,0.05897408594923048,0.01819723628221226,-0.0521266790551812,0.031387873357724194,0.03243606395809007,0.03342632008005508,0.07008742292126646,0.02371652648448297,-0.0314222309713853,-0.012449434284094285,-0.008511356696922157,-0.012844160906468671,0.059508833452793786,0.016457233502558788,-0.04075752153797574
2024-01-24 00:00:00+00:00,0.09429313784112714,0.08155906144414948,-0.0043724688087022345,0.07097518571132477,0.07674294603437826,0.07200462193855284,0.09593082820921928,0.09684707185123753,0.013298069266118206,0.03982730730981987,0.035943861467710114,0.11239471778701104,0.084968358713438,0.08149581517560844,0.021696725092474223,0.12447518000652913,0.14872272372500217,0.07192490362594017,0.09998041024482962,0.0993367158824423,0.012094777097925835,-0.10298496144087932,-0.10576243837819865,-0.10526382114740451,0.05601131674089532,0.049397388748353865,-0.02582161192424748
2024-01-25 00:00:00+00:00,-0.01457632708405765,-0.02227407815714677,0.0075735736008173404,0.03462195036664295,0.03004570473343815,0.03771976410154809,-0.006549120943979081,-0.0155467388397722,0.01802796674425511,-0.04561099364465093,-0.04863533686731325,-0.041915027890776724,-0.023066609777505298,-0.028566369682371695,-0.001704960100309183,0.02792795448174723,0.03973083424149171,0.02601995822491432,-0.006328915424106629,-0.010714748298803256,0.012164793614404035,-0.00199846969286277,0.0009438189175301481,0.0016340789578670467,-0.013401412963973236,-0.01990907060494318,0.007389893819740978
2024-01-26 00:00:00+00:00,-0.02117892992087167,-0.09090040811376299,-0.09849797462368715,-0.026094163067853504,-0.026873192370685417,-0.026785005898432912,-0.027973270480089796,-0.09741666177433195,-0.1043502962156525,0.05238632015374267,0.07377583965890389,0.08629171374761024,-0.008011520237214964,-0.06456612613263768,-0.06884314837561445,-0.027427382863279948,-0.041741959411737084,-0.08899164691651484,-0.024011207419972758,-0.0825405327155666,-0.09679892985345473,0.06848464639890528,0.07846655110542211,0.0669344538881711,-0.0036519913111334734,-0.06039831430079823,-0.07134194636389835
2024-01-27 00:00:00+00:00,0.07978977775139895,0.07774585156075409,0.04938116755395261,0.02593940287069474,0.03183724624131745,0.029789227316886935,0.08662654728876684,0.08642212442408437,0.05693225728070428,-0.09039114658056802,-0.17260023637200406,-0.11750698205836263,0.051004753973832084,0.023649347333291493,0.013179233500191012,0.09227494408907622,0.08270612224147045,0.09439218656742265,0.08275378614394624,0.07785335269881366,0.059169294275353,-0.0427071705376848,-0.04891587758455551,-0.042414167348208354,0.061385391881718654,0.044148710584592354,0.034688174815866946
2024-01-28 00:00:00+00:00,0.006328995207256494,-0.023152488822139383,0.004832466204263586,-0.019835200117962026,-0.020712201745489822,-0.01957606853837557,0.0039663158246774355,-0.028030209346483703,-0.0008034096978358773,0.07787007788993394,0.08863576962366349,0.059983119795743,0.02218967521687021,-0.0033413735617510154,0.01921046055072617,-0.030344249484964947,-0.028227586890738898,-0.026574259713512127,-0.0003312208799949312,-0.02428657145483204,-0.0020815289808252535,-0.006722595631512229,-0.003355289138075257,-0.005260017817095508,0.004499644857726359,-0.02078040356683286,0.0030452073024618276
2024-01-29 00:00:00+00:00,0.02927725290674532,-0.027732935782713186,0.016036561752223788,0.0028964180239612336,0.000815351825605326,0.002622267850952653,0.03491358537270628,-0.029389037090349457,0.015504049303220802,0.05918863975172961,0.058063840406106015,0.056320516915226326,0.03885403058548231,-0.01192272699003838,0.02840726245142311,-0.0174970382594416,-0.014385887564176358,-0.013364167644393188,0.021388933810492228,-0.02432500255351311,0.008483546666568031,-0.01790687927157808,-0.010130115774926063,-0.01385153306937037,0.02139454925384099,-0.02492578747692753,0.010459069301886226
2024-01-30 00:00:00+00:00,-0.041309480556190215,0.05239562789455654,-0.0336596566799785,0.0174322242373377,0.020585061890469714,0.015459447827857353,-0.04891973247251635,0.06561138894637786,-0.019533529828172802,-0.086786144243849,-0.05196939028362213,-0.09204993269997763,-0.059063739407003824,0.032918234192600204,-0.047134202707059036,0.05484445185602094,0.0506185593868711,0.046618796174815236,-0.025726444862950726,0.05011515317611703,-0.008931763715210983,-0.04409299882785067,-0.045541127927143155,-0.045497723464871465,-0.042911698235643114,0.028500404622186615,-0.03667841625636459
2024-01-31 00:00:00+00:00,0.017199845165285277,0.023690612714757142,-0.013564200116612635,-0.06046912971122764,-0.06485217017138756,-0.041486022960154356,-0.0015018096053223129,0.009722434011792958,-0.02570783883731853,-0.009944735340730926,-0.029623286280420658,-0.02088248402987669,0.012822983972575308,0.015343474748646502,-0.016547575662180458,0.02396126556501499,0.025047032100619537,0.026196758753055382,0.018908210822798033,0.023935772274905398,-0.00572331279405236,0.014364798793053302,0.05494073874008598,0.04947600472039371,0.01872032718069927,0.032119489388662714,-0.002242170689260692
2024-02-01 00:00:00+00:00,0.015535446028206668,0.01009779753004203,0.020819329652178364,-0.04924228423622157,-0.021629852497887403,-0.0205994336793065,-0.003870045954807999,0.00954721856228602,0.01799018234593852,-0.0018322745673147178,-0.040232262742120106,-0.03777115950573062,0.013033398900314408,0.004442449726993258,0.005813610012043169,-0.0011924206070836885,0.004378683830582597,0.003558626273586052,0.013348372969057554,0.006817970456252986,0.021139923169424923,0.08822246403907252,0.016060036780486397,0.057602849280212975,0.03338750852176564,0.013018306827281112,0.031696405161362184
2024-02-02 00:00:00+00:00,-0.006753431881126759,0.003982410243375423,-0.0013066334608171637,-0.0026120727220519946,0.0009807666031989015,-0.0003783489055182443,-0.006788997282811793,0.0015541811389860882,-0.000726615303672129,0.016852184713358254,0.014594446344086132,0.01803781678394456,-0.0005299307249773122,0.0030067514554337205,0.0039017184085159418,0.031734220428766946,0.03181938059843992,0.031008479133348477,0.0012806779812972735,0.011066836680146963,0.004238301457798022,-0.014147228068613127,-0.016686126721736638,-0.014423487921571443,-0.010136069023604088,0.00203625767397253,-0.004464737035101973
2024-02-03 00:00:00+00:00,-0.006347226151741325,0.06257739095542258,0.008867909821880238,-0.01971771066113548,-0.04541446927111914,-0.019851549206771124,-0.011792601665904123,0.052373046960776604,0.004064269515937191,0.10911963395176438,0.10780648902001588,0.09140954501537069,0.021134408243349112,0.07531309764115046,0.029492836714109183,-0.013577309499462231,-0.013112080216810207,0.03284609558734042,-0.007877176026847788,0.05096425667592119,0.014703191541282967,-0.0478005766055859,-0.045174442646170876,-0.045455963166008195,-0.014764239471835805,0.04473512667135604,-0.001293981689782342
2024-02-04 00:00:00+00:00,0.012156776799814084,0.04590560350612005,0.012762446409257278,-0.03816364240084824,-0.0395069940968249,-0.03861731244705535,0.0028492529086106,0.040344049443664654,0.005862874318239619,0.01075843130199683,0.02601285610520576,0.014726479876672638,0.013816986406889775,0.05226440299171209,0.013184783525112431,0.014964562756051292,0.028849000993045992,0.004084718100301421,0.013136771678610382,0.042512918246024434,0.011284805583010593,0.008310951155769297,0.008264214760953958,0.007597689831398968,0.011448127132098751,0.038845161297768716,0.011662343549621479
2024-02-05 00:00:00+00:00,0.020534335693914274,0.013638327424193575,0.02648256728613818,-0.020842616778759315,-0.02165158735130801,-0.021812272933941945,0.019135317678970365,0.0077579159352940685,0.02855219490473737,-0.008504380288366864,-0.005732638158144954,-0.018882543299219567,0.016650178620211564,0.012306309294916273,0.016907053204544553,0.02234440056040299,0.03803326009452279,0.02245253588492213,0.020897539593592862,0.018209624875968444,0.025716649630356248,-0.011178935929618161,-0.011343044640072963,-0.010080892583692047,0.014165266959486278,0.009168515328076055,0.019232957094403647
2024-02-06 00:00:00+00:00,-0.02154029521307821,0.014445279417929946,-0.03862398567684744,0.008648818861713758,0.04569804861416493,0.004220379960888421,-0.02195412474772962,0.028985135405720674,-0.04607548878540402,-0.02681030708656984,-0.07231501534965235,-0.03571811362772359,-0.023665626849577404,-0.002717489370616777,-0.041126594572982955,-0.016293713388719766,-0.0026186946123124555,-0.023971067518836597,-0.020498816190285818,0.01109882297121434,-0.03568641902484715,-0.014473746136349663,-0.05282965427798747,-0.020514898016410155,-0.021222687343200097,0.001653316163079399,-0.0350491133250882
2024-02-07 00:00:00+00:00,-0.01374377845537822,-0.011778281854809669,0.028176263167431825,0.02664708089558654,-0.05904790905157542,-0.018255228720328254,-0.00750533696630129,-0.028417261546088035,0.02551823993162672,0.05965760756952565,0.11527427580354588,0.06569209707426737,0.00229834561229203,0.011277126022251505,0.03853799136122227,0.03955676856285506,0.02298805186016728,0.02199558775126209,-0.00489573654693054,-0.005017579351179746,0.029418267038103352,-0.05745400451591742,-0.012452017195755949,-0.0054339998409795864,-0.02351920986975864,-0.012563781765370985,0.023025497243276405
2024-02-08 00:00:00+00:00,-0.02669777932553219,-0.03009211300318171,-0.043127411243299774,-0.027552543715300803,-0.006856897228837755,-0.01695535412267002,-0.038867255031906245,-0.03132283047227269,-0.04871956620534568,0.04136587342463227,0.009200067501549336,0.019530592784979595,-0.013130289571899989,-0.025818527008208525,-0.03367643584736413,-0.0402823756830627,0.003620876537639539,-0.01795913697660012,-0.02876158565170961,-0.024697714246237124,-0.04161255129602792,0.031095281605450387,-0.010931899919212507,0.07538204627534939,-0.016595862482664203,-0.030653079883292356,-0.021787944451338026
2024-02-09 00:00:00+00:00,-0.005531871142997025,-0.0016143300368953728,-0.013198128338012927,-0.04255549382657897,-0.023379901812539905,-0.03904601899317672,-0.018356669279902316,-0.007293438307872324,-0.02301412170312811,0.05638334850524185,0.030303483464256376,0.04600273587104198,0.00945223086151925,0.004862116107983816,-0.0012170336452329567,0.0033698142873157533,0.002579385672236034,0.01324237378222115,-0.003485830795295297,-0.0002336128842275187,-0.008859624069942895,0.06857192775174781,0.054236760338682855,0.04342164052746389,0.011109007460587517,0.01013983749133085,-0.0015822820931548076
2024-02-10 00:00:00+00:00,-0.017553241265030994,-0.04805387076427059,-0.03389931349124431,0.0022994423874391767,0.008134060294762158,-0.015869861695216647,-0.017299664341994703,-0.048589272277651196,-0.04000640644437037,-0.02988898845934196,-0.02767131930877731,-0.04160001782639822,-0.022397527465814693,-0.049383313121885486,-0.039891115782136,-0.014883425260025174,0.002309118929472165,-0.04619899958184448,-0.017099754210005313,-0.03874589534174766,-0.0374667091734987,-0.002395163801373501,-0.0008933719540967777,-0.001171842378840826,-0.014275767953200846,-0.0428271397013853,-0.028620656389249932
2024-02-11 00:00:00+00:00,0.015739329311377226,0.04109385153431777,0.01874950731963576,-0.009418815508334344,-0.009269190716296616,-0.010624791333083916,0.014726717104729836,0.04236630114279638,0.017705168178812736,-0.024253207425268153,-0.03356059120885657,-0.021579161548861192,0.007758676140148912,0.029683577974682684,0.012544502688643044,0.014793225553285438,0.023300974640748873,-0.007181096179936897,0.015686648171887585,0.0374496020577062,0.013873614935330014,-0.000819050025182344,0.002457218053821819,0.0011172314696596963,0.012523781685568558,0.03290774930991658,0.01624788551741574
2024-02-12 00:00:00+00:00,0.010159213413436285,0.025015174645131255,-0.0026534643621588527,-0.0216084335961797,-0.019839268784705766,-0.021759374458483305,0.0051880988213757195,0.0219885600751748,-0.008724079473446333,0.04677297785591006,-0.0037729006658834274,0.05030919900797581,0.019303053833853,0.021159490968035932,0.008500984646591325,-0.0052099426037677254,0.024306777764284027,0.01332149789605297,0.007083665910152748,0.024884376323451196,0.00046862409236969604,-0.008172164439700258,-0.009360892714319502,-0.009321418393959946,0.006524673088581068,0.01837810513612559,-0.004082856568975224
2024-02-13 00:00:00+00:00,0.009276878099326202,0.027144068641082653,0.02356271556794698,0.04585765604128067,0.04787922159107816,0.05081437330963112,0.025365237699688237,0.04227440364463608,0.03925348604955814,0.06272965027376842,0.06657582186966748,0.04668092422177761,0.022437181209553403,0.03423480563934711,0.03127257950994333,-0.05123039883061731,-0.04832717358364047,-0.05131955694421397,-0.0028146682404781576,0.012043465717753277,0.008778909388539313,-0.007000252035819443,-0.005714020749015947,-0.006297019576716911,0.006024630716553903,0.020958242433045893,0.017677336486219275
2024-02-14 00:00:00+00:00,-0.022096345696042352,-0.020661482815783283,-0.018676099029222848,0.017702526746830927,0.03302149827236667,0.013190409880429188,-0.02098417449844503,-0.013727784588162595,-0.01577610200142021,-0.029317507072133764,-0.03607992429145257,-0.00658838028526898,-0.025158565910691655,-0.025716984654380992,-0.018946672137263088,0.01704815252041425,0.06462511217699918,0.025172556670076007,-0.014938925401690062,-0.004081845830461228,-0.010260811029603967,0.034363514818703145,0.04917622994764104,0.02660520610448125,-0.011010605182109834,-0.006842575341679091,-0.009794595289246533
2024-02-15 00:00:00+00:00,-0.10314788876433434,-0.12483315744363843,-0.0812947243787493,0.030366522956879693,0.010368271148409214,0.008334579823461086,-0.09152538591881432,-0.139582023412132,-0.09632212784376593,-0.04485320153136241,0.025689079203639276,-0.03741728868278871,-0.1154706755334367,-0.10510083927073477,-0.07311638185100722,-0.07763520518689415,0.008834898095896326,0.05143202534537239,-0.0977485788114445,-0.0964265001023058,-0.05529419832680371,-0.09745750617709914,-0.057472828636103035,-0.006095357983082916,-0.10185108772876594,-0.11074964224872641,-0.0659534806944504
2024-02-16 00:00:00+00:00,0.08103497404156013,0.07013401335517777,0.03682025639537345,-0.03754781268425034,-0.030960605764293603,-0.058735908319288876,0.06990121645707759,0.07056643580394861,0.02653275172255043,-0.0018157957575735129,0.0022644068889148272,0.02556964778053472,0.08042787207869573,0.06082296655050401,0.04080325047663269,0.06568859454884635,0.020420446602556153,0.03577028022489381,0.07783373340996413,0.05879192018816859,0.03658742832557271,0.03849352878594381,0.010233621387797598,0.045652858806108476,0.0725526553544229,0.05702747064130742,0.042032718645675926
2024-02-17 00:00:00+00:00,-0.03701972909289952,-0.024960223351990884,-0.011056351457440217,0.008649801212544661,0.03644544167593633,0.017043584233777942,-0.0351070778738638,-0.019690865154590287,-0.008758796940135816,0.023754870607550993,-0.017920325167740003,-0.0021494506719318407,-0.03129280117887279,-0.02364463005703532,-0.009959251316712936,-0.048951064767183805,-0.046065855958857704,-0.043921580571979923,-0.03929853824446572,-0.029305275079325233,-0.017925023659970285,-0.005141741234532482,-0.01817795590000293,-0.01757529885074638,-0.031052905156175648,-0.023813672648400175,-0.01331947692884261
2024-02-18 00:00:00+00:00,-0.009762696139536842,-0.011159312766258145,-0.02504298651379344,0.01923847302385151,0.019527226515526852,0.02052077396375096,-0.0050986682783172865,-0.007727266556864287,-0.025117106202521278,0.04086525782314099,0.045521338801098876,0.02991739060835985,0.000911858946213151,0.0003209056163164803,-0.016142579345411745,-0.06687648577012106,-0.0712315411099419,-0.06397836399071533,-0.022713634464476162,-0.02224659018554609,-0.03284358903849238,-0.02587142753026228,-0.027228246048653926,-0.025607524282906913,-0.012735406002394756,-0.014774048015006036,-0.026897091218881508
2024-02-19 00:00:00+00:00,0.017363656005908945,-0.04543924658492082,-0.019418012741496904,0.042958373700561436,0.039438820414570364,0.04238850614349565,0.031038814284569005,-0.036404704406972854,-0.00984965263953086,0.009964716462190992,0.03115972979580106,0.055799534039332244,0.016353735544588854,-0.03158847863874725,-0.0047193575689307155,-0.0074404811620857325,-0.011673109925830594,-0.00521641723980848,0.012664825901805843,-0.04080867956488865,-0.0174406284374391,-0.04636409772204331,-0.047524531238404166,-0.04404100208334627,0.004839042734063215,-0.04577723861684857,-0.02431009098802006
2024-02-20 00:00:00+00:00,-0.007101045952188079,0.009136034007762861,-0.0014569766843224308,0.013494375906431877,0.012692255570477151,0.012464788315744713,-0.0042987281316769765,0.01536565978114579,0.0009087373368235063,-0.018199943366835947,-0.004960172497270099,0.01436694944665784,-0.009977036566437225,0.007070171614306675,0.0013495854552196818,-0.0024695690391643987,-0.0027427247574828284,-0.0034111344061816817,-0.006786031582018293,0.007373950257815398,-0.0018746990873109715,-0.03894742350111646,-0.03540291064552792,-0.037307397983383894,-0.012914166510678449,-0.00199293650806065,-0.007676872743414664
2024-02-21 00:00:00+00:00,-0.007598946044651833,0.0354481028939857,0.04078907846550739,0.02092896745153805,0.0371592770838205,0.023235297715424874,-0.0037524425571717757,0.04834193791228936,0.05022968292906005,-0.00037872055871013277,0.00015754934694522937,-0.013634066311595694,-0.00621663782038584,0.031745581514932564,0.032734533461034276,-0.030829021154879843,-0.022985366911269733,-0.011900054700658802,-0.013087691234819343,0.025418931145013923,0.03249829315440045,-0.03430600356351354,-0.03819979687845654,-0.03904325167699352,-0.01361003904302327,0.02179627007603746,0.026780014549979247
2024-02-22 00:00:00+00:00,-0.03981581493978903,-0.030074102907090672,-0.013144293150116004,0.02087604885434491,0.022946814700262497,0.0071228463542984954,-0.038386587852589305,-0.022075986728495978,-0.01108647204986446,-0.04784102999819073,-0.09980805338727461,-0.021890988487936025,-0.04274787398185709,-0.046870487675184536,-0.020302281916716014,-0.05289216505133354,-0.011964291563594798,-0.024023955766551475,-0.04534558739503147,-0.028428504160760593,-0.01625797299561149,-0.035087389342169484,-0.038088982756741,-0.030540025166714835,-0.041540447247904067,-0.03438990954613508,-0.017337086184494477
2024-02-23 00:00:00+00:00,-0.025669386376587888,-0.025077632994031873,-0.00677344321560347,0.014163026462466366,0.03293222671210416,0.013882290342143833,-0.023766032545471383,-0.020743897336563677,-0.004382012142227998,-0.03658925359763887,-0.06000326600576433,-0.02802547080453255,-0.02991790743496281,-0.03589465401159275,-0.01193729152436429,-0.019673805361994035,0.03552947380727711,-0.0072903168740775515,-0.025704556690488323,-0.015887342375719093,-0.007850914174235779,-0.024285088736032856,-0.033956623931538754,-0.0229492438360005,-0.02814232145508,-0.028118833976236268,-0.009776338323204126
2024-02-24 00:00:00+00:00,0.09749183755606938,0.04947988032644868,0.04845692656486422,-0.08260267200070015,-0.0505069825571981,-0.04967697958490325,0.06985467756854247,0.03473377443979997,0.03406918059766895,0.009617622929786407,0.0028030959214417894,0.03224960111866748,0.10686608325681468,0.05040603998814808,0.058980711907586914,0.07067270349317956,0.03733517935710817,0.09768355127747808,0.09286322750613829,0.047630835024645046,0.06111883252234129,0.04773181767015444,0.052684460103805675,0.09702299394921932,0.09439271725440745,0.057194634009344325,0.06217995176094826
2024-02-25 00:00:00+00:00,0.013191477869666013,-0.008235773005212166,-0.017840121387592167,0.07877021619420677,0.06427175181384492,0.066024860362361,0.027499867347018814,0.006671879046114659,-0.0006537411506292168,0.02521351986252851,0.04401433329604543,0.009625121643823453,0.02268295042835944,-0.0018661364594556584,-0.014605102733243669,-0.04620591505500815,-0.04157540110618774,-0.032629647538065853,0.00181236059168155,-0.01611432907352872,-0.020744349826815833,-0.06870432133409043,-0.06268514528047164,-0.07116164761806132,-0.001291631356079903,-0.02162852916627278,-0.03250630029784929
2024-02-26 00:00:00+00:00,0.0001199169221535179,0.0029118034096293766,0.004059488451133353,-0.05747328592274581,-0.05225905674233722,-0.055261356840834,-0.011859329764475568,-0.009345126425628458,-0.00999072421831304,0.033356658459651634,0.018730853244607104,0.004275748015990732,0.010131693428549138,0.007363984746346253,0.006644057167533912,-0.011686624387957756,-0.007339945465949516,0.007175798580187465,-0.001808907640422408,0.0008258423387210723,0.005416802275032717,0.05811078106334411,0.05205807694325926,0.06352053546421321,0.011397361406172868,0.013571461236653093,0.018017150159632678
2024-02-27 00:00:00+00:00,0.03302233527603349,0.040026494209072894,0.035827088692125475,-0.04441619944559905,-0.04646588022448228,-0.044539631445834726,0.020498802599036026,0.026661944805772553,0.022590277454103802,-0.008329477583169154,-0.04160753028079478,-0.026671719162156826,0.033801626644641924,0.028210599423771576,0.03500463920540575,0.04558716526477413,0.019197056256799128,0.03600356974431351,0.0359965543480909,0.03665000397447549,0.037399860538512186,0.0420057093251478,0.04499619762824336,0.04416285585245805,0.037774134101080215,0.045096931874544,0.04195176047374227
2024-02-28 00:00:00+00:00,0.021046274286753652,-0.0011524230641312139,0.08777806130023813,-0.035864930245880444,-0.028250748586620245,0.1971725450073003,0.012469585048645593,-0.00931072217871376,0.13938598238652045,-0.004455844500713568,-0.07788423423555213,-0.20536429425669844,0.022727812739798958,-0.02298598882271896,0.04500183467920471,0.04197585540285753,-0.0046564675197512395,0.0033011960355293635,0.02526795046008945,-0.0016331653448348193,0.07079400320245122,0.027149747391173262,0.030143251907182922,0.027899136474409447,0.02425282106983495,0.0050740280866792276,0.08125285451366615
2024-02-29 00:00:00+00:00,0.13919669807316937,0.11405148256673026,0.15837554412150623,-0.09821764987834425,-0.008840560359316685,0.030371105813501886,0.11294452658047893,0.11291318140284057,0.1568939541873262,-0.04326393655062288,-0.1562795929243761,-0.3079907781252329,0.1344750444098899,0.08713420285539653,0.12648143429674863,0.09709234367985053,0.10911525324351934,0.02853508716764952,0.13071114286830343,0.11321135955789496,0.13339137223924746,0.06917662913006373,0.06195811174383703,0.03510244162161147,0.13649112735614666,0.11312819811980335,0.1426483139739696
2024-03-01 00:00:00+00:00,-0.011764894521473446,-0.050085570696396964,-0.026785847111995165,-0.12164371687493114,-0.1232046528225107,-0.17203869984255382,-0.04008442717202221,-0.07749375592404917,-0.0673641857792161,0.03549790533019226,0.07761046452873255,0.19984169902180482,-0.0010051000765610718,-0.043711852194485146,0.0004694350982876738,-0.061724717631032044,-0.033845733348303986,0.0342593549915593,-0.021759012418918422,-0.04703266555182406,-0.017415432646397666,0.07182049908353383,0.09046811702884883,0.09961893226411322,0.005070822938224806,-0.024196369594688183,-0.0034912736485587237
2024-03-02 00:00:00+00:00,0.09743483806745101,0.06913965635727815,0.01889865040839278,0.16120241299533222,0.19194943410604437,0.19092951183786422,0.14307626974434995,0.11196938622647745,0.07611174324967096,-0.16854942492006453,-0.1604929769465543,-0.13824008402442067,0.06472784880674398,0.03523367867033267,-0.01726992759032797,0.12138281227853565,0.13075054552692245,0.1330399789508947,0.10467094773120778,0.08197596611555125,0.04153990885362102,-0.054043167704168504,-0.0009389275637311512,-0.010328097615662113,0.07385816692065617,0.05926143542144935,0.015229918617945204
2024-03-03 00:00:00+00:00,-0.009164205369891043,0.012709273436952051,-0.005781411515505486,0.056153978117545966,0.04873022346347122,0.04690862531899276,0.0055575844708952715,0.02619268786293505,0.007689084442939809,0.010689175901012815,0.025660017352007847,0.014862084937103504,-0.00698308344135723,0.024335181440813924,-0.005021192688259402,0.0060241410690162756,-0.007726214193282455,-0.004469922885783073,-0.00701183838274666,0.007727668787842479,-0.004442039109335494,-0.0070574418423791085,-0.019165499323433033,-0.0007539464434066501,-0.008197675388314618,0.004888280280862745,-0.004893310134328699
2024-03-04 00:00:00+00:00,0.11876351130510843,0.10060738400719171,0.12292000710483886,0.12893605266964858,0.13347304002611082,0.16213074233225533,0.1523502717200771,0.1342517105547194,0.18196280779505547,-0.17222024853317375,-0.1688014975448262,-0.26097163760935904,0.09081552389740155,0.06650830572498756,0.08082482645346345,0.1510971624613333,0.160867699197633,0.24459021118340596,0.1310455583775869,0.11820988210274819,0.15104789940805996,-0.049684060335482894,-0.018519479689541485,-0.0416763732842893,0.09648873790880863,0.08991099417615755,0.10129141633331584
2024-03-05 00:00:00+00:00,0.24225557817138776,0.1641821162226904,0.13008698938704488,0.21174067674783426,-0.009083367828314648,-0.0825676959803966,0.27961722734602845,0.15625169735433397,0.10239370220211552,-0.4713121453053273,-0.2630620124794626,-0.2449310873609032,0.15271971344945823,0.13040583767765002,0.09168027918325317,0.37169772815527025,0.09627540509744414,0.1538469915337093,0.27333264248957634,0.15580842006442164,0.1383288841932131,-0.11497813443959293,0.0591534791255135,0.010168179636159014,0.18673637266581755,0.16196086657268105,0.1191972534768222
2024-03-06 00:00:00+00:00,-0.0382088948817898,-0.05323225780022267,-0.056076386730035344,-0.02671280587164304,0.017857753068006632,0.004579377955841402,-0.03671340087996766,-0.0506753426848503,-0.05859760244296397,0.3636634669743639,0.141212716065922,0.1362035482727939,-0.0009612040676808542,-0.04169062204723706,-0.03736185535259584,-0.05133243432530976,0.051960788479443965,-0.022488219060578962,-0.04050210955917544,-0.034186236869253483,-0.051750844265774476,0.005421825690207216,0.033634711642722914,0.025909515802550187,-0.03669430796335127,-0.0423086962338215,-0.04057714327500539
2024-03-07 00:00:00+00:00,-0.08431211742844691,-0.05628632450774573,-0.05625421098158834,-0.02886718076723549,-0.011674308283254442,-0.0030588041717141135,-0.09684653348482963,-0.058974186657114624,-0.06162054105507875,0.04020893778687573,0.05864354317867804,0.025207085556900655,-0.08573954369033632,-0.04366795040491145,-0.04638552089011261,-0.03917774569886456,-0.051426640933490364,0.002063041675117283,-0.08046135550783873,-0.057193642225845776,-0.049142682772406854,-0.04285661019521925,-0.06479614313800675,-0.06269923396382959,-0.08134082356854655,-0.06028267123844855,-0.05794955419836145
2024-03-08 00:00:00+00:00,-0.07353139982763524,-0.06887206709688565,-0.05485657478558181,-0.029992256547490492,0.02122737671391217,-0.03902390269585543,-0.08851999781763675,-0.06745893692731642,-0.06749191317095093,0.08114357903623093,0.10217383853408069,0.05534384845505791,-0.055339832020715574,-0.0359666897777533,-0.03608861093487603,-0.06511900006842819,-0.07947253215696337,-0.04279793860274195,-0.07842740994465702,-0.07620427443715283,-0.05773834751774731,-0.013333006166563077,-0.03367094516260727,0.00024088091391472055,-0.06252475867382268,-0.06445836781403202,-0.04416858126946077
2024-03-09 00:00:00+00:00,0.09626570932303746,0.05290734206163439,0.0780432896529264,-0.01162336347592341,-0.002869609042595034,0.007792615111308354,0.10417358084542205,0.059470503399280616,0.08264712308686395,-0.14482851790867646,-0.1481177551335201,-0.1208075141289866,0.04848296361628757,0.0112348518546872,0.040738856569509485,0.06883203000318994,0.08131762552769284,0.07179658199052286,0.10318957040491039,0.06658656140328012,0.08565535042167105,0.028411123099279845,0.016015086647130028,-0.0009504930582679982,0.0824775294831348,0.04662853844033843,0.06177494274386386
2024-03-10 00:00:00+00:00,-0.04039898961980348,-0.04066631315232494,-0.07572131942706228,0.04126256502554715,0.022873937146623557,0.022786176659601587,-0.03743331473642253,-0.041410737329851344,-0.07584447247771242,-0.04966249181672722,-0.03781966178976448,-0.02869600012967799,-0.04295484513577552,-0.043426202821514326,-0.07289122530070113,9.226659967187523e-05,-0.0008629700403117724,-0.0018346758297257404,-0.03598556806569242,-0.03598492513187379,-0.06559549659434916,-0.06571704243469378,-0.07128708881162638,-0.06616015969809008,-0.04641264846231785,-0.04755141520651418,-0.07316132859100488
2024-03-11 00:00:00+00:00,-0.036602959979571414,-0.0622648442204462,-0.020985083692601214,-0.01691688774058875,-0.020531511570431427,-0.019466821427306158,-0.04655248964780878,-0.0756983575802328,-0.028369978315756383,0.06890810503526157,0.06381691702329872,0.10656250907033105,-0.01799584566205359,-0.040518438308835836,0.002070623655699322,-0.03559535091734367,-0.016257283171581483,-0.019493074766905538,-0.039966479855768844,-0.05890798787364304,-0.024888133733609652,-0.0012341951411607432,-0.02919907284924983,0.029693271340438532,-0.029550246933909396,-0.0580662776494969,-0.010758979874104568
2024-03-12 00:00:00+00:00,0.04975196446202057,0.06983379700107717,0.04664393108812881,-0.029626735151103256,-0.006574886628155641,-0.03762704520905735,0.04746624773007513,0.07848500550831283,0.042979541225264706,0.04834390262411148,0.03515478608741929,0.06001894321047274,0.055416328485728084,0.07071450406955582,0.054566688001801866,0.04392770835578341,0.017776717534696562,0.04205526814855309,0.05664454901320215,0.06650489832402173,0.05076205315125337,0.04968769763957526,0.02295550920175371,0.04037180834754728,0.0549228091364824,0.06001378045114891,0.04665474746802789
2024-03-13 00:00:00+00:00,-0.02448358527755312,-0.0318831313946949,-0.05482184350103425,-0.06092082004750654,-0.04518516310349707,-0.0420343075790911,-0.04238040876538696,-0.044990727957437304,-0.07131518894169853,0.08207437678903773,0.0817114620423236,0.06928546055488516,-0.0028460734129535092,-0.010892209756030113,-0.03230539302969271,-0.039349129708211805,-0.0242165762389851,-0.031066494352263496,-0.030917825541413646,-0.035738454264890196,-0.05784750760537671,0.027984487863879748,0.027283713261998077,0.03167390237174028,-0.011964571936248891,-0.023958314002965886,-0.03982041950404713
2024-03-14 00:00:00+00:00,0.046152343544541674,0.08578171432259807,0.06831648284805514,-0.043197960470838126,-0.038192321948633534,-0.041471308358883685,0.03692583576932229,0.08451277065929741,0.07290491291823287,-0.03455846433449139,-0.02100337389566076,-0.0051411912148521255,0.034248837336732674,0.07150097310399128,0.05898367205946298,0.09898401706013527,0.08374813399040648,0.09512642398159699,0.06407088659802063,0.09927764994476362,0.0812132270832866,0.07084369911849686,0.07050696589916239,0.07188225664334347,0.05388135729227539,0.09174018303465759,0.07545490555314549
2024-03-15 00:00:00+00:00,-0.013527495612613016,0.0002981653152158703,-0.005668198772323052,-0.035642597006233956,-0.0323684153503373,-0.04107591297482793,-0.022901753562073135,-0.009594727364442113,-0.017346265389536986,-0.06305991836988833,-0.05339668673699427,-0.052636797072352026,-0.02739310796037675,-0.011378889782085011,-0.01672670266497467,-0.0010629731055831204,0.017630181630211572,0.010324358560679592,-0.012532483177376874,0.00448394853740286,-0.002429511706381504,0.048515809697067036,0.053953911884688566,0.05081709713921745,-0.00042526265062148294,0.01154319044404506,0.006176970842324492
2024-03-16 00:00:00+00:00,0.06587991680327954,0.055781812321819224,0.06498569669000487,-0.06797185789567628,-0.07815927460406846,-0.01589192065669154,0.054634849285179365,0.04697206575039248,0.06984327020806691,-0.037114088031173775,-0.022438325666044645,-0.009449249491766398,0.05242131304052422,0.045663285934279374,0.05668991474368035,0.04921992360145211,0.0452470380793335,-0.007295035170210129,0.06678618217894883,0.058645420131893555,0.05307875471499224,0.08955150688460867,0.056636764608970935,0.07977612349620444,0.07406773600018668,0.059539085557321014,0.07210025749936788
2024-03-17 00:00:00+00:00,-0.0038399594050151364,-0.07285292415126332,-0.0409764426689353,0.005842827058526234,0.014662344150462747,0.034755130306658666,-0.0007287544211492802,-0.07660667639365759,-0.03571517438470606,0.07721129388684145,0.0975785401262046,0.1169413650946991,0.012341820449775831,-0.04615980002357867,-0.011388090982086152,-0.06252052149591603,-0.05913783250645255,-0.057014141023040255,-0.015459895496936382,-0.07432157907664072,-0.047755385006603035,-0.027306472565500117,-0.03769808399573005,-0.009935067561971156,-0.009564028005265901,-0.06757220498254968,-0.035949159832220245
2024-03-18 00:00:00+00:00,0.00031685869543163214,0.019586419421913304,-0.04545210047984849,0.0021358558778037384,0.008759616114333513,-0.003534776867055389,-0.0005555163808024233,0.021198948446913946,-0.047412430501994174,-0.1102548881354869,-0.037334191117439186,-0.11786236586878518,-0.02441182875491099,0.00804651764549802,-0.06765211846466412,0.008426683949595448,-0.0008273535510118224,0.0074425897831162935,0.00215773159309518,0.01607859993129912,-0.03772765886319429,0.028784207565561548,0.02455930868335865,0.022856411088681083,0.0063888914622654,0.021562067585982003,-0.03265484416125497
2024-03-19 00:00:00+00:00,0.10600888257557761,0.09481964002772503,0.08374142077851521,-0.05322846552845406,-0.05265517361789018,-0.05854117927371105,0.0975159460983166,0.08467729264962065,0.07218621895128496,0.02897740684659844,-0.012181652522514241,0.037566787766699195,0.1068859790950607,0.08293820915574313,0.08311456592326949,0.05053273866892671,0.054361451476933054,0.050788310748060894,0.10349200380661916,0.09443768472934755,0.08399257010564742,0.035294788001831945,0.03334999929183602,0.038491084303073686,0.095617683222875,0.08576264951735424,0.07715572294546358
2024-03-20 00:00:00+00:00,0.010720595245931275,-0.028005412627087334,-0.00947491069735662,0.08206965866084626,0.0864668468561578,0.05408212422896863,0.0299736767414156,-0.007740974577673199,0.0023877015939102186,0.05932356668193384,0.060108004981667795,0.06659813519122526,0.022062497112403268,-0.011761366549777996,0.0033534046629086767,-0.06835764285969459,-0.0674435487647882,-0.07099031955367308,-0.004728207577689547,-0.03850871744185158,-0.023686650352654826,-0.12617413541517664,-0.12523457520931747,-0.11905112716940458,-0.01633416248675812,-0.04843583595280321,-0.03263882150535369
2024-03-21 00:00:00+00:00,-0.0653100008354065,0.012544672111062027,-0.07810960818860047,-0.02891950181170888,0.00683804251622222,0.018339695996602234,-0.07578907110701139,0.015615005096076384,-0.07979033209200292,-0.03702044448096398,-0.07522363861045744,-0.09262920449179579,-0.07073436068014949,-0.0077729675542609344,-0.09404946818083193,-0.06976586864476764,-0.0054164872836414135,-0.07641151947008962,-0.07105291845780115,0.010034988693008229,-0.08799313856020885,-0.0661786931081102,0.0029719031332970935,-0.03885641990232891,-0.06677978929289397,0.00977663843597365,-0.07285359060012497
2024-03-22 00:00:00+00:00,-0.04926968965802281,-0.03506194470487656,-0.008542163288936866,0.09307078597585394,0.08796727933841053,0.08683844029621302,-0.02863194184529294,-0.011701132321588315,0.015291699492839816,0.09288818453944825,0.04423971276295502,0.07793539689177065,-0.022930233844404624,-0.023216072998467396,0.011233835431222028,-0.0448775980046664,-0.00023915833326737523,-0.026577061094250065,-0.05452213738924949,-0.031208184312375153,-0.013021281974409438,-0.09611218269147426,-0.05895213238968522,-0.07779466651188083,-0.06100700015417071,-0.04100803257512131,-0.02288557083774667
2024-03-23 00:00:00+00:00,0.013862257959406765,0.020212639698161228,0.019933975972828977,0.006339347679727103,0.0005763191434915438,0.008291661651046,0.016735830233439053,0.02263104759831358,0.02339037524290788,-0.047089387182559506,-0.025054456297466166,-0.07257040004875559,-0.0008632839857697361,0.01458304756303952,0.0017757261163247051,0.03958356579510003,0.02946444251811453,0.03579160545856719,0.02107840695274743,0.023912946138237245,0.027429134175330105,0.007979830316398484,0.0008156797445231234,0.005290975038000578,0.01327950687575763,0.016644672387364556,0.018148070041889897
2024-03-24 00:00:00+00:00,-0.038910939761885865,-0.027075267904516975,-0.05109031025412725,-0.010303189615772923,-0.02288810132465713,-0.017468689577709196,-0.04428214025520738,-0.034463789847908655,-0.057615574079082355,-0.013098692623633723,0.01103051527384169,0.005928693973561439,-0.03467620929153703,-0.02061044379765742,-0.04260117306496514,-0.025044732832548267,-0.040278906777510226,-0.0592484412123917,-0.041000626480167224,-0.03355942722866301,-0.06034671586795726,-0.027768475029997797,-0.033033629215752036,-0.04352497303714409,-0.0389288383993035,-0.030362539190530557,-0.052688153615996214
2024-03-25 00:00:00+00:00,-0.015900964963719177,0.0010384152282816306,-0.000241394809029849,-0.027716788019669147,-0.023052992012012052,-0.037665399435056535,-0.023507419317131295,-0.004720471714308561,-0.010022159817166476,-0.008753064242415065,-0.009175651096941184,-0.007085745090099627,-0.016576625429221337,-0.0007433843563241505,-0.0010332819769985901,0.04642158851781497,0.012304592233046918,0.04425770438485199,-0.0036777346334682104,0.0044088767943673,0.009623318316750673,0.02689154083148093,0.005437353856704519,0.035580774805922255,-0.007914234565897793,0.002157876580440421,0.007477542561357353
2024-03-26 00:00:00+00:00,-0.010313746945833091,-0.008050712920780745,-0.028925634843225967,0.054441148042062126,0.05637742553499958,0.010715951385518396,0.0023769690975163904,0.00577023213569694,-0.02814420336219814,0.054269942400915205,0.04399365377613029,-0.011143865562267763,0.0027530121201377877,0.002391823512112312,-0.02764265671894106,-0.05684899327611659,-0.023136524816939508,-0.0016837596895119544,-0.021735382163291073,-0.012753793234724586,-0.02520252950337365,-0.0334272532348574,-0.05393170602417119,0.01600706529111373,-0.016185789999667688,-0.019025600595217074,-0.020595034950270596
2024-03-27 00:00:00+00:00,-0.030653637742586226,-0.03603626624838119,-0.020594420450742446,0.004632631142587718,0.0013544244198726574,-0.007331717130361848,-0.028936461494586507,-0.04175297719824311,-0.02526163214194055,0.03144381442989563,0.008228541882464135,0.009168731676981512,-0.02083811780437239,-0.03137846174768921,-0.016541017628977195,-0.007962301032685026,0.009549602527891166,0.013079834515959954,-0.0318757717362973,-0.029208360888757556,-0.014619711723839468,-0.011115573091110442,0.012848223216237464,-0.00247508400862384,-0.02953960257618471,-0.027908955227817556,-0.018038928579327318
2024-03-28 00:00:00+00:00,0.0024009590792979374,0.039748732925227515,0.011292935475343047,0.03355991571568717,0.023780326043649325,-0.020321041487385227,0.012809140110177086,0.05265740483069048,0.003815771739745566,-0.02091591751354982,-0.031203519616054054,-0.02533009942823017,-0.0032513119429948834,0.027743499865426458,0.0050074649932709825,0.042979543230137196,0.019412065752140828,0.02645363136720369,0.012043228468773703,0.036573430389402306,0.016781320847409242,0.024688104761101615,0.01534732937437333,0.01349494257845496,0.007544050438371475,0.03628726847474484,0.012541229263278275
2024-03-29 00:00:00+00:00,-0.041392553373783114,-0.03621206924115694,-0.02135523273451989,0.00799247724658092,0.013117786394079456,0.011118088915498037,-0.038766494844600485,-0.034758702698740485,-0.0204335125906131,-0.05143005427144498,-0.05225866921540456,-0.05976359010982735,-0.05050324871736611,-0.04544630490580315,-0.034391474816962475,0.033276175108720496,0.04031340475758549,0.021203344280652958,-0.02771652740741748,-0.023098345998989633,-0.014066113126136148,-0.016710622277048004,-0.011706657482164151,-0.016936497423198138,-0.03737478349910084,-0.0334278837183265,-0.02158031163206553
2024-03-30 00:00:00+00:00,0.038343729327560805,0.04895958938806899,0.007701074285346721,-0.02785148085514788,-0.028087131131058873,-0.03135470818504005,0.030861711082556198,0.04280155091832216,-0.0011499152195386664,0.005429115915213556,-0.0036585951915587556,-0.016622404431266835,0.03717075788566615,0.04461376837948938,0.004619536857983553,0.09017448237668546,0.09697618628634608,0.04935635066628774,0.05349870762086395,0.06515116633307438,0.01829439554094403,-0.01770748623023366,-0.00022039044785349127,-0.001936067706446054,0.027995940428088506,0.040768401202342375,0.006218667251205678
2024-03-31 00:00:00+00:00,-0.004139407569936804,-0.020724661290163704,-0.0524127743775028,-0.021354471959122656,-0.02633614300455378,-0.027667193097914988,-0.009343045262415695,-0.027307595477056856,-0.05859572285372239,0.03624039552740954,0.03985903373444044,0.04035996837987277,0.004236581761430491,-0.009960276144653557,-0.04023894728246913,-0.025646235429671815,-0.03300802321559548,-0.02230652557214896,-0.009487025088453671,-0.02622431548152504,-0.05164100914059555,0.0006283965174924688,-0.005791015427576207,0.0011340917569013786,-0.003444012062518653,-0.018862708621596225,-0.043652227116832476
2024-04-01 00:00:00+00:00,0.028359147313482103,0.01710784876984972,0.02825878807021187,-0.009621714207760479,0.0032921373352934324,-0.016428684897000334,0.024544606053598095,0.018416050142941343,0.02552687344220006,-0.03902748591201821,-0.05291036234931401,-0.030708232041452455,0.01779621537038767,0.0017365785076799423,0.018310185163655346,0.0320357957267734,0.034280663976073766,0.034851547896582735,0.03284994858946377,0.023401368330617123,0.033872272267643444,-0.010202138619694656,0.016343457671058603,-0.01899150364009139,0.0216979306362044,0.018742392222401705,0.019724957001479915
2024-04-02 00:00:00+00:00,0.0005918259755863797,0.004078126917849145,-0.0529847418676459,-0.02842732336984266,-0.005414942108307841,0.007773715859907826,-0.005346016055212011,0.0020520999596058687,-0.05053734358435569,0.01814678146728088,0.0018699180832839613,0.015352905257326022,0.005092774641967779,0.0034946322452136247,-0.04154071405082416,0.02239534888719863,-0.01634839690288059,-0.00020799307458219118,0.005485802564325848,-0.000683041541167273,-0.04701853111599674,-0.022949505307161888,0.010731588511365908,0.012289641351525216,-0.00443487578705426,0.005966300878099684,-0.04337616748320994
2024-04-03 00:00:00+00:00,0.003960877796670648,0.048525069499730566,0.04489826004690012,0.05699930584770807,0.02128584928919408,0.0409642213046566,0.018072501844478284,0.05377564031771165,0.055545821052327415,0.0209058875152226,-0.004061979319085807,-0.008644117744876056,0.007598749404677196,0.04125569905559723,0.036697656793914346,-0.024231801181539225,0.024503611366532896,0.05634492960869353,-0.0016183316317757157,0.04809409570967782,0.05252172466543081,-0.0034245809810700134,0.018464085626728854,-0.006312973423308055,0.002759929972629971,0.04626943696851771,0.03750065155835447
2024-04-04 00:00:00+00:00,-0.01202376194668564,-0.011049034170534489,-0.004754361702658194,-0.023315409513785856,-0.036828711647764245,-0.0180023180487765,-0.01809145389609934,-0.01982760523582716,-0.008739489323404626,0.04633903914999071,0.017374407061483632,-0.005160889776219979,-0.0008493912405739268,-0.006260703189707728,-0.004304872196544851,-0.025948212944970073,-0.007716880454910369,-0.016638848687459573,-0.015867679390801914,-0.011040924612433,-0.007547322435461634,0.023428123652595945,0.02359592177005032,0.025073297769892422,-0.005579645276739709,-0.004518334922183009,0.0014337533811221714
2024-04-05 00:00:00+00:00,0.004731885517772705,0.015293901288263578,0.007500485727518269,0.0356296889711496,0.011683518822505734,0.04395618286492753,0.014508509605150932,0.018331181354616755,0.018483711930152635,-0.015573953255631046,-0.03160219465913072,0.012681259741266215,4.5500780026186405e-05,0.007220841945431156,0.009594986598274069,0.07059122295975695,0.06558597095516139,-0.0051344184309083385,0.01938606577377322,0.027580043756194605,0.005410080730971156,0.01799878299991864,0.03407153826377596,0.024324113841549977,0.0070850298825526625,0.020913646631533833,0.011932449263556855
2024-04-06 00:00:00+00:00,0.025331020812526583,0.006614971843881934,0.0046168467908980215,-0.015618447681089664,0.0014587049964867038,6.941360938439445e-05,0.022333145247279695,0.006920597924487737,0.004576614860836825,0.022206680841584614,-0.00032968693660839765,-0.0152617762447107,0.027621714492616967,0.0056406369363364295,0.000759830656906324,-0.04188501772704589,0.019484256153509127,0.00917082164610572,0.012919635157017328,0.010086501888438182,0.006006021744712875,0.029953122901589913,0.03493721996457899,0.006270499709084554,0.027399702750456445,0.012812269226819772,0.005544088167954708
2024-04-07 00:00:00+00:00,-0.01959292529355139,0.002692320377327695,-0.017050636119397278,-0.021401619545353023,-0.030684673166662346,-0.02120997588040685,-0.026188914870523772,-0.005325150998529593,-0.0205628494691098,-0.00874055613225544,0.04381251888927706,0.04408806834593504,-0.019339131762055817,0.012836601905032996,-0.00611049931090224,0.01803044427156686,-0.0026824861657120946,-0.034121597628095746,-0.012714473091569811,0.001147186827523461,-0.021349558252255374,0.011332365979327186,0.011281834640865185,0.00860767906103388,-0.013396192236705629,0.004862752150947891,-0.013554951732857479
2024-04-08 00:00:00+00:00,-0.028614950842965725,-0.022881878462790106,-0.04807469032407208,-0.008415835202956412,-0.008657813664788794,-0.009761472095309864,-0.0307267658873408,-0.02518459975971843,-0.048877403048645074,0.030086047877209143,0.06418837081239026,0.029310842006254223,-0.019016034441797114,-0.006285801748161179,-0.036132781501733935,-0.03281486130688338,-0.03891103145445207,-0.025912278530254462,-0.03110276555003655,-0.028095487940560826,-0.04567377810399009,-0.01671083887822622,-0.01455133832660127,-0.009360254893903242,-0.026957642617666422,-0.021549377295520533,-0.04265121163897212
2024-04-09 00:00:00+00:00,-0.020257260050073,-0.021985086533925613,-0.03555592433673793,0.011198571587007766,0.00821437929013169,0.00749523759125359,-0.01677357157952397,-0.020695579529017127,-0.03219251502639764,0.026804693042879357,0.027236607489596887,0.027338748986672323,-0.012144787952629854,-0.01311262426272597,-0.024772938608613182,-0.035558716121095846,-0.023431648340831113,-0.016878194176898065,-0.025468280861306924,-0.023909878537973883,-0.033744805289846025,-0.0387454476646959,-0.023357372620518846,-0.045077852743279356,-0.025082350746660542,-0.021972470358036955,-0.040658684555516356
2024-04-10 00:00:00+00:00,0.033787841492212145,-0.009062714749083045,0.020351541342233048,-0.04451311735524388,-0.040460516843261685,-0.04603388424461907,0.022459375918593594,-0.018637679459951095,0.007163527263892799,-0.013898690098453792,0.015233458670218969,0.036570577301096696,0.027117511520927895,-0.004093710450051358,0.028004047289228007,0.15305504179761464,0.08257740070175723,0.08933323820461281,0.06238353237540184,0.010128882018235252,0.03713404388254782,0.08077326109619531,0.0740663295986772,0.0757508494535013,0.045558691313069444,0.006922187006958902,0.034801786259088585
2024-04-11 00:00:00+00:00,-0.024110089197305062,-0.033438094881158675,-0.021270953287068295,-0.00031160457102707984,-0.006217611400338385,-0.010467527059483062,-0.02306518873074126,-0.03242114289299991,-0.02209845865304605,0.022750381114693186,-0.012952495891360605,0.003487747594832724,-0.01727122765605782,-0.03292826184503206,-0.017738339695810512,-0.016444503273017164,-0.004578606773125826,-0.007220090453291528,-0.02400392866877188,-0.02937420713358263,-0.019408267072897112,0.020760561202088912,0.020480434063297137,0.019512798952660004,-0.016011226253764388,-0.023944753312903022,-0.013410364062167224
2024-04-12 00:00:00+00:00,0.011219821661093032,-0.005184739058480825,0.024503264539098346,-0.013419944325689381,-0.00560973300170986,0.0030596819530608332,0.007679235488719405,-0.005965184311436333,0.02381942097815548,-0.0014532006600526115,0.00518527283069381,-0.002922600749848847,0.010178461977833564,-0.003224440096692871,0.021761992305684874,0.019650908050194094,0.015445640382550918,0.004612726010201573,0.013901350511745125,-0.0009097647233267114,0.021550919524991885,0.017892641072534632,0.016083636414628844,0.014471662595647139,0.013286851216288476,-0.0006832569938594046,0.023961906460381543
2024-04-13 00:00:00+00:00,0.07457616209783868,0.031980042418758625,0.08975942882199162,-0.048433107810859855,-0.05029425445079172,-0.05091967797287544,0.058579494422323686,0.01722229654220997,0.07836204311974448,0.03352830157234932,-0.058489689930692035,-0.0731697255110293,0.07465449741162544,0.014168583536295909,0.06941497976663746,0.062198775395272854,0.06475771250859674,0.0652816563341243,0.07521612943880895,0.04078347744830357,0.08829266937213753,0.09217381813239833,0.08945914467690819,0.09649467215454144,0.08200381322667027,0.045715251963686754,0.09101904641226022
2024-04-14 00:00:00+00:00,0.022285433891989337,0.008007403282246361,0.07212009638788963,-0.04502048029665495,0.006400282512000199,-0.010549741097258813,0.010977816677280039,0.014414715146322088,0.06994354330340458,0.03384579568965873,-0.12847269768279002,-0.06196718844524429,0.02794212087017689,-0.021550869111450655,0.05475233328558504,0.025791552550305408,0.04533055672844433,0.021176546696771492,0.023785041409080332,0.01800599151511406,0.06516308299513507,0.0286149108003646,0.04839070535218615,0.029654269223768237,0.02454440838107863,0.01699017897094146,0.06491771105908706
2024-04-15 00:00:00+00:00,-0.08102746517825143,-0.06053319793687406,-0.04587381715679206,0.048897265036383475,0.025156575649346147,0.04975771624431524,-0.07040792564231424,-0.05712860897500183,-0.03553122201015935,-0.0322644333296761,0.05682651879962419,-0.0647214649110931,-0.08370009752046026,-0.04593855861033802,-0.060579184764235516,-0.07271191662034837,-0.09660411297600235,-0.07370939298610435,-0.08970572096821017,-0.07299889836502005,-0.053912585614058206,-0.09642527422783764,-0.07732395046574092,-0.07555049224430144,-0.08766238224494938,-0.06583670077125914,-0.05241011206183199
2024-04-16 00:00:00+00:00,0.04378862233749525,-0.0021321819783906015,0.03830811252397104,-0.019398302945179302,-0.01544413476586659,-0.014980924732072687,0.03734966556458996,-0.0043495411285314756,0.03330904720077954,0.032800281889345806,0.04029850906520571,0.0687376069550385,0.04953277026472214,0.007378786571625939,0.050899052154702584,-0.0011691306445505978,0.06468682065918996,0.016032428054029824,0.04209384757907064,0.010304415350756768,0.04230590024651937,0.04063586760305471,0.029351236684277193,0.029850104545221523,0.045693279932712993,0.0034812248457820605,0.03999643917517037
2024-04-17 00:00:00+00:00,-0.03758428653943191,-0.018464797440159275,-0.022416516544332965,0.02305444226768083,0.022166511073751893,0.022719568708040372,-0.03142793691488288,-0.014706515798435293,-0.01662747937852782,0.0021627905195902297,0.0021277754773698643,0.007434484606853253,-0.035906883344677176,-0.01468892477876571,-0.01783950766224196,0.007713602268050179,0.018850621736263173,-0.00981641294297153,-0.03229945762359987,-0.012693718977425328,-0.024305603738633774,-0.005941002509331272,-0.005386318448690974,-0.0075355263035271625,-0.03260455049509314,-0.01778481552381239,-0.021168021592647968
2024-04-18 00:00:00+00:00,0.022793130005025475,-0.03707116182185133,-0.02268548774555379,-0.007224647084075553,0.008649168173577637,0.011970955992888443,0.02070577570493115,-0.03531142222362704,-0.020903903914593625,0.02751807494078773,0.04292492898434741,-0.008740994132148128,0.026527886388336253,-0.02222481635654472,-0.022028021303159506,0.006448363284168979,-0.023421358995638242,-0.04092125428605564,0.023122557201246785,-0.0406760611787208,-0.030727105817841216,0.023600001019260075,0.00041471836854567456,0.011101232260007476,0.023407540919655023,-0.03245131860722761,-0.01614781776335039
2024-04-19 00:00:00+00:00,-0.023035491530038477,-0.008424219829446855,0.011199084737390175,-0.017116141853456668,-0.01494664850266203,-0.023615860992369786,-0.029509296348255942,-0.013453927631998153,0.005321879791471362,-0.009263435693586453,0.002738204641210551,-0.0006202217629099893,-0.02187444717924658,-0.006100283995289946,0.009967612234667245,-0.01147483378283698,-0.02886639117551948,0.014801584848792126,-0.02317176009913513,-0.01436221148044936,0.012991439112720826,0.011061255416358717,-0.0018924786770145863,0.0008586746395142786,-0.016308325189666517,-0.008283207473350207,0.00884800033612887
2024-04-20 00:00:00+00:00,-0.009730928585418352,0.002938710317483828,-0.01647364021351494,0.013042077841815436,0.013121051149874274,0.005441602069404583,-0.00652210069330339,0.00784298683666007,-0.01658938926454634,-0.0047070287064840954,-0.00780678540427171,-0.006998323670241335,-0.00933215737760662,0.0011114849445661434,-0.016219363672016596,-0.0066335957293650605,0.0011124157953799063,0.0043512830951546455,-0.009724316622314655,0.0024981519897124826,-0.013995983255525202,5.644753626143917e-05,0.0001497528641365431,0.00012149064049427061,-0.008028092532047726,0.002522344587402081,-0.013692373652687495
2024-04-21 00:00:00+00:00,-0.06725039025573876,-0.07977136147406971,-0.07621469920912083,0.08605368971462002,0.07063860640399189,0.06531191078307974,-0.05010845439994582,-0.07038681078303666,-0.06883527130605882,0.044721845452611264,0.05437663455124797,-0.032054082528136685,-0.0489712609954982,-0.0629106071651464,-0.07396575047320486,-0.1213415741839654,-0.08358650453851302,0.049960308273275134,-0.08627326205185881,-0.09045461354638007,-0.05610274551451622,-0.07631079162234755,-0.07776211850215164,-0.07860263826254543,-0.07239601497067061,-0.08469883862279026,-0.07980059704542386
2024-04-22 00:00:00+00:00,0.02726376899977634,0.005518187427214105,0.024174850507349355,-0.001973239144306249,0.0007711527341995872,-0.010106627657037293,0.03037585241503593,0.0068034916099910525,0.024726084440389595,0.006845212857343741,-0.013983455149659596,-0.020377133815504545,0.02661109837571618,0.001956185114043052,0.017803919319980377,0.02403881860751178,0.015881427344683008,0.019017961686786267,0.030520762563118753,0.008887433585147209,0.026255070786131762,0.0013786859894864278,0.0018333462680353296,0.0006339642655104338,0.024470040543109084,0.005546056243886266,0.021399137691856085
2024-04-23 00:00:00+00:00,-0.0012245921646286684,0.013804504271954565,0.04957909401905969,-0.008873741338398355,-0.014608817973276178,-0.016854013033391846,-0.004046385149560794,0.008992495149757529,0.053813466831718504,0.010709447019689788,0.006176248138511031,0.027162623096709027,0.0020962490615308305,0.013665913060062929,0.0525525145535124,0.018451832272588176,0.016633020821292144,-0.0020952686015369704,0.0034370272090644693,0.015379570940309728,0.04430014639851998,-0.015898483900268268,-0.011384874660791855,-0.012217680751887339,-0.004868227495558153,0.00889087805782185,0.04237820647742385
2024-04-24 00:00:00+00:00,0.03628764121561834,0.023451228537033186,0.004864635752847457,-0.01700720112312193,-0.018494273720262022,-0.019337065075242355,0.036280535223167654,0.021695345338420546,-0.0017388271861861204,-0.007062838567277296,-0.007094494027912068,-0.006694817176526091,0.03136723273311315,0.01970900434726386,0.0030411112214505653,0.008701336541741211,0.023702404104330776,0.01530514393422111,0.03378519639005084,0.025913694983622948,0.007342150536574499,0.05519380137321184,0.02593939752663288,0.03508035145777577,0.04269633737774847,0.02532930208128259,0.010831059913752439
2024-04-25 00:00:00+00:00,0.034714176636232885,0.02776861366262251,0.005633218605078927,-0.01573431679005477,-0.017869907398610607,-0.01640822512188178,0.02903342227164485,0.028644622628036576,0.0004584102004707713,-0.005265618655251436,-0.004941156852126483,-0.005422698239991641,0.030439897413934602,0.024362881442975937,0.0037995737087865855,0.020201716294592664,0.011224152505822538,0.0009116689810728662,0.03217236831941572,0.026448233561258583,0.006380464115263607,0.008036284822704243,0.03929384284265702,0.0238539154575792,0.03073764737044593,0.03129686780640495,0.009844679851859217
2024-04-26 00:00:00+00:00,0.01323440461005454,0.012175132471375916,0.006796129046996002,-0.004569351338764238,-0.007914758137179234,-0.009921128163595916,0.013294191352836604,0.011416532741336471,0.00437517699981238,-0.004083303519618275,-0.003925557350467956,-0.00400463689245989,0.011181727635468874,0.010340118122403652,0.005299271643629977,-0.0030171114523925846,-0.011986385174931224,0.0056284850641621365,0.01016120522817543,0.008168388058327203,0.007093930199281395,0.013714879284344228,0.015191127371673607,0.01332887853331255,0.013771493426175008,0.01368281477616029,0.008996475260909298
2024-04-27 00:00:00+00:00,-0.027878688137232266,-0.0008403785615066495,-0.0005946546697216393,0.0026165088217249277,-0.0024881730429783255,0.002449070978286061,-0.028122358670817582,-0.0019979230372613177,0.0005071643432199568,-0.00953630482155865,0.006724647703817199,-0.004214936006604608,-0.02692613846410119,0.00022210786418930262,-0.0016331473074564506,0.020914863277299967,0.024798440732787475,0.021683220723399454,-0.019070068657256245,0.0038645173741036487,0.004533573860207474,0.02016290576771662,0.009818922493859406,-0.0011096969959745184,-0.02040508177099143,0.0021466805795087307,-0.00024934476915561277
2024-04-28 00:00:00+00:00,-0.021148692137979763,-0.026043090943560943,-0.006136688173429494,-0.005774646053171795,-1.9233700302212497e-05,-0.017390404667954384,-0.022520124453269563,-0.026940969393388636,-0.010627846805748908,0.03544218258854004,0.03273945608297657,0.025114044635288435,-0.012353151707070409,-0.015579065656508018,0.00034204742729992965,-0.05190070752529563,-0.03920343312595953,-0.056361987986377815,-0.02858444865748333,-0.030276379445716373,-0.016906680909029137,-0.013657539212720171,-0.020048032591602705,-0.01894704004859482,-0.020320336116039117,-0.026805171887363533,-0.009504256787454812
2024-04-29 00:00:00+00:00,0.01683182394469651,0.01560851759632298,0.022588049671119936,-0.01323750847922367,-0.0015459985059120829,-0.0015806617505242926,0.013331755994195227,0.015293187388186968,0.022225117937652028,-0.01800072051243684,-0.00936319746052594,-0.014139746338430514,0.012641656688995973,0.01194950592800903,0.01863600164867285,0.015662124504522312,0.003159174723194935,-0.029834187405398005,0.01800708430149589,0.013278795259898502,0.013641827532402173,0.016279901338921876,-0.0004354836792372918,0.00016325367468583707,0.017206292442540017,0.013759010803725769,0.01828934691856321
2024-04-30 00:00:00+00:00,-0.010011599137668359,-0.0175546995582464,-0.0012610791514267028,0.003919569590190575,0.01617633551562281,0.013210028755984204,-0.009847062954693286,-0.013282557887550617,0.002380062304831121,0.003176829648748658,0.006452790572054612,0.017853894397761527,-0.009193927704796878,-0.015926340024825847,0.00321349354286693,0.004133273624051137,0.03211456880708763,0.026971366274248787,-0.006974553039117426,-0.008573522262808608,0.003943771745019031,0.004459841700129585,-0.01199446803055404,0.004259605106589293,-0.00815634492609385,-0.01681837887758697,0.00023242543424029094
2024-05-01 00:00:00+00:00,0.01952918205377685,0.010823198880390628,0.06956137612502533,-0.058904788324665946,-0.10686806596978526,-0.12406152789904423,0.004739041753733186,-0.015056318539054425,0.03573987131468148,0.017833901431987487,-0.013615741234708323,0.0896914501029642,0.023148165001442234,0.008480727260529175,0.09283982983576133,0.01669462945861655,0.043226707614494986,0.00991883530967863,0.02295422524662305,0.0146979272783343,0.06210108418326743,0.011735569040229654,0.009953103287159815,0.012968268186225984,0.016808107278550644,0.013984343977636593,0.06398263121653569
2024-05-02 00:00:00+00:00,0.0029992975230388463,-0.0012097864826609017,-0.026811727871388746,0.03570573275659128,0.03565128803109041,0.03810547398687936,0.011985481995348213,0.008636045822705274,-0.021241492993491873,0.005105369776916557,0.0059734632019601275,-0.002210139662894073,0.004789976600695578,0.0007467964781893155,-0.025936234667616187,-0.02195487439640431,-0.03759472126950503,-0.011801383923839892,-0.0018962569041451882,-0.00894018646218464,-0.024307755921196827,-0.01256399725727897,-0.011660954337804785,-0.012646282642174489,0.001198170767022333,-0.0032577779345186464,-0.02535582502849798
2024-05-03 00:00:00+00:00,0.012707036053558163,0.0017659694581253493,0.0003455887888150766,-0.0015373224787146311,-0.00028229035600080277,-0.00036123947094524045,0.012781005034580684,0.003299558196871777,0.0005482928942606158,-0.04840126300177361,-0.041701830736274315,-0.023705228794330457,0.0010881595861353954,-0.008681990628251812,-0.005217392199740933,0.025811043610520112,0.026231259715390642,0.020124557072217497,0.015093425985665432,0.0067615626559240916,0.004930964462927179,0.02415308071168143,0.024483688463820874,0.02194027700379797,0.014904818805476117,0.006300860417278953,0.004541182701568669
2024-05-04 00:00:00+00:00,-0.06836549893835009,-0.04167788184992305,-0.12642318574023004,0.08369595086759807,0.0833796320505722,0.08314945882972946,-0.05070568754906335,-0.02018108493416637,-0.12032990357130569,-0.004685764540240722,0.016857045218277023,0.02008813208778082,-0.07128971034417098,-0.03788151174227217,-0.12168663493401088,-0.04625831432877392,0.003811678761067583,0.03046051571573183,-0.06401614138278222,-0.03221202609309215,-0.09454656796762195,-0.015235359805973903,-0.018763038126614062,-0.016980045114620923,-0.06029077551895334,-0.036417830550802166,-0.1063318669480613
2024-05-05 00:00:00+00:00,-0.010114671531277875,0.0014918036494859788,0.024843665190110276,-0.002248573576054569,-0.0028560597335469673,-0.002022360792095945,-0.012382511543924557,0.0031452321047877874,0.02460102446677359,-0.03309959083445746,-0.020160223879964856,-0.06092938451933794,-0.019083608600213076,-0.003866333445936343,0.008552618583365312,0.04079210190124494,0.03826472732375952,0.04107782079720779,0.0002576955804067804,0.009282123581259016,0.0282343896563908,0.016441597255940632,0.02143233174305892,-0.0009513681749626635,-0.0066711135220621776,0.007146705229932104,0.019540999965345085
2024-05-06 00:00:00+00:00,0.0072457801826337764,0.02569420429157221,0.028923187557180707,0.013206744891004263,0.015615202251754612,0.0235724120208769,0.009960040257521285,0.03146004482949727,0.03649176841314161,-0.01286843618848077,-0.021063033780098994,-0.025780263468879516,0.0071329691530594985,0.019491060896186463,0.022904373987998605,0.004280878345680916,0.0040216343955907785,0.0037380820181442953,0.006821521153092647,0.021202099064194124,0.023079045548539012,-0.034715054454559136,-0.05545530122954623,-0.056703199388725256,-0.001594424498050695,0.009654654803721296,0.012512785183122377
2024-05-07 00:00:00+00:00,-0.03367611869454057,-0.008392642655772664,0.005199538968718942,-0.03380446190038733,-0.04242366513138429,-0.05164391600918883,-0.043525459903066555,-0.020497511676554003,-0.006156594832466555,0.022067880358775938,0.050473402025880354,0.03363910059020081,-0.02833133221710238,0.0036670885462042335,0.013758119949701442,0.0037817200735248413,0.006973842206213332,-0.015202056656726692,-0.026224815614963037,-0.00514272411787986,0.000998456005518955,0.02519365683931496,0.04209938130865987,0.026113390679836312,-0.023371438370781372,0.0014045323914086971,0.00985724205058025
2024-05-08 00:00:00+00:00,-0.011021454296662458,0.011830404675823525,0.001591979832596735,0.004067123057903244,0.022525957911351924,0.02298622254413707,-0.009779000364109058,0.01616111749707172,0.007013297800635865,-0.016489078228275056,-0.00416308340541649,-0.027159305206887918,-0.015088120348098033,0.010517851543272227,-0.0050781164444066995,0.005408212860780193,-0.026696803153150372,-0.03662753558740883,-0.0076772859146898575,0.004161919244221934,-0.005914346309564111,-0.02576826377332253,-0.017983102270064055,-0.027977313247352087,-0.014605067737687327,0.00614432489368677,-0.004418345737540075
2024-05-09 00:00:00+00:00,0.013217037280720323,0.017064768646809947,-0.004567460618222108,0.0010883041878146926,-0.017020987317486025,0.014086555339573703,0.014452417558357133,0.012626328945400944,-0.0012961705432168458,-0.021259013351105915,-0.02172588597533298,-0.043659529344919124,0.009312159157682132,0.011886182563834335,-0.01630564469887774,-0.0038317762609794137,0.024096455500946412,0.029721248760774976,0.01070980744772676,0.018750219155307057,0.0020433975533946658,0.005792768248680025,0.01094533998395919,0.0036733010196048355,0.013454455764138507,0.01747895659965759,-0.003992271575903317
2024-05-10 00:00:00+00:00,0.01197816333035795,0.02778335290067946,0.031814098359477905,0.00580370567287436,0.0353241425421984,-0.0011285943539613985,0.011828220205406303,0.035798499777919934,0.034848504903683075,-0.07381407919215366,-0.07562210184423634,-0.06528195032010897,-0.005503984945507523,0.007595562357016528,0.018855362407161014,0.0007650401718068967,0.029571857454876893,0.011394755187787986,0.009799708291333253,0.027583602181910694,0.02956062263528758,0.012233041141131773,0.020505151050982162,0.028219160920205377,0.013186386966195007,0.029251477293393613,0.03444271121830522
2024-05-11 00:00:00+00:00,0.07403109686371612,0.01016475742440437,-0.0015505693203264892,0.028383924223854162,0.045408842889417045,0.04165039479067256,0.08060076010770256,0.021762626027064247,0.008728057402797473,-0.08421764876768945,-0.0849723332319885,-0.10036708362541347,0.059800725710435154,-0.005592319410607338,-0.028763483079086383,-0.02115564904876377,0.03469364027836197,0.035146140155281946,0.05906821024675746,0.016829582470295312,0.005893309397368318,0.008429440673664912,-0.02302863219693685,-0.005652547397145047,0.06777925358163306,0.003915991034705968,-0.0026410622061716627
2024-05-12 00:00:00+00:00,-0.012132288318926987,0.00654261394967337,-0.005546701367618256,0.00147745394064569,-0.00218765634367013,-0.003922946556144669,-0.012287275761240113,0.005363835316101628,-0.0064249794816426675,-0.03129510892335996,-0.025470817624659303,-0.01940624671372415,-0.017200321014763542,0.0020983015150499718,-0.010302420074913665,-0.008516390578558464,-0.018126585414402374,-0.007460049536249236,-0.010780193262548088,0.002106619171139412,-0.006387311861669076,0.01198791739112215,0.012906696985100385,0.012166594758439508,-0.007637078195060987,0.008708793088973987,-0.0017020250810737547
2024-05-13 00:00:00+00:00,0.0028938540642020616,-0.0010377422342121578,-0.007196403581740118,-0.005769326372784933,0.005596351426382151,-0.004610738258896574,0.0018210591737006787,1.7616240603146593e-05,-0.007765455894477635,-0.005400216008599856,-0.0032290299488614282,0.00322603997011206,0.001980698831461236,-0.0012418656740230682,-0.006824038830383294,-0.009424147304473385,-0.0031045562429585782,-0.000508182754665687,0.0008089135893991628,-0.0013591688518703737,-0.005884180694868846,0.018354792028971945,0.011287183584334448,0.012747980551027105,0.006430532042954518,0.0020295088489554747,-0.003523077266127772
2024-05-14 00:00:00+00:00,0.006926244668567616,0.06999135067132278,-0.006756483885999032,-0.0023090701269999903,-0.02127373828501966,-0.014550064499079363,0.0052390154547028445,0.06713453064581998,-0.010228744128207512,-0.044995053365287974,-0.07999067201884846,-0.045929562018336645,-0.0034892106969148795,0.05028688336706244,-0.017739317589656634,0.0072787884691420945,0.01202835573141492,0.020533107363891467,0.007938862099284405,0.06862162677870653,-0.0010125244998491212,0.05990226548992039,0.036792673628671,0.057867372793527716,0.019255184260592584,0.06753835501644856,0.006738096581166753
2024-05-15 00:00:00+00:00,0.020795301738078198,0.0009756338193500635,-0.029268970190225452,-0.037268144906427714,0.015878569859789193,-0.01574407096273467,0.008674007911281478,-0.00017399715020582907,-0.027771759168410126,0.0025325322568738873,-0.01473908774345567,0.009111827181990995,0.0209966327588742,-0.002203949630975477,-0.026756206485346157,-0.0066133293712233865,-0.05853934543830652,0.023736760473084928,0.014998392535037652,-0.012349765824476444,-0.019608254226913813,0.05419291763964007,0.03671945426546319,0.04362143256927853,0.029795992095729362,0.009220433519382176,-0.01568682597080273
2024-05-16 00:00:00+00:00,-0.018251712014889954,-0.030088264948466503,-0.01333516945780222,-0.016107267499999467,-0.04050123532226102,0.034335081571811754,-0.014970519313738606,-0.041443071098505424,-0.014171977239292421,0.016973985246186762,0.06461689074426302,0.0987677197693353,-0.013321473776241044,-0.014087273645516762,0.009190011339577087,-0.13025355610156752,-0.08121550755793427,-0.10667187689101587,-0.0414138259204625,-0.04573942615737836,-0.036237425921669675,0.009551285426987688,0.017171985281535962,0.007249408242822719,-0.013389989815995706,-0.02187356094883386,-0.009210706522455259
2024-05-17 00:00:00+00:00,-0.022434402863472203,-0.04245813780076779,-0.012305047499714838,-0.025728077177062603,-0.026169388226132573,-0.029946213147991618,-0.027929109541729225,-0.054402293044485295,-0.017650054356497802,0.025424723831107165,0.02346776680654372,0.03821879821469132,-0.013990026935864486,-0.035859476301423054,-0.0002286665099862084,-0.08661105338718356,-0.0775952682938823,-0.08955836253146732,-0.036149128847750456,-0.05304234636246774,-0.028620242839776378,0.007212229056912989,0.008413053879519516,0.0037791377838922724,-0.01777653127757406,-0.03423639887704455,-0.009132079510841828
2024-05-18 00:00:00+00:00,-0.07180368204223175,-0.010246498728057607,-0.047134957678674816,0.03449796400632321,-0.010105050776745172,-0.014243411083970203,-0.06127589986823523,-0.01333276342472789,-0.057724481626600155,0.029261843700607137,0.008715584557162037,0.048345326154555224,-0.06426585673575247,-0.004813078435053408,-0.036275164556687334,-0.010288516745946663,0.011844071975064097,0.06028463069738588,-0.06378319791194409,-0.006469978223220374,-0.030715002132230107,0.009342504011060182,0.026633695879151542,0.0005471768069447158,-0.05620524112254843,-0.002631535660563622,-0.03975954564009765
2024-05-19 00:00:00+00:00,-0.010243282063295833,-0.03498443790150041,-0.013855006698645367,0.0005937246924712092,0.015627956380307673,0.001904321697401512,-0.009502734044182337,-0.028520551020184692,-0.013344344974316358,-0.009866930145479569,-0.02090992261443103,0.06611810965724696,-0.012888516647619586,-0.03755925730680121,0.0025759058192060813,-0.07554976666908397,-0.07572632390403122,-0.09904624485655134,-0.02568011450577312,-0.04602975154372102,-0.034318349655810154,0.0005605134449284677,-0.01849401039696208,0.013396900435768355,-0.008016364153942357,-0.03317379407034504,-0.008486398223324865
2024-05-20 00:00:00+00:00,0.001846851673008354,0.020211693469526226,0.03452631110965254,-0.02258471199442802,-0.027630852891499025,-0.006719072266793691,-0.004311746087389046,0.013224210775576672,0.032788228296538824,0.015623840772672981,0.01331994113707613,0.023240624073437743,0.009584932429137938,0.019919629099450997,0.03531026336654586,0.058823143097902486,0.038146705774344314,0.026098689757347415,0.013160894903455844,0.030179637115961055,0.03658675530371269,0.04242626940516292,0.033426716805267764,-0.003792420341833913,0.009982556119230157,0.022968920452969055,0.026231324873368544
2024-05-21 00:00:00+00:00,-0.06449323210176017,-0.11154344767996394,-0.010735014632484385,-0.0017690554468572373,-0.0030855459619524295,-0.0057090623283923,-0.06459032784591523,-0.1135491545935875,-0.010894524549060036,-0.026650490043355846,-0.01607312822047735,-0.054316048865630795,-0.06353759015054505,-0.10219528363655384,-0.021353225327965908,0.026410870071563508,0.012858223644746092,0.014190125885794824,-0.05934839955410087,-0.10883037242471572,-0.006300410262326639,0.01876477085176398,0.019173573629632568,0.022591657716074742,-0.04825062756894094,-0.08519413497426132,-0.003231883487208931
2024-05-22 00:00:00+00:00,-0.032254612541512184,-0.12889397798054048,0.024570632469426368,-0.015232663759120801,-0.018283115384431836,-0.006827579393790195,-0.03655381370585309,-0.14356399007313803,0.033281927911666065,-0.11782358926292191,-0.09107409243009157,-0.16826312175308245,-0.05592438330925409,-0.13906750019798664,-0.015663734337803104,0.03866671788088527,0.03557654250957354,0.03945704961369989,-0.021277245203283557,-0.11363975507557056,0.028939691055775763,-0.05616435708915579,-0.0538471170805388,-0.05581734995260679,-0.037589535243730765,-0.11204138128891783,0.0084084678359031
2024-05-23 00:00:00+00:00,0.09044331433114561,0.04831506695412613,0.004898622038689071,-0.0575658005923243,-0.05472652598419825,-0.055712149192520766,0.07573297961349845,0.04336966137934728,-0.0057685436571903725,-0.0025674975642689946,-0.03007834242522822,0.013093757044583265,0.0830834312855242,0.043517437030752504,0.008255255903996783,-0.0011484522170687184,0.01978906820042492,0.00525674356978123,0.08330348168782731,0.046311326435002576,0.0067004599417090915,0.055271350533217634,0.05148108320887834,0.05613056035147723,0.08328684901821815,0.04878114148689461,0.014747833342318772
2024-05-24 00:00:00+00:00,0.032649001474761796,0.06140874090613635,-0.012584886923002525,-0.03450145362332291,-0.03666169778076578,-0.035786457184863174,0.024717224396370252,0.06269263732188479,-0.023074140842155755,-0.15017716352539057,-0.13827265246205955,-0.1385523380609225,-0.0016157228550672809,0.03450247117373584,-0.044167096708078835,0.09674580188743254,0.09116265244187582,0.006204346625011459,0.045304975730792396,0.0703274521202466,-0.009137800157528853,-0.0020741904111588605,-0.01015742800755437,-0.039618712811624324,0.025718256771392056,0.0467712472601578,-0.017740942540631077
2024-05-25 00:00:00+00:00,0.02920182931540638,0.008941819447311428,-0.010155115937661163,-0.03185070783710742,-0.022791670841812106,-0.056024665482261704,0.022404085457250478,0.0038730100822614855,-0.024091367920204054,0.045658508215457916,0.052284896530087055,0.04176901313428427,0.03584540475350284,0.019869040077396427,0.0035162109392901097,-0.01912767116897307,-0.01849209274519059,-0.01621607664827407,0.019045355989637747,0.003464435669941368,-0.011365556745206673,0.0543326057365201,0.02470021029023095,0.021116580970175214,0.034418968645415715,0.011971669140988572,-0.003996061436851717
2024-05-26 00:00:00+00:00,-0.013846945922300291,0.009831697031198239,0.03530006857213297,-0.00470689602414498,0.015770346306678062,0.013345627506465618,-0.01499250852923606,0.012921503145342683,0.0413248023136632,-0.05115554441126713,-0.04296300762509808,-0.039738833143153296,-0.022115974994821985,-0.002791682520594918,0.024575514697229073,0.026945928315421197,0.028631542683028588,0.025571364501668414,-0.00557864285873888,0.01354049245187161,0.03332565043926228,-0.0125628111492595,-0.005659248772468373,-0.007565482474558016,-0.01357715322988251,0.006909812582958752,0.026592704651691612
2024-05-27 00:00:00+00:00,0.03861355218824647,0.007368627293762309,0.03112292361690705,-0.009574659199308111,-0.009855305402025505,-0.010772688636204841,0.04137629890387928,0.00394077524409342,0.02846821280546008,-0.07732898649813524,-0.08231465104858315,-0.07684684328811675,0.02201404471505164,-0.013596974094136294,0.015670991041990545,0.0645036318964709,0.07781545563671188,0.061056469501765465,0.04372883285431173,0.021598339511260667,0.0370746487448097,0.023644077919850126,0.0178481572533844,0.01789399721063778,0.03561750649484674,0.0097075939548259,0.028423262954613948
2024-05-28 00:00:00+00:00,0.009605971006974023,-0.002396639504382847,0.0015297273842345138,0.013394691212976317,0.03495724019389268,-0.005877457432084898,0.015822446148527236,0.005950657793949876,0.0018264330681572183,-0.01981287403348253,-0.027080639725204136,-0.014776839661763352,0.005687912890198765,-0.006572255145215866,-0.003573989448534376,0.028838135478560734,0.017659799255701714,0.011757363727545656,0.013407824847240457,0.0022270782713418313,0.0036276293457504494,-0.01497334254602456,-0.033125036448760525,0.0007900590356035853,0.004864642959750309,-0.008646663828682288,0.001472973408068956
2024-05-29 00:00:00+00:00,-0.037096857253334115,-0.011315858214583696,-0.0170985641259338,-0.04851669336019504,-0.01750281153286981,0.008614482878988694,-0.0564561378702394,-0.017287354553969347,-0.01869536211379308,0.02906954832587605,-0.008855351799690103,0.006728807875734821,-0.03288909829254527,-0.014851318202605768,-0.014572327157293508,-0.03359660579046564,-0.004511769769102836,-0.0024226433206735454,-0.0369525353870539,-0.010686370715664473,-0.014757696444268165,0.02818489860951856,0.006274514324090097,0.006493468707368999,-0.02445127413171233,-0.00836380701333217,-0.01299628575454348
2024-05-30 00:00:00+00:00,0.018137139980123118,-0.00010810849263953592,-0.021880408344744806,-0.00953441250464393,-0.004096675120993987,-0.006396070195673009,0.017940911107681812,-0.0012708667992359368,-0.027662473545680855,0.054192051015701015,0.0416057691210443,0.04654452704838952,0.027432128352351093,0.011082323929707982,-0.008205374064814142,-0.03196147787657244,-0.019169709648429123,-0.034850580888251326,0.01142047392524903,-0.004321875063669545,-0.027081912612392345,0.0067312700516699575,-0.01153032563162082,-0.009075356258659628,0.018244948769027713,-0.0024142875632874317,-0.02060790733150719
2024-05-31 00:00:00+00:00,0.006486919341751829,0.010333473272367222,0.03602122702110222,-0.0029148176574722573,0.01220150723623048,0.012595825345519396,0.01174145983452779,0.01211534945491155,0.04212945544550806,0.016591378137881252,0.024198975143951085,0.03190000102188173,0.010555122913555648,0.016979785852897056,0.03855934178042597,0.002364692922664835,0.004153756320587787,0.02103556707463672,0.0043728097683659595,0.010040427665642726,0.04282664034034589,0.002192788371695009,-0.0034178896428511685,-0.012949912560651033,0.006103125985513103,0.007814015300900312,0.029008457910377983
2024-06-01 00:00:00+00:00,0.007479481140632016,0.024900346971844067,-0.002155523026893702,0.038885867547190145,0.029983330323406276,0.054733754756509656,0.013616814652879006,0.030333941898611272,0.015708767565399295,-0.04808755573317536,-0.0020071300105941603,-0.007356806048618103,-0.0009647785826799593,0.022829633043223163,-0.003144093960206762,0.040227047280590345,-0.0005587003641468469,-0.009242940697634872,0.015209352167339096,0.021679579734548815,-0.0058383925691972705,-0.0343125867711388,-0.03728954731327294,-0.04557262908573878,-0.0015034522511144788,0.01358348014283206,-0.01116830373894917
2024-06-02 00:00:00+00:00,-0.003460341765250119,-0.013001194962491303,0.007952574085089426,-0.02574290635805898,-0.025499659858883583,-0.021839148171703515,-0.0101431735073102,-0.01799601423853947,0.0022877617900805003,0.006970399718501552,-0.0075382479903793875,0.01157945891264145,-0.0024785358099992383,-0.013511008050226425,0.009877189378413309,-0.0064365749840404884,0.015638412262199974,0.0076919119928966495,-0.003616822790150298,-0.008134696280167497,0.010614682417692922,0.03068486464059128,0.030472302080566394,0.025855486541776607,0.0038201633914376476,-0.0051267676296830045,0.013113728116782575
2024-06-03 00:00:00+00:00,0.00029386817530774323,0.014295620236429274,0.019969621385618197,-0.022988190046640433,-0.05851373449576447,-0.010209616886944883,-0.005067305026262625,0.0014804287459815324,0.015115861743213665,-0.005967856814354078,-0.0012923147937700108,0.018717417778183476,-0.0014916176513581902,0.01651963999632633,0.02233457838197528,0.026306873514807982,0.01213740389368434,0.01344615489083556,0.006002960861891449,0.01383008608985703,0.01914904414258789,0.026925825740689024,0.032696590523579205,0.006329672276483178,0.006372792442985498,0.01898401060220456,0.01938225570589225
2024-06-04 00:00:00+00:00,-0.023887573347694646,-0.01340780157331023,-0.00015100556976888058,-0.02816142731879201,-0.040856625570801386,-0.024384209771248666,-0.028232474414152775,-0.020620175924004447,-0.005586395883862116,0.030139446730131247,0.05216774956600001,0.040650888859052214,-0.016203730072063993,0.00015646053728235465,0.009478805563491788,-0.0034241112683969233,-0.02596695148934014,-0.007095063368269816,-0.020773074824041227,-0.016199969830346994,-0.001911833456445633,0.00834334711245499,0.005444141699284977,0.018224865392818534,-0.020316063234569137,-0.00973259330985854,0.0034175705537038414
2024-06-05 00:00:00+00:00,0.06310205226354415,0.006258505676137505,0.01594900558121748,-0.013184695797670343,-0.014756593053910638,-0.01266252620304087,0.06131083876784782,0.002396606794844214,0.0094586267966148,0.07958558910802704,0.07887881524627782,0.0790471817639371,0.07350944686951832,0.027336797653445544,0.031556359460831906,0.05877760192520021,0.0205702810468138,0.029068041483358842,0.07046596630343127,0.00875909563670585,0.016934658860874308,-0.0008465710737036725,-0.0008180379550545291,-0.001454298653515096,0.05027466336851538,0.004851041539028822,0.012371596693627751
2024-06-06 00:00:00+00:00,-0.00880481734770211,0.010584946302486742,0.003070843181123273,0.003791081433951904,0.006096166988176721,0.006683543629572464,-0.004061459393424172,0.010654227951616635,0.0034875009148198632,0.024802753356243157,0.01931664893204932,0.00283381425771001,-0.0034349610322232937,0.01516477671402816,0.004294013143713471,-0.023883318660696817,-0.03588426389355781,-0.024458734255058956,-0.0098689589885399,0.00028569719060711485,-0.002989602395687463,-0.04946527129428313,-0.04810526649455382,-0.04815751672950508,-0.016958062533597773,-0.0012326005693602538,-0.007165582321258301
2024-06-07 00:00:00+00:00,0.030455846484649385,0.04331448871864607,0.039178624357719904,-0.02167651690508876,-0.03315056125050342,-0.023678704483059976,0.023568785928837377,0.03391507155972828,0.03397104646529492,0.000792401812851784,-0.007903384509743705,-0.008966601020939713,0.027220105083918478,0.038860949905523245,0.03452231343080481,0.019297572391677065,0.05088854021659395,0.019865290727850482,0.02951737693620582,0.045977221645547184,0.03795818549005259,0.02123375880933942,0.03464487952105455,0.022569754839414147,0.03147807891356491,0.043156588559830844,0.03646857349804744
2024-06-08 00:00:00+00:00,0.04930836872426214,0.049157778521486506,0.046383581550295316,-0.0825620020687915,-0.047647396572729206,-0.058835155620632906,0.027142481266305474,0.03889469305297366,0.029703639675144444,0.0007120594919922674,-0.050683891949255155,0.07897654228491913,0.043452531084144264,0.038428002019422314,0.05599883813808737,-0.043231805270624646,0.12665699191095947,-0.00896376544470745,0.031018319712374343,0.06477211189878052,0.03526814064402428,0.0819235072813067,0.05243578263001525,0.058605169765071796,0.06257327983294325,0.04966200483668337,0.053641089746522264
2024-06-09 00:00:00+00:00,0.04275879062793053,0.0041891003206442345,0.0571629441903212,-0.016894171950997183,-0.027574055457263658,-0.0303117364105967,0.03754722757986051,-0.0027674272244873066,0.049065833311838336,-0.020739382311852794,-0.005207491665119912,0.0075583759737691825,0.033387128266034516,0.0032827711333229814,0.048800215561608296,0.024705597607487917,0.03765059834799134,0.014196107008662029,0.04014873877477276,0.011116122878355172,0.05041383490683882,0.011959107140194547,0.024154712010284962,0.024856747342290708,0.0404410278341929,0.009209806274067311,0.05266145581523318
2024-06-10 00:00:00+00:00,-0.025260526063276,-0.011409826337692275,-0.02281086948701938,-0.014737973788221725,-0.009265348691867792,-0.01568889970407461,-0.027291331359533877,-0.012371186126291955,-0.02601658308921384,-0.026772683861434166,-0.006373538740617302,-0.033616629923820196,-0.025813472800744197,-0.012905736263419398,-0.025551549743742852,-0.0008080462033824842,-0.004826393029694009,-0.00016259854181011058,-0.0209883680562315,-0.009902322013450426,-0.019534023033182635,-0.0027192829346071035,-0.0061650138103385155,0.0002379943272021734,-0.021791878798270492,-0.010342872842287743,-0.018842121052359717
2024-06-11 00:00:00+00:00,0.003075155356345727,-0.023661056619048604,-0.04484631052270882,-0.04712021515948883,-0.04730393885161632,-0.046185443356512645,-0.009711683601070775,-0.032550364387874064,-0.05645299877266796,-0.014827371331194716,0.027800304156036848,0.040082385899828044,-0.0008270114668417206,-0.020311815148498225,-0.03218199925573639,-0.014773383635426685,-0.02022873593695762,-0.030922532905027555,0.00014909209627678166,-0.02204915809931074,-0.04394424515785411,0.07201422235301846,0.06916852834987641,0.07026446865691471,0.01722037092815265,-0.004936424001838802,-0.021807037023914955
2024-06-12 00:00:00+00:00,0.011938378433619334,-0.02949984106898418,-0.01146951108607519,-0.06407302908171186,0.005612343171097933,-0.03889650107013576,-0.000791102417701639,-0.032546785136640555,-0.025603388879679057,0.047152343145580033,0.023381862193014413,0.011627195889231112,0.026581107934797066,-0.023640689867936437,-0.00860036696694888,-0.0046171363008161714,0.027046626150847075,-0.0034835006610117736,0.008822123229023093,-0.01912910826743175,-0.009546061241408998,0.07126993899368705,0.005402387107956486,0.04901948866578176,0.02443429547266507,-0.023318865451081305,0.002102853834274443
2024-06-13 00:00:00+00:00,-0.02090266422304543,-0.035981128864820966,-0.02702043481471772,-0.009461600195762254,-0.021958086178838432,0.053408883340528845,-0.02713615489279575,-0.048332352945371304,-0.01646363877085144,0.08849019880163445,0.06320466450606932,0.028811614072187686,0.0011958978236565887,-0.019718029944468474,-0.02040900735343898,-0.07497690678726476,-0.07093026149921777,-0.01928925780315871,-0.03211033060797541,-0.044463872839823226,-0.025682827764092586,-0.015751889306368505,0.006048755650789106,-0.05343347410575938,-0.01958050125813282,-0.028299304460609576,-0.03346792515700925
2024-06-14 00:00:00+00:00,0.0222355348916623,0.04420882439306428,0.007098035591248664,-0.03886927325557277,-0.03768900862637137,-0.03142572717398173,0.013376400577655323,0.03934280792862754,0.0025115009087728346,-0.02184256360314829,0.026881246874636888,-0.05664498444022048,0.01966473318089723,0.051056383208863076,-0.010459801025712312,-0.0034021437597173687,0.07786761782475371,0.06615213811481957,0.016447261164528992,0.05208976550656175,0.02052277451079343,0.0545110077741493,0.052394635276973744,0.04805532733758011,0.02881271698203003,0.046404828984737634,0.01677473604617985
2024-06-15 00:00:00+00:00,0.04750979519399179,0.022364990833011467,-0.01954908094650787,0.016732431420796168,-0.014200114381481388,-0.028043473465328206,0.06065648226336773,0.021057674260932524,-0.0327415922161618,-0.034432941340851175,-0.002165051326109224,0.005959785168931697,0.04272091197879191,0.020378952438250275,-0.01966011566963366,0.02872992590556711,0.07589221279127956,0.04002207511890621,0.04371426032085224,0.03327489401597816,-0.0072186306824320035,0.03500515389750003,0.032005125631195064,0.03439396491386959,0.044994705920918365,0.024146790892718872,-0.008705457742909428
2024-06-16 00:00:00+00:00,-0.012435970085985737,-0.00568787871284393,-0.016972959160574286,-0.004842914380842389,-0.017137745291627038,0.0054636708883986085,-0.015936254615877776,-0.012666904809583768,-0.017906138136248417,-0.018383483740104567,-0.016306681668467715,0.013906755070302701,-0.01841459747117291,-0.010599081384339515,-0.014163939235831036,0.021812801811522675,0.018070278499058068,0.003135306346907285,-0.005921730421278082,-0.0009413005257676854,-0.012789362987251418,0.003325640348614156,0.004138005952362578,0.0016680108080655565,-0.009240849107914784,-0.0036844135719197313,-0.0129944730060787
2024-06-17 00:00:00+00:00,-0.040044650815769245,-0.008131033234694551,-0.014178057090986296,-0.022710740482457248,-0.02311820805702469,-0.02193763367395163,-0.05028879265048325,-0.015438026894432744,-0.0236683038520491,0.0011666633144979954,0.01225452671204641,0.012371251679726525,-0.04347683917640999,-0.005329638029250572,-0.011653195436171604,-0.01360011058399857,-0.0008652809058170563,-0.026392789278457784,-0.03478955692478436,-0.00683169775382142,-0.016317114033390978,-0.009949519093100379,-0.00927600389977401,-0.010087796291405327,-0.03403423610503753,-0.008366536309436623,-0.013188776710618466
2024-06-18 00:00:00+00:00,0.126028401078079,-0.007908534450716376,0.08844790820828896,-0.11176170005367181,-0.15192182382240504,-0.0503332960670162,0.1076860680249283,-0.049370240627352624,0.08301406459546246,-0.031016959579919345,-0.053346254087528355,0.018530711177879855,0.12937714830950675,-0.023184185588584705,0.10076877401317708,0.06688893849967026,0.011077444800807523,0.11692704060402148,0.11397100026480911,-0.004436899860643662,0.09407385507245225,0.08825159407602734,0.0873130572365981,0.08885916075059397,0.11829815094461194,0.01128932278038075,0.0885880989290797
2024-06-19 00:00:00+00:00,0.0815916854854053,0.05858922212270401,0.07662462277370063,-0.05743481242695203,-0.07588086521387793,-0.02843135008105635,0.07997064989300218,0.0438482260034212,0.07634279013023693,-0.1064438808371918,-0.12513869837647418,-0.07861041493201715,0.05923892385416596,0.03703761232157454,0.0659492318922108,0.03193340777052822,0.07705831460767687,0.050039146629141884,0.07185102014671862,0.06234428410848425,0.07112023260444156,0.02163495440505181,0.07028230049180362,0.04384366232724224,0.06962810373030415,0.06124603907300652,0.07010700123268565
2024-06-20 00:00:00+00:00,0.0018300693416481995,0.016070419760081833,0.035318759770663455,0.023341321404253712,0.04615481545028133,0.0049081531397845435,0.008004627386422491,0.028573383079298686,0.04002786599298025,-0.06691556657685183,-0.04990501976668449,-0.0611906872751965,-0.012785987637884855,0.006914117257641461,0.021767242073296167,0.002575185787887513,0.00020657491272779716,0.046634077392356144,0.0013131165848285775,0.013024599289172434,0.04214626210260253,-0.02282969770676635,-0.034024272753401474,-0.005426475363811356,-0.0029905236260799883,0.005472863487589796,0.027160561892103585
2024-06-21 00:00:00+00:00,-0.0077500238847261205,-0.01823169412464709,-0.016589147778060198,0.01304158805812583,0.0038483766448731416,0.022564277133725996,-0.005704163341772928,-0.019573819367210255,-0.013580173912743798,0.004295394982256839,0.045805654984889976,0.017246819214398412,-0.006421494288031737,-0.013512836717407772,-0.011432554089910507,-0.004366162457157929,-0.04201161033019196,-0.05112374734729952,-0.007857731431651915,-0.021860962545668272,-0.02487591367038866,-0.013862025883778606,-0.0044042191953304055,-0.022855663315322516,-0.008745281187258591,-0.015401033751316184,-0.017779033504000008
2024-06-22 00:00:00+00:00,0.01188026928690955,0.030241977903075146,0.0014303339374612811,-0.00672948385105121,-0.023386245233211977,-0.019697972745446046,0.009876395210767663,0.025848528462754317,-0.0022690974355416005,-0.013221571047066671,0.026522057029287005,0.002415599397663337,0.010161101116152649,0.035858508739694095,0.0022997671392415153,-0.022030952478182875,-0.011751318809293476,0.01688683861763396,0.00727329335006055,0.025424173724218457,0.0037765186557308095,0.015095770832331157,0.03272536907546142,0.017981448955419754,0.012185951385283555,0.03168745106355719,0.004544518730392744
2024-06-23 00:00:00+00:00,-0.024790561550512513,-0.013095884860164886,-0.036988101337001034,0.03305860635961233,-0.0013757858711159754,0.014541714616099544,-0.020218177956575545,-0.016140354429808546,-0.03831558952516212,-0.04099653406323378,-0.01266248895317712,-0.006585038801562693,-0.03218341980101047,-0.015700429885292078,-0.036466326170080166,-0.0001949497707779413,-0.013132433177382774,0.0024514960325427992,-0.02071815508429431,-0.013788893308931516,-0.03157202584127505,-0.013856907440232158,0.0007424171298120452,-0.014614597618085812,-0.023675159409498492,-0.01040552348487822,-0.033890873763721574
2024-06-24 00:00:00+00:00,-0.012041229822981836,0.01969098064598418,0.028467107925241875,-0.009331804757142348,-0.046476236765180534,-0.02935795199786173,-0.0183530957748248,0.010989013927429347,0.02477299043836778,-0.006068785199679683,0.020956755501013502,0.03309165780291323,-0.012687270920186067,0.023170166265772174,0.034642299544853206,0.014985033223359645,-0.005366505192850757,0.023310256599194945,-0.007595167116706825,0.019020638583669314,0.026306571795809308,0.026224408618846118,0.02506196928329607,0.026935134380479564,-0.004518754613836551,0.021957498855910362,0.029721231403938342
2024-06-25 00:00:00+00:00,0.0045152017794301,0.027439350866821144,-0.010364376804625763,0.03600252553054095,0.03704483889580179,0.03392482000111863,0.01567821591679386,0.0419292173570367,-0.002213730922440038,0.11096952240817481,0.1167228298340044,0.12128137826695906,0.028761672919558334,0.05406169157394447,0.017770620351964528,-0.04817212713325569,-0.04884582396521642,-0.08562479832596592,-0.0080955794971308,0.00881330467461594,-0.020984276924772782,-0.037335153632654605,-0.03554900763110347,-0.03344825424573783,-0.005231183718000687,0.01687449256091389,-0.015818208570096637
2024-06-26 00:00:00+00:00,-0.011150716253133686,-0.01599226285994637,-0.039886530435135126,0.05476209668363352,0.008367057962896274,0.0039030408165048325,0.004633111822422542,-0.017616202480400633,-0.04484114112275139,-0.0015305614749036023,0.016154242730484603,0.030318160060533117,-0.011261591690793549,-0.010017495330606474,-0.025470110515555144,-0.02796252020629786,-0.04316800636015816,-0.034749353408958794,-0.013364547565916984,-0.023643016714125054,-0.0402354814608733,-0.05687638598115852,-0.006919655761687515,-0.004886284420651088,-0.021812411895301698,-0.01412941394624867,-0.032504312735080365
2024-06-27 00:00:00+00:00,0.021753370091066815,0.030316025898585286,0.015418864099873808,-0.04017478865584401,-0.019173441435630822,-0.029190975192674995,0.012664885359513267,0.02875551011819355,0.009206909975669086,-0.0320066272109214,-0.07274770396625996,-0.0747050255140006,0.011615217999520366,0.008775738004238809,-0.003881614479524287,0.05901392932212368,0.07782699397765125,0.04721161998009049,0.031050675005117157,0.04200646153416843,0.02314506400569538,0.05234594882695354,0.020019609337958988,0.011111807401251061,0.02785437758357534,0.02830480495102905,0.01444450880080761
2024-06-28 00:00:00+00:00,-0.016790639283258635,-0.0012586220399553039,-0.005671299008950914,-0.029841462399504914,-0.03494487108720923,-0.05545351821037736,-0.02869681044258432,-0.011010425281595015,-0.022670506430772397,0.021242937696894115,0.022748735725214964,0.0024604503033813785,-0.009009282182076528,0.004094357465466603,-0.008963002672406017,-0.08681997748524739,-0.0713257818338251,-0.07895085902425136,-0.032050284166062704,-0.01659714012657143,-0.0205388890127427,0.017684197061391904,0.027335844223201233,0.03484147330461784,-0.00962357724679852,0.004429672388640338,0.0018078252490016933
2024-06-29 00:00:00+00:00,-0.04149065306594546,-0.026817936140901888,-0.030997765948178713,0.008343913972614914,-0.02142591690194573,-0.006327444380300751,-0.04408190367024001,-0.038625773877355996,-0.03795382484396448,0.07644031374813842,0.0884290494000699,0.06825897648274348,-0.026209106065810728,-0.008385078403198465,-0.009814539478239293,-0.021478408957125494,-0.08219434171993745,-0.035740084293174434,-0.03640695640613212,-0.039414197831142195,-0.03240619910662601,7.235522650228532e-05,0.0031740970414830816,0.005400331466094421,-0.035378922844373384,-0.021570943180072355,-0.022643313788042962
2024-06-30 00:00:00+00:00,-0.007869100811582208,0.020899038502854905,0.006046877522347671,0.006371784216229415,0.002626845331791916,-0.010153635404737016,-0.008180601909879348,0.02633307863084844,0.004527145797567966,-0.029886637261331894,-0.02094347274989672,-0.0298909291683479,-0.014441784760076515,0.013690328622181891,-0.0025073524058066843,0.020980335452718046,0.03132401035640009,0.028000949082343185,-0.0028006135257764297,0.023741045228851343,0.010719659612921095,-0.00841117773268385,0.00672011043667009,0.009896054638482532,-0.007558002901771221,0.018171842486736978,0.0067707712397155895
2024-07-01 00:00:00+00:00,0.015122289299239089,0.0093749383968329,0.013647218474729828,-0.03795942682131537,0.005441050077349852,-0.0034797407664834967,0.005358827978725111,0.01025862034847802,0.015698712820330307,0.01433461302175898,0.005657653525868334,-0.0033800013942654195,0.019864579863456244,0.011630996411310157,0.011887888867806451,0.03223945429291608,0.00876299506963596,0.011604772892279236,0.018569809694695794,0.009353422187682758,0.013332751123101838,0.03630452902483472,-0.003281818813716475,0.0010727825370469013,0.01942648282373094,0.006802313469643773,0.011071690433308135
2024-07-02 00:00:00+00:00,-0.01336177611452738,0.0714294680984422,0.03639809935622362,0.04384328867739651,-0.0627404909193855,-0.029775727561773935,-0.003932861321796599,0.060036225603378846,0.03713969628546265,-0.005639593885800931,-0.036250527462111215,-0.05669354014613881,-0.014450083671740721,0.06105058584117917,0.022024058751848763,-0.016021597253261688,0.022243559802383794,0.0019122621656832983,-0.015284308715054817,0.06301138551285379,0.030759452070152404,0.007218752240129911,0.03256456253677498,0.0045418368785985486,-0.009226076244885362,0.06375778605895466,0.03006229781451175
2024-07-03 00:00:00+00:00,0.002725156512213056,0.02812687784052903,0.009897328752093593,0.009457563159297022,-0.011215456462203677,-0.010554853472692804,0.004635391215000784,0.02535770572352103,0.009383370766544497,-0.035503532113730585,-0.02788191084652014,-0.04455838194959372,-0.008172208095709399,0.012482617832430432,0.00043342389543998827,-0.003715631307391276,0.0006791106744974407,0.003398343530918835,0.0020648381840102648,0.028586001328710253,0.009568050161143704,-0.01522525606876568,-0.015461255890303005,-0.0160760574335036,-0.0009341037125482066,0.019291187977220847,0.00479093152840937
2024-07-04 00:00:00+00:00,0.046786434186799175,0.027171442626465758,0.0008062864053997032,-0.08056419403458226,-0.048088594831716014,-0.07767088287881563,0.015629623041327756,0.024778290124526148,-0.014448436969821454,0.026462613775579458,0.025674393316619692,0.032528626927571525,0.039098858867324005,0.04066804943296587,0.015157451491665475,0.015239189766046213,0.006925079313860882,0.003313345815361579,0.05030702144221366,0.021709086717047965,-0.005272115587393156,-0.0015455661970970036,-0.006211225815676458,-0.005123949856493115,0.03609206494516526,0.02043928315362953,0.004400360364350542
2024-07-05 00:00:00+00:00,-0.004579051483869612,-0.004012514912470899,-0.02709680295139394,-0.0406607629331186,-0.03525888070916683,-0.05465927708567897,-0.01990756698774032,-0.013401943889972845,-0.03726084894193371,-0.06124630404912468,0.04078500380477057,-0.006324288624645846,-0.02484405760302133,0.0038755584089693595,-0.016188685760540222,0.05910442138421179,-0.032191197159995744,0.010924720662891074,0.019664439010730117,-0.006206621032460946,-0.03743435480787316,0.06404071380381171,0.06911293915222916,0.05828616155312916,0.004007212333086541,0.013516497297692442,-0.008587093503638732
2024-07-06 00:00:00+00:00,0.02659755818918552,0.006143768814404815,0.010770789434033645,-0.041489585380959704,-0.03963521769300982,-0.038805566538475667,0.021522833366621308,-0.005698776449827303,0.003985364848132722,-0.09476615953409095,-0.027712760792586888,-0.053654490946984934,0.007045128805010625,-0.0008425620874926709,-0.005146752349361239,0.09070183981276725,0.014696846964952659,0.02296826984975353,0.04144467679203778,0.006590073880843317,0.019699658835315104,0.0366921126886155,0.032598270858458234,0.026929911168794174,0.030621249661405336,0.012568359948247565,0.015163781349702976
2024-07-07 00:00:00+00:00,-0.032216794482075706,-0.08076137361822056,0.07832623425586371,0.04155507372906775,0.06152067946033579,0.0021925376949893938,-0.022518785710733624,-0.07123349512284327,0.08372011269598634,0.04144134158652646,-0.01462869046462012,0.0146712938232898,-0.02140861545687689,-0.078831635352696,0.07488485829572933,-0.06462429256490332,0.010171427279184186,0.010504885276567233,-0.04280911225562878,-0.07550083774921201,0.07718656405342927,-0.0395140304839694,-0.05356809103850091,-0.00393650690313474,-0.035748274617201314,-0.08076332388399221,0.06582795788371909
2024-07-08 00:00:00+00:00,0.08591128446300567,-0.03729437284204029,-0.10690992250794851,-0.05753696533373198,-0.03305535015179373,-0.007813224154970433,0.07009921156152688,-0.03950700607105284,-0.10994136090093742,0.004515133226709489,0.05023050001662743,0.006146309404961858,0.07608374523918382,-0.008901017816422163,-0.09847829699186683,0.02333823241353028,-0.04510447750433577,-0.04574457516588348,0.07528458388877213,-0.0393342001631688,-0.10413813651190951,0.04921571799604396,0.025764372405265634,-0.004684065754696931,0.08196058452001909,-0.022636168477367047,-0.09176630859843049
2024-07-09 00:00:00+00:00,-0.0021009061329546608,0.0039908642716763865,0.005809934668518757,0.05057311842192713,0.049117756813803704,0.055690005101545426,0.009684498472357639,0.020161043572629156,0.017170851256145037,-0.06743602519921221,-0.0671974641419103,-0.07354769039153575,-0.010117111548789914,-0.017545869926604563,-0.010594365644821191,-0.028162632349192696,-0.0034344833318799006,-0.020616348402382134,-0.005702844663971196,0.0018159552048830907,0.000437130436698574,0.0066478008722354875,0.006808904169222085,0.0033492356226962894,0.0012370055318682294,0.0035063173201381748,0.0052791407434862325
2024-07-10 00:00:00+00:00,-0.009388472371949175,0.015500074630123928,0.009492778070804953,0.06679756107369461,0.06830967289136547,0.07035703212860933,0.008313411025991035,0.032394205781518304,0.023894860632978743,-0.02531031639803627,-0.03620551183709331,-0.04611412243140556,-0.010050253906338513,0.0031850476544528217,-0.0017737009587595054,-0.054505559018364735,-0.04424988071010183,-0.060759411716042044,-0.016138091748086336,0.00016564401308372112,-0.0047538062391792035,-0.014398195888151055,-0.015220039712882105,-0.016646863890855568,-0.01028072415319814,0.009210936023065663,0.004164198482268233
2024-07-11 00:00:00+00:00,-0.03871425681042506,-0.05826450313983789,-0.00946592317396222,-0.024467718317966347,0.012987409326273402,0.012945524649928819,-0.048662038607326874,-0.047476000317864364,-0.0045700883506515355,0.006093814598676417,-0.02396889130694657,0.01340291486399603,-0.034234089143427404,-0.05095750077134331,-0.010870371370538034,-0.02307899853581874,0.0014562421584132235,-0.024743326611412764,-0.042548859715608844,-0.05091089410553662,-0.011886698736746304,0.013541208980452524,0.01430896626149658,0.014551508435638016,-0.028272289173582266,-0.04414332312712799,-0.00454916821658824
2024-07-12 00:00:00+00:00,-0.0027741578197409966,0.02543025285118561,0.034312527831277695,-0.07863059616135137,-0.059303659964291544,-0.07708390357589967,-0.017947221674678215,0.005078119268634662,0.013053655370526718,0.08701073306370732,0.06357488099584652,0.04220180981948407,0.017559370853996503,0.03941047094428107,0.04224152954968163,0.015548879548497485,0.017411957162844827,0.016420948847344796,0.004122939957483807,0.026627634324360328,0.037402518371260074,-0.0027732846399239897,-0.0008495909682449954,-0.0012396068464427534,-0.0026484209423710547,0.020125197922270965,0.02702137907046742
2024-07-13 00:00:00+00:00,-0.04243092188271058,-0.002693675480012092,-0.019714521650862404,-0.041752891790221236,-0.04112380126868864,-0.04132065594065648,-0.052706899510656324,-0.01345960750047237,-0.027186022875982485,0.02894088071099543,-0.002923559579449564,0.02260550968768138,-0.028293142935623017,-0.0037109056004466234,-0.014963214980786455,0.01678509704415032,0.02197500025758581,-0.003279444705867718,-0.035836757882608095,0.0031586220398249765,-0.01711119324065824,0.012811384107684232,0.01200047125721082,0.012065951863918567,-0.031345900100007706,0.00017042650410337146,-0.013419711996669581
2024-07-14 00:00:00+00:00,-0.00022166666917700084,-0.01977900210000394,-0.0033284165545800493,-0.030316722067424973,-0.03167661614649242,-0.030981060923071513,-0.010908924373071893,-0.027337372106576052,-0.011115816677555568,0.05074368864532497,0.04147003276290695,0.050459920732192964,0.010792537203544006,-0.008011067407271755,0.008419159616584126,-0.04678308083081428,-0.050381796213779584,-0.03096261685375079,-0.01242147861453291,-0.025625137552332866,-0.014058038489114577,-0.002312881081403928,-0.003147980645270998,-0.0031042913647071346,-0.0007452880699219122,-0.01644365783478785,-0.003407399170563541
2024-07-15 00:00:00+00:00,-0.0697476505671043,-0.015354682109998241,-0.014344242851348388,0.031740996338337935,0.03598833332911755,0.008704222888139768,-0.06585152710345965,-0.007715291274157154,-0.011153369502621913,-0.013529293292556033,-0.07255144320060247,-0.028035276964835876,-0.07196606461154709,-0.023040122351109638,-0.021186850304728,-0.0030255522851706518,0.02472886249880224,0.03813453042933057,-0.06028435721964398,-0.008963764564723586,-0.005976247592521022,-0.012893458819469239,-0.005177055597208158,-0.015521189734329699,-0.05825397116543962,-0.013293960227411805,-0.014581714245436306
2024-07-16 00:00:00+00:00,-0.11144297065894337,-0.21932410614938969,-0.1637121158928495,0.0438391289779001,0.01843814196479343,0.021792029844011962,-0.11651148134219946,-0.20309438764368837,-0.14894439199297704,0.06031556305199026,0.05064388297045652,0.10833392898028382,-0.10787312024501083,-0.18523230944764002,-0.15053970623071344,-0.1686549868807894,-0.015245875442633228,-0.02608950262552512,-0.12911556091159493,-0.19749166214058467,-0.14932898310362397,0.007194457001309829,-0.049467962344456606,0.0021141462634344244,-0.08727862117232188,-0.18509609115786274,-0.1306186799876825
2024-07-17 00:00:00+00:00,0.03789414513266709,-0.23470760258254175,-0.1311078230861653,0.029177729832398525,0.02964386859928858,0.01694673798346158,0.04328001439446716,-0.1955315343996592,-0.13130209035750973,-0.04461187042816628,0.12823605746316646,0.08573782291522525,0.03066398408918558,-0.18349984526213126,-0.10986494841744354,-0.06440045890229684,-0.08535943393785639,-0.09277786461144677,0.01973522609197409,-0.22655694919245994,-0.13395105216298586,-0.04656844030440643,-0.05260223303345768,-0.03685500218046611,0.021463454321937192,-0.19230788434198798,-0.10953407752045485
2024-07-18 00:00:00+00:00,-0.0016350861072008671,-0.0739382481576083,-0.010148714913699508,-0.06017630444771571,-0.0664960463985852,-0.05951858031371582,-0.014497425979298262,-0.0931026656570958,-0.026009469269550833,0.059706929852284096,0.13976662569449338,0.022310029923886976,0.01635811437591883,-0.018509706642257706,-0.004207334133249474,-0.09748615027577046,-0.11247705495585825,-0.0756327550023016,-0.021458607382048522,-0.09801675491079453,-0.026554236103368822,0.04723538704227748,0.057781692936457185,0.04203144438963702,0.00810508371952312,-0.04339227470321372,0.0015724869895952232
2024-07-19 00:00:00+00:00,-0.04058184767408646,-0.03647583346805805,-0.007316332283635929,-0.025096777382807578,-0.015830901149376353,-0.01483395343880689,-0.04694181459800484,-0.038946804743972496,-0.010452369366041214,-0.03579860349778441,0.018912149142055856,0.023473331058201596,-0.0541378108729238,-0.03302690930211749,0.004388924324658872,0.14545323227469265,0.03590760917013913,0.14083531330124077,-0.009120078428450973,-0.025344006725602664,0.02480975931744145,0.055675026809364425,0.008501091434150121,0.053487883249648815,-0.024400548292062285,-0.02287491744268133,0.003615708946736129
2024-07-20 00:00:00+00:00,-0.03335420478388662,0.025755872788369327,0.01953454924771858,0.024582897854194208,0.173043258042056,0.08121461912547634,-0.027743695428531612,0.06948545930482908,0.03891773149380562,0.014459926497148112,-0.11315594262819684,0.03548004631857227,-0.030331872263151927,0.00048244666197971853,0.03028848729363154,-0.10615034646111288,-0.02680972928505576,-0.0008021322422077093,-0.05161741132031061,0.017060789264425447,0.016636439180420348,0.050633830830071336,-0.18259594357308206,-0.11638311880907215,-0.017320313916030505,-0.018697684494095146,-0.011343214249920797
2024-07-21 00:00:00+00:00,-0.04479676668988053,-0.009620666904064823,-0.01864149850468677,-0.009208315249968457,0.002321956200926234,-0.030461416759669846,-0.04562269782719286,-0.008078175579202762,-0.025262888408786432,-0.01757265568013522,0.029811784705106925,0.037961476546397144,-0.04283478996696943,-0.0026971974789598008,-0.0075413829399916255,0.012278023574765484,0.0034049357768835,0.028023123184127474,-0.03584147907898061,-0.00747492211644607,-0.009779642871632688,-0.03413545875171198,-0.04278502043763155,-0.0159730304577288,-0.04248768880646614,-0.017508735311114743,-0.019754014352539984
2024-07-22 00:00:00+00:00,-0.06597881142917694,-0.03566008853468583,-0.05698680056844829,-0.005945566925141921,-0.009809534311302492,-0.009122675897074384,-0.06270087536635527,-0.03637721968020913,-0.05663075856204047,-0.01291020324904435,-0.016116047419627244,-0.009849197444555036,-0.05962283899971377,-0.043747023379628325,-0.05533828553196163,0.04218321018487492,0.029676151038407594,0.06499813252383868,-0.04684465699152707,-0.02421300117541414,-0.03449531975713804,0.008404535027136006,-0.011664631800470504,0.032172031588132644,-0.05232246586062028,-0.03788029612865862,-0.042598670034332486
2024-07-23 00:00:00+00:00,0.09845119167370098,0.016044239480402123,-0.05207202215517359,-0.09872633029882216,-0.09801058937039453,-0.10036049971327965,0.07059394663653995,-0.008970860915675893,-0.0733090813532773,0.023572909371030182,0.02170529004910704,0.03253947173551297,0.09496203966207051,0.02372552160895225,-0.0398106460177583,0.05818928789650335,0.05604935526002386,0.05297913230756279,0.09607294637292707,0.026429587113822484,-0.031340942018103,0.07116629927119589,0.09946638434752741,0.05641013890141622,0.09840057731104346,0.03804577072212356,-0.030731533125027632
2024-07-24 00:00:00+00:00,0.009914150792716958,0.023109480879393685,0.0598642530880753,0.016425450925095397,0.01091465956501736,0.024686983371958515,0.013013266902335507,0.021018186315708842,0.07099940300708951,0.05780238818412409,0.0932345270849142,0.03426028843169937,0.020073992640813776,0.055642602098297855,0.06611313628986726,0.012823617582951474,0.015284987815574969,0.02337821268205942,0.012092489568796161,0.02469585377237271,0.049934683733429575,0.02246973670506125,-0.001876113526687595,0.0006172216485760273,0.012215128094885674,0.022475998412365028,0.05221470209578061
2024-07-25 00:00:00+00:00,6.568534714523899e-05,-0.006019211725479479,0.036765869699252995,-0.04868316663996308,-0.06467393487292417,-0.06556467442688207,-0.013689369664753093,-0.022951787760773446,0.023140166223210912,-0.013535339724557782,0.0055410951947434395,-0.01855451727854751,-0.0009572352821403118,-0.003933560162366123,0.027780576746656127,0.03811347945883581,0.039710187033005884,0.031028169774228065,0.008616306178896638,0.002955931471460227,0.03755087884648867,0.05103021485490156,0.04902766524434554,0.05406338330022953,0.011780837631880425,0.005246360508133652,0.04158296033589415
2024-07-26 00:00:00+00:00,0.004087894927536917,-0.015161082082124855,0.031466550373953295,0.03640962578047913,0.02292187872666851,0.022423737214364747,0.01801162755851271,-0.011419515854838802,0.0426106233000938,-0.02108377195929989,-0.05511983214895577,-0.07481567802129463,0.00012796321933628008,-0.02656118167765298,0.013901555199541837,0.04162430626630198,0.04270311680333183,0.04263795224257394,0.012832919580872959,-0.0030035541126051113,0.033578543681110684,-0.03397547351899177,-0.022797408131546293,-0.0231082939476831,-0.0031936183748086933,-0.018200670150505416,0.02307569482455829
2024-07-27 00:00:00+00:00,0.009144720447201715,-0.03223342196238255,-0.11253716041091444,0.03874438805604519,0.03957844692086909,0.03604481071885157,0.014097449104067072,-0.02119428233671372,-0.11117287365034412,-0.05182989801730542,-0.03776348666849261,-0.09674409508282134,-0.00744274868093231,-0.038543112260357115,-0.10826262716754653,-0.023742674702679545,-0.028507180827197165,-0.03292395794136738,0.0004984598557482567,-0.03556736587767806,-0.09713282390636624,-0.04449635053665357,-0.07481611750182837,-0.037756775549001254,-0.003547069783935819,-0.039917581504180566,-0.10021531159536967
2024-07-28 00:00:00+00:00,-0.020474962573911015,0.023173842241558162,-0.025709652398634986,-0.0669672172536766,-0.068745627328062,-0.06383124297915665,-0.03911295034620521,0.0024448534528689336,-0.049532408437448106,0.08545502797077265,0.09269269139958802,0.09008705889048652,0.0008610481212203425,0.043258572222245606,-0.008221014882819677,-0.03643951673925638,-0.03657134988529287,-0.03145762928602125,-0.02350729553044084,0.011904621829146977,-0.030414436701634795,0.0773944012298955,0.08535070867485794,0.06473948317205114,-0.0021975725429684845,0.038330361430021,-0.009469152562656236
2024-07-29 00:00:00+00:00,0.02410974992480397,0.0347831316617786,0.024639861397770302,-0.031343627216438685,-0.03643935886394534,-0.06152549908235205,0.02008516966792273,0.02900479698879277,0.010553000061710893,0.013495583719498994,0.024261150809647303,0.023914892699581136,0.024772383774874118,0.0389536253669478,0.02424511659355666,0.0003360201837661059,0.021905474457017737,0.015900206371256775,0.02148528370851488,0.03405022148469805,0.022800793313837442,0.034272921209998364,0.034853079681611554,0.03074178622420254,0.029022557423916906,0.03874940827148943,0.0273178484508243
2024-07-30 00:00:00+00:00,0.013047029684832623,-0.018074116439558363,-0.021925435401544235,0.01037936954776919,0.0017372334131298128,0.020609065746528543,0.01863393504291455,-0.018917885631885012,-0.020455639265548164,0.0674471302968509,0.09542904926423379,0.10974509118254883,0.02388008860605817,0.0071736550856644765,0.004235508878436489,0.034899911578234244,0.011094627279235159,0.008614019531452577,0.018588704540612344,-0.013539600925776551,-0.016972514941154593,-0.00010852086577417541,-0.003067367002302812,-0.011227646687746562,0.009682286386501593,-0.016835573759036215,-0.020929709694938126
2024-07-31 00:00:00+00:00,0.009390660765911107,-0.00023878165275759144,0.030021077086177295,-0.00031545498575757946,-0.00011182708922041762,-0.00026291497159813826,0.012895998808400755,-0.0011829656169591862,0.03195352439204169,0.00641608251185688,0.02909455238721237,0.021694698480126506,0.009326340918383469,0.006518606011642003,0.03036996773519962,0.012326725621902623,0.014496757956363737,0.01630705259794407,0.011616597654283911,0.001641727068264709,0.02877555382913677,0.003818918524328252,0.0030369135869297015,0.004842464773661348,0.00879756402826648,0.0005167984770044765,0.0267383364565692
2024-08-01 00:00:00+00:00,0.0011006296490128076,0.008799455944049184,0.011316455086158417,0.008811926782477553,0.004949758354478417,0.007020887984560353,0.00729847452294341,0.012466715145869944,0.011299489055157208,0.06083307478121602,0.05708244899810011,0.05126822445147261,0.013880335226075236,0.021408017119181277,0.02107681054032784,-0.02147394877201947,-0.0035727634228645,0.004644920160425725,-0.002375011217898848,0.003841727209352719,0.011745023962928647,0.010291383716714453,0.01479952261634887,0.012557326090300469,0.0030251931632518936,0.01094183483415434,0.012279318119169602
2024-08-02 00:00:00+00:00,-0.030404909517677714,-0.027875317418240453,-0.03252239474072527,0.021368604648181577,0.018236891802269728,0.017880101842439933,-0.029457058137228764,-0.025449077044614965,-0.0336946988978587,-0.0913548689132373,-0.05458992643976868,-0.050247396289998525,-0.04595178790935661,-0.03567397958688423,-0.03849992192021756,-0.0025579484840182465,0.007386895894200496,-0.00828421936600654,-0.02490015869269946,-0.0210339227200238,-0.027741674975552466,-0.024530817333960453,-0.021906337338210236,-0.02124075514115098,-0.030917253427940494,-0.028700496386892982,-0.03236515636479753
2024-08-03 00:00:00+00:00,0.016474492320907475,0.035286371381690884,0.007375762573595068,-0.042786711371095576,-0.08934512007805973,-0.07186186880538736,0.013299105924417631,0.00933079773075951,-0.017800671950767732,0.0958229655288092,-0.0519385295954059,0.03485247524795465,0.03461222029138722,0.018899821242268855,0.01400747679413894,-0.0482930861563613,0.006452703287540551,-0.025308391940945363,-4.440969758601199e-08,0.031892921539572905,0.003932027494376378,0.07644227635566736,0.06397886517477613,0.06962961568978576,0.0248784397723798,0.04732649667976552,0.02587195154048172
2024-08-04 00:00:00+00:00,0.04642434101453374,0.06433654659913834,0.03723982353804023,-0.04114241353747494,-0.124830800617597,-0.08359994513244551,0.041499568902009676,0.0341160525001436,0.025645981336044787,0.05676826864589124,0.05851397728300589,0.04346304825752201,0.05489943989336199,0.07182972583717984,0.03986946569677863,-0.028794632577488155,0.025016414306768153,0.03125122732575614,0.032016243426125746,0.060764907201046325,0.03639524131085281,0.05194423315077534,0.06336786698604202,0.03897520638013807,0.054910590087157596,0.07902115297489742,0.03865964581036474
2024-08-05 00:00:00+00:00,0.026204662420108882,0.02560100162502743,0.027242111476838415,0.028322754630474067,-0.02170731233967571,0.004702729723853771,0.03639169847931667,0.023380500195553378,0.02981025743914323,-0.02447192671569831,-0.033287766138270225,-0.03105553896570612,0.02118742395420692,0.013067791973169873,0.018217522549208498,-0.014356779520719232,0.01873655650781103,0.02734312269382544,0.020836835829134648,0.02567951388449874,0.030502071331736103,-0.0037838240025098724,-0.014422815079961793,-0.014951486488507748,0.024260061818405232,0.02183223376327592,0.01752586637210274
2024-08-06 00:00:00+00:00,0.06999720121947828,0.03689225877718649,-0.07826406042762979,-0.10068079260277907,-0.10180181195141147,-0.09992332561308703,0.04542960503219606,0.01677126085385905,-0.10274382521386416,-0.05075529571079662,-0.020014711009998853,-0.13737913296970106,0.05310941815154413,0.02571175442313267,-0.09415133836217904,-0.023135130725153163,0.01762929763200094,0.048635266388133536,0.05525751945665491,0.03434365420357155,-0.04973925660714229,0.07555014963319895,0.057316796709535156,0.08613930884186227,0.07924694079564953,0.05079303771860855,-0.05520190740279396
2024-08-07 00:00:00+00:00,-0.0523663695640707,-0.05321137276975463,0.04288584125677253,-0.01382965582319573,-0.006819456771232857,-0.006540184057160614,-0.0658309708742183,-0.060276570469400825,0.0423064514156859,-0.05427503219710239,-0.10151459492295345,-0.014582733371173995,-0.06323152864608561,-0.06670933241643617,0.0324081404101364,-0.01333892045198326,-0.011799938778365937,-0.014076524093587617,-0.0494012474747888,-0.0451867460384211,0.029329303664766826,0.03267088336156965,0.015080341959061272,0.03714052032992621,-0.038152968789770925,-0.04228759227837642,0.0430039642226443
2024-08-08 00:00:00+00:00,0.01656773701728187,-0.09182033389485489,0.12414255583461498,0.06727840088044013,0.07975253840599805,0.062004856939180675,0.03522886103824452,-0.08785437262539464,0.1444793307804919,-0.010549030631448852,-0.10573711959580667,0.0022930223006640826,0.01223071087747618,-0.11261109784654799,0.1119824750217413,0.04678239224734204,0.05063474222040698,0.054009789933767705,0.018166637434555932,-0.06761787432374433,0.11129109229866474,-0.108119540728286,-0.11796373737675503,-0.08780783484882371,-0.010113153643877881,-0.10476027276714872,0.0833051491338197
2024-08-09 00:00:00+00:00,0.012274497139744822,-0.23135344711165684,0.027098087420806882,0.0852240562529647,0.047507743218288656,0.06200747221350489,0.03680327931119898,-0.2334798710083763,0.04761785300901744,-0.004249027067551814,-0.09050871299884833,-0.1838558789599929,0.017613538023731223,-0.26509240674153145,-0.009877136930619534,-0.07216084696142833,0.010140848398015434,-0.013076754898798226,-0.006715761419208266,-0.19043725300256698,0.016773350695821865,-0.10268793683848043,-0.12259476475640585,0.012614668973401688,-0.0037341279228986224,-0.23815616153029961,0.022937986943081246
2024-08-10 00:00:00+00:00,0.0038021289584928564,-0.020446683809707822,0.018477914402659446,-0.029863368870475027,-0.02092347375259318,-0.022696206180023992,-0.00435304458649699,-0.026106571556315794,0.011781262980289364,-0.015586186658093748,-0.0034982361220455838,0.04718959099882536,-0.0009834000769332052,-0.016989158447486497,0.02561496170433819,0.043796587824604716,-0.001632889163895146,-0.02010493155879922,0.012842327944434961,-0.018065088698802856,0.014231097642993795,0.03498105820436659,-0.000117601125626976,-0.012186561923853811,0.009554903966364936,-0.017040513032209548,0.01425537574730984
2024-08-11 00:00:00+00:00,-0.00790499596476002,-0.03435443122448689,-0.01856177170287665,-0.045263375111798454,-0.04484859155251342,-0.05181040675302295,-0.018962940371473502,-0.04751670331717661,-0.030972309839864653,-0.002278346679538412,0.003175153051330426,0.04592370839611459,-0.008481672609790047,-0.037297528422164716,-0.011381015287580176,-0.03861385183933397,-0.03293876197823897,-0.006566325756258484,-0.015003689074271409,-0.03582173764807539,-0.01765408829592041,0.050841831219182065,0.05646800088168802,0.06125459660712429,0.003928555088683394,-0.018132980909408403,-0.0042318178629237035
2024-08-12 00:00:00+00:00,0.06763655799235879,-0.005695724009843972,0.03433833207850023,-0.004453934301701712,-0.004772645904029593,-0.0042028816774590805,0.06883287346666656,-0.007256296317033839,0.030294969147781847,0.03587044592093713,0.05741418612941196,0.03709855071886703,0.07426956825679731,0.009463205254520712,0.04363053870675948,0.03247299032076212,0.027517951991229417,-0.04681291944117638,0.0627101653973603,0.001894493298063793,0.019852839078478235,-0.01207281366980828,-0.006507996532019722,-0.003386558172313703,0.05482876508310386,-0.006512203922744431,0.02866220355446636
2024-08-13 00:00:00+00:00,-0.047546950935816845,0.009455263856778862,-0.005806587550958753,0.016952432240892268,0.019222606244929885,0.01709125111200782,-0.042556366542049195,0.012548584462273915,0.0004988140584512024,0.04768284884036711,-0.024618748611025087,0.021373975032281667,-0.03353192265837335,0.0037375534779300335,-0.0023870321159262797,-0.03469983076532024,-0.03403704725559176,-0.026336481472550077,-0.04843451759856621,0.0016596171248386415,-0.012013087383383803,-0.018641983574028242,-0.021351752552174363,-0.015604944125261033,-0.0449796893488732,0.003944804392473911,-0.008694399682099618
2024-08-14 00:00:00+00:00,0.003732896890682902,0.035967484216441026,0.01791842569593971,0.0010435095715679577,0.0007183560451411442,-0.0003507506506797986,0.003286196738221836,0.03362620444605202,0.01648768451101157,0.020924433132257336,-0.0027830496588587827,-0.003109578961920989,0.009578123262979688,0.035045463520710696,0.0170725491436714,0.006109905640058644,0.015403899351823513,0.016825311182670832,0.0043075500753957385,0.033505823103302745,0.021511450226402884,-0.03853933298194201,-0.03750536871798127,-0.034423836069517155,-0.0050935358971681,0.023327029518669384,0.008200836246859966
2024-08-15 00:00:00+00:00,0.011067461160429781,0.015549569732838942,0.0476822665276897,0.03450778894506756,0.042684363347891496,0.06606171995618837,0.017884876491945034,0.024152878493896468,0.0640629581836587,0.004622306630021722,0.05675284269421632,0.04971476553869714,0.010545394877447212,0.03167614360863502,0.062078643591783944,-0.028543379010507963,-0.045160503105887595,-0.024541812733219537,0.0087283827188811,0.004850830698942765,0.030841605130368155,-0.02009026517292456,-0.04415822565080796,-0.03173406854213967,0.003931953504609176,0.004004423287202297,0.03685009958927932
2024-08-16 00:00:00+00:00,0.012820047840115922,0.06276845787613694,0.05099229466330324,-0.06887874568037888,0.0062567780867874845,-0.03721330381359966,-0.0025291938119380575,0.061218568620488245,0.03946372657458874,-0.0030407131377805374,-0.017829816122647335,0.057163258893055735,0.012373140135683025,0.06302719740344087,0.06635970126798973,0.023284593513268836,0.011184637252459995,0.02852277977027806,0.018505209193686367,0.057368748035030226,0.04911461442088316,0.04437793533452106,-0.0011017612919029807,0.06459394352088332,0.020278518486585906,0.05871247980865246,0.05990776126318598
2024-08-17 00:00:00+00:00,0.06013498547667617,0.036088794760432696,0.026689734141351007,0.006755882961030135,0.004507749564661934,0.0043340492163552735,0.06204417395750883,0.0354585123783131,0.02599267359446311,0.04452856634125846,0.04615333683541745,0.031955830543424435,0.08193009466129464,0.05152613454480748,0.03823062201489913,-0.011762716109252058,-0.02522341325713129,0.0178465527976277,0.05247635204150436,0.02897922598996505,0.026619494396451504,0.052024913634332925,0.046769010262374344,0.043303579933660075,0.0673421737333404,0.04424612507240577,0.03406201364233441
2024-08-18 00:00:00+00:00,-0.04484909192372777,-0.022654470619918987,-0.021168410718935493,0.01150308423060098,0.01214182980306644,0.010042672223958382,-0.041756988450264765,-0.019701137256179058,-0.01898818566621796,0.023385489189657438,0.03559158773253901,0.025752000472690773,-0.046212051815605726,-0.017360981048900492,-0.017264462903358035,-0.026635669807515194,-0.05723654088730379,-0.04002546340362112,-0.04678546330694133,-0.03133955980896219,-0.028480880609749737,0.010539086255320074,0.011866613664361703,0.010240606546001008,-0.03857068105554329,-0.018023066289447498,-0.01692158703391833
2024-08-19 00:00:00+00:00,0.021556461011926764,0.018097407113160546,0.005400626406400821,-0.0007809624432750795,-0.03293563263114041,0.007131628553696867,0.02118506704066525,0.009309581819116675,0.0073705028134425365,-0.001970596636498345,-0.00828938378689359,0.00871748975411002,0.024713921124693172,0.018140064121912935,0.011426943167864634,0.01830626879040209,0.0010331541277828205,-0.004489002544919463,0.022697703799839486,0.01571691584065249,0.0037919586792796167,0.025151120927674242,0.024999846879294907,0.02356609654040165,0.025551272900873112,0.020782439693764143,0.010954716729516978
2024-08-20 00:00:00+00:00,0.028057811738898986,0.02358417190627038,-0.0011467191259708631,0.08089165985284574,0.08049725375145389,0.04976826954577174,0.04697345362783434,0.04192317214140728,0.009108317142976663,-0.00022600731116007022,-0.04259404221449581,-0.08599185880479276,0.029972923464268053,0.020877649557932143,-0.02801716039129143,-0.002824874067958061,0.027189944736951688,0.03807384187330398,0.024487721577217236,0.024585636975832825,0.006595099759236778,-0.0878332739500517,-0.03706904410488854,-0.0448918595717428,0.0057278418815600585,0.012833741329496773,-0.012370659955019958
2024-08-21 00:00:00+00:00,0.02481864660114086,0.02419639812937735,0.02856201913919132,0.047743332205316236,0.04828898818149585,0.04883539332066267,0.03352245248622321,0.033777885393469376,0.03757393955992705,0.0007072532798331199,0.01981783765638956,0.016164711318765956,0.022582497043796668,0.03362091147775259,0.047155676442032446,-0.0017037227687597412,-0.0001626162455889979,-0.009279858587641354,0.022794754304296116,0.018470206605112116,0.019923727214775866,-0.0658397068515808,-0.05996263702315685,-0.06442780500396672,0.00880468863016981,0.007837334692983422,0.011568015082630057
2024-08-22 00:00:00+00:00,0.02518721509194699,0.0369958376297137,0.027002998585643923,0.010052569536900258,0.013480212204489694,0.01128762161114305,0.02552188928069632,0.036631482196196385,0.027477849157677703,-0.002554934691208266,-0.0038137266710330797,-0.016724571781816633,0.029272644851798812,0.04434768659658905,0.03195523054186866,0.020142145200944928,0.009335248959269515,0.0008734566446604308,0.02677825658801436,0.03193663176892114,0.021917027640689923,-0.043224651353721555,-0.046865286102981796,-0.05627017112095789,0.01252545560587226,0.022806108910294,0.013937063306770359
2024-08-23 00:00:00+00:00,-0.11998788497032076,-0.09346145559654784,-0.08620908189264376,0.13273014333204003,0.13271986792326818,0.1406241378949391,-0.08872771983331473,-0.05420836141251628,-0.04979484555219593,0.026481161090565086,0.15501510633544124,0.02650972070467761,-0.12683242423922214,-0.0675618151196018,-0.09243052784885841,-0.20097253156792805,-0.027920533398580694,-0.05972408850080613,-0.14669102808726708,-0.08868750359533528,-0.08435621611178479,-0.12904973811317844,-0.1357509506593365,-0.1533339476526977,-0.14051167680152155,-0.1155499639499662,-0.10468135349661256
2024-08-24 00:00:00+00:00,-0.1943598333284865,-0.07705010389328937,0.0030037630454600173,0.16983251382961928,0.1766111149569094,0.15165073417328023,-0.14416559578430832,-0.018511042128922406,0.03706104350802342,-0.02983622983614498,0.12414518802575247,-0.08856647792239758,-0.2210135207536924,-0.04766742047129424,-0.019043403623848376,-0.20707968899924178,-0.08643753158103085,0.015668749018943773,-0.2153889493367268,-0.0900845506947423,0.008486814178192859,-0.17004019396859404,-0.16574755214816428,-0.08695948742742565,-0.22347566235033833,-0.10768708293704998,-0.018335341622900403
2024-08-25 00:00:00+00:00,-0.10636452398220342,-0.07284553036886332,-0.05633910097615413,0.013789989479204179,-0.01955145643507228,-0.022870642068007707,-0.10141997297735184,-0.07817798663784481,-0.062089294501960546,0.07399950241469355,0.07784346974709377,0.0328539340028442,-0.09301705488075407,-0.051704870524844626,-0.0512995349453611,-0.04310958935672171,-0.07813441227777207,-0.059510916194816965,-0.10657312747842884,-0.0814382315505977,-0.06118107074644563,0.03359654517349009,0.06465630267037858,0.05090091417936082,-0.0985313634120103,-0.059900058073122375,-0.0426742617355893
2024-08-26 00:00:00+00:00,-0.00014281590763720597,0.031457661346363075,0.034047953957472066,-0.013647132029604325,0.004685316831225972,-0.011636565703066704,-0.0038704196050949324,0.031512075739637435,0.02977442381333173,-0.0010367648525617668,-0.0160804290635711,0.013747832311996389,0.003817700965548676,0.02461150720714622,0.034980924214646825,0.010990928115442777,0.05553016503116259,0.001684784338962686,0.0019154094017446166,0.041002893697783094,0.032446621149234245,0.0022527090705619646,0.004396052681061358,-0.009682564810036043,0.0009426546418058734,0.03189828979749243,0.031144729592297082
2024-08-27 00:00:00+00:00,-0.012322417649415551,0.028465400559634313,-0.004000028821381063,-0.07131400922244802,-0.0706505614032582,-0.06947309483423525,-0.02888981192979767,0.010191371853728537,-0.01948138938133981,0.003800477914156497,0.006862717010869046,0.0038946310900698222,-0.008606437487680862,0.026157587547767758,-0.0008463969478259559,0.02561525796201436,0.03960989382598368,-0.008242471255696882,-0.006217040990010192,0.037107308148383256,-0.0036004183792019973,0.04521961607054825,0.043802225235863634,0.046967143282401036,-7.411087573550024e-05,0.04352605365691131,0.007064320963448223
2024-08-28 00:00:00+00:00,0.007948005439188277,0.08342995482683024,-0.05229590395435113,0.0034672129498647397,0.005342103300562284,0.0691919917962962,0.010110636884632651,0.08121174486170935,-0.0338308977279963,0.009819378555623093,0.029361133208395618,0.012372520419626554,0.01226383629326877,0.0811072156282624,-0.045448755732411805,0.04147628034553397,0.011626899980152983,-0.004030771650315845,0.01323982954000047,0.07790497832861831,-0.04701751476727989,-0.016672637470233176,-0.0391082015596147,-0.045982322177472,-0.00043063831865719493,0.06843725834536185,-0.05491074321843292
2024-08-29 00:00:00+00:00,0.03888943501532971,0.007395506434583421,0.02840322627385672,-0.031405950711347885,-0.00545057446448971,-0.0072505879310353905,0.03079144556471225,0.0056448812648588476,0.02753153538438302,0.01677828508016832,0.035594713635933584,0.03787984137825462,0.039627104448802575,0.014518394853751282,0.03835562373710877,-0.011440085882019946,0.010537845123186118,-0.010409832368109218,0.030618026609356308,0.008647389682136852,0.022125885210338758,-0.009538595416136775,-0.016550160068857678,-0.02226312709741185,0.03263934007708391,0.006886870856584348,0.02108077174980738
2024-08-30 00:00:00+00:00,0.007866267197201404,0.021047952786961588,0.013311561468343225,-0.0037813031029042543,-0.003444252388654867,-0.005391336922042633,0.007248811387203569,0.020269746775534614,0.012211329493711398,0.015405182270721518,0.011286108159149988,0.022837094129197766,0.010794557598990062,0.02151753496858766,0.019518582540150264,-0.015378886761919341,-0.0108431516590074,-0.022795664057534304,0.0035927273188376407,0.015764663490303032,0.006836443942207948,0.009049145405435999,0.00933013804417504,0.010746704058513856,0.00850965827137884,0.02118161947063668,0.015273482891888346
2024-08-31 00:00:00+00:00,0.02051301820117324,0.01178017153726807,-0.004337052652183093,-0.03930687358085483,-0.04669547820169917,-0.029915731050772054,0.011432002887828974,0.0002443964065284021,-0.011383165407842899,-0.014602725839095276,0.02235919369465522,-0.010395138278143867,0.015692133506700623,0.01545001597294915,-0.005096637860545483,0.015402825724475155,0.030309706493143684,0.011504120591714795,0.019075728623489052,0.01781397055324563,-0.001017734353295885,0.0085844024163646,0.010800002984076906,0.0076141267171481175,0.020544564741012517,0.01345313540948534,-0.0018086249221859196
2024-09-01 00:00:00+00:00,-0.0034832306323457907,-0.013030036250322952,-0.009984902307449417,-0.006575488204268676,-0.03655725689337441,-0.025731048048306282,-0.004236976148389693,-0.020528679978051856,-0.016315382937549527,0.04421380624864901,0.03258509816230992,0.04470067688262702,0.006691759977601519,-0.004787384264947403,0.0011392245958661285,0.03606469513335653,0.012073462921900147,0.011067741207449577,0.004760685846055379,-0.00804900188287061,-0.006584948539844815,0.013121753660603863,0.009431276896295415,0.009709997313980034,-0.00013495479189140624,-0.009880633555559792,-0.006937891420685571
2024-09-02 00:00:00+00:00,0.009830894533507939,-0.005858346407458304,0.02945403905997801,0.009927864116163976,-0.03131240801622348,-0.01275999903061853,0.012554902327485129,-0.011957120982343139,0.023745257484280913,0.013151756140250548,0.010282088970878567,0.0217575262769103,0.012432304681629924,-0.004058513207013892,0.03535918560519513,0.006598690618794034,-0.02537100366670475,-0.006060930640793605,0.009510914526232872,-0.01070869435694477,0.024022047036381,0.023695431579105142,0.009715701266555854,0.024198785320781235,0.014557104076410532,-0.003129455759300348,0.032782496575203934
2024-09-03 00:00:00+00:00,0.03591940998067367,0.003918445268495718,0.0035449343684248458,0.0025069456319233296,0.04967998987736211,0.02466013713588322,0.034171798759607075,0.013730844599544989,0.009580967767850002,-0.05619202137074397,-0.06409141414922592,-0.08625206682380804,0.0190245083195284,-0.004553547096496469,-0.01985782794669244,-0.03064958016851005,0.03493849383588321,-0.018160608116075116,0.023859662963590766,0.01068609592542491,-0.0004262079650677597,-0.056039653449846405,-0.03730767889175157,-0.05333067978792827,0.01992208280361929,-0.004970738280238862,-0.008707724452543086
2024-09-04 00:00:00+00:00,0.001939800668254943,0.003348547772816124,-0.03160724064621434,-0.01849726820540587,-0.064203118579784,-0.08243611789780803,-0.002487418040772682,-0.01048340832161787,-0.053416394644426934,0.04039190296129824,0.048740101164399086,0.054524548077047985,0.01076075588597436,0.01039507668638473,-0.01713080104222031,0.0025597276541409197,-0.04500351032379735,-0.02703372498676304,0.002530791019355272,-0.006711926195574702,-0.03347500089957578,0.08037980439828063,0.06992003619904552,0.06366527428046087,0.017940381731086363,0.018309421391486502,-0.013666026821635202
2024-09-05 00:00:00+00:00,0.009024049190534678,0.03133864051561064,0.023323085776747465,-0.013996926994030767,0.001006125345560882,0.009080257263074154,0.004258406856092023,0.037850214553411865,0.027981607073210624,-0.09691486392934079,-0.08504952398284982,-0.14185402328655072,-0.01429284836858069,0.012313323795894782,-0.013277629501185051,-0.008251258346465118,0.04344238351862151,-0.010175284423142306,0.003993998423055922,0.033670838151386606,0.020384982936744844,-0.04262916663875216,-0.0050549546033427095,-0.0006850907340106849,-0.0008716815540161793,0.0224959666113147,0.02212086389735468
2024-09-06 00:00:00+00:00,-0.01385462615136146,-0.0483444612029893,-0.029020951790762695,-0.008313009359179446,-0.007258350042139483,-0.01056780649191924,-0.01614564473215685,-0.054551405024314104,-0.03268966073191215,0.05330473957734094,0.05089135336149586,0.10248201514553701,-0.003936578838076854,-0.031128783889564526,-0.008570850114442696,0.013097364639154785,-0.005270817138338879,0.010439951054918906,-0.00728747246027861,-0.04127119831354731,-0.025349271247972927,0.002166848169955049,0.011383478033955674,0.009737932353299339,-0.011050023261298003,-0.039768737200356785,-0.019647610562370854
2024-09-07 00:00:00+00:00,0.0014753497429789153,-0.018690041338720542,0.04519591731007133,-0.016360164685405576,-0.010090091469534102,0.025837316513279474,-0.004210020503015666,-0.0235936437011649,0.05597085939498392,-0.021390046821596842,-0.09285223701716872,0.015067648409670564,-0.004612813454728748,-0.03524497655953063,0.04544057481548913,-0.014237307393426213,-0.024892415979833493,0.0121552597698531,-0.0017931829725893467,-0.01945116327142349,0.039184958133865244,0.014390374531614514,0.009087036836750828,-0.026322824227130726,0.003673663634399249,-0.013075845120785634,0.0322253996119064
2024-09-08 00:00:00+00:00,0.018257524010522275,-0.004402797516188106,0.006176347161565454,0.007319176317788889,-0.01655421060487583,-0.02523029719125036,0.02347375891190362,-0.00960096582531178,-0.0008138339143628492,-0.020047178140001787,-0.032809146281237656,-0.027412908267001046,0.01300866997859762,-0.011283577573963699,-0.0006170011804113029,-0.03513626496179789,-0.05880148855715306,-0.043227757672269385,0.008688168364319404,-0.016037430879975778,-0.003694090505591663,-0.007838408264566277,0.016061738955408966,0.024749513052927608,0.012958770602297331,-0.0003335665624293327,0.009892743520462988
2024-09-09 00:00:00+00:00,0.005588213872765646,-0.07225547441715352,0.004838854873530973,0.12217024682021327,0.07791512815258317,0.04814120730301141,0.040178410814032395,-0.05816669759433213,0.016010304739517922,-0.04884047235592692,-0.06215712968382803,-0.07040442346709475,-0.004265896202028996,-0.08723209780463137,-0.01037069376591404,-0.005570077540232421,-0.10397459147392629,-0.05239283074892731,0.004708612775260912,-0.08569453596452725,-0.005990451092085736,-0.07410983571709917,-0.07758565315523447,-0.07747656801540848,-0.010500790595901255,-0.07743714478802721,-0.010383605236589433
2024-09-10 00:00:00+00:00,-0.057426748623704116,-0.11128570170975305,-0.05009981616376491,0.204465068038304,0.04495982444713453,0.17026621433095457,-0.002102134461661187,-0.10304336020645066,-0.004061972419923787,-0.004547115961980541,-0.0706163844815364,-0.051318329850066347,-0.059646665208904714,-0.1310936113090888,-0.0611611383601417,0.10189066960631421,-0.03292220534142043,0.12163301793657366,-0.03758426211458432,-0.11038376944029538,-0.014976607664641373,-0.09244909295160375,-0.10464732048791214,-0.10718890230988687,-0.06430448871718164,-0.11719143495190254,-0.06164568650624491
2024-09-11 00:00:00+00:00,-0.02010385828389738,-0.07491831227468826,-0.11296763668850096,0.05594855517645736,0.02783117382487843,0.023625451867384184,-0.0031959863702815117,-0.06640226537787552,-0.10067063533171261,0.009656550804868935,-0.001010187314990585,0.0775421220539807,-0.017724163272124782,-0.07773702538705363,-0.09442115339388613,0.07173511604631977,0.04604946015747702,0.08737663491112424,-0.002667986558552271,-0.06490986659564157,-0.07624918896400468,-0.0398213862176825,-0.08455374693215523,-0.052563285950229965,-0.023843339980870293,-0.07915132495458777,-0.10893292610647165
2024-09-12 00:00:00+00:00,0.032268478602035744,0.07403003595115187,0.03654598204409698,-0.043595886351153634,-0.0332138867928935,-0.04188065129319907,0.01528738358270254,0.06497082845574442,0.022635294274902185,0.006244891449168399,0.009607173999338414,-0.0025809158247527275,0.03439350454861101,0.07474100850853782,0.03288042789675827,0.03145025175496419,0.014979547829791828,-0.019705934498112088,0.04071897771096111,0.06951176627887601,0.02223011551825249,0.05863408096397138,0.05475234048530697,0.006967499541946864,0.03732175836370799,0.07567180686294317,0.0343092749455467
2024-09-13 00:00:00+00:00,-0.007679029712578167,-0.015046856429875577,-0.0660942620478886,0.06638743469816166,0.06436193704142834,0.06545339182884957,0.005993284637635821,-0.0003265417781589397,-0.04254350110716254,0.02343269215644428,-0.03502463491463126,-0.020342699895475547,-0.014302481598318817,-0.015978632934804393,-0.06616881480563952,-0.10377402592851737,-0.10694202791482643,-0.10758743416987471,-0.03000010019067456,-0.03522264802582342,-0.0788369209055515,-0.06541946815979982,-0.06015219712753761,-0.06732983643339518,-0.024208151598613448,-0.026242708694610317,-0.0709756048254484
2024-09-14 00:00:00+00:00,-0.08122143235588264,-0.04103533836068474,-0.05393001941645914,0.014954651471807967,0.014578221069329711,0.013453902734873457,-0.07745172776466025,-0.03694163887778246,-0.04933392573632711,-0.01796271754581602,0.01797508402557657,0.022753374912455104,-0.09783257478859808,-0.03568321713658029,-0.05830278840965475,-0.060999283527079395,-0.05517380455200538,-0.05131163280427542,-0.08232326032571136,-0.04608946936345881,-0.05743039647388015,-0.020975282778230908,-0.014650510423745544,-0.010787830093339057,-0.08103327012693373,-0.04225482051795726,-0.05474178968447352
2024-09-15 00:00:00+00:00,0.018416985873336067,-0.029053589144561465,-0.03541486548522421,-0.024344569606037814,-0.02343332120182373,-0.02332518193572919,0.01180128906412925,-0.03182985107648939,-0.04128983866638458,0.044448874012215756,0.04301622846216979,0.04576158585201395,0.03606199307694169,-0.02068085406863407,-0.025926610757619817,-0.04008877730378613,-0.06230221314049256,-0.059962814839652157,0.008552399874431682,-0.03799771137532493,-0.04349227439752634,0.014958316654877013,0.02368066090002774,0.025825482287770152,0.022812149253836456,-0.02328390648276546,-0.025986076757322008
2024-09-16 00:00:00+00:00,0.02166688036158737,0.019278854023213166,0.001974344355410995,0.04569917776123078,0.04497765424891531,0.04421818838800973,0.030246304002097713,0.028999412889431753,0.011834866611105888,-0.0329559703824448,-0.04747390412574726,-0.005034737872212425,0.017752371178829218,0.00852543978023812,0.006225190415981574,0.018795957532953045,0.016155430674143156,0.009833859044502624,0.02327970348424313,0.019347122540035677,0.0047026432816474895,-0.025600334744776965,-0.04605671974650949,-0.024597616246313514,0.016781294771955668,0.006891687419832593,-0.00023111730194569358
2024-09-17 00:00:00+00:00,0.017347122108880564,-0.01999426865777354,-0.015690702269055,0.02009757505773746,0.02038019894195897,0.020818354863392674,0.01952954969398446,-0.013044290624611876,-0.009468567119301996,-0.025359057484735104,-0.009061268049250115,-0.026245463404741654,0.009949634606189806,-0.0214182144284788,-0.02125017393412232,0.0362515608104057,0.010185960781612158,0.006181702858068183,0.020444226350127215,-0.016067428788406724,-0.012290580744849455,0.0032033147111640847,0.002872219206627946,0.0034231293153399456,0.013623478592762472,-0.016664858358452772,-0.012282044070905718
2024-09-18 00:00:00+00:00,0.09483541508436666,0.10740788759360731,0.054273582987945934,0.03363572959598726,0.03460446791106486,0.03599784392564853,0.10294958242207208,0.1101145444324787,0.063437342746135,-0.02882148660107009,-0.10372409544574945,0.01593982665667726,0.09222721548286383,0.08159296762074408,0.056576987797227085,0.009247563181404184,-0.002381295730749078,-0.005900007414017305,0.0828413751265411,0.09484279733518641,0.04644915989915965,0.012356936838453736,0.013067345182000034,0.012153385950042894,0.08146085895456556,0.0955078293079612,0.0454439449258901
2024-09-19 00:00:00+00:00,0.013205665183533721,-0.0036009188825817384,0.05379921038135138,0.13387051364419245,0.1314767103350689,0.1255642006484956,0.04539590173611918,0.027478000912644296,0.08560507330416245,-0.17609891507837183,-0.2069805832840289,-0.19696491983275943,-0.02423684819291594,-0.047922597427985325,0.0002926447985234226,-0.05525592394366163,-0.07637913440694255,-0.07719833871749782,-0.0006120773444788785,-0.01921202333932226,0.03125808720127177,-0.09600749389058738,-0.07394569105368698,-0.07060612601197047,-0.005569194431887081,-0.015306779642083823,0.02598781662730243
2024-09-20 00:00:00+00:00,-0.06159149618964466,-0.025078312658415758,0.0032322860501927675,-0.03758215247803787,-0.03574863228875835,-0.0340114199178676,-0.0675661042171668,-0.03279437030608234,-0.004880647209596911,0.05573676890596113,0.00520733394403905,-0.01381918020925077,-0.05428311494836624,-0.022099281495397638,0.0041687613097336484,-0.027282727720778555,-0.04922121558293069,-0.01677690155654954,-0.05888941885654597,-0.03085479990117579,0.0026912270810199868,-0.05999797678695251,0.02224215002968366,-0.01236154685504054,-0.060459824018006536,-0.01563932184518979,-0.0031681228527890015
2024-09-21 00:00:00+00:00,0.006060682204705792,0.006388747293085917,0.004587568541423392,-0.028844962704233756,-0.028527268986348053,-0.026633742931174376,-0.0019233212254259335,-0.0010266095751144677,-0.0019148286692991512,-0.03129872475432205,-0.030123687612350625,-0.029082585255566507,-0.004156988331966982,0.0006295255834456448,-0.0028186237488059263,0.006234376588910573,-0.04001451892796282,0.017941814921977883,0.00583848049859248,-0.0018663964424637802,0.006671640516000776,0.033974634873622955,0.03689450982932052,0.036427851109365195,0.01251098858950872,0.012289484380990201,0.012523469327067271
2024-09-22 00:00:00+00:00,0.022683039517056303,0.022450884697684304,0.008132787758374338,0.05050080967165482,0.051618586865247895,0.0511882800982566,0.035362628913321315,0.03249565880922689,0.020874480930599404,-0.034601517196360954,-0.03229203785671597,-0.03431783817628464,0.016353746699033556,0.012006317820065782,-0.00015821647029024,0.04414927961675619,0.04165089794515331,0.0022637384552464113,0.026943507549578305,0.026176760057561088,0.006981069916243587,0.0014684467504924026,0.0009652069527996687,0.0003502487040161206,0.021630938662023036,0.018675712531515565,0.00554185855194711
2024-09-23 00:00:00+00:00,-0.05668042795954331,-0.06741206880809925,-0.02761956036299207,-0.04148994173523768,-0.03856967499997166,-0.039972835349480595,-0.0699283430010117,-0.06337194656613698,-0.03844881639303099,0.017357362387735664,0.010514849767587542,0.010675184037790997,-0.0615441909804022,-0.06336232157284394,-0.023177454055131497,-0.08984417502541708,-0.0917179115285448,-0.05702202220371888,-0.06337580277226107,-0.07202280260755733,-0.0335081701012816,0.023167559917631975,0.021943960055200273,0.022501394761761162,-0.05134707426529428,-0.04692776893961448,-0.014872959587588719
2024-09-24 00:00:00+00:00,-0.029602351035641794,-0.014178728242166705,-0.039336778402409345,-0.0001830907461723985,0.0005107321032313816,4.990082396183482e-05,-0.02993329757272034,-0.016864283134292224,-0.040266371103586884,0.02549050314524859,0.030382350236571876,0.03172484577844248,-0.02299117968371367,-0.005912681754494442,-0.03140751733185532,-0.04071128486597331,0.05389764543081177,0.060577927190604175,-0.031779232674364,-0.0013301452697337401,-0.01995174048968229,-0.02319882140252416,-0.025120006616931367,-0.022919710737955956,-0.028618040951010726,-0.01731517065378152,-0.036008116003838686
2024-09-25 00:00:00+00:00,-0.020435729437711436,-0.03984525684384532,0.014164447857850204,0.02672344721870079,0.029288003857005362,0.02971148207202745,-0.02258009991730614,-0.04395696505383517,0.030085550649505466,-0.051839971549328845,-0.12033023552921551,-0.07564742388012002,-0.03531175119331653,-0.07018708485756409,-0.006751537815494424,-0.13569241767820517,-0.02676017970609401,-0.026582274424173935,-0.043122723205064495,-0.03675148801591732,0.006004921536789221,-0.07307351489590408,-0.08047303912968728,-0.07219846465693625,-0.03503236949836919,-0.04744535808011552,-0.003788178010188159
2024-09-26 00:00:00+00:00,-0.07071415868547759,0.026623990635758377,-0.010422724337323053,0.021302041958811246,0.020042460212809532,0.021176119695056617,-0.07081002035675443,0.03239793124243051,-0.004663682924278656,0.005753742411477303,0.04015517008308489,0.03989463300307228,-0.06961040367811788,0.036286978785974755,-0.00019832817373055533,-0.13520921160099342,-0.020547719565775724,-0.04377853058346659,-0.08208790157806856,0.017398494265286057,-0.01684568955270016,-0.03584340828970489,-0.037420766311987985,-0.041651478730275304,-0.06541923725979515,0.014815858726173303,-0.015802641801233586
2024-09-27 00:00:00+00:00,-0.046099214908347674,-0.04324888295592899,-0.010506191930717779,0.00395341192335219,0.0023222871460080174,-0.002002408248311105,-0.04817305986778586,-0.051026041520130794,-0.0054292866532087425,0.06037689558337411,0.07671160770320529,0.04401579194613414,-0.033229004662924,-0.029608923417651534,0.004458760606715018,-0.1243113182219252,-0.05434672774313232,-0.06334350843258374,-0.05991398184808583,-0.04563361391592313,-0.02042342300328448,-0.036343433869891584,-0.016791688631250468,-0.02083446553651247,-0.04719018277161191,-0.04160250080152217,-0.014428818989810188
2024-09-28 00:00:00+00:00,0.033987994082324224,-0.02076379099798442,0.009428948038035179,-0.04010641489014932,-0.030619493386879304,-0.041453145905157474,0.01847916802018923,-0.028653288638109675,-0.0012077578833775693,0.0723586558074727,0.056092290842550296,0.0074412821871363555,0.04186775851023117,-0.005576875518623403,0.014803293179666221,0.05192186077816907,0.0012312346749645542,0.069905051462674,0.037826850312474125,-0.01621786899427946,0.021143604334328048,0.04628548994197046,0.02460866898688252,0.029998255567871945,0.04330581070553596,-0.011980669854688486,0.01463586715156695
2024-09-29 00:00:00+00:00,0.05480248276618549,0.04796786151740218,0.05371024750547493,-0.017226125849296725,-0.05195750285686285,-0.0418849791050091,0.04649073028777595,0.033310423815006374,0.04170897765036852,0.03359438883823418,0.01852665658958541,0.04689770169690899,0.05329782797271143,0.044161396521190444,0.0623118070491302,-0.0027255862927413332,0.056043497568731615,0.07492798905871623,0.043908460257051196,0.04953134351189625,0.05814445364849652,0.022462849406195362,0.012735611266863511,0.03927460794732607,0.05431691357324375,0.045058081074836,0.05775908660018669
2024-09-30 00:00:00+00:00,-0.009896606928567642,0.005216912617851843,0.0062238903973306225,0.08684946816178085,0.08984549566228583,0.06954899831642769,0.010182075646295141,0.02653884414640162,0.01997980202394367,-0.04323168309761671,-0.028611045277646685,-0.03030405946844228,-0.01678810432846145,-0.0017386145843262257,0.000934415417817247,-0.03145127813281712,-0.03608142445623874,-0.034289033867236585,-0.01477008632851251,-0.00415819985232313,-0.0017060313641207303,-0.046912689466182766,-0.050898302010958796,-0.06285367152475962,-0.01730308801108904,-0.004952701773537904,-0.0077834289807284796
2024-10-01 00:00:00+00:00,0.0020660127217164703,-0.002658818106459737,0.09000003420316038,0.013353924540083106,0.016524886425346663,0.014032635406414418,0.005312729926381987,2.9757293566357035e-05,0.08937789820642927,-0.08124646244405931,-0.022197925014456832,-0.04648389925683272,-0.014310968257366552,-0.007102411599178682,0.07063485697484784,-0.009707953742853825,-0.009644536949061422,-0.0074097322842890945,-0.001565518703915303,-0.0027621285495521564,0.07173719808856571,-0.01704004008439175,-0.01203224829496874,-0.01304130954162408,-0.0002893967381674134,-0.006034988897773319,0.07366677871898863
2024-10-02 00:00:00+00:00,-0.037549785245737266,-0.003385521922661172,0.010694962410623843,0.02339417001318278,0.022645312674574924,0.02102405634692972,-0.02931753716483232,0.005327303750421342,0.012444052004921602,-0.0034109384552338806,-0.003637886499437082,-0.00304322963103687,-0.03661945874678807,-0.001989002527297168,0.009711596172836012,-0.07657763544520146,-0.01332761742639399,-0.0627007456450468,-0.045095036164657265,-0.007812732278019485,-0.0021928400491582067,-0.040362859979123034,-0.044518720067586726,-0.04399959999916414,-0.0410625777775816,-0.010118776794720952,0.0011507820818978942
2024-10-03 00:00:00+00:00,-0.0044290929446139105,0.020056204890673612,0.009221212937022605,-0.02244280713057445,0.0010138637076622103,-0.02055787417648547,-0.007579275367953331,0.019860341041887608,0.002219173757967541,-0.019765542363363142,-0.024500600539349993,-0.01039961452403293,-0.009000492783173497,0.012971750709739327,0.006309714010019896,0.011099767483161882,-0.010421318096515697,-0.005315424098410126,-0.0010501445667576714,0.013554532669362018,0.007955281391516467,-0.019749749698325658,-0.02969670476506847,-0.02155437737867716,-0.008341664085630973,0.0115673419038258,0.003641175683762654
2024-10-04 00:00:00+00:00,-0.09046369748611827,-0.04613937586616812,-0.11607809995971585,-0.05741480984392533,-0.00670318311659468,-0.03250413740841518,-0.10770101948084787,-0.05007962576225655,-0.12670869157839337,0.09379617307006849,0.09897723492327248,0.09637054038983228,-0.06298388236389452,-0.02077206335084758,-0.08656067122173694,-0.04933463857923848,-0.036792293000896925,-0.00460670421247622,-0.0872266873949572,-0.048971563340021396,-0.10491286515800691,-0.03769306412233586,-0.01934860514831982,-0.01074512287129259,-0.08597586399327717,-0.04513338988690663,-0.1025063262872491
2024-10-05 00:00:00+00:00,0.005625704549472976,-0.049964302541729566,0.06453952601143342,0.07126140323481467,0.12246082668024805,0.06507095465624202,0.021829411188758696,-0.016423558603063992,0.07969367193566801,-0.051190650204326116,-0.07851510423866925,-0.06683743590588542,-0.007930130934140855,-0.06163514167367046,0.037953968700817686,-0.02639696519885859,-0.08258797288893627,-0.06680517183987056,0.004580832652169464,-0.07094471377859923,0.04586350819800922,-0.04434845240917629,-0.13913886919615992,-0.06226138587757557,-0.0043633738264660105,-0.07075491107565268,0.03860403838704074
2024-10-06 00:00:00+00:00,-0.03418558079516587,-0.004537192813168667,-0.04458593971363689,-0.04388785552528596,-0.02639305259411895,-0.05209942761701336,-0.04253541225742685,-0.010783718795028596,-0.0576803078758078,0.039998098298117846,0.0210074803914575,0.05774406278254096,-0.023293999936644383,0.000747327267843545,-0.028729589953595314,-0.03272951104367883,-0.007047951840082112,-0.030974461751466786,-0.041294510277064544,-0.006437587222607899,-0.048784436275926435,0.03269843251337834,0.04652028477599823,0.048752707877061985,-0.02354564340614118,0.0054225229699826905,-0.03037649626930594
2024-10-07 00:00:00+00:00,0.07203469646874439,0.0065086371500933105,0.04329532256960844,0.04820481458161052,0.04836933147361555,0.046843096540019946,0.07444924481431792,0.020748828749054704,0.05159105730511415,-0.09420265221756696,-0.13275633897600014,-0.04315732836377972,0.054352804699979496,-0.01695431183800522,0.02245321402961742,-0.08126268723465813,-0.09718899240810241,-0.1039951886761501,0.04655792830692729,-0.022256181732601577,0.02354610197819995,-0.05865546728192206,-0.09341782556556932,-0.010969623269117434,0.05042417930514054,-0.00857838004154321,0.03343422455860301
2024-10-08 00:00:00+00:00,-0.029891066793592214,-0.0015477477395894335,-0.020741193978156214,-0.042331709700929476,-0.041246568843517406,-0.04367956571110909,-0.0360733573046399,-0.011586308560592617,-0.027792207829454352,-0.0038649042254046417,-0.00990025123861471,-0.007602271133838601,-0.03370062653907413,-0.002972853660419772,-0.022360482699143147,0.0593513969585715,0.10829792678105332,0.06508595467920975,-0.015539297221268455,0.02054309903046181,-0.0045844552480638345,0.01613979563027179,0.016774815696977363,0.010517381687669358,-0.02609537143701135,0.0018060578049576836,-0.017320786193939286
2024-10-09 00:00:00+00:00,0.002923851359015961,-0.006511344272363551,-0.009687018561379102,0.015286854430922148,0.013534378735371,0.01270860803068996,0.005148450560342965,-0.004345085167062779,-0.003459870596246639,0.025434128168949854,-0.005658535472508608,0.03089284712388718,0.005468953626587059,-0.00571710186697405,-0.0015713417896892068,0.02981953166642648,0.02673312534572747,-0.0248545617378525,0.008222617249246333,0.00023973668427146322,-0.012999485933406385,-0.001970515206164425,-0.0064230966869355255,-0.005468260822888538,0.0013935418855794968,-0.006974835410300972,-0.010287119098375097
2024-10-10 00:00:00+00:00,0.005105935475318013,-0.05437887228738658,0.016331774600362392,-0.03841096192663929,-0.03911685529735953,-0.04252757791623263,-0.00142883609754052,-0.06495443175034887,0.009014029192410566,0.04051900441345313,0.06846338265782026,0.028304783785428445,0.016506715014594553,-0.038646710789275174,0.024964398048498593,-0.026595821203745373,0.012528230129265738,-0.043323684646989324,-0.0010469121802092474,-0.049287866836869254,0.009445636054413287,0.04327945752378004,0.040570947488310694,0.041584644548970484,0.01528870353227596,-0.04158046764019874,0.02533616246907644
2024-10-11 00:00:00+00:00,-0.004623210390996557,-0.010522145576552067,-0.008327365408798859,-0.007111292276659631,-0.0062587201298696105,-0.0077113565526777395,-0.006186911459031164,-0.01206272692140653,-0.010341872557060872,-0.013263586866981036,-0.006062112863465918,-0.048341450112068585,-0.008160489919420422,-0.012297374593009058,-0.01989902314415859,-0.024208148352661496,-0.02810646824908558,-0.024460530688931836,-0.009557808483883878,-0.018462255846125597,-0.013141495594976349,-0.002897726302182324,-0.0023336529916487825,-0.006318103219822513,-0.004258562364312435,-0.010199160540150798,-0.00999461425027226
2024-10-12 00:00:00+00:00,-0.018398446751898168,0.035641839376184814,0.029027083298805545,0.006886780045624263,0.007621952939318888,0.00691492050243081,-0.007197608784053622,0.02824642237455066,0.02816114005589787,-0.06450001451561937,-0.09769344972379568,-0.12211354017783782,-0.03448770074019547,0.009360391301780124,-0.00013653834214244487,-0.01758868482158127,-0.001229739335397495,0.008170099176884937,-0.02055182141589562,0.03315965760929407,0.029484180470404908,-0.034238276475050844,-0.03346670240022742,-0.03447512025197741,-0.01821758028382059,0.023458765237670987,0.013595721531790783
2024-10-13 00:00:00+00:00,-0.00968097558790082,-0.03792197203912273,-0.017755366846728626,0.04170250236256523,-0.011014386332436232,0.045251617977692726,0.009015392691322788,-0.04282874462322228,-0.0072031523946581855,-0.04041449633754368,-0.036735731566508,-0.05031584494473629,-0.018096268286104,-0.04948098225349973,-0.024249877923297136,0.010295523500525317,0.09286209469612272,-0.014444343493929201,-0.004964736873864339,-0.019372914938060593,-0.01472025384766662,-0.1006063809266654,-0.04586324239791084,-0.11059527364357735,-0.025204518596565917,-0.04628404760216298,-0.035000645724840296
2024-10-14 00:00:00+00:00,-0.046133910231310526,-0.05889168046808402,-0.06190709479688605,-0.04589214237175221,-0.05108849773613855,-0.04111730659362045,-0.04790260877371555,-0.0700090924445349,-0.0690624791488087,0.01763146477064459,0.014131908199483956,0.0061143393554674574,-0.042524299455220405,-0.06024972586320998,-0.056266158971156055,0.04671243143186188,0.053747896990699706,0.04732036761008418,-0.034837222626272535,-0.039386324914622683,-0.040244142343595635,0.04216999404669397,0.04570421311806627,0.028868876359793516,-0.030769428192596093,-0.04307038757754533,-0.04450953023242399
2024-10-15 00:00:00+00:00,-0.06349408043226301,-0.052639747643959844,-0.0385202081717394,0.02612338374117318,0.02720540210227096,0.02491060429381342,-0.059052333253099665,-0.046715715401690394,-0.03005185144606115,0.042412054208923244,0.06251119799253457,0.0811115127995008,-0.04891577656985424,-0.0384525997530325,-0.0176784696272555,-0.08033891555560735,-0.07560518417024742,-0.0770790409941644,-0.07106346284604059,-0.06117816430600265,-0.0490123291114728,0.05892583242561433,0.06065487941200587,0.06406045207847066,-0.0410835989789633,-0.03293783293946906,-0.018347135641090584
2024-10-16 00:00:00+00:00,-0.022707973736779463,-0.0006443533933293555,0.0024772421172827297,0.0023674674860076905,0.009720587354934862,0.0032388237056433233,-0.02274281419396862,0.0010005871249962883,0.0053468577868884815,0.0971272369856786,0.09332616286666573,0.08404586518573764,0.003122810902917328,0.025216238101178012,0.027249855954680102,0.023529939936675515,0.003160662992111707,-0.012913830816504768,-0.01464943138841479,0.00045432717819915425,-0.0003890262694202784,0.021896100189554124,0.02298621744370455,0.01967473234583017,-0.014735259707692738,0.004978136550790824,0.00728662006581815
2024-10-17 00:00:00+00:00,-0.016555821827535788,-0.026280639493383995,-0.00919134198266891,0.016708121570337964,-0.005260081588622456,0.003070368944354973,-0.012664212751572035,-0.028105145069770243,-0.008598328361724583,0.05944590443056397,0.049493835769876426,0.04684695721023702,0.00029397651467966135,-0.011226673254388198,0.0006856901848095731,0.00835006662769322,-0.04865751845807198,-0.011195856705629836,-0.011980524958638328,-0.032408423508612394,-0.01015741276444726,0.003666674862065511,0.027667245707487576,0.03544344412429368,-0.012923014614707573,-0.01557930219329684,0.0001998789206327789
2024-10-18 00:00:00+00:00,-0.008382385979190388,0.021512194412147245,0.030202041772850574,-0.010732311094874936,-0.00740391091877135,-0.04234474229586871,-0.01171625261490672,0.01931154981595684,0.02087213804763599,-0.015442717850666088,-0.01814042214033207,-0.025822016456624852,-0.012018864666074713,0.01323277492857966,0.02323628774104236,-0.03464064657420829,-0.039308813090295214,-0.03765917685067077,-0.014655582193947359,0.010070738988380068,0.01766706360896131,-0.057766432157985825,-0.0512463724793466,-0.046898286783866205,-0.019620316223443734,0.007019286416264148,0.014955508966741249
2024-10-19 00:00:00+00:00,0.036112408794328754,-0.012446928757211984,0.015996689802268316,-0.0029246497214618916,-0.006244772571830759,0.0330100731290055,0.03530223874552907,-0.01400430419824139,0.024327674092328166,-0.0006013874330453861,0.01008997301846093,0.0343103626135004,0.030180336994161783,-0.007771624466384686,0.020703335100622944,0.027794774801614075,0.05087890612503898,-0.020601412763671334,0.037705461413650054,6.566590743539713e-05,0.010427337911557366,0.01624833502223888,0.014379121805218498,0.016004204688641277,0.033401635841650235,-0.007534339225319098,0.0158995567320388
2024-10-20 00:00:00+00:00,0.053597004321769726,0.06092515779200358,0.05461349009284433,-0.012814412236093586,0.0002975120205659376,-0.02197175138887897,0.051376128367434104,0.06206770554401131,0.05107033082942625,0.05149139234743472,0.06239752924829478,0.05169968587490392,0.05634967081927589,0.06456132751509425,0.05659659204459322,0.03495534111657861,0.04049918185090484,0.01877370900928388,0.05607205724416198,0.06287977076684048,0.05864778208553423,0.06417975732747694,0.0626629535550951,0.0348506371943913,0.0568929627292023,0.06326372308532124,0.050584840454365176
2024-10-21 00:00:00+00:00,-0.03393431176952866,-0.07134691856409148,-0.05354193738891222,0.0019238521354667526,0.007715992630783042,0.018807239069791315,-0.03682886231628779,-0.07664775170805704,-0.049960170482831745,-0.03266249828590295,0.0023687119895490216,-0.05224397194456398,-0.0350933257649273,-0.059298687655146454,-0.055536556357998035,-0.05422918362184048,-0.027520097760776796,-0.055003419961025646,-0.04193798006765892,-0.07311597738733255,-0.06354006595434813,-0.04196725439476301,-0.012916736607567092,-0.006317864109374183,-0.03538095348837467,-0.05941814875734219,-0.044155036233429756
2024-10-22 00:00:00+00:00,0.03714654803606754,0.061412741228914935,0.06104295862232045,-0.011765822096439504,-0.046877396693050355,-0.030219208735765335,0.039499865350552055,0.0541980466333416,0.05992432711380968,0.0019881688125802377,0.016714719339782524,0.03712301012704322,0.03180296456044451,0.054590380528109606,0.05919241934974617,0.04849276526855806,0.06425687657246337,0.06254289168651117,0.04352886676609424,0.07555366354527249,0.07306274338522245,0.055512358607332724,0.04888262096294804,0.04932675465068881,0.04097241218175851,0.058586242467128846,0.05864279306736897
2024-10-23 00:00:00+00:00,-0.01007293210304816,-0.05400875020850804,-0.010622038192576566,-0.007174708085603054,-0.009651835804139641,-0.020445145669919174,-0.013954628617329212,-0.06521366815608676,-0.01612126153932658,-0.0065317016471919676,-0.014936871835685372,-0.042755215023132065,-0.009556778603498128,-0.04814191411456614,-0.01842569021251217,0.013360696556959706,0.011523247505885736,0.01579422870168523,-0.007181110247528988,-0.04482847381598298,-0.0060184349312149,-0.0014074084872183201,0.007831217681807168,0.010856786922763817,-0.008003415843580108,-0.04103134119945817,-0.006745227021776712
2024-10-24 00:00:00+00:00,-0.0019879759649863438,0.005530837201550787,-0.004363621219933056,-0.025560947594997496,-0.03716359104278688,-0.04761604621679416,-0.009708854075396456,-0.0035588728427131677,-0.016128158421935268,-0.036596376521094265,-0.01920377164034237,-0.04759430745902171,-0.008961507973701544,-0.00039481773216043514,-0.013836318972194284,0.017098626900477365,0.009749954602576993,0.009011049229238122,0.0010975727004618463,0.007674344823050516,-0.0008924207743732371,0.02087546685673769,0.028092055118434045,0.03357471903992648,0.003688816048329935,0.010081672394503194,0.0030200227001431212
2024-10-25 00:00:00+00:00,0.012906744821362892,0.011879394000176013,0.018036356686222277,0.00976912231436744,0.011929460429692673,0.010533370540602771,0.01633481082856636,0.016463469661299968,0.021823717757009753,-0.026671023669849858,-0.030336258693588247,-0.021028727070396047,0.004880385096363016,0.004218835181584613,0.012668200565925547,0.0021797315654821237,0.013527413197307103,-0.013448078940970998,0.012257049485706606,0.014090641907142265,0.012350741253727149,-0.016661185654153754,-0.018079046573495794,-0.011523108607761623,0.006957648258872906,0.005811863739259682,0.01333511765427442
2024-10-26 00:00:00+00:00,0.054470703053137504,0.09669373125343572,0.0544674665184135,-0.05350723842000493,-0.052757333973661,-0.05440010000896711,0.04360670030371239,0.087534892473484,0.046530371834348605,0.07144479649153301,0.03421302651371949,0.008123145186060166,0.06682367168053904,0.0944218101928318,0.0521016099185736,0.010895781908194513,0.025411907100907127,0.03561968484598377,0.04987703394046061,0.08846982123536029,0.05957807083441735,0.07989589658789753,0.03780552604923648,0.028950038747104445,0.0640040818087515,0.09332110359865342,0.05036917545741271
2024-10-27 00:00:00+00:00,-0.012066707894396012,-0.02406620922545266,-0.0022280033689092704,0.005089468091999949,0.005608232226651744,0.007738190021943536,-0.010766233239661638,-0.023657793753435574,-0.002008433967796708,0.021493349041762366,-0.009580028392751738,0.0020626464319530857,-0.005618294138461488,-0.024060103403898525,-0.0018171877490830157,-0.036395963098232786,-0.00648515859902532,-0.007558072877211441,-0.014982455590810129,-0.02165175273798814,-0.006285803010721125,0.0007857401880497772,-0.0018623951785923243,-0.015262232827116473,-0.009557113022649055,-0.021702051465518624,-0.004569722535850529
2024-10-28 00:00:00+00:00,-0.003561289556421765,7.924608206866246e-05,0.02706763848722238,0.0019097894115471803,0.005077975072745211,-0.0024928499582529406,-0.0034061573088415287,0.0018912162548754274,0.028115558480586333,-0.06505988897549964,-0.0742875179265291,-0.061830957069572534,-0.01768472834675494,-0.016638946306552937,0.010494782619409282,0.02624855102196544,0.029161041561192702,0.030960924300816428,0.003248163799871584,0.008809981269959355,0.02716209568357919,-0.015287525123357737,-0.01572658295884055,-0.010598673511357348,-0.0059132561954367,-0.0036668080672822567,0.020659880340468506
2024-10-29 00:00:00+00:00,0.002342872905387594,0.025510893414247393,0.04449708965200494,-0.030165287976559263,-0.03324503353366348,-0.04020071569156802,-0.006319545455301001,0.018418191081379875,0.03965933747878592,0.020467213067274947,0.02293452865603296,0.0361048386533509,0.0071639704952244365,0.028104142999852977,0.048907693451046175,0.009279249846249726,0.009148281793480928,0.026104506907716374,0.00638881752060283,0.022894851857794718,0.0438631032775012,0.029385066700378548,0.028844381520653828,0.04224665368899072,0.008323989998844983,0.027349793114507914,0.04604695895626176
2024-10-30 00:00:00+00:00,-0.06423287723549365,-0.01974033006775422,-0.01587447082954685,-0.0050480849602779765,0.007772461463720903,-0.013929491810123706,-0.07357624865205081,-0.020275618306435095,-0.017864896554357523,-0.02248363251412333,-0.044175113101490915,-0.020332350057003956,-0.06449131879779224,-0.02777146142728293,-0.01960172605260857,0.04003320331798754,0.06300940722038728,0.08670876535187388,-0.045713047190852674,-0.002416831645121187,0.0015364890961340194,0.0002669307577638502,0.009686109043127056,0.0056513916714906465,-0.0530737470086422,-0.015289036859665095,-0.011546965139727638
2024-10-31 00:00:00+00:00,-0.029486597087098443,-0.018229082780987782,-0.014561371655029576,0.04518628634105415,0.012371267677510511,0.044197165669419336,-0.02109056997506631,-0.017015896765476324,-0.002131809880526192,0.01877549270894252,-0.013537195429044746,-0.008454441314616923,-0.023429265006499334,-0.020032033387727077,-0.015798774755481526,-0.008425544790865658,-0.00877675661093813,-0.009340781284389421,-0.02634853640650814,-0.017694964415398418,-0.01489756016185928,-0.01648221056923238,0.014044315550037378,-0.016611404548648068,-0.02780539355046019,-0.011780252629924659,-0.01514667807263681
2024-11-01 00:00:00+00:00,0.048615943560812225,-0.004262536254153071,0.035891973012724065,-0.041949605278556734,-0.03613447049769536,-0.04251576097494569,0.03656745223863633,-0.016235593847456542,0.03327413982881677,0.03225074962901231,0.03447147422078212,0.021157215487573655,0.051452420111145036,0.004450560794063696,0.038878594907784114,-0.007666785467901449,-0.0368907399455638,0.004555840699814517,0.042946075332370715,-0.012481935102298891,0.029421120058558792,0.020836746039286647,0.024237226519982613,0.022337635116260524,0.04229993395506604,0.0011948427150063612,0.03559101126861197
2024-11-02 00:00:00+00:00,0.02344510280295342,0.014415098865882214,0.024236957435249895,-0.02625941491906736,-0.017379770929141003,-0.013856473081710785,0.01901211509606715,0.008492553383242063,0.02698430083295822,-0.057746421731602826,-0.05002404927749449,-0.03982710859327698,0.00988784869462922,0.0008150279800218652,0.013048581235760137,0.039346895466926934,0.048039944075019436,0.03991914656539852,0.028198381289673335,0.02229991732969072,0.028855395128743355,0.02481511630987776,0.02431759895714669,0.02165671949466863,0.023530598784434753,0.01586145285084073,0.025613550048906086
2024-11-03 00:00:00+00:00,0.03916505501032863,0.02056119257138933,0.04226678802685657,-0.026570046268625247,-0.027779758217027162,-0.02783653242183337,0.03623988484568019,0.014730109870866981,0.04024899193739073,-0.01677354626219152,-0.015249051998143193,-0.01684918422456383,0.03452482523276612,0.015765808677769,0.039455373982161035,0.03618323368647025,0.03607367874071432,0.036470404451289795,0.040807541016462334,0.025212126409133173,0.04141752814430033,0.03838621444590351,0.03068264115490882,0.04207080816018283,0.03911528188254998,0.022759991321855688,0.04395124617293655
2024-11-04 00:00:00+00:00,-0.014480924467377032,0.029832119611994612,0.020193517123733518,-0.016776361759976988,-0.011171205934922823,-0.016490275720909553,-0.021153869963579153,0.03103875237038789,0.01893949668254047,0.036027686431446826,0.04369660710098655,0.03918668379092538,-0.004930720096248731,0.041942937535787816,0.03071503361512895,-0.04118922265982661,-0.013273578795055974,-0.028344867247288907,-0.019986600406720845,0.022368712990415984,0.00973765337010235,0.003531284877152041,0.0005253666977689253,0.001506504535705444,-0.011597507881910385,0.024183030998597088,0.017543247885719593
2024-11-05 00:00:00+00:00,0.023591189221927822,0.027728663186433522,0.013171614961973388,-0.005749746614731155,-0.0056606196306074885,0.0023553292546671933,0.02539635224453618,0.02975384485530519,0.01608344029624731,-0.029448659989402937,-0.06241928015660603,-0.0005269774919418602,0.016543960441953276,0.012193731806027452,0.014713125190445098,0.05228905379933613,0.06169383436224862,0.03035390401541327,0.03209778054935608,0.03772433991275803,0.014492427895905546,0.005516629168767162,0.006171199285553763,0.004022387280615325,0.02057203338651359,0.022753282494013094,0.012911606946571341
2024-11-06 00:00:00+00:00,0.014726913008477727,-0.06140628397705339,-0.024464219128614406,0.006226421744134791,0.007107842164468137,0.01449133487645482,0.015920644352273694,-0.06701998148702948,-0.020395391488232995,-0.01268134304230406,-0.03005471445017527,-0.07192745225305075,0.010327937066410664,-0.07095935537885456,-0.03913044497749918,-0.009062824220183785,0.006984975623007372,-0.006010363018521314,0.0071590990638354945,-0.048716291196789,-0.02053932909215994,-0.01657557063146775,-0.018695351072507416,-0.018923213801987804,0.008406084895579813,-0.05314213342080509,-0.023290912255628626
2024-11-07 00:00:00+00:00,0.055891754961460594,-0.07839635364115183,-0.05073235118565189,0.08376587721346285,0.049425238284775075,0.05340937609266305,0.07789815728881089,-0.07543440529305834,-0.0366087123375719,0.125280035901411,0.10170301362209533,0.03273886959128869,0.07839878330229388,-0.05428711116345508,-0.0423613488280985,-0.06280684849197604,-0.06288043508779595,-0.08907782247945717,0.025473199510613442,-0.07475839473550738,-0.056855833598235095,-0.042543048024828445,-0.04117897725505326,-0.04698436689575758,0.03634348196540205,-0.07067323752770582,-0.049947125693254435
2024-11-08 00:00:00+00:00,0.008033867005093898,-0.019421828043859724,0.031825133696366414,-0.04092826495968738,-0.038722808662871366,-0.040468886612342714,-0.002315272640916688,-0.035638217766648994,0.02298089425708172,0.0468256678815131,0.03836166692033238,0.04235180524502069,0.021709794491997503,-0.010974484380062877,0.043625402205426544,-0.04682323720424897,-0.06068752063981764,-0.03584728691561767,-0.0033597752766735267,-0.029750287685928134,0.020820962643984586,0.05669092944200882,0.06165676865326719,0.061592435373691634,0.017539418105119386,-0.002603008734095358,0.037923216320990605
2024-11-09 00:00:00+00:00,0.07410908177456554,0.05462055883200878,0.05115413095500099,-0.0333005858663028,-0.04972591924978498,-0.028806190223938932,0.07837590913561088,0.04858007311657042,0.0515869832553808,-0.014829547605731519,-0.023862115283463825,-0.03661093561025741,0.08016453491167663,0.053928563328561774,0.04640841216248148,0.034316961138518565,0.07734834779051902,0.056059192890355325,0.0718639535222576,0.06400211083717222,0.055648275079966725,0.03516014171012105,0.037259411331692416,0.03271229778615292,0.06632079925852152,0.05088629720905469,0.04733664085080136
2024-11-10 00:00:00+00:00,-0.03208829053054818,0.011627898795315561,0.010873452228474356,0.06515657109661088,0.04168166641277815,0.07972321298381813,-0.017153526441654465,0.02378776003614136,0.03396996448414735,0.029602068580607543,0.009331030494732051,0.012075973627889702,-0.022639618550553853,0.01417566127068115,0.013949792198031163,-0.05398583749613717,-0.00877663089929448,-0.005127231477121796,-0.040071553105338054,0.009443068523551812,0.008108287714419182,-0.04593033851864892,-0.0238536886826074,-0.06015191190335045,-0.034686072392424716,0.004045803534338255,-0.0032965107673170735
2024-11-11 00:00:00+00:00,0.07405315864691575,-0.008722560463440554,0.02696334890059715,0.01720065321764297,-0.07835924096736036,0.024201231455883043,0.0935429264785872,-0.031807401137376234,0.03713350781632019,-0.058002378778178154,-0.03245970539791443,-0.032541996756258684,0.06838311651727258,-0.014366267887875206,0.017098215492361568,-0.0022962250838249876,0.04964260507399265,-0.011503983137122642,0.0632141535482269,0.004218605736912018,0.019628548733498397,0.051968143743674755,0.03176023340281331,0.03879654045000058,0.07007100694850643,-0.0006934051627474069,0.029325601311847915
2024-11-12 00:00:00+00:00,0.013708978945464745,0.052455499857912535,0.08363823314526053,0.00014000467975616715,-0.019065300914338335,-0.04023841853368859,0.01622973543276718,0.05531627894515845,0.08225563524189461,-0.07318097182066552,-0.09787909487221758,-0.08189754600109889,-0.005660494207983091,0.027893124030656136,0.06575528942245001,0.025361422132407663,0.05831993833174787,0.12327716162413904,0.01624890301925208,0.052081530755397676,0.09563368286189466,-0.005376817832665415,0.004333154944535567,0.03753620682504577,0.009693941138988249,0.04212182172876555,0.07508921617617381
2024-11-13 00:00:00+00:00,-0.0413116324636601,0.08191564375574512,0.04852237088000755,-0.1280384707805674,-0.089926562101181,-0.11501537512182192,-0.08045603632691789,0.06759206220592917,0.024717897079136852,-0.09170906889473718,-0.0673876416870548,-0.05502731561556817,-0.0592475432564773,0.06320980051455849,0.03894740611940484,0.09371408322965324,0.041591527706256404,0.0399068194350205,-0.014923946053705062,0.074335888917197,0.046599340294096514,0.10376029201285908,0.0928978329344492,0.09684858045898914,-0.013180532764338504,0.08416158231935622,0.058352401693988476
2024-11-14 00:00:00+00:00,0.11052767520388729,0.048178592086822736,0.051172957082886716,-0.1915105937138637,-0.19644005133094777,-0.27831110711009655,0.074388873019823,0.008106411530674373,-0.003312562601737068,0.020438270864044705,-0.10280325111588617,-0.019413573364733372,0.11256417879172576,0.026694418819866117,0.04879648422925098,-0.02904812397972767,0.06481348319708369,0.08279786006691281,0.08600889953887125,0.05230546020561189,0.05762239160885474,0.19331285695397815,0.19329048152363137,0.20222663159863807,0.1334781829035674,0.07797462776301645,0.0813385080203799
2024-11-15 00:00:00+00:00,-0.05819769184951595,-0.04100032393570052,0.003352049021071446,-0.07833838574731578,-0.011534390214834933,-0.0521608069307139,-0.09429100070550145,-0.05428639296800375,-0.004329390135880629,0.06282016620790487,0.022012534937692063,-0.015875227666992342,-0.0487983974401045,-0.032507519180951405,0.0016139193274127273,-0.033813771512197666,-0.01840231709774498,0.03682942054980698,-0.053087181665778305,-0.038235471869936144,0.010319379434432285,0.030227899745173037,0.02233660545007532,0.05444225538075487,-0.03970399736852992,-0.02856805965294351,0.015732381335822332
2024-11-16 00:00:00+00:00,-0.01747766460502531,-0.08922626888473784,-0.012918733022046935,-0.050917007399785774,-0.057645751652619315,0.07140483231578454,-0.04152723842836448,-0.13345634757177371,0.01146255568849619,-0.0773602798912506,-0.12582135879730139,-0.016174046268002007,-0.045014808060811706,-0.11615629264155891,-0.02324463881701755,0.015151891243710747,-0.03623355870433431,-0.052848373652973124,-0.007849191158337265,-0.08228375164150925,-0.02238039430907368,0.04750396914900601,0.030977001216886402,0.032627407834677324,-0.002126742914218771,-0.06468038995308434,-0.0033852540048009416
2024-11-17 00:00:00+00:00,-0.025423916477311348,-0.02490957545025263,0.044282323153986836,0.05942387151402362,0.039324059369961306,0.09321230851198425,-0.012117018884712616,-0.015864555894763765,0.07470835523272279,0.0607342069930521,0.053794580631153055,0.061392019902216655,-0.012851791898769171,-0.013281822268956467,0.07314086028606814,-0.060739205822579745,-0.04657960368265168,0.001682163257372249,-0.03261578762415618,-0.03009797945385151,0.03538281008438848,-0.11430623945150842,-0.11866801559798257,-0.16754936546333254,-0.04551766982079497,-0.04539609135028955,0.0026967403273698842
2024-11-18 00:00:00+00:00,0.03858974017310901,0.06761952485627187,0.0173504076482347,-0.0012127331776716765,-0.0055328150088623795,-0.0017562260702962407,0.04256678969387839,0.0749405584835936,0.015778259580137677,-0.053919550381155146,-0.07824589749851696,-0.056532180929124154,0.03283609485342298,0.054714894509639844,0.0038341717394247965,0.0025482951896995676,0.022334403217743715,-0.003793726092572447,0.030411423155209727,0.061460585244170085,0.014438321922340291,0.10146157908204101,0.0962747068577885,0.09711783132615492,0.05120745679635319,0.07401077003309364,0.034034977555067236
2024-11-19 00:00:00+00:00,-0.0041206388270405014,-0.02557749504851614,-0.011192286773917592,-0.024826027666485673,-0.004871265231405242,-0.03156040354999434,-0.016314331480596467,-0.024100212897762652,-0.017240623891873863,0.09185526264251442,0.10291170505209157,0.09176232793620454,0.016109716146946784,0.005289696606893823,0.00924230039739915,-0.016106619173170356,-0.03830493485250608,-0.053390982120883446,-0.003269888201570481,-0.028566285707819383,-0.022131562641828806,-0.055085069987458546,-0.0666109414227285,-0.06865340083346627,-0.014354995993465236,-0.03322515212584387,-0.02529826993067541
2024-11-20 00:00:00+00:00,0.01829821411969168,0.031098225698623194,0.03371137062343066,-0.0760125905520862,-0.05183193630536742,-0.03797036466832249,0.0013278583229752172,0.0156874580517663,0.023576355744873156,-0.12734662061150748,-0.12609564328473788,-0.09953759010079921,-0.013174103745931642,-0.00380726798874631,0.008369860384277672,0.028330031803120326,0.08477190148378777,0.04968013412273886,0.02157287073570391,0.04268413269692917,0.03994739794750135,0.044918626495348724,0.0560385093477378,0.0797054387827758,0.02565477466089683,0.03731015134792948,0.04588294920830549
2024-11-21 00:00:00+00:00,0.08545971346237669,0.11163461272244479,0.042674605389269926,-0.08251895297381795,-0.07250852287229359,-0.06330069394483917,0.068937722546204,0.0930538860939587,0.02994835398239659,0.05073089300273059,0.041782692095925,0.04092187414122228,0.10172761495109772,0.1282827974891383,0.060316956625698914,0.05576872787617071,0.04452275716767051,0.02574491741089302,0.08501520069121327,0.10068959710099668,0.04021468276682638,0.07617990994377499,0.07919039791618276,0.07475903457606492,0.09354461383753332,0.10826270221524537,0.05242586806967542
2024-11-22 00:00:00+00:00,-0.03714749449687815,-0.0388925426689819,-0.03558176790638168,0.008128836934074846,-0.03717048763583619,0.00840983533789208,-0.03919499516788727,-0.05151926702264242,-0.03448814597674377,-0.019004835074722615,0.02655655732857576,-0.014166994416873746,-0.04447001416414975,-0.03431583830530016,-0.04748977628692119,-0.026416398872543878,-0.0441491409959468,-0.12033336659144678,-0.03772332269394629,-0.042646437379253666,-0.05317847475837456,-0.0434155236258813,-0.018799694338223816,-0.05492212912240002,-0.04232104883008159,-0.04093827417869733,-0.04261379311588309
2024-11-23 00:00:00+00:00,0.0565758712570128,0.04603737501946581,0.09144679403079947,0.021789855944755132,-0.015606639068507455,-0.03895973148110321,0.06215728211554716,0.04330475745915008,0.07785380110480933,-0.07272427406032789,-0.006507821500464583,-1.956705794303737e-05,0.03979325178555726,0.048957722176605545,0.09676747809010822,0.02577246323428728,0.04666777956872692,0.11495494983372367,0.05100853996418575,0.0475514962516661,0.09674098801772124,-0.043087886853455215,0.01703493344252771,0.01984448693287688,0.03998628699546414,0.04386633305967913,0.08551085668497915
2024-11-24 00:00:00+00:00,-0.011538277441557665,-0.053753117067004696,-0.015329046400341162,0.02761066243058785,-0.007038537655678523,-0.019976050049280603,-0.004903729899069065,-0.05930004140719081,-0.018989444261240496,0.17024254507807024,0.15539987732941096,0.13065565414536762,0.024771133351462415,-0.015084448285128338,0.020031560545443527,-0.06398176069434536,-0.050551381669738604,-0.03797432521312416,-0.023060737907241946,-0.05501125688463282,-0.01925743813571046,-0.06819037897799685,-0.05541795078712897,-0.07041696489621352,-0.025637076342354348,-0.06077871800736323,-0.027883490778944475
2024-11-25 00:00:00+00:00,-0.06023692649331014,-0.03684103388858473,-0.055399337569772666,0.01710970656193833,0.01860116838825765,0.019073754190711778,-0.05234406227965305,-0.03189583349627423,-0.05069163263330145,0.12207973792495896,0.051665319891840644,0.10483329735428337,-0.02766346000845843,-0.02418211163571571,-0.026919230919966286,-0.03875077405978433,-0.030306559764922025,-0.06088948723110987,-0.055961621942950734,-0.036143450924977505,-0.05692776865082039,-0.024302083401565477,-0.025203751368936045,-0.02621154725778818,-0.05805846525927649,-0.037613220812574566,-0.05407976760778588
2024-11-26 00:00:00+00:00,-0.04553015730051391,-0.08187717513935533,-0.04116985544997043,0.009166263231724203,0.009800932504055782,0.00792723864436895,-0.04208382930774657,-0.07899082910192412,-0.03949963944251844,0.11759258964308272,0.024223431183879596,0.04285006720394513,-0.016914431682200526,-0.07763517407355902,-0.024508112478158983,-0.005312696823854379,0.0026062728885254405,-0.02991210899119301,-0.03859131678228467,-0.06753749906064399,-0.03761985081162822,-0.04416684766466439,-0.04908208400028702,-0.051436016859052636,-0.049184155291822185,-0.08221505049304767,-0.04731208705410728
2024-11-27 00:00:00+00:00,0.0026670772269312693,-0.08163762612017689,0.004183193191297452,0.0013204477503299117,0.0009125072091900055,0.0017228197785847943,0.005077452300902507,-0.08092759966634211,0.004644453246141822,0.05353615530858491,0.03642179515806965,0.022939535953830248,0.019679784148025847,-0.07745347525305046,0.010745470566020598,0.05959984682003805,0.013139814953097462,0.06930876890612914,0.015461550761373788,-0.0648293286931777,0.017849498568219824,-0.04789717765837498,-0.05098457607459361,-0.09803438219832483,-0.009745413924891255,-0.08212807967869695,-0.01604573394313824
2024-11-28 00:00:00+00:00,-0.01423229399299808,-0.009943476460555378,-0.015720621897154397,-0.03670611413162317,-0.011809673266830911,0.0002801630344697603,-0.0275753192442596,-0.011832832686967776,-0.01208166770513075,0.019489667223642648,0.011442449996857729,0.015464759714456378,-0.011441939861965955,-0.008269913890715963,-0.008130101736168571,-0.1023266927434201,-0.006386977333358024,-0.11328407427693288,-0.03355356604583615,-0.008712139781855255,-0.038005760276730416,-0.04879212012083045,-0.03906268457974382,-0.01725867099816436,-0.020237939869783617,-0.018943904179151816,-0.018844400237027936
2024-11-29 00:00:00+00:00,0.02021896186472416,-0.0017747478727488941,-0.012154910944039976,0.027124377367157892,0.017949538113803287,0.02234631539434262,0.028543044145806107,0.0025046956476395543,-0.0094049698379709,-0.045771599376760896,-0.04444952829497428,-0.047695507781074675,0.0078633336725622,-0.014390804922474687,-0.02655505320242535,0.012472512945228331,-0.0025744093947777102,0.034490739510223634,0.01931961025145501,-0.0024316417359362408,-0.0031799835140213784,-0.022742198836564476,-0.022425755689930993,-0.05912776015855992,0.01213392284634418,-0.00538722149597215,-0.02071323041470463
2024-11-30 00:00:00+00:00,-0.06492519119851958,-0.04591265623760454,-0.09157859276654579,0.013437559161367796,0.014198719501588686,0.060708114142045355,-0.05988638436568838,-0.0420450835906061,-0.0710306522375489,-0.059335561054744246,-0.05720087639767535,-0.05750148691544954,-0.07536941906028727,-0.058115635041503855,-0.10085276598874326,-0.0475049155185121,-0.06501428468873272,-0.07562557417300864,-0.059660874903478156,-0.05025708911616811,-0.09177846765328346,-0.02126078397649367,-0.018858097498166915,-0.02614716490200142,-0.06491585894776841,-0.045636530927471,-0.0866137768892945
2024-12-01 00:00:00+00:00,0.11852676486924718,0.11138892663459576,0.12507036956409046,-0.0003142889775434865,-0.0006951752147091872,0.028778590197544807,0.11497914227622741,0.11058519808166833,0.12861381364737823,0.004713229678860564,-0.00769778984818692,-0.0037736696487566945,0.11468738964149394,0.10266042165921996,0.11764661359382611,0.07368940195579787,0.03342610498057086,0.05221974430330478,0.11021657330122281,0.09788931628145758,0.11237560737546115,-0.07407086438610999,-0.07233701606970167,-0.07244590639867521,0.09050985511639098,0.08270051292826786,0.09477808835844703
2024-12-02 00:00:00+00:00,-0.024303412757435194,-0.011625256006315365,-0.0008922542595999339,0.040671000190600104,0.06651937087754423,0.04144865130550501,-0.010544117621829163,0.0029087450412148552,0.007551489781000509,-0.1396748801194183,-0.15129322655671373,-0.13962234949787877,-0.05565130273496777,-0.04244375095213471,-0.032076027945607266,-0.05714385647612408,-0.03862218712473353,0.006389219958178316,-0.029274618279672038,-0.017919112201311815,0.00017817336799064165,0.03077866807055707,0.028522110772536857,0.035201566250989025,-0.01522666164276043,-0.003971408567031376,0.004040714665221934
2024-12-03 00:00:00+00:00,-0.10061207990676002,-0.09971337674378022,0.011749661244206067,0.10536177082099929,0.05748685547719634,0.10489397293523206,-0.058431017160631704,-0.07517174649871283,0.02942289303030976,-0.09036446604833481,-0.0634039549694454,-0.10451232299271462,-0.11363927008246066,-0.11530846278223073,-0.008222783046409998,0.07434569965352145,0.16828200275225536,0.1558084666540085,-0.06921840597530893,-0.04486297983627141,0.03944672638964963,-0.10267173402877006,-0.09607286542643623,-0.0941832026532734,-0.10805878345160225,-0.10565573679727713,-0.011427063203363619
2024-12-04 00:00:00+00:00,0.0759568238697712,0.050533019455558215,0.007312987420003081,0.052027395584185454,-0.01920821666988415,0.011203388204980014,0.07557950311280548,0.0403084026756666,0.0076434233095836746,0.14378137296619653,0.16488461562068268,0.19206061334039304,0.10820309422428576,0.08838203116932841,0.048622403661561675,0.013260997079927339,0.019531436369509825,0.02475307769737456,0.06365792837503914,0.04211680079852975,0.01261241053803075,-0.04881090966595203,-0.054255204890770625,-0.05701433883292417,0.05545697245046188,0.03200407945326611,-0.004746134423852633
2024-12-05 00:00:00+00:00,0.07224190488185522,0.018341579301788036,0.027023004015936714,-0.010177229572772672,-0.0032700029657679597,0.044518679584963694,0.05935462712091999,0.01620404962718469,0.0362242138405815,0.005694891794665091,-0.003847749516859844,-0.01906422544618669,0.06934749998070666,0.016512933074613212,0.020493734473409964,-0.02673385952573748,-0.03933889669087387,-0.013656938692541143,0.05297345851140167,0.006347447284313024,0.018676568230474144,-0.003783113828046525,0.0037479141159528773,-0.02257790300944651,0.06301142463338927,0.016595812015055333,0.0180865947592157
2024-12-06 00:00:00+00:00,-0.0935856394531509,-0.08286452752155649,-0.07774907059819691,-0.01698294233234643,-0.006792733198116907,-0.004294058503566345,-0.0918678528658472,-0.07949965340786613,-0.07344727410133411,0.04062430343601631,0.011735642564184579,0.006148832015434591,-0.07781406023576753,-0.0744699352988416,-0.06975371701955091,-0.10667190344314392,-0.04470654065177071,-0.12820211756096522,-0.0963388422626189,-0.07554027065114699,-0.08755650209349186,-0.012821027673381002,-0.020441251278259465,-0.030708277033685172,-0.0840043959108171,-0.0752255070701573,-0.07389587787355345
2024-12-07 00:00:00+00:00,0.06053113038030156,0.012356330940006544,0.061925547218700805,0.11376434083681608,0.09224224940901937,0.11885943597878335,0.08512563352588276,0.034114132843638734,0.08871664869576601,-0.013579157337862524,-0.0027474471173078996,-0.0002816313812478155,0.05246799319729534,0.01063755098696717,0.05870446960260356,0.05889065062097232,0.034236170212482264,0.13924670707655906,0.05926168971777157,0.016459294045758854,0.07695871263921994,-0.12615561413724974,-0.11882713074325102,-0.13393613370634871,0.025699983786071634,-0.016366879225371833,0.02124392414047449
2024-12-08 00:00:00+00:00,-0.08559127820879764,-0.04605464807654147,-0.08390355424386187,-0.11160048304240877,-0.11100211161390017,-0.06932786201825725,-0.10553094901650473,-0.07014497976299017,-0.09503552287111228,0.046316327359693155,0.027073924989434284,-0.0006958093128274223,-0.06678026884858423,-0.03635347220358143,-0.07798646252311181,-0.13030483236163604,-0.0746874397036208,-0.07587451883586083,-0.09451124248516751,-0.05172067766544364,-0.08224702632290337,0.1235683875324538,0.149929847802323,0.1643546348583491,-0.050217222377450854,-0.011286400936427965,-0.04363787988744183
2024-12-09 00:00:00+00:00,0.0389387332459572,0.02824529644437135,0.04068718704483443,-0.02916295324644902,-0.03781619549403048,-0.031212273065217788,0.031166071348559976,0.017751031180378796,0.030887104994879788,0.0004918114746854663,0.010558404286770795,0.022018792400405385,0.03648993939624878,0.029079630235755438,0.04226274205191416,0.0361833083894747,0.04207162672171272,0.026270656213969623,0.03956285577998919,0.031102439792136893,0.03820910604768635,0.01633672532613084,0.004743878406063828,0.0076605493285824,0.03653203150242823,0.025985534572306124,0.03670825673430356
2024-12-10 00:00:00+00:00,0.0750149726676026,0.099114074275231,0.025239980752657765,-0.17359482612174193,-0.16454547015602172,-0.15856384830013492,0.03511304419749517,0.05750834808455063,-0.007051742664060945,0.020577704899996885,-0.023935116596696115,0.018325529237619875,0.07763795753411729,0.08244125999301732,0.024226409723394182,-0.07832043602370453,-0.032945623653288236,0.06140984036029895,0.04454807601527211,0.07520733255906653,0.042054889343967394,0.13229788426698574,0.08575783320273822,0.05071574613041219,0.09112263668230125,0.11011874832531054,0.03129534970045289
2024-12-11 00:00:00+00:00,0.019548264088535605,-0.024662084862800637,0.004857640574341904,0.07517741802353584,0.07717127655166545,0.08308761076314952,0.038361952186662274,-0.009231438054910113,0.022632233738308027,-0.029431950178534394,-0.021804339284777208,-0.026137706093634305,0.011691949951827985,-0.027168137190936248,-0.0014610096385695437,0.047244261456977465,0.06022292346821234,0.035216495388834534,0.02593982307635856,-0.00873239967177053,0.012255615558606214,-0.06139634150315032,-0.05887025252111666,-0.08587604010390304,0.0030232713036231207,-0.032915962923410036,-0.014233489099093721
2024-12-12 00:00:00+00:00,-0.037196086733929934,-0.008802360063925097,-0.022344796442551496,-0.0004052146668942491,0.027498813176306314,0.01292771826725403,-0.036945647634663126,-0.001670985384636281,-0.021384071839086083,-0.010249004216534852,0.014171493301922355,-0.053625669019698785,-0.03375399169262672,-0.0037950094885548236,-0.03127736693077765,-0.1678475836934904,-0.07083113716732281,-0.06994209216903302,-0.06656243516404381,-0.023161565104853787,-0.03746527984114645,-0.06691567711973745,-0.05689169802935168,-0.04993999416340378,-0.04361065133846964,-0.019533948057697703,-0.030010433566077133
2024-12-13 00:00:00+00:00,0.014166541120060439,0.059617167900554824,0.034641338160709356,0.05736387607833171,0.05673770631408592,0.05714425518064936,0.029696717327084565,0.0728254628310534,0.05340432997300648,-0.006032250643509651,-0.03024469299216037,-0.014950097784458771,0.010982455568804506,0.04521803046017747,0.027415583674625932,-0.001892457871455644,0.12683318085065465,0.11056041782028769,0.012718547318030904,0.08164007562824582,0.053321401188967776,-0.011916973208124126,-0.016358202805010102,-0.009283485289762972,0.009705597361447493,0.04870058067326344,0.02649337007420627
2024-12-14 00:00:00+00:00,-0.01033960508328069,0.033566235618508244,0.0181855354628071,0.0023147622726065187,0.0005772326807331751,0.00024404707306380224,-0.012655923307102412,0.03275735557242054,0.022054059656797964,0.024001901143829496,-0.02368374599449452,-0.005701324156463294,-0.0036707305941389157,0.02473670526542171,0.015134802241178136,-0.07009712236678789,-0.05065111788612453,-0.04637748594953017,-0.022945121353480147,0.020500251788349688,0.002768895664210236,-0.027260045896376428,-0.02818093317697179,-0.023478681587737804,-0.013647803222775368,0.0243099713512942,0.008892943693344924
2024-12-15 00:00:00+00:00,0.03628610378791719,0.021966277111814314,0.047005887714986594,-0.031043672803862776,-0.01666982424161012,-0.01569183011894737,0.02924164581321942,0.018524942264490862,0.04003555424337368,-0.04882388613179023,-0.003442115208975416,-0.010015648255038756,0.02097585412461833,0.018037320739174856,0.0394414078168035,0.05299159238037099,0.05839587439631155,0.007966963888446532,0.0382408434211059,0.027989301873626582,0.045721990893206055,0.02546397807635481,0.024709429115176818,0.02750258395181926,0.035057835824426675,0.02316009748939063,0.0471431955338959
2024-12-16 00:00:00+00:00,-0.025802184717504617,-0.023026185825445467,-0.02504167318139583,0.02675850129180879,0.022446573305218154,0.023955354113371685,-0.016537815887608054,-0.020305250731251223,-0.020194312678526227,0.022133813556669546,-0.01955040825414034,-0.013118906609203007,-0.01450747381489248,-0.02589972313435207,-0.02788527164248067,0.025647504476059346,0.027337098186377418,0.0696188890720113,-0.014860111770003903,-0.013398150354042349,-0.007280203229413584,-0.07855958683044717,-0.12972372422924516,-0.07551198710510265,-0.03772716587042668,-0.04594588611702588,-0.03613476869712162
2024-12-17 00:00:00+00:00,0.038131328425599076,0.030843603041705192,0.05850166961960146,-0.023167859583969053,-0.02220891015614901,-0.023535842288952336,0.031995649298149464,0.030858098321145944,0.05429576409134129,-0.04778008125016575,-0.04778778505559167,-0.03725104436585214,0.028108596280782328,0.020164392665705355,0.042509294589679,0.08827702044129482,0.08433551216126678,0.0471315998342936,0.04807647086234046,0.04318227306431299,0.057606584385452964,0.03229110690868908,0.02503751091312223,-0.011894880937676322,0.038322717373925785,0.031145411575801196,0.04714183054359067
2024-12-18 00:00:00+00:00,0.0278205912101388,0.015128120948152635,0.0308699539644417,-0.04937106451141959,-0.04911983260048591,-0.05101022011727108,0.016883181629222976,0.0036174531296186974,0.022266798938367804,-0.0051698698191566805,-0.018270338531754415,-0.003823562583362583,0.023101053297236218,0.014121394445931523,0.028574874067257783,0.021130340262216274,0.013044998020846688,0.025664008746740352,0.02708354096096932,0.014318108955589937,0.031476809494710656,0.07985380554435051,0.09277163126707366,0.09915655234314547,0.03953981690279562,0.030875412087856713,0.04618384503195627
2024-12-19 00:00:00+00:00,0.05939035034368856,0.050966393756012085,0.06611790459913158,-0.04251219206168533,-0.003919166938149976,0.03752346650932381,0.05900022485325973,0.048903817802628424,0.0833522371331974,-0.0649928254636375,-0.10072571416044718,-0.03955176518001702,0.04368799028912318,0.033673950272466335,0.042210732689805575,0.05067981050788517,0.05590477442601327,0.06762941885969487,0.057448031109540665,0.0525157189624339,0.0736813296324399,0.005894326999265065,0.00014789073818666232,-0.01700224888260804,0.047292496968116104,0.04479368868900879,0.05552054833835518
2024-12-20 00:00:00+00:00,0.060118770227229446,-0.013329794539009177,0.060552404001628535,-0.030131010114668122,0.0410797094010773,0.004663444165940112,0.06139014698367329,-0.008323963559535685,0.06735868656428257,-0.015963888561172035,-0.013425409086100792,-0.007092645648010931,0.04754941668621493,-0.015122627646316333,0.05326201153024601,0.09641744369426863,0.10144600498763201,0.07811616689077372,0.0693049883156922,0.010741969826969289,0.0685107175054891,-0.008162738489038368,0.025138988763223624,0.03967969481768652,0.04508811244815614,-0.004272789513855346,0.06246256119515525
2024-12-21 00:00:00+00:00,0.008130839022734149,0.06658556395640924,-0.0038777541521650694,0.013932000024498459,0.0236996914831189,0.009897892315585466,0.010978320044821688,0.07147703598026811,-0.00012443711575804706,0.022615129730199746,0.03630189293890673,0.026367766547717553,0.01201691411947925,0.06215370562618716,0.002773901724475003,-0.017128349470831417,-0.006000424664993731,0.0025435407796139398,0.0038142398016045576,0.055267277560751005,-0.003158103253631972,-0.028967011153723465,-0.018714589167619256,-0.028295334293016894,0.0025764800511549613,0.048795509145423965,-0.008248368543284923
2024-12-22 00:00:00+00:00,0.003650857386543027,0.019209249757058178,0.017829235425771195,-0.04334939815289118,-0.06318455745565621,-0.049768982025831576,-0.005522949610025196,0.0031073547073352525,0.0033644129575383097,-0.051469291033703124,-0.00261035996397474,-0.013907842440805673,-0.008568873444005032,0.017073550149292682,0.01170932781582934,0.04808354429394779,0.04864904875992271,0.01243651424658565,0.01242959901452867,0.027809671107782208,0.01870367705059528,0.03789638455066213,0.021359878677121635,0.06316616612877746,0.009311348613336934,0.020540867435152155,0.026898782427267065
2024-12-23 00:00:00+00:00,-0.08642924010319986,-0.062656266273311,-0.0751332245954427,0.0026053733945285984,-0.03321476462194928,0.004718439206643277,-0.08162932879214835,-0.06800149557736457,-0.06983374597355663,0.0034497666512405267,0.04456494442468695,-0.0005564881442062797,-0.07481072542804634,-0.04358188892659942,-0.06420857424812665,-0.13118685234937366,-0.08840263689905203,-0.08398293652272248,-0.10349107936334767,-0.07385099886254065,-0.08352241879660582,-0.006489272142640945,0.05818317025216979,0.010541976469983005,-0.0728026854577214,-0.03913745651818756,-0.059114800109036136
2024-12-24 00:00:00+00:00,-0.020281054830456502,-0.03679469761382659,-0.023900834420249595,0.020786291621605058,0.06062248271966286,0.04905824593751773,-0.013490970743388231,-0.01784915486544192,-0.016767884062248495,-0.008885804393337082,-0.017394110141161767,-0.08198092573354565,-0.019750091117125224,-0.03528817088830272,-0.03866203281568237,0.031385798272014265,0.01548865346517636,0.02161301586543618,-0.013607402741981245,-0.026917753570227076,-0.016078567015650358,-0.01574409866429982,-0.03683474630994488,-0.010934554397662,-0.02007758045185082,-0.038084399043765926,-0.02228674101322836
2024-12-25 00:00:00+00:00,-0.02229022956340898,-0.01459502288261949,-0.0035201094895158658,0.0011453884065328879,0.017185088433141038,0.021681782035779307,-0.019212765469472926,-0.007635755781109421,-0.000606833599935741,-0.022388636216875257,-0.043799552383767426,-0.06527767904827741,-0.023392038655483116,-0.023234451333304595,-0.018073247581276597,0.014130569668155957,0.02046809006981576,0.015565912652106162,-0.016578056401262087,-0.00806790135724722,-0.0002714653566235903,0.003498121524899034,0.02218736437571711,0.021197011609008554,-0.01639602776317528,-0.007447610694128692,0.0009475148821989077
2024-12-26 00:00:00+00:00,-0.005823532230557871,0.004264491792359548,-0.0013906940754668806,-0.06719322646294124,-0.07016654323849192,-0.07118424256189892,-0.02408984884817722,-0.015292003257608267,-0.015928628467280492,-0.011401759533476441,0.06743677507887291,0.06916459845598655,-0.009312378291931767,0.023323436142778542,0.012832100180627748,0.10565099706687664,0.05314522440548952,0.09445983858429363,0.02037301470531583,0.012372638902783839,0.022547250594624924,0.0409540952141656,0.03737300715576386,0.027853746589784123,0.0020988617318893343,0.01324125190714831,0.005468980821987879
2024-12-27 00:00:00+00:00,0.016139799456637238,-0.014784982766004484,0.03329943221159826,-0.002565444305347997,-0.005863521517067705,-0.020499540746829026,0.014719767477511692,-0.015619185798839363,0.02714415809579518,-0.03235225214017168,0.006500889548855637,-0.0400041361201382,0.007364807475515267,-0.012694220660977695,0.025081583334163104,-0.017302448922075664,-0.03681582863784638,-0.027647133992224737,0.008950151148672036,-0.019435037835517033,0.021134334145241684,-0.0041441075592396626,-0.02308894351117885,-0.02661119857126737,0.009200571933919655,-0.015847977536866842,0.024994287982918806
2024-12-28 00:00:00+00:00,0.008824553322422934,0.009361593923918665,-0.001616964312189939,0.04767453170775049,0.05265288939094748,0.03996018761701725,0.019591765775181402,0.022459644476201968,0.009141792968536011,0.0031495486900918745,-0.006278406989962626,-0.00025841159613704257,0.009212973829405335,0.00784035499875313,-0.0005638751235396144,-0.015732284046620193,-0.03068582950025278,-0.011576318519021744,0.004086872906319705,0.0015239661770796165,-0.0038203084591577063,-0.05451196797991076,-0.03721566897541306,-0.02722587184442482,-0.0038973317944225316,0.00013710032200053845,-0.0071524304372204695
2024-12-29 00:00:00+00:00,-0.001540031338788217,0.00876784273435649,-0.0007229068775408409,0.01281166545947321,0.011364997257530485,0.008315144259908092,0.002231422518016224,0.008911537167554995,0.0015512298127364765,0.016745477491294736,-0.041318480740004326,-0.041514876059872474,0.00341331583275295,0.0005243655993261154,-0.012450010543383572,-0.05220536624711036,0.034539667240565786,0.009215990855035328,-0.011355481814665724,0.012813372677565882,0.0019884379070596037,-0.015896381829974993,-0.01006656697448105,-0.014148862716910404,-0.0038179915699829703,0.004967658662028418,-0.003616480189149729
2024-12-30 00:00:00+00:00,0.043143516104703794,0.023615544378637665,0.033399984516116143,-0.04905417007112389,-0.04340209991049293,-0.06607926288050037,0.031068429201680514,0.014491675388481395,0.016255475212956894,0.006265465753921173,0.046176549931397304,-0.0021297978544250196,0.04353130948888784,0.03315233550991925,0.03536959501882064,0.10872837431207305,0.028556889961768306,0.10781418184354274,0.05699666095673872,0.02685489337557101,0.04741960978762094,0.041851342576386896,0.049553887318953826,0.0544720163574508,0.04293510477434559,0.02892371118864978,0.03736199866491807
2024-12-31 00:00:00+00:00,-0.01621254077809553,-0.01623421020304816,-0.028090185123164857,-2.642882724235296e-05,0.014190890541248002,0.005273034503993523,-0.016886370234286074,-0.013462421910204525,-0.02832065582922183,0.027017854727644952,0.04032751989623451,0.022201235832847388,-0.008982434222678304,-0.005859821078351035,-0.022336099375112384,-0.09748894276442222,-0.07552464648188162,-0.08250748538229669,-0.033613546237233005,-0.029044887445192513,-0.0396865229019433,0.02631672980236277,0.02601181672662567,0.022058825909595736,-0.007756677356213992,-0.007832895508986693,-0.017860515158877877
2025-01-01 00:00:00+00:00,-0.011140872286059866,-0.0028278635514304984,0.008353628260306056,-0.016945006912172045,-0.022592257723114018,-0.027297818558998155,-0.015337849761491773,-0.00888625182052194,0.0017459481813879574,0.05935392214356594,0.01397020581680386,0.011848017376610454,0.004432237888114754,0.001040007111916541,0.011034386234748395,-0.05635825604572464,-0.01142720085039639,-0.03110753716032666,-0.01981926204527129,-0.003222478663430617,-0.00021760028629014272,0.04138251238357049,0.05977112703686305,0.07472089917471436,-0.0003664564715717411,0.010068063267274718,0.02205985353516704
2025-01-02 00:00:00+00:00,0.032213487214352465,-0.0006587409527404331,-0.029715675408295228,-0.0038233208019665677,0.018132282181951398,0.008254923277621007,0.03368377991356852,0.0039158697038670365,-0.029708450775689288,-0.0552355644231155,-0.0762905100282888,0.01428137165499832,0.017348171203531937,-0.02042074137876737,-0.02342462755896846,0.04674034487035539,-0.025381380996564284,0.005514939210312209,0.03396161476192927,-0.0050306492300628,-0.022067085702370592,-0.0199587231477385,-0.036437421160192995,-0.026106105144636405,0.021838136889868798,-0.008298056365184547,-0.02939456601515056
2025-01-03 00:00:00+00:00,-0.03230071453527783,-0.030141598480408316,-0.023757851017806142,-0.004030109220722777,0.007958494271536276,-0.007300422930964667,-0.033930113278121454,-0.02843260052540486,-0.02513088877003289,0.09367587964498814,0.07121637659514102,0.12858060541290417,-0.008997399035607478,-0.01269880269041368,0.008160557042993455,-0.0428432412327463,-0.05475438610443972,-0.017945846507358088,-0.03597354017264853,-0.036343180712083645,-0.023353688940222828,-0.025307514495684247,0.030103604572165876,-0.010227905093804557,-0.030867653097374936,-0.018340923224159367,-0.020657714891706203
2025-01-04 00:00:00+00:00,-0.09359612350391866,-0.024853006468493533,-0.20970218899990312,0.09274730130103004,0.14586040498890696,0.0991579522015702,-0.07349656013875794,0.01276870639882155,-0.18780059029424634,0.05549711874967067,-0.014090376380261227,0.07505643205348189,-0.07046751090026138,-0.02550690159110547,-0.1646617884432091,-0.1287636249996298,-0.12253786153367852,-0.09317593616171838,-0.10963515311111127,-0.0470765692194538,-0.19664543021253755,-0.04264243946792534,-0.01300408345534676,0.00970888241846879,-0.08433888122151334,-0.022664903008611126,-0.16669368735808388
2025-01-05 00:00:00+00:00,-0.015197492405239488,-0.014549309280147416,0.018229202755260188,0.01825404253380558,0.02351802321124641,0.0029702191702127845,-0.009284346659406806,-0.007147679213244995,0.01679616078510704,-0.01581206976662808,-0.03522515137721738,-0.02712397919630527,-0.016556509254491703,-0.020319877933023367,0.006109618159024555,-0.03972404551030462,0.0012637339885179788,-0.007712089129165989,-0.02358761011914734,-0.01306695693415949,0.015463652928134008,0.012778661987399076,0.0020184802282254832,0.012804608207129808,-0.010093242180089335,-0.011216180511606222,0.01689369628407511
2025-01-06 00:00:00+00:00,0.000943836493247252,-0.040507688085272386,-0.011766325890379403,-0.04934003258020214,-0.02359406300557587,-0.03973762135897507,-0.01347677604527453,-0.04550643884395145,-0.020802255620223975,0.027286330619430865,0.03024633696156176,0.02331082582063737,0.005574288703655839,-0.02906389735466086,-0.003739545113513043,0.03657051463863725,-0.008919143178552469,-0.00043721259275186775,0.01057219372871887,-0.03847629982922862,-0.01170510642143685,-0.008453121097915406,-0.014356910087876984,-0.01997483553563062,-0.0006428264719886556,-0.03599412353825315,-0.013646710610627721
2025-01-07 00:00:00+00:00,0.023391425583577208,-0.0018084142918963764,0.00611761405098088,-0.03794519153026987,-0.04135463957024832,-0.03541926460525713,0.01765910136777027,-0.014498448942970477,-0.0028350907112344448,0.051751266496251835,0.06856768473543773,0.03307625114973578,0.03516003050515759,0.014979894094296009,0.015306266996832463,0.03710863403481812,0.04746842614888447,0.04173634711654506,0.02791338221271178,0.00879829857209713,0.013063154313696534,0.01835110212964297,0.018425092778486807,0.018216716491608498,0.022432012748675678,0.0022688801099493006,0.008527709451391807
2025-01-08 00:00:00+00:00,0.05043087782825273,0.04094391647964368,0.058074170581175366,-0.11699794494883375,-0.03412787692879038,-0.07831884079539964,0.016215195958482864,0.03699412247338785,0.04977359569240036,-0.02748978414486347,-0.041693868862749395,0.0011125505133637859,0.03562890701067167,0.025083823008333672,0.058419857204792924,0.11739360222812056,0.04927597009274387,0.020060447219538258,0.06843675005448646,0.04710842058112141,0.05294803148873117,0.03233988207416982,0.01431752938784947,0.07611612039984106,0.04776085621045989,0.03669879770412354,0.062138904007231544
2025-01-09 00:00:00+00:00,0.03798502485788169,0.0448015652117455,0.017608662488856286,-0.0960984347184175,-0.07754609734288431,-0.09847289742393528,0.019314972106607264,0.02870277088455042,-0.0032900079610810318,-0.003480735637106158,-0.03237924799320768,-0.06396876332474943,0.031061273534955358,0.03357932227336824,0.004892547874745912,0.09156971286892346,0.05688226583974365,0.06871452333133043,0.053620413949093226,0.05077498079227749,0.02882820538848474,0.022070823292639208,0.0642821858702558,0.04764048761282136,0.03757318911879981,0.05105902895777037,0.023523669291685145
2025-01-10 00:00:00+00:00,0.0023454652918590835,-0.012355345012566299,-0.027174635892181942,0.01217519930983757,0.011646370058101985,0.028121880200519422,0.006395491336819825,-0.01366798173764594,-0.021193289000236093,0.050480228943600824,5.346965304942053e-05,0.020858805731938324,0.012485948605987396,-0.012564228918782172,-0.01879037327383537,-0.013067036504754492,0.01851142267043082,-0.016786447747154543,-0.0007071072339625006,-0.006702941529124096,-0.026891930179419377,0.019358792437279115,0.019731442820327683,0.007748640679642982,0.006034855746776202,-0.005793944536491735,-0.02086423988568309
2025-01-11 00:00:00+00:00,0.01528381523370359,0.009805567819815009,0.02198046078483573,-0.021398664685852054,-0.021733820697709683,-0.013557995026463265,0.01174727794057695,0.004201070601929535,0.020231336260277066,-0.0070281854718518,0.0007098315983622427,0.0043253485005974035,0.011751343090855348,0.008163821349949751,0.020797076389346136,0.02419176569137771,0.020219549517617397,0.027035503257893057,0.018541802111467387,0.011884260360113252,0.025276878633882616,0.013741609260725873,0.019675206691737168,0.0198974536232015,0.016338503404188076,0.012454297699718841,0.02240925136083738
2025-01-12 00:00:00+00:00,0.022429428925042183,0.030399931275220782,0.0334337806827274,-0.040769070404158114,-0.042081948388173696,-0.03922229123776921,0.013568333266294141,0.021483787854111647,0.02568279539710394,0.06562737615083303,0.05053385814671851,0.05085825231221719,0.034458974535470865,0.0387020635835833,0.04168217231566995,0.004701038724912676,-0.016528158058075282,0.021343224060655697,0.0200766044376246,0.02172444185387712,0.03327864680101866,0.034032379832882986,0.04771757927926412,0.03417382847089012,0.025403957237835284,0.034524440608624474,0.034852071038330656
2025-01-13 00:00:00+00:00,0.001066686847066567,0.00678717757876135,0.0037233995528693775,-0.0032290263593760526,-0.003966911506914195,-0.027109278630535805,0.00016816025300858684,0.006196363922317039,-0.0019290136393904644,0.07330536434944523,0.07111496009418716,0.09139088558251518,0.01791720617596515,0.022387969787959427,0.02477761152675284,-0.04171803723373879,-0.022098930950755102,0.0016653970158246878,-0.007658475794845465,0.0011856264666387784,0.003424916741818551,-0.0033912045321767836,0.0013514686129039166,0.0011614571466715962,0.0004647944879616617,0.005696592634753861,0.0033206208900760092
2025-01-14 00:00:00+00:00,-0.04963509197001559,-0.016755052597693165,-0.02139041848462897,0.022318238575084193,-0.017538863058015663,-0.00799635557767886,-0.04682666012593695,-0.022662390568546575,-0.021752158666627497,-0.10052559735872424,-0.11493470991030419,-0.09749408270184012,-0.06856979519706574,-0.04132164155424323,-0.045410438824466604,-0.02067784963959829,0.03657190748918526,0.01786411869801552,-0.04590601518618598,-0.006342230352371692,-0.01418469743983053,-0.028821707786069295,-0.13280688853142475,-0.021640107064342273,-0.04529379296143776,-0.039914267019761085,-0.021527351591944188
2025-01-15 00:00:00+00:00,-0.051206969039031214,0.011610711881110625,0.0406304625314855,0.015740037220674186,0.007709426332944691,0.01584311480861267,-0.04680318499126024,0.012068873644029088,0.046248010224769986,-0.10059484133653873,-0.09191022496986956,-0.094235106466113,-0.07160542889074117,-0.008048140000810555,0.016094011441654343,0.004726022715501932,0.016505386751994644,-0.037673167909153205,-0.043323227851163604,0.014538874117292266,0.025378852937329333,0.0031115234083525234,0.04153874465608043,0.00702191788628026,-0.04314701568440049,0.01795818590477949,0.033740019520748676
2025-01-16 00:00:00+00:00,-0.0721322366760706,-0.07450632484723774,-0.0031861709944810412,-0.05835960886753089,-0.07341426656284689,-0.041375013841599695,-0.0882842517974547,-0.09945343527222583,-0.01115483863271749,-0.242158192800491,-0.24843890092132104,-0.1847916493672489,-0.12353165876420547,-0.12160762482689791,-0.04911461673427153,0.04810266541444297,0.031222291298441673,-0.08686265289043915,-0.050771913863146834,-0.05053104377054607,-0.024297140885669033,0.006687763495116794,0.00027372030228489663,-0.024078315591625765,-0.05819106138186292,-0.06430114418089661,-0.008221108770811836
2025-01-17 00:00:00+00:00,0.028159837553511036,0.07176724754270625,0.04478324735395067,-0.06855443775333847,-0.05613224379162762,-0.06326091645108878,0.007628245393655586,0.05349062565338136,0.032998849315008405,0.08467944100475533,0.029127459728955696,0.08206644900749827,0.04476690013777751,0.07391061285353961,0.06338638442403188,-0.01310906460827177,-0.002761595255511118,0.06366716030875064,0.022454272918999152,0.05397494606480535,0.050539850530313624,0.061362092233813614,0.0593860885037687,0.05563718827372033,0.038172146900854464,0.07340780879096642,0.05133855537000387
2025-01-18 00:00:00+00:00,0.00581967126726135,-0.049279929218126295,0.0017866392913765683,0.06101729793318289,0.053075029810550234,0.05080233907487086,0.02603433239224695,-0.04855591094877276,0.012330398999593761,0.10502063678741891,0.144950615911704,0.10711986753247604,0.03406327708687251,-0.02763238979552174,0.026687557096989112,-0.05022487106562101,-0.05101823329205479,-0.13397985270019108,-0.005062384839858436,-0.048390827189299324,-0.02500976663857657,-0.012845757482246922,-0.016057280654576456,-0.03101870172707044,0.0013439913566906103,-0.04752443200202239,-0.00427209421684871
2025-01-19 00:00:00+00:00,0.08918583674185698,0.10444049396080768,0.0391821196930604,-0.1584703274545317,-0.19501884067701258,-0.15523545235927483,0.043716202296879336,0.049958937720625984,0.0035348463766289306,-0.17691573442760744,-0.1022177345043378,-0.16795381292203182,0.03658521498289291,0.06189177390464584,-0.004652357587864198,0.07698107940281718,0.05312251782612942,0.14259325628742237,0.08719747061928329,0.09669837179565532,0.058493613508399545,0.05669704348865756,0.07079641950394833,0.10531765768250723,0.08560502148752103,0.10102215331196884,0.05284432715231846
2025-01-20 00:00:00+00:00,0.12274828789882197,0.09145039811851019,0.12289686010186718,-0.08197819817712515,-0.11193097368319427,-0.002983354419342499,0.10491140773646102,0.07137307833722706,0.11664252170501044,-0.0859032625950632,-0.11581733078334755,-0.14396150148718578,0.10536394157509421,0.058594872592146796,0.08263508034488298,0.005987015336573975,0.10907797529497598,0.04965681515400133,0.10046968534132028,0.09622782156750098,0.1079374396805517,0.020322456188060833,0.00734474858652745,0.023297988491280286,0.1056516513089154,0.07795462596724145,0.10608857867015109
2025-01-21 00:00:00+00:00,-0.03658758374792803,0.0042035255526742255,0.028771952260066902,-0.03828737751488509,-0.03944480185979127,-0.00695991470996582,-0.03887478560588775,-0.005849416944425201,0.025668397338175497,-0.01885532030417869,-0.04729523641707012,-0.014619232650245673,-0.038494538083101215,-0.0063694461128451785,0.022271354840242674,0.0725221519072774,0.023027769545462817,0.07111431758916664,-0.015254176907122385,0.00852950304510891,0.037688006317999845,0.0487970463902776,0.06571916098288133,0.04813053655376476,-0.020990177248369712,0.017059318176904092,0.03325636597743853
2025-01-22 00:00:00+00:00,-0.06586988385903059,0.00326368660386267,-0.038619769626063616,-0.09804927414772358,-0.10033944678795392,-0.0636150379325846,-0.08687103365151161,-0.018062792694143903,-0.05195444727457288,0.06606626800606175,0.12705354555377535,0.06421816208617326,-0.049495816941441007,0.032855214251607645,-0.024440705464280343,-0.08163140903406207,-0.10516683586446118,-0.020880153523060274,-0.06763094156417337,-0.018346791207012436,-0.03521482054203007,0.045163806956222574,0.05084352368125167,0.03607076607392057,-0.04448789908752637,0.013268274545819692,-0.024649862600288786
2025-01-23 00:00:00+00:00,0.01776695469947076,-0.030014407950720745,0.002162038001593203,-0.037614187181775116,-0.056751753589073695,-0.015889558851452046,0.005449918404925702,-0.040658307705568775,-0.0007866475112217053,-0.02317700994886751,0.019841625428169696,-0.038779419844677365,0.00830334720805137,-0.023978328811444904,-0.0059691128010016525,-0.06077271175162213,-0.09531986748834609,-0.06656874231584398,-0.0003160342788210979,-0.04159915361989164,-0.011616126215898692,0.03396996393700191,0.030034469319619506,0.010531501024256373,0.021187803770114977,-0.018373741608352367,0.004292319854286131
2025-01-24 00:00:00+00:00,0.030965707183778557,0.04368335768346321,0.023381927161582494,0.026534249468691318,-0.014960875651816696,0.020112614865459566,0.03992509268015576,0.04507971692277035,0.02842952282063904,0.06344399807678647,0.0070850432818578835,0.026755649017792482,0.050743974281894255,0.04689297615769439,0.03248871502625783,0.00785840224248413,0.02455162023267654,0.015970984087783968,0.025729609867333636,0.041469458801149495,0.023076438838217195,0.02467472185657682,0.05106269765199767,0.04927770055952929,0.031430237309274744,0.046053036665114844,0.02865247762959089
2025-01-25 00:00:00+00:00,0.1047542456141013,0.08755451697857675,0.05309042402295727,-0.09926678487891683,-0.0643876635267111,-0.025485573079701895,0.09310063571898208,0.08354942310705726,0.05427193766773253,-0.08517761124830847,-0.02625393963581113,-0.0648827602674753,0.08479448418956359,0.08153755103061755,0.03698466256740707,0.1885594059946738,0.11499083207304817,0.11818158659183542,0.12350210642190218,0.09635720917440826,0.06769391520792922,0.04956159141309624,0.02544699065065603,0.02555184234367025,0.0969024228393165,0.07642596270941637,0.04861856999732339
2025-01-26 00:00:00+00:00,0.007374617828910468,0.003768628185470746,0.026665852447779637,0.04913628569152473,0.05555934316576483,0.04882943309796528,0.01943314716001976,0.018773238591159425,0.04314626370336483,-0.08787177193454843,-0.04520152879594552,-0.039658415474351005,-0.013635389902882267,-0.00748030716546999,0.018307379296153448,0.01928404101863279,0.014477995263917576,0.019524349851335998,0.009923384177401351,0.005897809052646696,0.02507189947950028,-0.006400553767419215,-0.07825579567037155,-0.0717793459941144,0.004286196655439278,-0.01221061133328527,0.00726544553980113
2025-01-27 00:00:00+00:00,0.03896064037151947,0.06168939116681238,0.015834361554718512,-0.0021450917055462204,0.01115917094739749,-0.02266386555580946,0.04615365165465035,0.06853335107595271,0.0070236506384901976,0.03566430710769497,0.04841685152635011,0.000448150805392844,0.05411846500077355,0.07906256404762235,0.012504975414346031,0.004167070752988389,-0.00905198280816022,0.0424510179725166,0.031186700170861892,0.04902086267891459,0.02196481603924405,-0.0030313256768454977,-0.009230835766745327,0.005758225836570707,0.03196209974039599,0.048931311619035744,0.012509490683146218
2025-01-28 00:00:00+00:00,0.05684513969500671,0.06226591725143016,0.053078190017670446,-0.032044749655268046,-0.021013390762437356,-0.03250714466801541,0.05065071388459974,0.05963390865948637,0.04749948082557953,-0.03300382297356885,-0.023171226123328004,-0.01809603207116195,0.053503489188458486,0.060380559731736616,0.053912014397560215,0.05244759406609267,0.06691751724907413,0.05114443505326083,0.057312205362429314,0.06383931571993506,0.053649937668937664,0.06419945115569381,0.009080433256163367,0.0007374379007787368,0.0589811486329197,0.0529944580752193,0.04325665744076135
2025-01-29 00:00:00+00:00,0.1314608918012623,0.17734711025931982,0.1750867119924684,-0.14899118686409996,-0.09651370317781871,-0.15042513587117567,0.10292579602565688,0.1696292632641263,0.14888168427390824,-0.06466472574619586,-0.05768951819119761,-0.07704001759976475,0.12767196601018815,0.18435626713810804,0.172961505454436,0.169397601158092,0.11068242200151479,0.12404885316454117,0.1417173292590186,0.16562748410103922,0.1666060886021108,0.14743907056302819,0.06925593976450028,0.14029716239793988,0.13684766418078298,0.15732349435207182,0.17080412767015396
2025-01-30 00:00:00+00:00,-0.044381446783963385,-0.06205708464175286,-0.040573202922930096,0.02328584931123867,0.027897103523330413,0.021818060961996233,-0.050907461922045316,-0.05837369179395935,-0.04038946377388952,-0.021894034815047148,0.03318357962595653,-0.03176623667489342,-0.05476680585232685,-0.05927062069414735,-0.05128322809732899,-0.030217647933140634,-0.033224003101540056,-0.03506936175942388,-0.04308461347893844,-0.05735804051158555,-0.03989171806370673,-0.030430051503368416,-0.05480589765709298,-0.037293858294786264,-0.04194319686891823,-0.06194500922326551,-0.040607239460250355
2025-01-31 00:00:00+00:00,-0.08849152179626019,-0.017093410070339154,-0.07801812948599296,-0.0906341006350786,-0.10018307445651997,-0.09302606146296177,-0.13470517460735698,-0.04469385573989293,-0.10878467617627874,0.09499470780120589,0.10748139811533663,0.08769701169558486,-0.06737090494549636,0.007008018405751937,-0.0618834196478919,0.04077874871678877,0.006867836856068399,0.03783708661665797,-0.06515140087984506,-0.011952257614061934,-0.05741867739268136,0.07623922183326393,0.08697325579165582,0.06626546869584504,-0.05532225782691058,0.0030937161336050956,-0.0491656239794912
2025-02-01 00:00:00+00:00,0.09242070681977799,0.04339362678093894,0.06921754007212866,-0.02858621499573999,-0.037856069712192575,-0.03196048227043369,0.10827525830620144,0.038671087291510586,0.0689692035296241,0.06364359232781669,0.1011396157186295,0.06829867144183321,0.11632289114849703,0.07263683903556739,0.09616488769706444,0.016711468939173857,0.018418928407387458,0.020648015238324824,0.07798461267572288,0.039141081970656355,0.06084279280781435,0.04011921569961996,0.08485432542243587,0.04075612956802477,0.08019596442890142,0.052843302055457286,0.06161684818267488
2025-02-02 00:00:00+00:00,0.13798150141232846,0.1693310743588743,0.19891592478320086,-0.3230368805808488,-0.2931152317972868,-0.2214446431108118,0.07795120717240378,0.1177063232457074,0.16447811850832283,0.0028738949284212723,-0.07349419182991401,-0.1245266655468259,0.14072561587525723,0.15844757743465876,0.18037090783171017,0.2528237281068355,0.2567522666272948,0.26500056375941194,0.1627876991626649,0.19515406006887792,0.21505456430113834,0.18310942880161085,0.19838029856779493,0.1432376225082994,0.14916320994158783,0.17456920046038094,0.18556921830671436
2025-02-03 00:00:00+00:00,-0.008268703965650381,-0.03390252321230958,-0.037187190288145544,0.06801929675097718,0.013329353858242632,0.05534394489691907,-0.004571595856180166,-0.038650879925460346,-0.022686336254553074,-0.054956465502326024,-0.05586376124905634,-0.036857563534071436,-0.022874329094238366,-0.04683968174556152,-0.03960173362946384,-0.09337778760736581,-0.08562564587658694,-0.10605427753419938,-0.0275078415539578,-0.04406136803351324,-0.0512747578223256,-0.016387959127574625,-0.02260426202711463,-0.034396525831979496,-0.009213462603624656,-0.03194689860825728,-0.038526393482613
2025-02-04 00:00:00+00:00,-0.0031201793096046204,-0.0897933854666847,-0.08017733081474832,0.16019411969186925,0.18458186751871053,0.1802934536255263,0.047147537799476114,-0.07446567208775201,-0.04021967025228024,0.002673615694999132,-0.019811585914177532,0.0054105345536521465,0.001754634658885923,-0.1007242531338931,-0.07654252488872348,-0.019015160408918708,-0.01864903431467335,0.0014364255609335963,-0.0061293804889539505,-0.07708105262867193,-0.06734704379310064,-0.2351855581484278,-0.13439997075407883,-0.2161680348160605,-0.04967573673944148,-0.0995056077164147,-0.10704962538871554
2025-02-05 00:00:00+00:00,0.0779687539524414,-0.0004506542690198012,0.10020775261497161,-0.12199815228834787,-0.07684678264563027,-0.1190455099966573,0.040826508942677364,-0.02271298399067545,0.06558188117217045,-0.03818980911811287,0.026190612706727512,-0.012764851079071882,0.06751186151389277,0.0075259785394976575,0.09371822648123063,0.05882565360563996,0.06789734361431154,0.02204898841683489,0.07534929170281468,0.013365333755996911,0.0861683305598584,0.16662486193567494,0.06175700711459631,0.13746542004704132,0.09513621476453693,0.01191203169025501,0.10899032576759748
2025-02-06 00:00:00+00:00,0.035563412997443145,0.032649029783570205,0.0704687395939414,-0.1528741415354019,-0.13726094419798196,-0.1809933972161809,-0.0007489644502388648,0.0009020158497139441,0.028387190267847195,0.06842212924327673,0.07738690644485913,0.0015795166768342028,0.04880184555744771,0.048519169864764455,0.06434542433566626,0.07551215977095094,0.024124397018480348,0.04859518505479388,0.04489426604105384,0.029948496658990686,0.0674477242248197,0.15217093280080363,0.05419948616788295,0.15658718256961524,0.05878318449705544,0.03910774414792084,0.08669299620732396
2025-02-07 00:00:00+00:00,0.07126704699638897,0.09564660093807809,0.06904790130579896,-0.11676304893084799,-0.05596269705633028,-0.09117331000238638,0.04834280270182689,0.08769817938539037,0.05581552749232643,0.003586547770405124,0.016936866958959795,0.013483327763802455,0.06460948106400033,0.0877386810720111,0.06505168507494163,0.09522366382990355,0.08406572644048493,0.07044763590983805,0.07617106160573273,0.09368953295055626,0.06905503094542853,0.06844959281721152,0.051169517679798826,0.08834735640478653,0.07268517115581097,0.08924909759331623,0.07383111285065991
2025-02-08 00:00:00+00:00,0.03136127147303225,0.045953290671287395,0.015056862368429735,-0.05971024199332553,-0.04364431285805748,0.00044873927015132153,0.021990348660972714,0.035531754032566365,0.013502033930816282,0.025010791570101,0.03250370450214546,0.0327132492940172,0.03396758252555632,0.048020603377562754,0.0214380901343334,0.033011115445288564,0.02757685575959079,0.03323930061585956,0.031744223403860516,0.042292804380292814,0.01872444642759641,0.022941449372496203,0.025725311377858162,0.052331699892022465,0.0306871554033612,0.04408172621628803,0.023361677964420124
2025-02-09 00:00:00+00:00,-0.11111359089130557,-0.06776351964907779,-0.05158403773597975,0.15780705512746507,0.18070847106611465,0.10002890445052359,-0.0770998508975832,-0.028634947716943526,-0.02904419129690272,0.04699997467186656,0.0165051352438339,0.008951165945992434,-0.09162547565980395,-0.05717217398006291,-0.04590930282672889,-0.052215231677820606,-0.08173043095132959,-0.07256361860048721,-0.09932577927196407,-0.07076313079340879,-0.055902171333927275,-0.1899426554742757,-0.1710759662855883,-0.13994877561720764,-0.13093986346873698,-0.0900455452547837,-0.07155711814617227
2025-02-10 00:00:00+00:00,0.06852995795737482,0.07246808342617639,0.06165999713366577,-0.0650086575562151,-0.07638280692240051,-0.05264666199152224,0.047978568411549016,0.04825012655380401,0.04702613113503129,0.006419527955562776,0.006522208267437879,0.020250239013805515,0.06521123840086562,0.0676540713911189,0.0608893706338387,0.08539860593983883,0.07715659232042982,0.05806403950921424,0.07177718218966689,0.07353910507852124,0.06107152087793177,0.1141876679512277,0.08606302590098891,0.0634425443379667,0.08025676562441086,0.07826845902821411,0.06487825063941544
2025-02-11 00:00:00+00:00,0.002712276522268242,-0.009570490490035777,-0.03292179599167688,0.028727499465815542,0.02451739262776531,0.032711752231048274,0.00863991180313306,-0.0021354995467827154,-0.02536683228552028,-0.008483846850370846,-0.012124361313008425,-0.014321103430616211,0.0014061994333416372,-0.011106821107702891,-0.03525854068254641,-0.007969236252906686,0.031365406917492455,0.020487817088671978,4.865112312812947e-05,-0.0012722033639689379,-0.02232427341976284,-0.05403124300261941,-0.027113766903349767,-0.02815746729572488,-0.007974793156639404,-0.013312464355956344,-0.03335876905569446
2025-02-12 00:00:00+00:00,0.01958535580400156,0.008503825196035208,-0.005277123078811119,0.03264031788515309,0.07195971368908483,0.07924407498875752,0.027990496306410373,0.028921857912453497,0.015271998299780654,-0.02318183218475789,-0.03262922619077291,-0.02491292230612885,0.013040354458290215,0.0006537331771740984,-0.01036255417147347,0.013436694504341151,0.01619839020298297,0.020030893263285554,0.018371236694030513,0.010034392911661083,0.00014202224034343125,-0.1010959818720546,-0.07321630591701189,-0.06494716509456255,-0.00396437336230826,-0.007610209519367195,-0.0181534963903357
2025-02-13 00:00:00+00:00,0.011523476378343611,0.033954308162827296,0.043849855977721175,-0.015853586415994214,0.02036830449810223,-0.025512746238481987,0.0065296820667248845,0.04140548940616329,0.03952663663094502,0.012210889947110282,-0.010872987469776163,-0.01757899949339703,0.013464060493854735,0.029727322131697376,0.0389337722983405,0.008068660625276891,-0.01702915323209475,-0.0013721150037790952,0.010624405100153611,0.02436941123086145,0.03520160776715109,-0.005297399158306737,-0.0061791787306106905,-0.000191814111058064,0.008637713729471974,0.026242926945619027,0.03530643110448217
2025-02-14 00:00:00+00:00,0.014445737803401304,0.01039977085588939,0.0385815584385083,-0.07973996306114606,-0.07742021527068976,-0.07806204359589908,-0.005719351514401949,-0.008528470713249137,0.02052490216701197,-0.07191409126325321,-0.04405562477367675,-0.07214552129789675,-0.003174757526690275,0.0007716004589248815,0.021202053991926872,0.03480345540934082,0.057759217020125986,0.03509922215114836,0.019449058703984612,0.019209884071541117,0.03907811550371454,0.09065372559805751,0.07130454261495767,0.07463297761902066,0.02806667786078365,0.022489009049651454,0.04565946215040606
2025-02-15 00:00:00+00:00,-0.04647491021933603,-0.0692699726980055,-0.06653731035414945,0.002482407872481218,-0.001232747344934726,0.001527547525829176,-0.04953192085634461,-0.07045489486067535,-0.06739940662073884,-0.1486489035319014,-0.16098131231993595,-0.14745502968036162,-0.07529726520907842,-0.102882672592853,-0.09625071120524864,0.015428456138998126,0.005651233778711573,0.027249644929580485,-0.03555112146936368,-0.05618875248076838,-0.05050849808119051,0.01912049181501163,0.012081689363679926,0.01519774464858159,-0.033166539155078945,-0.0525458588880775,-0.05036038286569411
2025-02-16 00:00:00+00:00,0.07750052553022813,0.1021261034102201,0.09625378831017728,-0.09550997772776204,-0.0961037089022565,-0.10319727663286504,0.055929206554339084,0.07958121536355955,0.07725707701380524,0.03650418823922008,0.0030169930745673756,-0.0227548761038876,0.07827057269812143,0.10211652952813499,0.09346788914886583,0.10435382435240848,0.12004264671492848,0.06983689455915609,0.0856097301639498,0.11004729721418283,0.09343374623211309,0.13185746385404684,0.11678359389119919,0.1342497624036354,0.08910789998333746,0.10597877564540581,0.10652223724245369
2025-02-17 00:00:00+00:00,0.010990471589603867,-0.00405929244586678,-0.002383708481100144,-0.037602276865354556,-0.04536815581153053,-0.03267806995061606,0.003382203778230508,-0.015226450707904071,-0.011548609991403502,0.01691664077732291,0.015762557412965172,0.022644725996733506,0.014231502039569799,-0.00022726342141898837,0.002860169421395664,0.007726674745712536,0.0035583015170466137,0.027849176545331922,0.010302807473990372,-0.002368998637889752,0.003581682626082827,-0.012038037378444777,0.0018853443432855777,-0.012254987316186572,0.006769786567497382,-0.002818331210820424,-0.004693845899363391
2025-02-18 00:00:00+00:00,0.08288770919993937,0.09012713940101791,0.04904685504552897,-0.05940346749164016,-0.05025026252425224,-0.005408186367799495,0.07615296330156474,0.08634934907948866,0.05588185866780604,0.05904691962474451,0.056156543749468435,0.06783621833344311,0.091938754067864,0.094548101541718,0.06679744184480851,0.07861002952519303,0.0511153134404041,0.06980819287859763,0.08231681662166812,0.082232464097578,0.05339105344930162,0.07946061905994006,0.07293134532100676,0.04603362611372552,0.08213583467761953,0.09028133146995931,0.050163640859820946
2025-02-19 00:00:00+00:00,0.046769664238563546,0.06324817489679657,0.052096559938983766,-0.013777929936282574,-0.016484450282020724,-0.01730545753818946,0.04814124266830322,0.06827859472416353,0.049924553750340994,-0.0018206534839552146,0.04745122962858361,0.08549873781602102,0.04306917386490716,0.06810357826420765,0.07062378795222712,-0.0057437960077250105,0.0028672729044811884,0.035848281011290783,0.03632089745921263,0.05142869512687964,0.0492579776158224,0.0008895162408300017,-0.02640298328534274,-0.029449480243429416,0.03823388864979238,0.046578404217773706,0.037248584471389456
2025-02-20 00:00:00+00:00,0.033784945011561485,0.04776041009515941,0.015892683680569064,-0.04630089033349272,-0.045828464708038696,-0.0440507989697102,0.026189639212230276,0.04343247062280087,0.00821671832375892,0.04074324932375495,0.09876494370193778,0.05272716689869328,0.04146680688523663,0.06917772382037901,0.02768740617119403,0.057327315761598996,-0.02433857448433485,0.04883350128565156,0.03831172263665383,0.03333978388802694,0.02241452278188505,0.02571824891604879,-0.03313293140539808,0.041647294913279564,0.03370157652105599,0.03221360937671447,0.02068844393425362
2025-02-21 00:00:00+00:00,-0.06986793842359384,-0.12287557244254932,-0.22127841662803072,0.20288465348896967,0.11714419093557771,0.06189483181350375,-0.024626769386516312,-0.11541970493475673,-0.21580555845505445,0.20172909169478137,-0.007057501696762447,0.0471456093773861,-0.01914021886267958,-0.11477106251492819,-0.19851890929538474,-0.1314886155622772,-0.14020500157525417,-0.037793467278310566,-0.08190910998535261,-0.1258133804004662,-0.18395867452016956,-0.07110658403125847,-0.32626622584460185,-0.051254609573522125,-0.0726674102282302,-0.16855307982697088,-0.19588299774169182
2025-02-22 00:00:00+00:00,0.012498849616986885,-0.016131552507613667,0.011019121407717547,0.06871855659361548,-0.07959282322127081,-0.028950428642107506,0.03512223062957909,-0.047832503882434874,-0.0003211591310137152,0.014495693192029924,-0.028790921160304017,-0.012183781452707154,0.017619883366055467,-0.02199979970950694,0.009165196332432846,-0.026510230055038497,-0.1417428000743035,0.01168609892184369,0.005337727719280538,-0.03964795039668512,0.011362185504643518,0.04544733692367431,-0.0006144686517695064,-0.013899276079433531,0.019968768820227023,-0.015911026988952193,0.0060304026336717165
2025-02-23 00:00:00+00:00,-0.1605408707934728,-0.1574764270850767,-0.15890020576440012,0.11555386073540852,0.1834643267550624,0.12765424871094377,-0.1163291440164419,-0.110402475069726,-0.12417291192891611,0.11081040642341367,0.04087663193131852,-0.05643109903900634,-0.12860665853924236,-0.14794035038122044,-0.17929630978695787,-0.2325377303892654,-0.2192440453444291,-0.1185605045133562,-0.1731416698564079,-0.1683968575939584,-0.14995209439970314,0.0008491976931463974,-0.1285858163800765,-0.12034545510975658,-0.1353878726013048,-0.1635236137460535,-0.16154004388694165
2025-02-24 00:00:00+00:00,0.08381617192498858,0.07591657156301124,0.07310520187606495,-0.06118077831916635,-0.051807393903599674,-0.05073165008298863,0.06495950665226169,0.054053739733505024,0.0525469056938368,0.01441495223730671,0.017394679074792974,0.03883350830634735,0.08825645454697151,0.08539679088844654,0.0903483017639437,0.07628808471647153,0.05445013794240405,0.038063999990733066,0.08225628964372511,0.07177754127385727,0.06592399998802234,0.05862805917004499,0.09417629332233401,0.07022242014030566,0.08354443212779472,0.08757186346262302,0.07964417117227596
2025-02-25 00:00:00+00:00,0.07117353224581024,0.09214904958149872,0.06767388500988547,-0.040745103300655505,-0.03502914169354132,-0.03514091240938988,0.0618482453565814,0.07475736007991673,0.05410815934866875,-0.08167467500965109,-0.11437521424152375,-0.09932177316209079,0.05023308377920421,0.06330830656211384,0.04390129995874115,0.14302423268127673,0.064470250112314,0.13389795655855852,0.08567285827290227,0.08672877826239622,0.08148730471129517,0.06733451661259093,0.01968324530501908,-0.002989328641524014,0.07318405459271715,0.08516609314640511,0.05871053333492604
2025-02-26 00:00:00+00:00,-0.014930340959297461,-0.049693643968828805,-0.030273672928757933,0.053752777061305546,0.06133390007317496,0.055035407075616494,-0.0028731892544325843,-0.033136460985784266,-0.018150623945466182,-0.013115869114457501,-0.017206518341226773,-0.03742148335623541,-0.01728982251539868,-0.058886991382077425,-0.03949650668564619,-0.016727399989045266,-0.042779905788001615,-0.05195154225332932,-0.015184976089426372,-0.04822473509704761,-0.03488872471942761,-0.08367120968706288,-0.09164602724654847,-0.10938249991272353,-0.030718993244531756,-0.06312541380360037,-0.049245345036231125
2025-02-27 00:00:00+00:00,-0.056549382805065385,-0.07498420483100976,-0.11196161890861911,0.08229812278065873,0.08643829142712822,0.08578660991993847,-0.03353726168587934,-0.0513300314269336,-0.086737584222915,-0.01784350749006136,-0.0014214662440055204,-0.029404545428992845,-0.06366523781676436,-0.07873669187270871,-0.12454020584381909,-0.0973238934696814,-0.08964039879197949,-0.08831088654283559,-0.06486333107745379,-0.07791571676060105,-0.10751122889251474,-0.058143684578767174,-0.08008095371359303,-0.07712685873580838,-0.060820712757115314,-0.0814298731560088,-0.11324838488276001
2025-02-28 00:00:00+00:00,0.02720625978080715,0.041701305171694125,-0.001771651232333138,-0.026148881030340965,-0.019493626166730338,-0.02926376659202723,0.01825741161692207,0.03435919493412465,-0.010791268846485846,-0.002059478255421854,0.002063720660697932,-0.010166649678451822,0.027676662629173565,0.04491356141299252,-0.0026171043662623905,0.01978174102821284,0.012504336596545373,0.029449450353697282,0.025803951081504906,0.03605965045660575,0.004347311254633057,-0.0605345174709393,-0.050116409553404684,-0.061750708675860966,0.010949085330910657,0.027338800672606745,-0.01404722811073178
2025-03-01 00:00:00+00:00,-0.04327200478276816,-0.025448043316349755,-0.08205617083481376,0.006047798522061942,0.03357570817512778,0.04247723168341122,-0.040173676097893685,-0.015836483526240785,-0.06719343003344036,0.009578377320228038,0.04499408204038824,-0.009974611394170996,-0.04260752466362605,-0.01489953116513354,-0.08572265946260638,-0.07165031301807934,-0.05674835749205709,-0.012121354721694289,-0.048872348954613454,-0.03153744076052356,-0.067675461846598,-0.07476848019984839,-0.06859516574759994,-0.06836611827149475,-0.050904445731937975,-0.03575424635704616,-0.08268573490555531
2025-03-02 00:00:00+00:00,0.10612124768990361,0.08064562790031538,0.1352444319358228,-0.07014554757527736,-0.09636359936644834,-0.09907225528295316,0.0836692796860592,0.05399116243591906,0.10098410121025592,-0.04203608241064172,-0.04456638693683512,-0.0361984538154686,0.09075190134568523,0.06732464045125397,0.125476360247182,0.19469484353404987,0.16655014484173014,0.15634514414782585,0.12396351618055168,0.09735779545124967,0.1398015176935643,0.048061950357000116,0.045914672932739764,0.046825901951476734,0.09671409073885462,0.07666024943060878,0.12311686313720305
2025-03-03 00:00:00+00:00,-0.1291945915155438,-0.0731829998128376,0.064202305533962,-0.07054423963686896,-0.06180045136110268,-0.09328699479776914,-0.14298866579047298,-0.08532252193299306,0.04420244394911377,0.16819769798821338,0.08660889140523809,0.14918303092475216,-0.08835840697656105,-0.055917523770045996,0.09729772884509114,0.17540951178212127,0.2407369911248911,0.16489169756766686,-0.06501396057254272,-0.008649116194156758,0.08392644793157156,0.11814525159987621,0.09813500375288498,0.08457763197403279,-0.08572187994761482,-0.039622545161988265,0.06746661588479697
2025-03-04 00:00:00+00:00,0.0055183104485665435,0.11556922065602926,-0.02778009131424619,-0.13276793304796342,-0.04579396029725169,0.04627369871828768,-0.031330270676063865,0.10258457303288426,-0.01669249600463807,0.032055501109901297,-0.057326291854803646,0.036636436504986714,0.011046823754804702,0.09505252970730838,-0.017612558297151026,-0.12121225454818196,-0.002468634779112522,-0.06676480975645305,-0.02476179384682964,0.08935667525366897,-0.03647680904368933,0.021437476711292813,-0.015616570069271973,-0.04142802799244405,0.013486926734947335,0.08694442946839498,-0.02856018857135867
2025-03-05 00:00:00+00:00,-0.010216916411872057,-0.00836919614203191,-0.013528557348907122,-0.0027992894405365343,-0.01460288029644452,0.011595693572961752,-0.009165234359176155,-0.014128442528052343,-0.011459348033849293,-0.004761660441475302,-0.012407812412011943,0.015076772567544472,-0.010629015185355972,-0.009114557053033434,-0.007939045424613989,0.011943661252734161,-0.011159653614804088,0.006625012138763653,-0.008107986499226727,-0.009343121862390835,-0.008285423756268506,0.005543256449557887,0.019194808649816597,-0.0012173313777676942,-0.008357717800998476,-0.0030885224658581123,-0.011020944529741894
2025-03-06 00:00:00+00:00,0.006700384466988174,-0.018839328867529703,0.01835837079079572,0.015460150554406527,-0.016043396762418838,0.019706607134055254,0.010889726001543698,-0.02285925361996055,0.02440274683274657,-0.012908566928522935,0.04008116682101326,0.008047619116970495,0.0037285102795063807,-0.009272974663623423,0.018835410213673853,-0.015032274516854294,0.005729389970116738,-0.013830391789010243,0.001293224031587048,-0.013836588117534743,0.012036972304279692,-0.06047127856117662,-0.03954959585808582,-0.05979697617232116,-0.007784509610837875,-0.02361985698587432,0.002715799537317487
2025-03-07 00:00:00+00:00,0.01995300636458075,0.007934130334753986,0.03471500679071515,-0.1312759435023162,-0.08059682471627039,-0.0628688035127909,-0.013498416889493048,-0.007901149348446546,0.016227675495210647,0.010361321263215428,0.06032823748513283,0.04793502102564173,0.02193869237103696,0.023281417114770386,0.04304311271450634,0.12190013325084692,0.06520366131954125,0.07781575495890336,0.043827286821500167,0.02305978884771398,0.045663537093111106,0.13898629528362472,0.11645228086870807,0.1357085901872952,0.04630079473389981,0.03224520507238049,0.058082487870860344
2025-03-08 00:00:00+00:00,0.028415412200025525,0.021991312151343534,0.02571787742821674,-0.06971612128447002,-0.03727110368127706,-0.03090538552863875,0.009269448643836053,0.014486013248843355,0.01797724020349767,0.06613544662653315,0.03672350354519094,0.02257791207618487,0.042279685331649386,0.029357454880066358,0.02924175766598225,0.0481720216447159,0.01954854187528854,0.053089740843389244,0.033438729279323454,0.022647182931527565,0.033485553919463396,0.05757270495690037,0.033920262215992425,0.04680854749249397,0.03626632270848473,0.027436979694207553,0.03231411446572996
2025-03-09 00:00:00+00:00,-0.0018623503386587803,0.002877940651251132,0.020110570812370554,-0.06260506518150544,-0.042406466054575875,-0.056990254015927944,-0.014492509739887693,-0.0057232584048786395,0.005259804637038901,-0.012486512407480443,-0.012761094638338855,0.02602577238296422,-0.006721873628057318,0.001704289391307734,0.023592169794298234,-0.024709442972913442,-0.022768224385955493,-0.03790670959984632,-0.007442949924572173,-0.0023543073972662754,0.009395854258926084,0.036531056051781086,0.029052442622425012,0.02613758522637255,0.005121026766500725,0.010067960539079879,0.022677344949150413
2025-03-10 00:00:00+00:00,-0.04409264795384915,-0.028530629745684544,-0.034706456513045936,0.03445318464151548,0.0341913850260398,0.03449074290714904,-0.034769707206105616,-0.021606297563203647,-0.02971143272658061,0.010594343702933218,0.03637637290476703,-0.03199588111491558,-0.03718085921428971,-0.01661599274718284,-0.038924269109350096,-0.09359000116843208,-0.04233641709684721,-0.06776847314685452,-0.054438215181625615,-0.03150189753444488,-0.04206049368474285,-0.03365743982886049,-0.009316820758061173,-0.02474332497065701,-0.04257735452313782,-0.02533677334569362,-0.03557683059207384
2025-03-11 00:00:00+00:00,0.0037301024563185514,0.028815489834772112,0.022833501813520618,0.010434355198058798,0.012520712259402433,0.01981811844630932,0.007491895477682364,0.033467344914222874,0.02886346264396633,-0.018697230976012502,-0.022419001342978695,0.028552088957517707,-0.0010698143750671463,0.022900896647852997,0.027419039393830946,-0.08202541904187532,-0.06551619514822737,-0.05419521350285683,-0.014555337977577243,0.012886798524574195,0.00973739288314679,0.03764656453253945,0.020993692990888047,-0.010407070275032293,0.01254307151527545,0.029070689360758628,0.016381355527413488
2025-03-12 00:00:00+00:00,-0.05343153993476568,-0.05369116695833742,-0.06026177005287725,0.06181957067580823,0.043421613310886675,0.060909288169592735,-0.03967194780588612,-0.04345080668817425,-0.04604263535554931,0.014186509076288933,0.025836473481237077,0.034945294992824616,-0.04642920087618141,-0.0442090350328862,-0.045398170941519655,-0.03272015338506029,-0.10083918794345004,-0.021964738041169052,-0.05741282087690047,-0.06418629013449839,-0.057927719585702864,-0.003528418381236964,-0.000107770937345264,0.00381082799991872,-0.04756998794687195,-0.044022152118594615,-0.04791909768345404
2025-03-13 00:00:00+00:00,-0.07166318234947688,-0.08861500470937933,-0.0892068288614426,0.14467919910559202,0.1462853233007384,0.15381998177544176,-0.030491120454946397,-0.05190928228342162,-0.04438326266510351,-0.0655674872265225,-0.04883746874433681,0.011150432622208273,-0.08134924117800513,-0.08773500773728349,-0.07317700053156972,-0.013762902603101645,-0.1367194357159527,-0.04289994239770567,-0.0704195384403783,-0.10944438264653811,-0.09174610113140014,-0.09945464091411571,-0.10735315748704999,-0.1104396450880073,-0.08374583013488812,-0.09997208235250377,-0.09864888403467231
2025-03-14 00:00:00+00:00,-0.023575244316,0.0353446726600275,0.02903067782347546,0.04571292245784497,0.036091588195335644,0.05187900409613566,-0.010002422408702638,0.04393861404726418,0.0476555982757112,-0.023183452098923363,0.011803822891934157,-0.02059430166559284,-0.026310542911641366,0.03152506568411262,0.020896762704992522,-0.050014117256569124,0.053211428816285045,-0.06512795026073492,-0.0336179273398306,0.04346465220280815,0.010081095546736973,-0.04754783130584961,-0.025490578910822292,-0.047890827015588,-0.029843437065928624,0.02592262206940643,0.013281063131255433
2025-03-15 00:00:00+00:00,-0.03146096286282518,-0.02143629665524671,-0.05185392209587236,0.006815105475178829,-0.01540082287829403,-0.018183244019910894,-0.03415010739357505,-0.025765012517317887,-0.0543875744535125,-0.0075440116754308395,-0.01124562788388106,-0.007214800766884966,-0.027846048518360256,-0.02072570232352977,-0.04565753496476843,0.03031820544849051,0.0520729514747289,0.015149861374741613,-0.01967031011381759,-0.006121816802475477,-0.042898907519559826,0.046812241426544166,0.0640076484486174,0.038894126834063014,-0.017234126206353118,-0.004355500229469844,-0.0375356253079443
2025-03-16 00:00:00+00:00,-0.05698798795176874,-0.05271216520013977,-0.033279681043537734,-0.02003832043719156,-0.002429760796905045,-0.01973902124374194,-0.05725596736481209,-0.054147001430712494,-0.04149890204453499,0.009763357690991237,0.023929871369196665,0.011954437528415296,-0.04639754938170271,-0.039750471918787555,-0.025417872597217284,-0.023819870973094237,-0.0029171770441106526,0.032680572278875,-0.054612249521081235,-0.044249196182532424,-0.020737135326564737,-0.005936837327925049,-0.008323247852072613,-0.008933908266682389,-0.04941809908684769,-0.04612194980191808,-0.030791442090709387
2025-03-17 00:00:00+00:00,0.0632034086408455,0.012092864071998388,-0.004694274993775838,-0.019554594287867433,0.002471379551080455,-0.029327467956246966,0.05348670730659655,0.013999573318572711,-0.013277351233927592,0.01676104563280223,-0.0032982016970070083,0.006868578626139543,0.058500868370855885,0.009511807074454204,-0.003391614277967081,0.05301889938352766,0.05375215829563684,0.03445939426157296,0.06488320228034428,0.021525097782193026,0.004538127525508084,0.005556765484064696,-0.07568721138902657,-0.06222773736945575,0.053564210356733755,-0.007775776715004179,-0.016046766531009116
2025-03-18 00:00:00+00:00,-0.03798864798945867,-0.0026565013918452562,-0.015105115341330744,0.012217008812559715,-0.0037472101209500286,0.06960932797623776,-0.029474628146546333,-0.0010408790777689525,0.0004203062302297056,-0.0038970648593172896,-0.014439541947633083,-0.013312194450420978,-0.03242573847108299,-0.005322950900876755,-0.01390339507322591,-0.063727294274313,-0.037503088840098786,-0.02213319550123427,-0.045131770698990215,-0.010055422080249898,-0.018704920968227956,0.05562243473989992,0.08912159647952733,0.022772882067778832,-0.0216045617224776,0.01593949566997921,-0.008997728768421531
2025-03-19 00:00:00+00:00,0.05793788617636442,0.01961917334924479,0.004173707249472081,-0.07734503691314454,-0.08521520709823904,-0.12415673683067185,0.031881145900490626,-0.003124678813015924,-0.02689430399145809,0.05410026088006026,0.06077951888237454,0.026114911945302355,0.062178677534142635,0.03017416003975293,0.009009811870752227,0.06054183273774805,0.04463054614837336,0.06678303012191056,0.05840265366959341,0.024564552696050068,0.017041950658277294,0.024129356116144196,0.03285605760247878,0.030562461132472407,0.05495804744629629,0.023912198066683432,0.011331958123170338
2025-03-20 00:00:00+00:00,-0.04299808404624883,-0.03458784425203698,-0.028595230958380013,-0.04874377673655572,-0.05675725477537508,-0.02059105851853371,-0.04789581116164743,-0.04001479369647842,-0.03139150065037555,0.042835666584795096,0.061652609619319954,0.057028133427909244,-0.026623625298183518,-0.01638231132413892,-0.011890516464716061,-0.014367141484001977,-0.032036607141610385,-0.014185470247177645,-0.03710343662725146,-0.03398898074614898,-0.025768904741356624,0.04100175066592837,0.03828766915500004,0.04559931749911783,-0.029089405805781232,-0.02046020998966469,-0.014791974722620616
2025-03-21 00:00:00+00:00,-0.00434428646770213,-0.0003675862229673976,-0.014563665796125336,0.056011302610446956,0.03805371039238037,0.04501944497914612,0.006082518510995838,0.008180073552172207,-0.0023548341366143033,-0.036072202150002286,0.025994271555587645,-0.0231208316483279,-0.012087880091743997,0.005152822997804618,-0.017581018906572488,-0.02427265108063348,-0.043563396906900476,-0.015568041696179646,-0.008523646726508183,-0.010069638867543418,-0.01471762186304626,-0.017429994508938673,-0.018460145081622414,-0.017590663259040573,-0.007661690962376122,-0.004311341431682769,-0.01666007227501909
2025-03-22 00:00:00+00:00,-0.015462227739144296,0.007655100905876289,-0.0228123768423506,-0.02570456434246382,-0.01930966168191328,-0.02238714696399302,-0.01957616063080525,0.0019992569128817195,-0.026586355888295832,-0.03595513813374096,-0.08897654600084204,0.005653697142742553,-0.020816856898868696,-0.012524425150692853,-0.018062568593704365,0.038944121276446975,0.04063466621473477,0.005884722135628628,-0.003767274836448564,0.01459861197870227,-0.017155694064482696,0.011459046058288402,0.005039049818148955,0.0057920379013884915,-0.011173015971073563,0.008412226382735533,-0.018808655448429246
2025-03-23 00:00:00+00:00,-0.013471107540032112,-0.00582111506909988,-0.02315583200310456,0.03667997301200887,0.03673662304505587,0.03504045131187428,-0.0038751050864629377,0.0027581312684723525,-0.013173327440169524,-0.03703451714799666,-0.03569878741742971,-0.03283057156032154,-0.020950572540077483,-0.011479090898165456,-0.02769939977538982,-0.0227931460714077,-0.02228426653671456,-0.007021529680906746,-0.016578738863990305,-0.009609093200030894,-0.02073145368911511,-0.04784778550714974,-0.05294860983121097,-0.044812643492556536,-0.021287453928146793,-0.01596444469657643,-0.029889625593824465
2025-03-24 00:00:00+00:00,0.01015997863380691,0.056924147048722507,0.09805185174110576,0.03697750636468933,0.038037234484063154,0.038111259161390576,0.018375974509240445,0.06282104345782447,0.10045365219057678,-0.10909633640411931,-0.10545603253943481,-0.13256972528870736,-0.017172237492022235,0.029606335747771162,0.06089376854100004,-0.003279856001849102,0.14912121906226283,0.08500908842497767,0.008922714427403333,0.07913731792744017,0.10169979153449593,-0.01329194132152145,-0.020942437744801534,0.03960932611041379,0.00574802273991093,0.043190230832412135,0.09009713823912824
2025-03-25 00:00:00+00:00,-0.06426437446673139,0.014289637844535852,-0.03758183225486278,0.005571510436384708,-0.015571918172776367,0.006521847194942643,-0.05975861472676447,0.010166877397746354,-0.03524271223238862,0.05500877709857055,0.008018269674504142,0.06822272180864308,-0.04986261614640042,0.01619637084359571,-0.021271191219077723,-0.06657998789539821,0.053244437277395695,-0.021222766103918045,-0.06797734633721442,0.024268940163177488,-0.035810533570796665,-0.03757068751291448,0.008036117788919439,-0.04222421668706822,-0.06140166012743986,0.013589923905084511,-0.040967430526776205
2025-03-26 00:00:00+00:00,-0.02413444940488596,-0.012144002822267574,-0.007619533571509796,0.02930025281499682,0.0214884811333238,0.016450650459090665,-0.015591445911496415,-0.0071633408213693794,-0.003448696301418197,-0.009599735134564136,-0.01731809226247205,-0.002680677977274337,-0.02408414850318441,-0.015663554738992502,-0.007614413623442617,0.01073352075282874,0.002950182771725318,-0.00787425692017718,-0.017917232990947052,-0.009427835987746658,-0.007824778692407497,-0.009049355937826409,-0.010561303269702171,0.0030889559726161586,-0.02203531604814324,-0.013242724062862088,-0.005920994151120351
2025-03-27 00:00:00+00:00,0.013945511798362897,0.02874747072071404,0.02836831521064731,0.0008604024357357076,0.010184139694502381,-0.0206112377179003,0.01449328546489892,0.031485090923287995,0.022944799224943857,0.039884067410760116,0.040647558757574975,0.049111762823184524,0.0230699063254991,0.034795833693443745,0.03627513864240717,-0.0009560455537557244,0.003497751902904911,0.011937315850494734,0.01080151183682565,0.023886867173775528,0.026485390003229137,0.04025230630672416,0.04653799964323535,0.04118219928332145,0.02006123868353904,0.034359878427395074,0.03295165947160239
2025-03-28 00:00:00+00:00,0.000972155775457173,-0.010656280064936574,-0.019321539120521702,-0.004692473243665951,0.011711322219266629,-0.004580947015885961,0.0003001820341039796,-0.008326001763857227,-0.02031989053043648,0.013275350280011589,-7.330913471559342e-05,0.017448495697656385,0.0029523232210788564,-0.008748310234261925,-0.01275228104797943,0.0017585120259326903,0.01476088698207767,-6.027224319216096e-05,0.0018709870872477552,-0.005755363749891829,-0.016100074174011048,0.017572315972671948,0.010365966589466424,0.02003018679966373,0.004506198979827625,-0.006620967364273755,-0.011728052933927757
2025-03-29 00:00:00+00:00,0.013797749353299249,-0.018914402374335837,0.01144888875438066,0.004452743002461457,-0.021289964765883518,-0.011965216262009748,0.012617959515322852,-0.020140033423763137,0.007359974879367126,0.014495150110142463,0.00025107875267393887,0.007538961369053965,0.019123925269489916,-0.018950611367159143,0.0104023718409052,0.041082583965889485,-0.0005006548341367489,-0.0016787127391901802,0.019148095614131,-0.01513709529239593,0.008938392927808403,-0.04089893056805649,-0.06594225465596348,-0.01744834565161968,0.003313691986532863,-0.029821675517803015,0.006068357706717764
2025-03-30 00:00:00+00:00,0.013796304421461292,0.006137991052810543,-0.03057752864519625,-0.02504844000187678,-0.024875509620157055,-0.008733985150629953,0.00629111872386523,0.0012735072508565093,-0.03127411529175894,6.21973585750446e-05,0.021997558640998394,0.0228433998279991,0.017639194092584187,0.012633016659419294,-0.027570951353923068,0.018341870839950092,-0.010262634303166873,-0.025447721206020346,0.014411231984952089,0.002763733609702612,-0.02939911918802085,-0.013715185449162504,-0.01324421113755403,-0.004524984485442141,0.009986423672946998,0.003267131659765443,-0.027837947894720272
2025-03-31 00:00:00+00:00,-0.028265206518170438,0.009732939141608998,-0.003417528106473444,0.015462592415507403,0.017115885661547203,0.01671997446255502,-0.023044893149889334,0.012933000298921415,0.0008722151185462934,-0.019855695197403267,-0.019597228593542404,-0.01591958555326156,-0.02925360935721899,0.003641373502730527,-0.007316806185145852,-0.027876592052129112,-0.030428631793174676,-0.01656567565819278,-0.028111136402765635,0.0017208219705393546,-0.00607782347528929,-0.028653547628048837,-0.019714038274966095,-0.019207689647037007,-0.029284166536739376,0.003959484983676598,-0.007380883294656138
2025-04-01 00:00:00+00:00,0.03630612516828968,0.00958247073204399,0.00530728559079674,-0.0032400631601533503,0.01042800558277368,0.030723443449772736,0.03286987810961883,0.01102566316468545,0.012605234562141243,-0.003597604690595446,-0.015397206112528483,-0.03111337485479526,0.03240645350884064,0.0037520871601424144,-0.0013954980699231179,0.061724179641448274,0.05283690754554837,0.06406848175971103,0.04177233019942306,0.018373031334256273,0.017304517643687456,0.03048745534596997,0.02913296104403762,0.0266244308882837,0.03709771803495654,0.01401500264854505,0.01028639421780686
2025-04-02 00:00:00+00:00,-0.0251686400860488,0.04785705728289913,0.011398677865615214,0.0861735266158088,0.08318557274568494,0.07322321904514562,-0.0024845178668621015,0.06376211697862111,0.02857058354028985,-0.022379456475162818,-0.02625778743340834,0.02692602088972129,-0.025227980702108632,0.03642816356545775,0.015279340903560756,-0.029865772956874537,0.06379090077941019,-0.005152726618196768,-0.02553087840627566,0.05125863065687919,0.007168966156109402,0.04423041306856068,0.03547863103421811,0.05713410640511829,-0.011709320087729735,0.046640758897573464,0.020242799453019655
2025-04-03 00:00:00+00:00,0.08050901737636673,-0.022130650811736263,0.04108999042693284,-0.09236771691407852,-0.06699436962190353,-0.033417814425923176,0.052405633064898316,-0.034918538126959775,0.028757256732459435,0.033559295338026596,0.01881022768754459,0.015540388867206545,0.08235262123449871,-0.019657936092509543,0.0462516199018983,0.07498415217765175,-0.041955714445353065,0.0700358777409118,0.07963799088528822,-0.025567074863230732,0.04806621848686721,0.05094733688547115,0.025937223760756467,-0.003302334256176098,0.07376937399438743,-0.01200323910024037,0.033081074017069945
2025-04-04 00:00:00+00:00,-0.018742776544791506,0.002348409244975258,0.0035743482013974592,-0.01784895754457627,0.005334946147881325,0.009551204576706551,-0.022541341279340044,0.003358436478693161,0.005828210015027979,0.050921996290912874,0.06371738684045503,0.0017849948739636634,-0.0054167015207650104,0.018019385262642684,0.0037199703968373576,-0.022135389615478895,-0.02106200432185734,-0.02295808719006831,-0.020363984977501803,-0.002921015486357037,-0.0014162297161339765,-0.001808289176291833,-0.021683430084334043,-0.01972431430177779,-0.015568003523772855,-0.00298366277146056,-0.0011369731074832856
2025-04-05 00:00:00+00:00,0.00271006002212415,0.039395568371544565,0.01946020069918286,-0.0817461967021691,-0.018121644058243014,-0.07549207993064866,-0.014870589920853328,0.033345493459745246,0.0006134724496602573,0.006124895566204547,-0.04450894834538832,-0.007499770750025503,0.004627152427917114,0.027314737397754696,0.016970423013265235,0.0756764239152532,0.07436405214007769,0.0011214965313322,0.017576171512740935,0.04581718321984596,0.017423406708299227,0.07082231124392213,0.03905509777832794,0.0789789637285292,0.01753904988493704,0.03864389008112035,0.032934597900988516
2025-04-06 00:00:00+00:00,-0.0033042095187478804,-0.011562099371767443,-0.0019717472360636368,-0.013212907750988823,-0.015542777976972677,-0.04195701256481432,-0.0059528867627083315,-0.016201671680741603,-0.01137282891442748,0.005526733012284346,0.009772305384621482,0.006514714016971013,-0.0013955324621711673,-0.008698593982828795,-0.0007275779351053613,-0.0277848343417767,-0.028315973235648606,0.013379640763160783,-0.00915871985890404,-0.014080555810091488,0.0013569717952213178,-0.013277015976596585,-0.010474808176544559,-0.012622709705672475,-0.005441450912018975,-0.010338793165007631,-0.004736728033056026
2025-04-07 00:00:00+00:00,0.0706559025569693,-0.009115555532784536,-0.027836974807901926,0.02220955791456669,-0.05132916973723145,-0.02850299061306305,0.07733889437218533,-0.02235095205368942,-0.0338880939348527,-0.10100329071183733,0.007037299198775715,-0.010999344734543115,0.04354102625885181,-0.0075324244761355574,-0.03029533528738171,-0.026773784747834983,-0.001712037452748616,0.01772133230782913,0.050058907164251876,-0.005164966524095815,-0.019553257307852734,-0.012707343090857415,-0.011182421548921684,-0.014821164516151897,0.05361557650373916,-0.009351098363859167,-0.025083781054740184
2025-04-08 00:00:00+00:00,0.0001549141026291334,-0.02432308355947632,0.03981107061803835,0.03001963562190957,0.08106607754800099,0.03278890584400318,0.007230761815953501,-0.004538357075350219,0.04822832953809564,-0.04666757727058923,-0.059290569796424664,-0.07563371785153983,-0.00874626102716014,-0.03607879106242751,0.019384413544948575,-0.006042052112375851,0.022317129207944486,0.026664894413217732,-0.0010888868222115322,-0.015767315358964695,0.04039794148009501,-0.054571197403681104,-0.07331738742333038,-0.05643121015768704,-0.010175041319747224,-0.03498177664140589,0.02076209666668216
2025-04-09 00:00:00+00:00,0.004200841313072079,0.05408337367733207,0.0570271204982189,-0.01900095320951345,-0.009935073015112539,-0.017563922201408677,-0.002279984474528818,0.05345349700252844,0.05553164266662236,0.07171044218445322,0.025470788727638416,0.02589372652975963,0.021121864345178487,0.05665623906479911,0.05588536313686898,-0.06372581672306044,-0.014610945892299387,-0.034802397609110414,-0.006425828811067902,0.04059390128570062,0.03795893320162502,0.003486222614104806,0.018321286746300736,-0.0014630802371370377,0.003929456237534934,0.04791355159289945,0.04803925379626195
2025-04-10 00:00:00+00:00,0.0032552018254561332,-0.12948361501337746,0.04783627640716448,0.0409246316984071,0.03215740367826592,0.024507972548909462,0.01616801012667035,-0.14089890551321715,0.0639059826432995,-0.15752865622149248,-0.16777032133899328,-0.23569278885494194,-0.0422786729526029,-0.16047531825830352,-0.0002760580459802986,0.1477736314538829,-0.01255059212271259,0.0390524005896411,0.02592602585242032,-0.10282815138862267,0.04539856414583188,-0.05473075175780695,-0.04821570973372746,-0.0758577413946171,-0.0064761650493411205,-0.1144015960063609,0.022182245416876745
2025-04-11 00:00:00+00:00,-0.015714332054015734,0.05793823310673951,0.00697879164608084,0.02285021795737907,-0.008086187552168833,-0.04350725828912394,-0.00900759787112071,0.06518498896415892,-0.006136872919291214,-0.035715575699685975,-0.07106078428558982,-0.10513241145329133,-0.02340014435506832,0.04248075311455146,-0.015592965800993785,-0.012224428949985766,0.010148573596600041,0.015990855322097763,-0.015113535561424363,0.04756700344651965,0.008787146967028425,-0.00685075230761345,-0.0185758953974946,-0.00985564819297391,-0.014739281872373278,0.041355112269851446,0.004837397017573686
2025-04-12 00:00:00+00:00,-0.01634074890405446,-0.013331492689253599,0.011549526506781094,-0.029613753482712002,0.0016930314210306108,-0.0555597535428507,-0.030530636998072902,-0.01660332428761635,0.005008111616511268,-0.07783190868981016,-0.02876454912682691,-0.18200746752262764,-0.035462870778665945,-0.02280905473655548,-0.017414654745637637,0.06865189131390559,-8.82366192722639e-05,0.022161514302499352,0.0072158211195823,-0.011006801972344382,0.011129271681344033,-0.019089277661760384,-0.015851150300789207,0.025658147624479266,-0.006830403363004667,-0.01622244646885007,0.009788466999132384
2025-04-13 00:00:00+00:00,-0.06851518641161591,-0.032505307648795445,0.0160661408539573,-0.051602539937434244,-0.0017584785932233116,-0.05297119133327566,-0.08840503628044682,-0.03029887746191362,0.0029049487651062744,0.06035339553512187,0.017829855775695513,-0.039374515842518276,-0.052946426353992715,-0.03091907073059008,0.00852827729820227,0.019212109082056505,0.003874447776832879,0.02034120099361658,-0.04776897988941009,-0.026781902014443193,0.015694358577801992,0.05052382940057121,0.059278817124240435,0.05964106371719158,-0.04006027764072839,-0.017479613202983635,0.02316541254619553
2025-04-14 00:00:00+00:00,0.04020110485545003,0.06110452628522789,0.02154130058582493,-0.055549825625774596,-0.025734877517584853,-0.005028275076864985,0.02512027704926001,0.051597027336911294,0.022189139711522143,0.010136083708697674,0.0316022835254679,0.0539057898275912,0.045353048024821874,0.06997778911354335,0.031458865609862885,0.01024297743527125,-0.005033104740866712,-0.007775548452779946,0.03279257893119314,0.050060535455746624,0.018517290111121243,0.0798621621418798,0.013554998872531643,0.027300636326656802,0.05097960884042063,0.056054883789689036,0.02969821256430971
2025-04-15 00:00:00+00:00,0.013771964373192835,0.015420501672271936,0.03958075826062535,-0.025281283681026778,-0.02577436003168232,-0.02282538331946904,0.007856856889823627,0.009098911724005898,0.03442484940669943,-0.0880939710855031,-0.085437555146893,-0.08659943296360173,-0.0073474018647177175,-0.005643432952707972,0.018487991335590426,0.09091783683964794,0.09497249357539062,0.07295841820228177,0.030200441492812313,0.030830989864274017,0.04986466042555726,0.010470495462276963,0.006507421386866774,0.006608403356133108,0.014305644314703159,0.014743264079990492,0.0340321635204659
2025-04-16 00:00:00+00:00,-0.04020027608988108,-0.0488609219348094,-0.06203797799975319,-0.05945414288137152,-0.04900206822460895,-0.04763912062393871,-0.059078321829843294,-0.06776521804324331,-0.0793861835359777,0.24846255545951235,0.1261729093372026,0.1332752962311441,0.021362804195799612,-0.023538666071484027,-0.03267346660595294,-0.12533894335375106,-0.006210753769873789,-0.008977718727032236,-0.060232401212917175,-0.039431356153310615,-0.05601619607349417,-0.05220690469721412,0.04879046192152714,0.04624767707395705,-0.04481425877040679,-0.03146702453447814,-0.04211894967942886
2025-04-17 00:00:00+00:00,0.09951078851746087,0.07308742646515376,0.10224593434805396,-0.06783840889024417,-0.06749093580439103,-0.09991993377445474,0.09828983287257032,0.06531893958844592,0.08939088165972797,-0.10716082740507493,-0.07575333452951527,-0.08591852619788543,0.07228104128590385,0.05511679283922355,0.08496636295147009,0.15605908298172189,0.09488031760117899,0.1310783278086256,0.11994458095186711,0.08583676691479547,0.12018423624742791,0.08618184127167017,0.04117040880282441,0.074326561369358,0.10130795288517125,0.06950019378648453,0.09998884443916611
2025-04-18 00:00:00+00:00,0.011805041207227474,0.013007601587334161,0.008143819663583463,0.004619255864282135,-0.043509844136909614,-0.043906964601825194,0.015237894206546754,0.0025507286179804467,-0.0008531519460865944,-0.009284314121471016,-0.0008943513067016795,-0.0052396587108058945,0.009946722903389382,0.012060895740263478,0.008581771484982292,0.014481638558202281,0.019523540235808046,0.009153662230811488,0.0129551060249109,0.014385191829996202,0.009428474986113544,0.012122991561053675,-0.01745599270672704,-0.017911457537828634,0.012550479402796633,0.006595270064771563,0.002952019341669221
2025-04-19 00:00:00+00:00,-0.012762518975999115,-0.019548045636231026,-0.027193891271218407,0.008441682543563145,0.009932943115973591,0.00877234832665108,-0.012099846359940769,-0.020448435451444702,-0.027159179473439377,0.07432422955608975,0.07244970678431173,0.07087860623914422,0.00418197602855197,-0.0039622375114071184,-0.008872585438472469,-0.06598916145414735,-0.06945412150714803,-0.07043773677366316,-0.025545877588451393,-0.03254310500867941,-0.0368338230697105,-0.02537679272099591,-0.02737516705061349,-0.027175828223473197,-0.015056912003428069,-0.022217845167849637,-0.027747752524456493
2025-04-20 00:00:00+00:00,0.039604986808321696,0.027894227275880867,0.07591324517099096,-0.008674544042480026,-0.0033784211274159315,0.0009373492266278038,0.041585554332886465,0.030243113562470336,0.08456089364330133,-0.057441857268912266,-0.06091454024112286,-0.06015636339055852,0.024134262232676784,0.012143433299342421,0.05952714738885323,-0.004421632349550841,0.006839376538053665,0.05858237128970867,0.032620818791777806,0.026834176614539018,0.07934967538372417,-0.023985341730786036,-0.029299299617004837,-0.019533456963546247,0.027675063744280637,0.01818180438643946,0.06025039462301307
2025-04-21 00:00:00+00:00,0.00984389105761152,0.032616466661606225,0.00561012035887698,0.01209292933542283,0.01768130724038608,0.022715416938516197,0.013216346185555894,0.039810341823033335,0.013060518748344574,-0.03076968181980755,-0.036981352465882855,-0.0313412539882475,0.0010956086224254147,0.022619956227240223,0.00014924901953738967,0.008647826501852363,0.04299216056486532,0.013539246692493512,0.009146356281799495,0.03779226384324219,0.008437085225136753,-0.003219193519011454,-6.159015098672338e-05,-0.0009900440248105102,0.007980856179342855,0.02880454315496017,0.004231789941354203
2025-04-22 00:00:00+00:00,0.03395255331849922,0.019683737452798278,0.01873195763253621,-0.04331923802704052,-0.051867594839554054,-0.045900356975529966,0.02443456324978599,0.007616061954512032,0.008272719075147927,-0.022173923019728092,-0.02176767865508955,-0.0145513361742039,0.02653378919656868,0.014191020722601033,0.015088631002107888,0.0637743004651452,0.05201557586715633,0.03907099546149251,0.04393179893592425,0.028361764886993823,0.025500411055447314,0.04678940179653712,0.046337121673477366,0.04672041483414824,0.03973578310561643,0.026969222214866084,0.02592857092345202
2025-04-23 00:00:00+00:00,-0.005910503450929361,0.05314686012451464,-0.07217005937032195,0.036982106480716315,0.07013243585409934,0.005153438506769303,0.0028504862696134836,0.07588054797798405,-0.07753396624063247,-0.16782595975130465,-0.16145880983540095,-0.16479426706917766,-0.041799843645264234,0.014209295937941402,-0.10513320094936762,0.01723076241476207,-0.01797346215532225,-0.003279868006511033,-0.008781245893943357,0.04405117349071164,-0.05835883628885863,-0.0007971077196452514,0.00268509224669522,-0.007537626436085687,-0.0044057067992787635,0.0443772100742712,-0.06204125454359821
2025-04-24 00:00:00+00:00,0.044610301075669545,0.01741118563588051,-0.004341977904859684,-0.018132747827896867,-0.018245623634495334,-0.017010254153989934,0.041780720656771964,0.013287251221820284,-0.009836359419489238,0.1209204710989884,-0.01171406171173317,0.15166823366838145,0.06382718435787482,0.013863466785783984,0.029221022121460383,-0.004735649482473181,-0.01018191693621695,0.015477469297868307,0.039709642006884316,0.013808129058815677,-0.0007004726119936855,0.024394228719166966,0.024350249692309367,0.023917243136529542,0.04373966904484261,0.02024736726674159,0.0013618571281959202
2025-04-25 00:00:00+00:00,0.02712683161711782,0.055276355300377666,0.05039164940040308,0.0018489109549570948,0.0024540373763759504,0.003572836118813205,0.031398871903882686,0.062399037625899156,0.059174787941177476,-0.08443305202099438,-0.09792698436022873,-0.1355563763719161,0.008652210804232174,0.0335171826340972,0.013519819162004953,0.033946707398628595,0.07917404369554615,0.09913171078192695,0.031192675947226967,0.06513837519856414,0.06578443982779203,-0.020810528059148736,-0.020449178777885768,-0.0232676985307253,0.018216768006044326,0.04175391012081797,0.0363374842462163
2025-04-26 00:00:00+00:00,0.02116208710620837,0.028323699253446133,0.004894688520771906,0.036784436669412335,0.03633985228903769,0.03576217851449193,0.033604316816426394,0.04113952554944689,0.014783376551140037,0.0063733266272989475,-0.049631573305885746,0.009835038173021449,0.02497349991066966,0.02143229262606905,0.0078007326615878725,-0.06721101603871205,-0.05620737509486928,-0.05997685144203391,0.004446320494191802,0.011994064155026685,-0.008616048310665425,-0.004075697057992267,-0.005016390202841725,-0.003913321694846372,0.01700937006944958,0.022692666278923967,0.0036479041704533532
2025-04-27 00:00:00+00:00,-0.008863549714244856,-0.0006359269742550744,-0.04310691075776785,0.031157653003738295,0.013053539424246585,0.022047446201414633,-0.00153739262722008,0.003013818278164715,-0.035321029903582435,-0.037641540452741484,0.0070717186065349935,-0.04176063229577576,-0.017752150799786204,0.0009172054286377129,-0.05207987861142105,-0.01512027293122209,-0.0496176909187277,0.0026087470402875734,-0.01055631622554043,-0.010636576277421761,-0.03555178957702021,-0.013282946447572108,0.004478295104069829,-0.0039727712089078215,-0.010095168911871788,0.0005097330739911587,-0.036747246227536
2025-04-28 00:00:00+00:00,8.600703426608902e-05,0.0317800096980454,0.0638385043333054,-0.05791623573586435,-0.03807072528562072,-0.02295762300920301,-0.014103438977500216,0.021136764306673106,0.05661278891782229,0.025299986777668426,0.02917248489102553,0.022405476843264882,0.006981550733017761,0.03704700149331841,0.06881734507165582,0.030646447398684717,-0.005357783349880907,-0.012017146795205047,0.006230770646800998,0.027288896117972694,0.0506567357692278,0.04458344511539081,0.014460907741264517,-0.00024652706147398895,0.009533597224841595,0.02879524754973084,0.052922959351760834
2025-04-29 00:00:00+00:00,-0.0025489648498459028,0.0022014373591972003,-0.03056861043575143,0.08908164086706538,0.07930079959394853,0.08567484555634075,0.01907875979811302,0.01754204310327001,-0.00771948524453947,-0.13809473851332799,-0.12880780496679334,-0.14430733206261492,-0.03640843341703748,-0.02853614974591623,-0.0661933643424405,0.035523235949578735,0.062022659603102825,0.016660431623078065,0.006071096310900526,0.014587730599071369,-0.022917768864513022,-0.09506721426900688,-0.10803530568412878,-0.10989699008714438,-0.02206694309418089,-0.020255265435550562,-0.048540435065988374
2025-04-30 00:00:00+00:00,-0.019663789458446934,-0.052958669002397984,-0.011191317156829528,-0.1102821164979172,-0.08665457080212458,-0.10134878562985938,-0.04823411893238272,-0.07448178112765591,-0.04028467741417685,0.09055654354643838,0.07951545653627345,0.102053984259455,-0.0003638073153851007,-0.03282434437912374,0.012230581880315228,0.03116908351926373,-0.006103897234911448,0.002562637815140212,-0.010037616708716945,-0.046257903217167384,-0.00914013714960471,0.09766030804399284,0.07924529842360162,0.10750973680812503,0.0015398023579586972,-0.02844305491163568,0.011003332499508023
2025-05-01 00:00:00+00:00,-0.04315011131593216,-0.03729154185325123,-0.07220178305101876,0.05781303498329993,0.05969889871182499,0.0677440036644823,-0.031459161235373956,-0.02309115602453593,-0.05626357262283255,-0.13263398166198848,-0.12067879028571038,-0.14420349393935616,-0.07471280764549615,-0.06775700517950733,-0.10692771965574299,-0.03760487362829246,-0.006532571491497441,-0.024745285686500695,-0.043544045284389266,-0.030790864073401147,-0.06722467982896008,-0.0674250550459623,-0.0575459502939506,-0.07419987051581034,-0.05081197043506369,-0.045504206663278146,-0.07789639990764696
2025-05-02 00:00:00+00:00,0.004377713736158917,0.01236852952260814,-0.005433500745912534,-0.019672488484202444,-0.029801111574512706,-0.019766922181605362,0.000291452308670781,0.005127125339983163,-0.011303169043389905,0.0231219244276204,0.030618863684996445,0.008266636122922222,0.01039811573845717,0.019705992551239948,-0.003297089610343251,0.06235173715338305,0.0325319273413891,0.029862119455786207,0.016202403367933105,0.017558379887578024,0.0014608055471889703,0.04039533490412617,0.04240150523289499,0.03978035998216334,0.01294573169351021,0.0210764200964908,0.0035556097228539585
2025-05-03 00:00:00+00:00,0.022435022764998536,0.04418893681055125,0.048296648396692676,0.014297237429106158,-0.0314642907516246,0.003628345977454872,0.024187233590974744,0.035243018547490346,0.05135592154068336,-0.08273161872193513,-0.022626111838291996,-0.044491871153216844,0.003163081244130783,0.03659435209337447,0.03497041892134778,0.017789020837707392,0.0615679666636586,0.06313000627045717,0.021328776270593597,0.047751238855669786,0.051411107038381365,-0.0513397194289158,0.006174346570534839,-0.01492535392941119,0.008017777908907453,0.03820183008924505,0.03672627981860965
2025-05-04 00:00:00+00:00,0.02946030988423698,-0.021650453286226723,-0.06848212901221673,-0.028952124016484615,-0.056081693106077135,-0.14898461769846394,0.02217337300513411,-0.035664763090739626,-0.10659700832855656,0.06760372643913626,0.08665582080943479,0.08176608709887057,0.043823155439513206,-0.001016581746214773,-0.04703212754430275,0.031639425102363505,0.011935301145362232,0.047163891851437434,0.02997677493516049,-0.014930098724200258,-0.04496645198944338,0.020821984738831345,0.039819502034037946,0.07392657958098647,0.027495056972450138,-0.009404194980824676,-0.040714379770173004
2025-05-05 00:00:00+00:00,0.04782950003174524,0.02406767169776547,0.03599279868788319,-0.04480007420058363,-0.06032056925221896,-0.04906750430052509,0.03711200618577082,0.010656140530089786,0.025788930319687653,-0.01117391941594259,-0.014263677662687657,-0.0236036422864081,0.04198018877877563,0.01920336306259096,0.02908204198262676,0.03021831694353483,0.030920758638840917,0.018997631295445405,0.04438223177361755,0.024861332449926055,0.0342932212913063,0.060689437078152775,0.04354268450741938,0.06240010173970223,0.049961130761583705,0.030117690744410508,0.04188295946313847
2025-05-06 00:00:00+00:00,0.006664892667210376,0.01748687473356747,0.012383063761254753,-0.01928618575261498,-0.020222080512889984,-0.021566170198161205,0.002111649711495467,0.013289145431462979,0.00772487128430055,-0.027987639320281033,-0.006985972794126716,-0.03843052694847349,0.00019636284346646882,0.01564847186372198,0.002012773172103799,0.04455917876794202,0.05704798997571259,0.0462775087841274,0.015179129661000879,0.026841470942190693,0.02025776156146164,0.018252327809800573,0.01901882301441704,0.01811453802241325,0.009325351459563924,0.018076061427005463,0.013874369201249737
2025-05-07 00:00:00+00:00,0.039909662660176926,-0.0007253467860867113,-0.034405003643422805,-0.052575315292917035,-0.04612195024624588,-0.05680321580310721,0.027336059729520246,-0.010483773305639321,-0.045257889968501,0.04991514945910924,0.020055363820155492,0.02904451312095868,0.051532453062114625,0.002734940358160687,-0.027383839375633268,-0.0011592593049228883,0.02491353474223046,0.0033753968127683276,0.03328831676500976,0.0049915144490670915,-0.02955200319537188,0.011991885408784375,0.0073260213682675435,0.016535201531203025,0.03516788484931066,0.0005752658539106559,-0.02546310077256364
2025-05-08 00:00:00+00:00,0.013164128646777407,0.0078830141198305,-0.022995872743191814,-0.0497576656298645,-0.0704477135334115,-0.04607965364440225,0.0014050308506272646,-0.00806276938684769,-0.03343490723156317,0.0478510359714186,0.0029962531941329917,-0.07649372873379956,0.02649709399334843,0.007739048667853243,-0.04179044114963071,0.0047871198773810075,0.006118730448038123,0.05884781763481817,0.01187242062959104,0.00831791405358362,-0.008019737859281562,0.02251278687910041,0.038400379671845064,0.08465458745570564,0.016032186658567982,0.014651390211063653,-0.002366602777572613
2025-05-09 00:00:00+00:00,-0.02774381261690917,0.08660733983162316,0.050364276015995246,0.2305176460232754,0.24157920873282057,0.22260353581761239,0.02510744343805249,0.13107723743497757,0.11711157515474868,-0.16197921013643457,-0.15547009035502868,-0.14632812526771088,-0.07092373374216321,0.04340644847751962,0.019153425833688953,0.015386362364543604,-0.015717443596144576,-0.08427984929741172,-0.0222107507793321,0.07053166703811842,0.023344866929923214,-0.05179077601062865,-0.05606083700061393,-0.05765857506786498,-0.03432770314381084,0.05574082567005623,0.035650439670051215
2025-05-10 00:00:00+00:00,-0.05107929334898209,-0.041473948636324476,-0.09116251686981292,-0.023654008579639285,-0.02039096027763876,-0.02786106607640071,-0.051700704455334145,-0.05256770282464118,-0.09025168088347335,0.019066252506837023,0.16671195393896743,0.10719888552371137,-0.0466216856405951,-0.005351082451234279,-0.07664645666449399,-0.00896680518208548,-0.030964414586623246,0.013172371039817055,-0.04490550102948698,-0.040039248450016274,-0.07304979031829906,-0.013286079770263304,-0.012569513675941835,-0.01716390142788271,-0.04304778715530233,-0.0380758571016212,-0.07740735445393176
2025-05-11 00:00:00+00:00,-0.06343042983401403,0.00917418659870961,-0.022390268967059646,-0.04987682610075017,0.046971367999806946,-0.05590859495890432,-0.08226245117647202,0.020047253280201627,-0.03468256909804379,-0.0011971108516657392,0.15411197214681804,0.017329491165394728,-0.06719018627380657,0.04158097128968086,-0.023245080916387995,-0.07076993340041415,0.013217265155862412,-0.06392949267768433,-0.06681288921804374,0.01349175847192452,-0.03032458529762805,0.03113189213428824,-0.0757133109462399,0.02752988857089078,-0.046083932746492806,-0.009576401753266128,-0.01240511529394206
2025-05-12 00:00:00+00:00,-0.07182923502278171,-0.08318868832433401,-0.06901185498414675,-0.004287745739645077,-0.02764496599742472,0.03697756173701472,-0.0730587894669461,-0.09645030530441712,-0.06788427611965209,0.04493771416918957,0.03703375950287313,0.023260885795169495,-0.060443573670885264,-0.0661191976740425,-0.06828257180172437,0.030709750776465983,-0.00770362754018572,0.005242900836823772,-0.05335836438462371,-0.07047389649762137,-0.056804558719425136,0.01503060606273543,0.011359522094853247,-0.014580891711993726,-0.05520411912901546,-0.06848866177849933,-0.05912238813073867
2025-05-13 00:00:00+00:00,-0.03677591831828553,0.018584992005618917,-0.017190997140263287,0.020035238779489095,0.01806794592072203,0.01203669560091769,-0.03303023808074024,0.02486337294736818,-0.012316463721794735,0.013525773407700559,-0.018947044334819196,0.008150941406928514,-0.030417580802388766,0.01032324443621957,-0.011396930781010783,0.010593848580188414,-0.011641132396319365,-0.0037053861099445307,-0.028485904637781,0.013557942874487416,-0.014620165170110666,0.014594576343218701,0.010987350043565547,0.016151296711941265,-0.026276869606145947,0.0181421931068666,-0.010827443242210189
2025-05-14 00:00:00+00:00,0.015899981587035095,-0.04482447091521535,-0.06857458257341131,0.09548448339986693,0.028387972544841933,0.05157313890241366,0.043086167367913486,-0.04172969059111853,-0.0601880933978477,-0.08735221969141038,-0.023129924039926197,-0.019292114361612267,-0.007457096796265161,-0.05613457442937708,-0.07410116004028244,0.06094446651500407,0.00281471590864224,0.054498384986867876,0.025819016430355335,-0.03667222096609135,-0.04457458004176995,-0.07357564480329826,-0.03279126871471094,-0.04763687828819263,-0.0015062621159576128,-0.04194503703164243,-0.06621592908036744
2025-05-15 00:00:00+00:00,-0.040837217199962694,0.02331333126889401,-0.019366022520218462,-0.06523326879827307,0.005673883714315764,-0.09169812815543332,-0.06280987877865551,0.028607108374375967,-0.048863219322670015,0.03592500561709566,0.01034754748639033,0.07112314151121968,-0.03412551673399211,0.027920311889394034,-0.00292985573771698,-0.03394475876332437,0.013998782370416185,-0.10416220887533734,-0.04064835502044639,0.02155486428207265,-0.0375673906069216,0.09613772083030514,-0.03278256336034602,0.06969302527411281,-0.016548124914696816,0.012612043390213934,-0.0011658050137224318
2025-05-16 00:00:00+00:00,0.04553217030633272,0.0302503153743392,0.0613897722898995,-0.16151251610687123,-0.1058824465288506,-0.14307480062650169,0.0052939492549819445,0.004266730932700025,0.02810719728818789,0.015737013532926225,0.03447789821717029,0.040756318381231615,0.04424536772383125,0.044573744827325346,0.0696785423538786,0.051711263333726,-0.02810311007704558,-0.06056388558151338,0.04897331822007289,0.016685324388100442,0.04025567754280335,0.10421731527932265,0.0806575652685182,0.13922335804283592,0.06038468308975786,0.04224216520071411,0.08125795511890921
2025-05-17 00:00:00+00:00,0.024936235558354225,0.02311860650806974,0.010383622528996828,-0.04375570038570509,-0.04275881249986935,-0.04356880705582489,0.017050420223426732,0.01646905316880498,0.0007675911739011276,0.021212971010406534,0.013616912311368523,-0.004526060017808087,0.026946429730339005,0.026608463316006636,0.007405475524440153,-0.0024117312755114195,0.003295888967780325,0.014536930850763241,0.020397654653004693,0.019372261520420375,0.012125059595333498,0.01927824803676703,0.013448083671505406,0.011059434333502205,0.02384535454765735,0.021969023804642607,0.010718801820922108
2025-05-18 00:00:00+00:00,0.009961763560494274,0.009485600165969332,0.04328024123644347,-0.07120389529757021,-0.08452811499538604,-0.10555709008670178,-0.006691875484961196,-0.011094862075062162,0.022980345670911007,0.0324988662038892,-0.03825909555302742,-0.03158489991829794,0.01736806543042868,0.0012071391582795243,0.032874024235508115,-0.007117534492283695,-0.03166833908864086,0.008422854439269045,0.006821906717614956,0.0025733028335328534,0.038106759223052844,0.0775812539267835,0.0842611731214018,0.0798491670897965,0.024251664426336195,0.02415602204587386,0.05115624773886296
2025-05-19 00:00:00+00:00,-0.028598477832792568,-0.030986941365353737,-0.06832708381133712,0.19743739490940215,0.34088757789226265,0.31229918733964634,0.021656249005260753,0.059038633577626065,-0.0034792234019823676,-0.13922599343526632,-0.1271797776724901,-0.15872331367152226,-0.06056818160001265,-0.06259371468788955,-0.09934413889623916,0.11635162664998155,0.1250638690006869,0.08931244591590937,0.0016988667549362457,-0.00451389555322268,-0.03700001481584114,-0.17861485417749712,-0.15302352308409128,-0.10609102334990783,-0.059978636800656515,-0.05534770192967842,-0.07619940675101922
2025-05-20 00:00:00+00:00,0.020327363543813703,0.03439252148325722,0.037704520766207894,-0.03150691550064744,-0.027912989613440464,-0.038473508886311736,0.014244348095394654,0.025596609439564766,0.030320732114385462,-0.03869945186946111,-0.037386719077206254,-0.026236134929901733,0.011495726806369344,0.029096241592946326,0.030302145362687938,-0.0044638510841179535,0.017015409385465086,0.028963732345258952,0.01509693456145289,0.03475319322808579,0.03614195643634588,0.04265505419064586,0.03196901039838407,0.028162758147452394,0.024773285906118936,0.033097285954403866,0.03599517333340052
2025-05-21 00:00:00+00:00,0.018523977649427037,0.012994428164902594,0.024801727734007573,-0.0748327307260408,-0.07831306929623905,-0.07677827280032679,-0.0017039738783838354,-0.00870671266469547,0.0067131913417946,0.006847000544414561,0.013992193821233068,0.005635309357839846,0.020679808965402335,0.015100679967730901,0.025035528623038594,0.0011810128817684173,-0.015580723560722709,-0.017583392505136075,0.014637693190306056,0.007293048988487261,0.015867070814310713,0.06520760340345877,0.05508296541718116,0.047833994818320624,0.027436200439570735,0.02095164453828957,0.02939044719213224
2025-05-22 00:00:00+00:00,-0.023124013191378245,-0.033357479486204045,-0.0007436593355332199,0.023260712923326876,0.022496941195336406,0.020719310979777195,-0.01875043450044933,-0.03204234065864886,0.004356432371264152,0.04267902805126278,0.05153289695432606,0.047629221934636146,-0.014076816888287436,-0.018578419983645955,0.011005737059183396,-0.012554992193647752,-0.05724640764577715,0.0006722661939360108,-0.02079234575447464,-0.03819917078236379,-6.455234506130836e-05,-0.03149950886924702,-0.029105083903971374,-0.0260617246568553,-0.02498491981368367,-0.032512073826421184,-0.005789156223115932
2025-05-23 00:00:00+00:00,-0.027341856320656666,-0.04367146893531915,0.016670783879284112,0.09195155116448905,0.09009081027879584,0.09120623483796786,0.000350687330796573,-0.021166217071244997,0.038784616695276775,-0.04785155112981976,-0.03170592983277465,-0.026663128265496883,-0.03838055329848822,-0.04853710778984133,0.008746836314372342,0.04850863529920679,0.09841693625308112,0.10729058762772481,-0.011751311618431348,-0.014910368923520378,0.033812737925988934,-0.04849472923224485,-0.04690617591539048,-0.044800238850788765,-0.03127366730954417,-0.04449050477217176,0.004296536568943576
2025-05-24 00:00:00+00:00,0.06995501916827362,0.054414850957548166,-0.001627742927714948,-0.18097575959704293,-0.17174409095013776,-0.16012667039399686,0.01803327421161316,0.0069459418926374195,-0.047125742430533246,0.06467756828190185,0.06060323472006268,0.07525601947995009,0.0846242239016366,0.06961510290423556,0.018161252075252765,-0.07250565543461573,-0.0033878042729200697,-0.10542792193009287,0.04017061361723129,0.042738886969927226,-0.0232396376250128,0.08137000883084755,0.07551381984343397,0.06467866525732568,0.0721042041528206,0.058737906672568174,0.011425323130039189
2025-05-25 00:00:00+00:00,-0.0033635932502663612,-0.007633973627594992,-0.016794196245208837,0.007676777169862925,0.00711351159114515,0.010794847714337585,-0.00018833733302137112,-0.00771856290575379,-0.018931552332245638,0.0013500985099670348,0.01066460982595796,-0.014744835606534501,-0.0032987146027871894,-0.0041936005285969635,-0.01958165889657737,0.020967724691875578,0.002274203242244921,0.02235232101423046,0.0003271212218325381,-0.005658508199876566,-0.008959282061674068,-0.02400464980242001,-0.019787471436477633,-0.020770622646762327,-0.007504275570633379,-0.01009743377512129,-0.017452379902295423
2025-05-26 00:00:00+00:00,0.052287800593830536,0.04216925986736486,0.038220497978578516,-0.04012332605226898,-0.03066746517105856,-0.03220605291452705,0.05471495919296743,0.043141741425161806,0.03421054410585578,-0.04274211255902194,-0.07741164270073309,-0.07234699695231694,0.038793602740538,0.022094431513585144,0.01961379073383962,0.0759073859549062,0.07332885635047437,0.06182213398254288,0.06049040195324662,0.05278127496959217,0.047351645952634414,0.027389722744767697,0.02434056274903873,0.030694085123120995,0.04737373656560928,0.038652512131033934,0.036698416098216446
2025-05-27 00:00:00+00:00,0.020069545173302172,-0.0065231363610938065,-0.008716172975546832,-0.023299404883833308,-0.019693109189132252,-0.015574701905038957,0.017920966373182523,-0.013029761609223645,-0.01424176241777697,0.0035695521524452545,0.008047167355091034,0.013404917386523163,0.0205029448382692,-0.0049584090314486184,-0.0035463847269843196,0.00257305643856931,0.034858364568079336,0.019934053775851,0.018533408192320078,0.0014395334257906178,-0.0019493225692612803,-0.0005999974518144935,0.019966391651848214,-0.0017826496106111422,0.014997719478952343,-0.0005789006778338379,-0.0067200937096077995
2025-05-28 00:00:00+00:00,-0.06213556077991467,-0.08070252880109618,-0.02728030761857747,0.08070408737259926,0.08002266296496763,0.0746864983220148,-0.049997527293706545,-0.0718729428347673,-0.01098461002279516,-0.046715797030828954,-0.043031762131208184,-0.03993223377672561,-0.07420506309200148,-0.09333926470476761,-0.03793084837715144,-0.01616905287885695,0.0694641056266263,0.001627741742232569,-0.05781900769031001,-0.05445247639422146,-0.023972209868831862,-0.09491949019012158,-0.03146790329378313,-0.07728178323636636,-0.07011500346603894,-0.07125937820072237,-0.03744626713006949
2025-05-29 00:00:00+00:00,0.0177355433010129,0.018642139319717588,7.869656610814957e-05,-0.02315615046768582,-0.017883904556309727,-0.02320950197416416,0.011795502059003482,0.015001551686027126,-0.005340642211044577,-0.003145348408231108,0.0017146305846205134,0.0022157263996656074,0.016883014145759212,0.019300798615007775,0.0013277942464671177,0.033503392267797194,0.0055465899393305484,-0.008359597726405932,0.02285783914298567,0.01755756924273766,-0.0019997649477836443,0.04103194619845807,0.032036937078649075,0.03214279896629968,0.02293556477160963,0.021294112875086535,0.00824598330180537
2025-05-30 00:00:00+00:00,0.0019372308519329806,0.03553163013053284,0.013074936801738879,-0.01397954382123312,-0.008767415460363637,-0.014329851374658364,-0.002244959306587746,0.035219793606715566,0.011071190371957806,0.012655633502199892,0.05126562978536153,0.020170550033203893,0.0050836157981011265,0.04909404898341707,0.01760905267577262,0.008442911980180545,0.005658522658019249,-0.0008252592279105464,0.004544230935355609,0.029973848445570495,0.009947483835203608,0.004990996068450881,0.009620422555411956,0.0057192698978285605,0.0028826446707401754,0.029115789820804983,0.014779092638790958
2025-05-31 00:00:00+00:00,0.08581815781267821,0.1540054657062646,0.13902828354533248,-0.18329838892279204,-0.18069343445402608,-0.19743849448464723,0.043935873214389076,0.12311984026002043,0.09894973285708364,-0.016459849339279686,-0.014708156710493192,0.028873350760664218,0.08058383137628433,0.1399530476727575,0.14382729762335478,0.10727909751637466,-0.005511114419115559,0.023966318447129265,0.09771249939203042,0.1294128309573197,0.12279321688510092,0.15810005881894051,0.14796559336114634,0.11117642115773996,0.11028001003659083,0.16223646414188475,0.14419074117751762
2025-06-01 00:00:00+00:00,-0.019972667074887873,-0.00701074189503903,-0.014548107903600838,0.04178157548508854,0.030926951710599893,0.04574155428386528,-0.011815830145319062,-0.0026239654532952406,-0.005732240438079295,0.012472970763431457,0.018306643264458966,0.005314842539898779,-0.016316655650200906,-0.0024352888901560954,-0.012829171460086997,0.000663591724343382,0.010945508817259864,-0.01130068097766801,-0.017176975979952935,-0.0035051566114562283,-0.015019897840424457,-0.03358862319409617,-0.026456660762817497,-0.0375276017137931,-0.024594596958953385,-0.01096812641637368,-0.020557313503283048
2025-06-02 00:00:00+00:00,-0.014001595532870503,-0.020305268566237267,-0.023378338872682924,0.010530891016709898,0.004456149050059199,0.01715662937892959,-0.012954710345502884,-0.02234122275246908,-0.019270628020211178,0.05347658580338477,0.03891269801697694,0.01072097077495604,-0.001318626272047041,-0.008686372718062385,-0.018893483012793477,-0.00643628816272146,-0.0190019316820228,-0.0028599824017513376,-0.01338290077440496,-0.021464565016432346,-0.020352379642261664,-0.024504640198353966,-0.02343670762416039,-0.02055962101271347,-0.01752016622947916,-0.023282307589002738,-0.025366195575115325
2025-06-03 00:00:00+00:00,-0.0005202595809213895,0.017022287315452633,-0.012362611630385878,0.0123611293816146,0.01352792764330979,0.013729645216475017,0.0032834745341787652,0.021696857017458937,-0.007751368829558292,-0.00717615429828955,0.0011832335674124561,-0.020944100819685674,-0.002836660158051507,0.016283950836388783,-0.015945074867376396,-0.023114197547493998,-0.03582087446895743,0.007543535036880211,-0.0060123718973214,0.007583581586781074,-0.008583337999433227,0.016112218746945572,-0.001233076963708557,0.025039032936564398,0.003630864464020611,0.015091308921532764,-0.006732701596054325
2025-06-04 00:00:00+00:00,-0.021940616517475475,0.006078564064660341,-0.015195624767254556,0.010465885833039978,-0.0008120654750576328,0.0011032284374763446,-0.01638103351005593,0.004445420187112692,-0.018508476641890814,-0.00035776307316859324,0.012830644113364986,0.016479859584877188,-0.019719195921942156,0.008539613149473269,-0.010195423002973714,0.009854406570830587,-0.00801280450770192,-0.010299423837864086,-0.016269506313384974,0.0038236765120860383,-0.014866533008222604,0.06488450682030122,0.017943846391921925,0.010678971074739474,-0.00702737190717595,0.009319085982340658,-0.009187149884873902
2025-06-05 00:00:00+00:00,0.026067491950435562,0.04359346266176711,0.029618334832523407,-0.0463261759386121,-0.035851974849370416,-0.03341802809733585,0.016102849123951657,0.04142346991479062,0.024341816415705875,-0.04099646365703624,0.00042612670838027,0.06077272164592018,0.014237639257985268,0.040332371320729976,0.041401863432881436,0.0464044343771608,-0.020610778589092105,-0.001146510701028114,0.03139148412373549,0.03243169958320724,0.024415318098935046,-0.01950484370810257,0.05842929146928544,-0.01568873401865356,0.01763638160546699,0.04916095217571215,0.02249998729717828
2025-06-06 00:00:00+00:00,0.009576331570765317,0.03923693489097668,0.055923361776005764,-0.018381329103635435,-0.021093670064903702,-0.1029166331567325,0.006578062133522522,0.038673257832621655,0.039172858493683904,0.03735883189129119,0.023965115532697867,-0.07641577752261897,0.017357892358309757,0.04672464947000132,0.0313262159479879,0.08924902795927392,0.0573479115222717,0.09620450258692337,0.026797327437812823,0.04535972059232729,0.06701946187026309,0.03807906086445656,0.001200419536218078,0.0623355089762212,0.016395043031270484,0.03434181322051777,0.058924916742478795
2025-06-07 00:00:00+00:00,-0.03180775542402736,-0.024648944021536057,-0.0368268382674356,0.008913281278963181,0.01177432614704177,0.01953848948940351,-0.03320773429304891,-0.024120848961747043,-0.03794092182576514,-0.016772432768984213,-0.017245379799587512,-0.0016848494182761797,-0.034932929217274644,-0.028894040575910163,-0.03719290536208697,-0.02040985609826218,-0.017167298797097885,-0.023950846157112515,-0.030767150544974697,-0.02482617457496461,-0.0359962069098384,0.028980886447402154,0.029338728550925453,0.0034225489553927346,-0.02243507121075694,-0.014955416118923148,-0.030005956535679945
2025-06-08 00:00:00+00:00,-0.04714497080514857,-0.0261399517114409,-0.04010597398796778,0.06390578780645217,0.05403009764061206,0.10128439922039711,-0.03469731644689633,-0.014712108875225671,-0.01715883331355461,-0.01955045824089563,-0.0065656902115566185,0.0009359946944975661,-0.049969183768570624,-0.02805063051661938,-0.035536500371021296,-0.054522066128820934,-0.030354691372606935,-0.0292603282062055,-0.050926565008796,-0.028615852057322422,-0.03991492025314103,-0.04628781518979397,-0.025437898950279925,-0.08199282887691517,-0.05236754403514898,-0.027859999086699228,-0.051470228964858644
2025-06-09 00:00:00+00:00,0.03792315898548826,-0.00041647506710795756,0.037120451504224716,-0.03771946805510629,-0.02858721403167852,-0.02969630662740519,0.03051971172364709,-0.011508490573649777,0.03293754356134215,-0.0017548118820496228,-0.024624628761689138,0.006590854922142064,0.03639369572631512,-0.007327328316193316,0.03403450548369302,0.0006245069105770273,0.002939034542278174,0.030882620358516633,0.03176377406548969,0.00023959466220335734,0.03747342864290548,0.03061766811153932,0.018160860516728272,0.01902594391266188,0.04044879050729899,0.004064202528973437,0.03440995639500777
2025-06-10 00:00:00+00:00,-0.026270111498512216,-0.06155121177695455,-0.046847811113143956,0.10212030700821573,0.10856762045357016,0.10337743331154203,-0.0033621507062130407,-0.03588406999421223,-0.02226121428187089,-0.03951070562282666,-0.07026155328131078,0.11444521578761413,-0.034861422827675126,-0.06614007156127155,-0.018439135793709482,-0.05221392526314339,-0.05085048152957872,-0.06526711735924762,-0.033536610125224464,-0.06392115123083064,-0.052361224878081813,-0.09276949569308601,-0.09299947791460217,-0.1051339103234169,-0.04108041514787364,-0.06830919764993804,-0.06102708239282817
2025-06-11 00:00:00+00:00,0.06331161703826016,0.026944420393241852,0.05352321177380537,0.036396410555006975,0.0415134374652526,0.010268778633626852,0.07853314156059521,0.0414484261926551,0.056839816222489015,-0.12929250508587353,-0.09171672485170501,-0.06332392029080969,0.028602270744701563,0.0075007244509861515,0.030254964526352124,-0.034892791656387256,-0.07054904144162444,-0.07453059629123215,0.047629715323677546,0.008699625882268247,0.03096624170495277,-0.06201597019503735,-0.059608985200531484,-0.03812510903118105,0.039753015603916086,0.010707784542909327,0.03661861143720713
2025-06-12 00:00:00+00:00,0.08162104129849745,0.057043379489810864,0.11342757069372356,-0.12668356534740088,-0.10090405802262636,-0.0668247776651475,0.04871963254492573,0.035848608645836055,0.10566490385610305,0.05387057659560268,-0.06720276142016257,-0.015877418860443693,0.0899058572389917,0.048659104845953705,0.10459286874535523,0.01857612679746623,0.02326318847840181,-0.025896991738871167,0.07833155643309575,0.050000694155659,0.09376571166997949,0.08351360111265294,0.06767955367047507,0.07428492876269654,0.08512334083792128,0.058566201353065006,0.10731315641379569
2025-06-13 00:00:00+00:00,-0.0018896178961835819,0.05693683558928919,0.04662789012176893,-0.02210440591120444,-0.027497205009172965,-0.03139925964112733,-0.01086015392322226,0.05859164165564201,0.043754712754398906,-0.005821872548181561,-0.04163888228115242,-0.0017074115752253594,-0.0024041923791618958,0.05350624688781225,0.040994521512979,0.08295601343742742,0.06939201793244143,0.008588776270637588,0.013933024120286186,0.05892024337869195,0.04261313665421129,0.03723406484382874,0.029503387296049954,0.04235304912888349,0.006320565004374279,0.05123140169133156,0.045591500888009895
2025-06-14 00:00:00+00:00,0.05369239171935147,0.04163431403206763,0.03495695603260529,-0.030997185601559174,-0.04039354931655825,-0.0019835308667240925,0.05157581855203608,0.038223105243267774,0.03984724325351641,-0.03699310539224798,-0.024210912605942436,-0.07799047904597012,0.045415031938460304,0.036219720160868496,0.017903826411329593,0.02293937833864912,0.046650741653143424,0.011591625297425079,0.046797295550335516,0.0428252718358777,0.02940577091333374,-0.001669676726961944,0.0011397681433142903,-0.03740478790187285,0.04229537713489773,0.03360529127432388,0.020570512967641896
2025-06-15 00:00:00+00:00,-0.016592737921421685,7.83771220764784e-05,-0.00793452138274664,-0.028814146482549985,-0.0419564942863041,-0.05371068009508018,-0.02492699664462772,-0.012567092034851068,-0.023211973232898253,0.05144374276317043,0.07601520877784784,0.0642843060440823,-0.00504042201441024,0.018743540149755322,0.006747490902626829,0.014056587155069966,0.017535110693815525,0.015127948691885384,-0.010370199345615339,0.003669006346521675,-0.003135096331824294,0.03939930353209675,0.07011832963163411,0.061600956258084594,-0.005576146025511264,0.013926018169254206,0.005227813338242404
2025-06-16 00:00:00+00:00,0.013767867095600073,0.011927980918178704,0.009850737806508914,-0.01575032540784782,-0.014860398776983419,-0.016490548350374112,0.011426526886417987,0.009562653065777749,0.006900491277441301,-0.0043028819100130455,-0.01035247865086919,-5.195181468686805e-06,0.012744513170693583,0.009100014101737441,0.009920679458584214,0.01929379717887092,0.013933891168221635,0.03089277360045828,0.01496983249708106,0.012441512990378545,0.014267478112822918,0.02154381025147023,0.021888634154984432,0.016811178081521883,0.015266807671522109,0.013824280182538118,0.011516523555022085
2025-06-17 00:00:00+00:00,0.040417333500514685,0.03337445144179019,0.025829665167681704,-0.010579485947177059,-0.02120330236046497,-0.021906016026976616,0.039754394117928804,0.030592083182433116,0.025507721346746726,-0.014434756005488159,-0.03317762970311189,-0.013647005285402858,0.036634371987434244,0.024569482651219943,0.022680041186937894,0.014702319499686922,0.01849499225174811,0.0071759596915375035,0.036176286162925564,0.030353859657142657,0.022691438997965774,0.002267482198051507,0.062346477580927484,0.022865143372394536,0.032666629307990025,0.039183047841316654,0.025457366718921293
2025-06-18 00:00:00+00:00,-0.002473148581405682,-0.0015570098027094526,0.01816427960503919,-0.04687562335573847,-0.07674046787091171,-0.04506590147164513,-0.015515751990507587,-0.023010193020331915,0.009873890204302738,0.024537872927580695,0.039229307086010134,0.030800786991354023,0.002519523903634191,0.008558700240127282,0.02569404186728219,0.03606353036615695,-0.01512333049341863,0.03630003605648158,0.0056101907757817315,-0.004464858148485185,0.022000133511968167,0.010087458072393085,0.011392346702326028,0.023963345029250904,5.305963497104216e-05,0.0010134471173879334,0.01953321041863343
2025-06-19 00:00:00+00:00,-0.01066924105966749,0.001771249764773053,-0.010975533524903769,0.012012506905709985,0.021785030278805628,0.010963279134695858,-0.009616199497915923,0.006804205560796417,-0.008313883596418603,-0.025055456179418956,-0.01961424483639973,-0.010849156954329198,-0.016994524972355873,-0.004051387086090541,-0.01369087615053799,-0.014354222658406135,0.001004847968242295,-0.024921830828757097,-0.011406171672522558,0.0016098149346330803,-0.013722753103088459,0.013271156107245385,0.01191399745590771,1.7680802174790955e-05,-0.005927308002423914,0.00384201251574412,-0.00899452818252311
2025-06-20 00:00:00+00:00,-0.0081003106305515,-0.0016903185841412594,0.0067746728943300916,-0.053895076074842785,-0.05129320881186916,-0.05578632991371302,-0.025149073007211253,-0.01632561500137597,-0.008606883681086641,0.03111099379667248,0.043916396210607056,0.027207521774105237,-0.0008381405244246576,0.00891677621097653,0.015062793677415032,0.019692085624372746,0.018103303651723524,-0.00198521632493065,-0.0024507110997471493,0.0022730582756878004,0.004927075981518758,0.05338817897257564,0.04773609130585288,0.0668374524459987,0.004313851014813741,0.008304199202197271,0.01892444532667925
2025-06-21 00:00:00+00:00,0.02318016525213551,0.008575659159135496,0.009450328340513625,-0.035257562548256516,-0.03812490367990806,-0.037016266012503074,0.01657994959676312,-0.001304996860926888,0.0015546494899516539,0.06186812614692183,0.05797334178622382,0.03403769314520355,0.04039226015983477,0.02633087179152649,0.01984986856174742,0.06030871914812996,0.03469978613924196,-0.02353466093469392,0.031228129752043143,0.014648283954005192,0.0020712092693877526,0.01769843868327725,0.04479696035354164,0.048533301737556656,0.022128253274199094,0.01559138535596949,0.017741699138855704
2025-06-22 00:00:00+00:00,0.043606588566417415,0.024111133541629748,0.04247583586856507,-0.07689464939915336,-0.06482154787966177,-0.04527399848176861,0.02834712142754614,0.0104594126967541,0.0379031583493199,-0.010413273895892083,-0.007932333664289692,-0.016995857103038636,0.04476959871438835,0.024331368771710826,0.04224805023469291,0.014744478577306985,0.01674954783583793,0.020299122991636942,0.03939115662083692,0.023361655329469322,0.03948624636199871,0.0613137033706912,0.019617744613626975,0.009713907017452783,0.046969559398587934,0.023246716732901795,0.03616618991589915
2025-06-23 00:00:00+00:00,0.031246700359091273,0.040823039403043104,0.03762095181476344,-0.03215677541837858,-0.0229302986930624,-0.026730061273810835,0.026369157964604373,0.04037944036121721,0.034349024522790206,-0.03968173870153946,-0.06337855951963667,-0.04305547524425968,0.024617579817053148,0.02839821588347813,0.03132497659162392,0.029993036958120722,0.0038439847431781526,0.04572682649972548,0.03202732766781691,0.03443644589224015,0.04009590003553121,-0.0030442264078116565,-0.019122270295478416,0.013224521773191,0.024444284337456823,0.0288673422751351,0.03279654047270664
2025-06-24 00:00:00+00:00,-0.05251306619661711,-0.16321538269635638,-0.09632500323228255,0.11077229246876197,0.10489082217984258,0.11288056984869477,-0.03586951395116056,-0.14804811997358214,-0.07466440742903158,0.021891491018059872,0.07290539976941224,0.0059273562155601756,-0.05030276271771028,-0.16416282605351662,-0.11280040666902524,-0.00024699750979495505,-0.06854285823838535,-0.14807802441757512,-0.04534740471165011,-0.1546679661080227,-0.10636399161015875,-0.08060515562826087,-0.09337958881364472,-0.10117939982600732,-0.05806965508999584,-0.15037043420275953,-0.09713069983194034
2025-06-25 00:00:00+00:00,0.010104808103900798,-0.01019075914265033,0.018460681324968586,-0.02885967532281941,-0.005586584518900484,-0.006500876488489626,0.0024154219343262007,-0.011538387031101771,0.01714486915853497,-0.01890442285338667,0.00715108948498,-0.0008213473240864522,0.004914497332454415,-0.01013862769576801,0.02233397270770765,0.03216154863882181,0.02444450499983475,0.01069567521638537,0.013877230127215867,-0.0015767273447723218,0.017032606810263973,0.02265148795246308,-0.00896832763984623,-0.011952427536889298,0.013291618818088491,-0.010047426415445315,0.012606329756706502
2025-06-26 00:00:00+00:00,0.10357043788369058,0.119196759445511,0.046652887398096476,-0.09068583102273275,-0.09767058314296473,-0.07569755992087412,0.08429107547677761,0.09711550721239082,0.026907157116870417,-0.05689243419558354,0.02990408763393404,-0.022508136104063436,0.08975954752609461,0.1366370484451842,0.045031507295645534,0.026831984978985535,0.04855822136345456,0.03723034132051817,0.09057290755547798,0.11128237119949969,0.04732215069939971,0.08283184645125918,0.08876611418712055,0.08042967971810344,0.10178110079042657,0.11431880641489744,0.053524504376248005
2025-06-27 00:00:00+00:00,0.004659056900046199,-0.005072998946774265,0.02097104223046853,-0.02840118849757811,-0.025871597630424348,-0.035785995827368744,-0.00039724361585768975,-0.0124236977891794,0.013534955677921845,0.03652746034352683,0.046991744235826305,-0.016995746275350054,0.014185267304308802,0.0054302514977977445,0.017745153951214565,-0.01030936558377804,-0.01180531331618817,-0.026661924130760073,0.002537149353647461,-0.007061927008895075,0.011657059180494755,0.017264990180420714,0.02661289102199893,0.013970613833156564,0.007275931374177924,0.002013625637347971,0.019891381782671802
2025-06-28 00:00:00+00:00,0.01318378259550923,0.01772412753432895,0.0036888277287154825,0.06788762147287075,0.06738376540022739,0.07309300928088303,0.029714881720361186,0.03643224139870482,0.017782763065948837,-0.039537638893903715,-0.030806521301141143,-0.038364150245195905,0.0018647572966181691,0.011618087124420251,-0.006563510138187678,0.007081069880253699,0.044362459467025106,-0.009356091313058368,0.011516612633075463,0.022560075384297384,0.0021549995801903865,-0.033386989282857216,-0.026121618446413364,0.008754744359117828,0.004642298506366549,0.00866310596576314,0.0044670068128644935
2025-06-29 00:00:00+00:00,-0.053084367051294934,-0.010150677818174247,-0.05059483028325351,0.09310205587971909,0.10776288094559638,0.10253630077775688,-0.02637578871525692,0.017805838097579185,-0.02391109739402586,-0.024825542838524006,-0.008819722328135438,0.012605495923991183,-0.05714647264793582,-0.01165121894026433,-0.044070317867740405,-0.007663229167384489,-0.06350160814107919,0.0015271737912190275,-0.047610464788302,-0.021539735908372437,-0.04370967405846993,-0.19078043955033896,-0.17251876340312733,-0.17932486973306128,-0.07886385608343494,-0.044408516031589906,-0.0791185323841942
2025-06-30 00:00:00+00:00,-0.06910205217555787,-0.029504780101561656,-0.07770666969399131,0.02139015812758971,0.04453999350046112,0.012034658220106076,-0.05772551303826157,-0.017139463486498197,-0.06830946735286747,-0.024793502345966112,-0.012944642412443197,-0.01332653050740551,-0.07148570693686507,-0.030678855367439195,-0.07272272829611659,-0.09844919033049193,-0.061224491384127555,-0.07953177297102199,-0.07960342158114009,-0.03647665920210219,-0.08578799719200692,-0.1316633111929454,-0.07593168856275978,-0.13679876724300966,-0.0791737694770539,-0.041273228799471706,-0.09232004732846633
2025-07-01 00:00:00+00:00,0.05177966581236171,0.0414646439847246,0.036381982455194084,-0.04915869843733445,-0.05487489127895251,-0.07022874176770322,0.03513713606852509,0.025791254828497756,0.016781809221471322,-0.03586856504532088,-0.0323897223252253,-0.008064661711338683,0.03985099468400555,0.03032919511660559,0.030099837819072883,0.05218163159140077,0.03843325186529256,-0.008594164350968714,0.05352381120293659,0.04072938228642098,0.030486006438703805,0.03010790910988259,0.0376090799323896,0.04709646891200281,0.05180071514190021,0.042619693195870445,0.039985773279073156
2025-07-02 00:00:00+00:00,-0.008306045357461711,0.02243146881644087,0.01553755573533211,0.013560481486897258,-0.017401038383241474,-0.008937156827912296,-0.004145195117929212,0.019357485892775417,0.01232928118332377,0.012109088922587219,0.013471768350719948,-0.0018730810412054266,-0.005011768063069466,0.02264586831635773,0.015624774341770786,0.040867934889354585,0.035158458739677156,0.0006113990480050013,-0.0008062605196966777,0.024324357724508472,0.017567211428636265,0.034032895920885764,0.10727580099851552,0.04939608565451281,0.0026277724856818008,0.039377775498578904,0.02085190447061347
2025-07-03 00:00:00+00:00,0.007359253425798906,-0.027704546403873875,-0.02278265569449911,0.02214086610712518,0.054054166674710524,0.03995308517102969,0.010054779339381703,-0.014150526397443741,-0.012943714087379155,-0.004169347888751451,-0.019802153420531043,-0.005984049689696347,0.005888547830093405,-0.03399418978511903,-0.02209173880223181,-0.07090015432291152,-0.0516691661638381,-0.06851682101673484,-0.00843433775828295,-0.0439893542998222,-0.03432635007684515,-0.0474419043007831,-0.09670606955497851,-0.042554327083252685,-0.007030338237216549,-0.03706035080292969,-0.026908957082853457
2025-07-04 00:00:00+00:00,-0.0020441791340797266,0.013563499022419823,0.025670324295421043,0.0243970648925822,0.028436428323143526,0.027045530558827968,0.0056157117505286624,0.018794909197618725,0.03160912634439117,0.02174116697714945,0.005667704512671179,-0.0009199100933084958,0.002732861620575733,0.014973847196891432,0.023541577327685692,0.018520467240325633,0.012328444164724672,0.006828460185847707,0.0010350870738109474,0.015992886227557124,0.024530579862800606,0.02855642783655754,0.030660523946753226,0.025218542366783003,0.0038819124142184247,0.017078749433715235,0.02552022911989349
2025-07-05 00:00:00+00:00,0.036967060220136405,0.053415345246641044,0.012028241514375537,-0.011717322892596749,-0.0019156066955691164,-0.003048369884641966,0.03310582461133671,0.04825141709238734,0.009447566811351393,-0.029408464727290973,0.024276719809271707,0.005487189876403065,0.026755680182733776,0.059154328270175416,0.013164507336188125,0.009299457664195376,0.044882883636513604,0.03966363570756415,0.03432719529634576,0.0603166803284807,0.01999787466530556,0.026473058352705303,0.062214623926050816,0.020069240436283886,0.035428779889026485,0.055325024855575444,0.014435453287402256
2025-07-06 00:00:00+00:00,0.03799351656916272,0.030808875476012965,0.02813879550348508,-0.010970108659944855,0.012956272355999943,-0.011471621447095348,0.03615589845905953,0.032849695684243674,0.025497044907039967,-0.016318754609947805,-0.024333944307526445,-0.024706674106221405,0.03244791957890336,0.023496548599895917,0.02061394426655272,0.033476826311408026,0.03517614476473696,-0.0011266744632271175,0.03956832796130283,0.03387762605136024,0.023791828046929364,0.028250084519290564,0.0364940312312938,0.031370105812611904,0.03648116346919705,0.03267313978880604,0.029102639519848816
2025-07-07 00:00:00+00:00,0.026615741914751467,0.031041047261861854,0.025907170114831013,-0.008798566694610321,0.03973054537758247,-0.018026831687838474,0.027649548557745485,0.03701134865454092,0.020404745974317517,-0.005323019822603303,-0.01595770766229776,-0.019674698045217376,0.023520175312604863,0.02625958886042734,0.020989106598183982,0.023616109417534226,0.005357337093383485,0.03837935480439891,0.026240698802211027,0.028644720837232462,0.030802503908339274,-0.014623800737094017,-0.03080164889987347,-0.001202809756850387,0.017843316599235326,0.020143822621212948,0.021078220893745003
2025-07-08 00:00:00+00:00,-0.002517789802480741,0.0011549555351559881,-0.006720842753267231,-0.05601272775013977,-0.050357109649076026,-0.05369853945868752,-0.014028432552295578,-0.012538124107865922,-0.019499452685195928,0.025733380420918772,0.020109557547163037,0.007663518600947716,0.003096302300193088,0.0054618481079169445,-0.004150543264364481,-0.009074649982330985,-0.002646473153226858,-0.025851945427287082,-0.004961402743962728,0.00046747203285768535,-0.010197148657033805,0.015271425691556706,0.01609093669614725,0.014469257956922776,0.0002090009953208405,0.003961433298057093,-0.0020433727015994885
2025-07-09 00:00:00+00:00,-0.04250528500296402,-0.0434166330950555,-0.06234951137552225,-0.01175786960665448,-0.011468932032306589,-0.011216431320395182,-0.04295719539643361,-0.042577872401747374,-0.06316791784322728,-0.021165536866704082,-0.013123823756647446,0.001362239052884462,-0.04704965728267263,-0.044545741267442485,-0.06208936303742674,-0.05709332547791335,-0.05168761867383309,-0.06653267806789864,-0.04835063786645333,-0.04570817309012942,-0.0666381034294482,-0.030618391487140628,-0.02494828132130511,-0.02657307422998767,-0.04167625794073093,-0.039402433105907964,-0.055499329407938225
2025-07-10 00:00:00+00:00,-0.058354159164656805,-0.044005926285483055,-0.03404831731962932,0.013756944154218909,0.01653681150999531,0.016253253898043774,-0.05306040248284982,-0.03755967384826864,-0.028167169826759486,0.0491063116775079,0.06306536577138111,0.053579986782477995,-0.044844630529758955,-0.025637595774043453,-0.02049740862202376,-0.060636631776204375,-0.06295509387377785,-0.07691237874804346,-0.05927206407568275,-0.04827549317208801,-0.04452170536130362,-0.03055945799750115,-0.03603564778030155,-0.03370257252839015,-0.05245761967669649,-0.04232832613695914,-0.033666176259962044
2025-07-11 00:00:00+00:00,-0.07611051582944828,-0.018578806651825763,-0.023653011200970187,0.1120457603588707,0.09851743230853227,0.026056924169197693,-0.04574882672901526,0.011883421561641239,-0.018100725726409084,-0.052130589543315176,-0.05343715587546227,-0.05735322294504985,-0.08959578905063303,-0.031799941663429254,-0.030498490823122393,0.012526314383668025,0.042535114420417575,-0.012694942533751141,-0.0585409597506924,-0.006698855986365659,-0.02143441008577951,-0.09636369776925668,0.008601790731672665,-0.028638294592140956,-0.08004855097899588,-0.013253356164606322,-0.024202385866265996
2025-07-12 00:00:00+00:00,-0.0598996419758826,-0.022093987694361772,-0.06195322027012229,0.08566544537968945,0.015216527264565238,0.014404118960442691,-0.03568966717164357,-0.01784722439176345,-0.05905770367577967,-0.0015766329235908927,0.03605330557236952,0.02908577763154141,-0.057559414235458184,-0.01122622425802744,-0.0498327822703013,0.13694423918843968,0.04295552841411587,0.06336485839856287,-0.017858261692368704,-0.008741686714408559,-0.03715689678058309,-0.018157472145390208,-0.03433822979499679,-0.029888482456585264,-0.05153677432639858,-0.025012711691972833,-0.055433235386882496
2025-07-13 00:00:00+00:00,0.05201540287983142,0.012156869795007408,0.04009509953310575,-0.06503434478635628,-0.06258172996806333,-0.06880154321599985,0.031150399736494805,-0.002398723908960343,0.021537801745069363,-0.06712534509584711,-0.0718237779833033,-0.03774542776070344,0.028658916008392765,-0.005496883303356848,0.029229583868454645,0.023320979916415352,0.06551241653959594,0.048204313618675165,0.0442890576642998,0.023390638091579596,0.04183892057531868,0.0019604619878514917,-0.00960199918168092,-0.006291445934472284,0.04175708541966383,0.007720994273645587,0.030713446617294693
2025-07-14 00:00:00+00:00,0.07610438143761944,0.09398782160900199,0.07695160814284718,-0.011041489802390836,-0.01239382702692804,-0.01656596900114693,0.07885436565894532,0.09443449167552109,0.07828020261985924,-0.09664420265337359,-0.09351040472100036,-0.07543432497778702,0.05433931154033811,0.06961132338165865,0.0581354552476121,0.11869659650287101,0.10473613323043307,0.11416057385618217,0.08436505467353816,0.0965039993071879,0.08451942223655307,0.03734423623878169,0.03692690204160454,0.03467596815967977,0.06854061070097517,0.08279498959888287,0.06861584046170277
2025-07-15 00:00:00+00:00,0.044794031222508135,0.02668254077345167,0.0363674484211558,-0.03798997153736883,-0.03732474384747975,-0.039394164140135746,0.03936372979964453,0.020515375351167542,0.02781801692796848,-0.06684973550519169,-0.052065382413291506,-0.0816677086594586,0.03185154572218507,0.01667526838454414,0.018999633342191125,0.005002467557722268,0.016754431414467863,-0.00010079504612214851,0.03653571512955378,0.02461295954866527,0.029067893470213102,0.0681855986076716,0.06583747846329935,0.06577734976617178,0.04926507644051448,0.034272885396783526,0.04198312493255418
2025-07-16 00:00:00+00:00,-0.008846903473546885,0.005138896654489411,-0.006098673736318561,0.01878803823648867,0.01594373751912892,-0.00198347704488,-0.005273052502324127,0.009433169396949825,-0.006835926496395972,-0.06298477053655427,-0.07440485764148164,-0.06640551681543538,-0.02530995409323833,-0.008808649382950562,-0.022155079207529682,0.028519831313081,0.016224858971693124,0.029319929786500554,-0.0013230833056480096,0.006620961370354728,0.001883011991026473,-0.0012995775434444523,0.006919077496005066,0.005163814927532373,-0.007216603640432084,0.005259534459900683,-0.0037906057522687497
2025-07-17 00:00:00+00:00,0.15074176580945475,0.07132807303729916,0.06837122035217136,-0.04561551014967735,-0.03633221619702531,-0.0492581023472376,0.15384335539735616,0.07327195909547624,0.06332273571863212,-0.023772853850777986,-0.026037481679763053,-0.039155677087922,0.1506221942478545,0.061427730755013066,0.06065593560852145,0.1015827628965631,0.04537348539592112,0.04874745831917937,0.14573825437814336,0.07257744590339676,0.0693925474952779,0.09413622820033996,0.08052789659466253,0.08712388330831478,0.13925003020557414,0.0733519200487609,0.07237406285588066
2025-07-18 00:00:00+00:00,0.0954070821058477,0.1008569379406381,0.10923177534219342,-0.08121370932994354,-0.0803777827598734,-0.05805200535037125,0.08917436553448788,0.08965518609169276,0.10931588259261349,0.04890170426791318,0.007875174139706953,0.028214001212314432,0.10492138519014493,0.10191333659328183,0.10978024583265666,-0.0017312939022452456,-0.04838706702854512,-0.026660559747383794,0.08258827212129272,0.07729943346374113,0.08930806276207703,0.1120999202758759,0.08274631726787174,0.08730376834247311,0.09869273499267717,0.09995136253776171,0.10717816797043556
2025-07-19 00:00:00+00:00,0.02716544267110721,0.01697539867524056,0.008274999676873396,-0.013395398075796261,-0.04989854396972182,-0.03232257804306693,0.024663382020392755,0.005476121734754091,0.005860698214990023,-0.009461074692142524,0.03030863736228917,0.014299624195394323,0.026118549650546496,0.02214660001444435,0.011627442603953098,-0.03535541151932975,-0.02287994333934007,0.015602120495848526,0.01632973068751764,0.011076076571124638,0.010767908624648825,0.014321338149933638,0.04300044426519123,0.048938859613790076,0.02611640315119046,0.02404228489094007,0.01502369043875773
2025-07-20 00:00:00+00:00,0.012082341838638433,0.008279314030886775,0.031627666389925535,-0.0033333578843395273,-0.011525188325130387,-0.007537251983121274,0.012694629827424864,0.00653708194882352,0.03467879343267999,0.004657922581671414,0.0008914489141700344,0.017377234826976284,0.013004735372298182,0.008111072632285499,0.034626640709798595,0.015207915575066178,-0.019877179313068982,-0.05151172824105288,0.013555067218401717,0.003898523711207469,0.016646983459997378,0.017640147031590336,0.01906746925264491,0.011691496373405164,0.013849281026122817,0.010604364782649478,0.028181677723723597
2025-07-21 00:00:00+00:00,0.011320646492314568,0.037320340478091074,0.015424008040701098,0.009001355307378667,0.008938547505376704,0.008928221426336869,0.014866510719464099,0.04712133914840888,0.020423876054728174,0.03558680601642861,0.032374927665823394,0.042865184203129125,0.020157284203094594,0.04297530805112926,0.025225714400857413,0.003442385091319222,-0.0008058853390894294,-0.03542068166165424,0.010375764787937447,0.03488075666996293,0.005870056133704171,-0.005778503846167071,0.0027851229730739835,0.0009083050551104144,0.008403804476139864,0.029965864114961382,0.012956134847582623
2025-07-22 00:00:00+00:00,-0.11082714064995769,-0.0879199759981163,-0.10226282202398684,0.1029056676293405,0.10342122583270852,0.10126650125456238,-0.09616835643719657,-0.0717794331666578,-0.08986769291352115,-0.03323020539239385,-0.030981665492168187,-0.010273323326910555,-0.11753962749611369,-0.09122362508253912,-0.0990273400152718,-0.05898203660515189,-0.07461332704623591,-0.08080724113338766,-0.11085648991846031,-0.09542182264731913,-0.11172474453664905,-0.09011265214718511,-0.09447946931301099,-0.08726176176580336,-0.10662239495923354,-0.089045583407524,-0.09922769654741481
2025-07-23 00:00:00+00:00,0.04084579417527445,0.026021357641222265,0.0186148343314243,-0.028321282610701548,-0.0246982847476217,-0.01938979755757897,0.03660534942123528,0.020616913073822296,0.013363794741288126,-0.11881931725858319,-0.034156747727385084,-0.07972990037274008,0.009151255861540974,0.017011448699489007,-0.002678936123277853,0.13253680669668455,0.1289581734430656,0.031233603038059332,0.06719764551053808,0.05223897188379523,0.02587710453764358,0.005484901116622032,0.01628868421540619,0.013713813096797756,0.033629471749981876,0.024240202401202282,0.0176639299459882
2025-07-24 00:00:00+00:00,-0.015707857529817626,-0.04500093680097417,-0.05152029250176959,-0.003363631839815917,0.02745739876588771,0.060490027132684476,-0.01812130645044585,-0.042259488416936275,-0.03569058098781874,-0.03883999875448385,-0.026450525451530926,-0.05263338504920256,-0.028079523499476844,-0.05346172915066494,-0.06259782544892334,0.044252673254488784,0.07901151042564791,-0.04308169207827961,-0.007894698974420855,-0.02254328230140945,-0.0533179290649517,-0.06861280889364063,-0.032827399329300344,-0.10378737876015132,-0.026245329101499015,-0.042448093768674755,-0.0621426463710516
2025-07-25 00:00:00+00:00,0.015541371320255237,-0.005874647766670349,-0.02561285852067907,0.00029120013613415097,0.01226132776572908,0.004307148094549129,0.014659907310979658,-0.002374932173580979,-0.02445138080044096,-0.053757297569586915,-0.04014418194581604,-0.01907136901902906,0.0031344068984409112,-0.015348741189440629,-0.030991346628822636,0.03838823019603099,0.07811609942566267,0.0017788623464789488,0.023192398016465443,0.014427706411246355,-0.02505683302286632,-0.00894463185943839,-0.02354598095290883,-0.052634977692820106,0.010795351714331769,-0.009510179669868113,-0.03087497967001529
2025-07-26 00:00:00+00:00,-0.08245125070549286,-0.07601131685016616,0.014828613619142228,0.0757458229631569,0.0692753094003935,0.07554673690370883,-0.06001339378395387,-0.057305771616494194,0.03154015579225211,0.006368042669754992,-0.0076569221927544895,-0.023933872573318693,-0.08149426478209443,-0.07525059968825043,0.008029057354907998,-0.004418912583844414,-0.012963014930920225,0.007026296851411651,-0.07219417661711192,-0.06659583099949351,0.014753648171016653,-0.16457655688653394,-0.16990180636107,-0.14813533649463506,-0.09899145991338054,-0.09467163526627687,-0.017561717850682945
2025-07-27 00:00:00+00:00,0.04082816767492403,0.011486906281855891,0.023586438969078527,-0.01583140041862674,-0.0111922807322693,-0.028361848633818965,0.0322170482435955,0.008605938931535606,0.014237820769746445,0.01880571098993733,0.01753841310285531,-0.0063467536043414485,0.045887591979125286,0.016474165190599743,0.02220730420131467,0.0029796255496141733,-0.012518189891174591,-0.008616471805859671,0.03565536862748675,0.00683418421849491,0.018696034482546864,0.04318703877153629,0.020558156803289096,0.042084897637159724,0.04121626140506618,0.014098351801119069,0.026942423534212834
2025-07-28 00:00:00+00:00,0.02522746690672495,-0.007872076233799707,0.019469834704172406,-0.00928053971756404,-0.014645256794365902,-0.009698142218112937,0.019350437830493616,-0.009876435192636146,0.01711735474743259,0.035492782952712076,0.032802510884163194,0.058294939636230225,0.033304319408465455,0.0007429936759564271,0.03105055097619913,-0.10256377497939517,-0.09025105974840564,-0.03608015074888071,-0.001006683759250171,-0.0264809624567518,0.009613453691237783,-0.03986943229337481,-0.014205190946662727,-0.027183906038354744,0.012865705192954602,-0.010535179326572552,0.012330448274564088
2025-07-29 00:00:00+00:00,0.006804670882238462,0.003387836974255265,-0.003405863413380783,-0.019918294592284558,-0.058598833487859214,-0.025816498235375573,0.002314768808541423,-0.010270222703303467,-0.010703377253472146,-0.08097334086531516,-0.06799088553082855,-0.0845785533842669,-0.012315638789130445,-0.01367393112729176,-0.02461776866129839,0.12120175604463812,0.1363014317971123,0.05715756769987901,0.029200366841383385,0.030955380725061765,0.009550453633713207,-0.012994036909264373,0.031029822207450986,0.0011183708324971064,0.0028373990773999935,0.009553724397717733,-0.0023441122294149963
2025-07-30 00:00:00+00:00,-0.042618742227698236,-0.006709708705924133,-0.0022122721990919247,-0.03214469120852792,-0.03176660335687498,0.02470965755179333,-0.05007895269201079,-0.015490125320816506,0.004682199735153381,0.02259226327419417,0.02505808943441412,-0.005526504824717393,-0.038194966585787804,-0.00038352338943337116,-0.0022228452988343195,0.036673463029464504,0.005438861107372572,-0.04264503018243038,-0.02701300545195995,-0.0047610899913690385,-0.012002320811836387,0.04633699216822329,0.04038947811166049,-0.012970613010165888,-0.026644985015672362,0.0029967295854818055,-0.004452097729700566
2025-07-31 00:00:00+00:00,0.024776594587120337,-0.007771250539729491,-0.022438329529810952,-0.02793185180030422,-0.054047831511788935,-0.10744157731708182,0.017909057397292205,-0.019826928837059277,-0.046136947350632784,0.02046403232385874,0.041252392533782656,0.07568133638332708,0.031377495765480656,0.002896943555124043,-0.003940176282379526,-0.024520870349731827,-0.0739305323224908,-0.008482346356003534,0.015124003623857574,-0.022009436669810922,-0.020978724121791692,0.02212888800754409,0.03073255658184837,0.08519586129834988,0.025597708170354894,0.0002899482175831025,-0.0010293363961253466
2025-08-01 00:00:00+00:00,0.05751069011329579,0.056384059711807266,0.04372945675707163,-0.05298537659679825,-0.0676247129763915,-0.08484212623068321,0.04049319794521411,0.038478104284244585,0.02313956829150765,-0.0044075143935420336,0.04713967340076697,0.05547453367744137,0.06183892046362072,0.06728641442385119,0.05993074586814817,0.06875583957624598,0.028257562078776388,0.02066736409135128,0.06286749113352164,0.05545782942596067,0.0428568139083525,0.06499416659064017,0.11069413480116919,0.08455395137161559,0.06558522881574036,0.07148226844637118,0.05773763339902094
2025-08-02 00:00:00+00:00,0.006026340332869529,0.011406958195733008,0.00931803450092028,0.04475958506934119,0.03057618484756519,0.021759600219226405,0.015032715966899923,0.01568204523308303,0.016005031102188205,0.011994580416671896,-0.01598630245291277,-0.016176785483619005,0.009425672714066469,0.008348313572482224,0.008841683979641024,0.02029310470746859,0.03374801891764889,-0.00766734083025622,0.009055216449845194,0.016630839866096814,0.007146781264880886,-0.03448510406095917,-0.03093176726184521,-0.048252645878964495,-0.0030143019747105315,0.0027491431163892965,-0.0009703432535719259
2025-08-03 00:00:00+00:00,-0.06390286958919311,-0.0655126915283798,-0.02791692095149978,-0.09369538690654267,-0.11655461934556666,-0.12545308271122235,-0.08323538256684992,-0.08722905390490787,-0.05519128726802969,0.13371741702562678,0.1313227288681047,0.13871614010460553,-0.03522707032009309,-0.036694718849991315,0.006271292877740864,0.07292328171252516,0.06077863226857083,0.06309368860606512,-0.039310242106017745,-0.042671663895637924,-0.011052755009356763,0.11096388389817435,0.1041824241195548,0.11342335169472184,-0.034140119927313806,-0.034996786460012475,-0.0006945200647797689
2025-08-04 00:00:00+00:00,-0.012785583998526251,-0.0018090257187632908,-0.0065634098703136745,0.03956163684067482,0.04675374074712746,0.044503494261131094,-0.0020231756257134137,0.008043592327475979,0.00384017670751291,0.004875464162325649,-0.003877852588407338,0.01469608362549013,-0.011192758288540716,-0.0007489346558237076,-0.004248658196155497,-0.05264773174130655,-0.06344398017946573,-0.05472193350371235,-0.023109420600634478,-0.01581855974379498,-0.01782049589317225,-0.03647560061113653,-0.03747223271508093,-0.03802597728453139,-0.019943061996471223,-0.009988188985357582,-0.01573043763303239
2025-08-05 00:00:00+00:00,-0.06918502274355098,-0.04270229850297447,-0.0277270831154105,0.02634929011716003,0.020735831461707876,0.023368975682740878,-0.05522949574028024,-0.033698870950679694,-0.018423703871266683,0.0011774888587219312,-0.001071599551084157,0.011810046517008121,-0.07400705765892512,-0.04577904213276074,-0.02767471108152042,0.04930267345574313,0.03764101626621397,0.0531865465139254,-0.04699100751807517,-0.028180117341816358,-0.012289666042660352,-0.011166723897153452,0.0078055663051235236,-0.009811496090694982,-0.06487144384742027,-0.03620696709590454,-0.02826446224914636
2025-08-06 00:00:00+00:00,-0.0019349077680089755,0.03708547319034716,0.02668685356473155,-0.06208333612800376,-0.06010590276671557,-0.06319441349180033,-0.01585113756415102,0.017527028657498223,0.009753478811889815,0.016107767930204853,0.028375249735505648,0.0014604246297305057,0.0020822143704870566,0.049566402899930306,0.030099856242343792,0.022787645281540758,0.02734327663957825,0.04025183585803416,0.0021763148666087417,0.03757293062311917,0.03091868187846636,0.026078382294652203,0.023876895554707733,0.030299916585403874,0.0024644307224599427,0.04022742915480104,0.03264679901177425
2025-08-07 00:00:00+00:00,-0.01999871916072027,-0.028796106169412528,-0.03899527116391588,-0.014737251321308875,-0.0039458703722493604,0.0051351110947841505,-0.02097842349146961,-0.027174649539233653,-0.035742383492263774,0.0294185199242325,0.03892936522021384,0.04770103640154599,-0.01560596015490645,-0.017403460219199807,-0.02580221728436294,-0.030098567257224595,-0.045523336114689394,-0.031560845103945856,-0.02258894433010672,-0.03339035459065387,-0.03828865021080907,0.03237492593092761,0.029207805926332986,0.030225995620355883,-0.010863591914277215,-0.018789148189807925,-0.02748145466748486
2025-08-08 00:00:00+00:00,0.00039615372452095343,-0.01760267301693652,-0.10365671328749193,0.02746092457187066,0.05603172136254653,0.04489165330643963,0.006817692770375361,-0.003824975367815786,-0.08678254853334366,-0.051201598314293384,-0.007187654317504011,-0.047542931424017,-0.013333658415302874,-0.02084637609652351,-0.1114217387162374,-0.018575443099124955,-0.03700644580289092,0.020846333729954702,-0.0029343716234468964,-0.021602972419833555,-0.07965461023688136,-0.09107736028023716,-0.08831428849654044,-0.10461747646545372,-0.021740778934883798,-0.03584876490203659,-0.11573762257082654
2025-08-09 00:00:00+00:00,0.039954195162482886,-0.003194663129727493,-0.011225301947953015,0.010482686059319235,0.006622059117617374,0.0086625879046065,0.042911527701166685,-0.000798678138747233,-0.00801006712756236,-0.018429665320873423,-0.012751740984528803,-0.002392213374140195,0.03162520166298122,-0.005440441791807471,-0.010724029448600625,0.013635135963381062,0.02676036686849481,0.013500609026028565,0.035849523441014775,0.0031328148040545845,-0.006078548713250198,-0.006953745988811155,-0.020101093669768533,-0.05712591173608128,0.03380459776971567,-0.006825331994639305,-0.0228721472220339
2025-08-10 00:00:00+00:00,0.013544700530917275,-0.03260179590627055,-0.056441236765019775,0.025962200675299307,0.01757859627534164,0.037903227218278435,0.02080722564424531,-0.025864960416548288,-0.045827340340988454,-0.027433875851567202,-0.02983996401601341,-0.044632434865605086,0.004870839508341884,-0.037138254387911185,-0.06375967166890684,-0.006207028205582832,-0.005324689930428006,0.006792654983059032,0.010490188309769222,-0.027316813309712917,-0.04400138224471151,-0.011044351909040184,-0.03871804291254721,-0.04459990740915587,0.008691524840576559,-0.03804715487072474,-0.06127869324183299
2025-08-11 00:00:00+00:00,0.03244185316512138,0.005090551834009194,0.005247161484914775,0.030646821727830398,0.032107789786676166,0.026525065484274135,0.04072614061961333,0.011343843421454558,0.01532339849168185,-0.09950057866395423,-0.08212281218815032,-0.08903166018737607,0.007998848591729502,-0.011730664258369772,-0.017419496149341573,0.02219434849842794,0.011794578377698706,0.06957422904438282,0.03170459549302396,0.0066429272302033215,0.019271287889835786,-0.05574775292147949,-0.06226517421162592,0.01144333826375532,0.016730612537062095,-0.008172280405765342,0.006720156423984047
2025-08-12 00:00:00+00:00,0.039911005157573065,0.005721485371984025,0.061851379445927224,0.030016104829237333,0.03672503292842855,0.005986055621912012,0.0446286756233536,0.017781541321341354,0.0617308905240761,-0.057945521147945045,-0.0923419758907702,-0.0609358629783846,0.025021704511662746,-0.015012541522135936,0.04779380992102378,0.03223265233589023,0.11476980369965006,0.058589859705845404,0.04014213342347572,0.02896731212350212,0.0631415289091406,0.015528534733048271,0.034943796326739385,0.05185951296798397,0.039749613521766314,0.011694581064303655,0.06787109595057128
2025-08-13 00:00:00+00:00,0.0040021352179118175,-0.01771287642573871,-0.015096576689971442,-0.07679265543083713,-0.08704712517112778,-0.075985345677402,-0.014104616152876837,-0.03993233741223068,-0.03754455803830026,0.14906714810524724,0.10053422539965884,0.06322680574382322,0.03435772261539327,0.00405540391580117,-0.0009989438099348158,-0.0016700675924157249,0.0047997559979673365,0.019338213609115584,0.003287348427529979,-0.013411329259258142,-0.008319781331199372,0.061397984537035155,0.08458007462006778,0.05132425410507113,0.016124051614587076,0.003096747273486411,-0.002269671009951346
2025-08-14 00:00:00+00:00,0.0006501886375542831,0.02307544487526214,0.019401243211130792,-0.036460967839255565,-0.034187817964703715,-0.03208050448199207,-0.00609550641855261,0.014260623113568016,0.01063883551193845,-0.0037115326029857343,0.009296614352266808,0.0025518274819189557,-0.0005757705935517388,0.022471108910262272,0.01789315621266363,0.04085055290435191,0.03187955386541441,0.04573820733453826,0.009333156337659299,0.02527031953817649,0.02437920018961126,0.06515036083901782,0.06735237642769598,0.07193544907978766,0.015423110015809538,0.03394415776752924,0.031523069462777054
2025-08-15 00:00:00+00:00,0.08951044742913039,0.08720243301915187,0.04877051066318816,-0.0726054534982532,-0.09962409898701863,-0.13312274248575884,0.0736947829186585,0.06366438789568685,0.018280816076495787,-0.03255149963787285,-0.04489281859765348,0.059328032347848225,0.07130865852950374,0.06868806317430476,0.058091066525294055,0.044503457682483205,0.11102930009536371,0.030131145288115224,0.08200016535822163,0.09199723249857428,0.04695230794837291,0.039882592132394645,0.026554810775057947,0.03410692236367252,0.08023605545594026,0.07781855425102635,0.046303724932613255
2025-08-16 00:00:00+00:00,0.011475120575920927,-0.009046218742528422,-0.012793807655340106,-0.00298405361413534,-0.0012250947905707577,-0.00540543375644853,0.010802086707567327,-0.00891841418505046,-0.015210639516630042,-0.02030735854877519,-0.03234996627164766,-0.007465668221775634,0.0063586181454899915,-0.014136043919989127,-0.01328089361730489,-0.01548855001591909,-0.018778713463435515,-0.03326717249938638,0.006457888898342867,-0.010898284017508142,-0.017614064724437162,0.00687739097415041,0.0028504851664223896,0.01196932003887663,0.010054408667095283,-0.006227626418053855,-0.007950040668090352
2025-08-17 00:00:00+00:00,0.002240508751391479,0.0068908876706541555,0.007166464329856792,0.02044593984230092,0.02065098349862038,0.02067955218034112,0.007317002423341323,0.013308514372511349,0.013026446619139431,0.003618137324441273,-0.008032279173917689,-0.016561573278284336,0.0032573293934921033,0.00439144660138302,0.002845710549567171,0.011527537905691387,0.013220197139368839,0.02473363426168329,0.004325110058613024,0.008487617924348934,0.01076839468074442,-0.004960459314445997,-0.00581453596357151,-0.004213582580832487,0.0008976601142121066,0.0043297403597304385,0.004830436921325898
2025-08-18 00:00:00+00:00,0.02903895116865063,0.024799093716964427,0.03927790485290217,0.020642450353483444,0.021793128979490595,0.021178954890819,0.03707191360615658,0.03316645742889257,0.0465565061220945,0.02030499237745409,0.009677999661961145,0.005669103012289067,0.030827629523505262,0.023111785741098956,0.036398445494164156,0.03640744811888341,0.040736811848077314,0.03795503252624988,0.030480700467948818,0.027957925686871388,0.039035464727799285,-0.00854893262295342,-0.00907962248823202,-0.00792307650531987,0.022314879591017522,0.01763531544021224,0.030575753393438765
2025-08-19 00:00:00+00:00,0.010276326449571327,0.0005006826611246851,0.005296845039285403,0.02342388740356527,0.02330046768097982,0.022910852591474296,0.01665774657054997,0.0068752842229087285,0.011909600374101492,-0.06280139850132416,-0.0722161686459396,-0.044001923567872026,-0.004218618955694087,-0.014672036304379077,-0.005440061527139495,-0.036712053322001115,-0.0048932478983177985,0.0304648322364951,0.0007537104357178137,-0.0006109533071052553,0.010399506104293188,0.016337999957679816,0.023020959073990488,0.005501576471091729,0.012153180175920264,0.0052255113472297054,0.004951215439099155
2025-08-20 00:00:00+00:00,0.01667434823383185,0.016798825480608848,0.02273294018288108,-0.027864625496176187,-0.0324497359379623,-0.024838596939525392,0.010539595805903579,0.008980356877180018,0.017673974874404363,0.00303313936993721,0.03704659579104175,0.025516782431484586,0.015505228653125425,0.023606769522786397,0.02470472827439707,-0.027203466743094484,-0.02629368420651712,0.009548074754101243,0.008345351818655145,0.008116564518835467,0.02019852125865551,0.026406122767114626,0.008597565106936766,0.0026261855110949472,0.019113904162741946,0.016174397911175475,0.018086666237357996
2025-08-21 00:00:00+00:00,-0.012554151048741913,-0.003345792738188802,-0.020423872575698665,0.049641934267530274,0.011625086964013542,0.03391301162022775,-0.0014838909968279967,0.00028785291220434495,-0.012647807664568522,-0.025611024825254347,-0.029007708362266404,0.008411494882568427,-0.014801223317444268,-0.010381873519330731,-0.016664952316871817,0.009272949368447136,0.04365053101741223,0.005253562458986671,-0.008519128735905657,0.005921245959723542,-0.015302289940754332,-0.017966069555692243,-0.004362576303505117,-0.026654352447399665,-0.013323979304098899,-0.0035638453024757766,-0.021596484499966873
2025-08-22 00:00:00+00:00,0.052062669760262636,0.03919235707287916,0.05679351784195208,-0.034548425974622377,-0.025568554411323774,-0.06534277242515274,0.04359065783764016,0.03341408746690111,0.04088886802920455,0.053950683214955,0.02268972028631633,0.0556887072080825,0.060707235442399865,0.043186357690963906,0.06612015517205028,0.058972355104322416,0.03315662896946314,0.06786184886361535,0.053348196524309666,0.037897682426645485,0.05902312309017965,0.04808635396184835,0.03966742269170043,0.057309702783420624,0.05130831927533008,0.04022304622267581,0.05765489736841589
2025-08-23 00:00:00+00:00,-0.05525987589821624,-0.06956996063168064,-0.06260835872667037,0.05953166374988261,0.08662338660136815,0.08128705928560676,-0.039217758234523226,-0.050089995037838064,-0.04805508671314995,-0.07669376716330856,-0.06798056114987894,-0.15284477422756038,-0.06978407104747741,-0.07728604545190088,-0.09486727028277597,-0.06645580263973205,-0.09384927032371504,0.01428919419892205,-0.05867592675352695,-0.07655458887221167,-0.046765599012785874,-0.022297496548608797,-0.005812149553538037,-0.09915253769550902,-0.05150946141514268,-0.06138129123632052,-0.0707734085402576
2025-08-24 00:00:00+00:00,0.05646736653526885,0.057845040591224084,0.061759079813616946,-0.03934095059940179,-0.04149989593195935,-0.01515128180272629,0.047611236082033326,0.04554418312975117,0.0565393229650728,0.011240039599869966,-0.015031699625698725,0.0025456417583284985,0.05271074047961033,0.052720118544326455,0.05676763933427442,0.047409473557185056,0.08138503772994898,0.05348679193900718,0.05655258773981342,0.0633955838346183,0.06011820120879641,0.03449403058125333,0.018711077584345315,-0.006980195769939246,0.055955971184964204,0.05246740898611657,0.05035311935100828
2025-08-25 00:00:00+00:00,-0.04117055877327225,-0.024729426197326765,-0.016386436866270282,0.00395089039396157,-0.001984118687225589,0.02035985392090045,-0.038647689569327515,-0.024837210539461085,-0.012476745690484958,-0.049486448616248846,-0.03505458335757339,-0.054105125601698445,-0.04770390490367493,-0.02914628616833692,-0.02549666396392214,-0.022103312771047823,-0.024348374005162543,0.004227434588641499,-0.036770165131976174,-0.025478952349423212,-0.01224129133507823,-0.03949263384359614,-0.05241293183694318,-0.048082833755392795,-0.042466206005734586,-0.03274198330291256,-0.024941250941142967
2025-08-26 00:00:00+00:00,0.04617428162395165,0.02224995097283533,0.0407433265764674,-0.04925983662213196,-0.058407468302340004,-0.06565029248324805,0.03436913868972247,0.005748752304334248,0.02251017652599896,-0.005606053082592544,0.09401992376104507,0.06751369075024605,0.0420547289553459,0.039742886658121535,0.0573503306274723,0.052492422380481685,-0.0022603213624133867,0.01028967147894333,0.04739410861455129,0.0168073909844364,0.034754455316009736,0.021646153505899157,0.08696443626482564,0.07929325022405687,0.043924715011864235,0.037826121279945335,0.05164896329204627
2025-08-27 00:00:00+00:00,-0.06852353765807284,-0.060326667794029065,-0.048189208516444704,-0.008785439750289115,0.049730661723495606,0.0718359358709244,-0.0654030999330002,-0.04682334206847805,-0.029014626580072478,0.02404906683931496,0.0431035375440858,0.013111628906208761,-0.057546031217271754,-0.047556112472589285,-0.04180031686788477,-0.0983254061435479,-0.08541129298749595,-0.11216686670329123,-0.07458486000238496,-0.06495050258183932,-0.060863447654853964,-0.05756166714381694,-0.0503394867752206,-0.03946403741803972,-0.07177524008398262,-0.06317720532745474,-0.05033457099399574
2025-08-28 00:00:00+00:00,0.03188711859425397,0.0238635173726105,0.00515602420669925,0.0021953667689784684,-0.013550442817186537,-0.00977771222607482,0.029785629943220204,0.018085037350539457,0.0036443250969493413,0.019725417304359505,-0.01692163437157157,0.03498231261348739,0.03448302688757954,0.01688918209051149,0.01584698462781642,0.021835379325027438,0.005853406146237861,-0.01390531017231933,0.0299191521163773,0.020430925040622494,0.0015570107265858724,0.033641781916351254,0.025220874205636123,0.026059217848428462,0.035446508137747745,0.026192615230366423,0.010499091734165189
2025-08-29 00:00:00+00:00,-0.0915247137941394,-0.024535132676561378,-0.03412913605870149,0.02468337617564842,0.1303576229928669,0.14492009040888543,-0.07543282392640793,0.006604630706954051,0.0017188166091046675,0.006467030360530757,-0.0036260434784238793,-0.010972528600278753,-0.0799082977095048,-0.023559805946985812,-0.03750964035618087,-0.1333258794133504,-0.09990913897014286,0.02311092586882646,-0.0997629202321283,-0.039603607639256855,-0.02264049578150562,-0.13577813294714736,-0.11607996839393231,-0.10902499972819812,-0.10900592783938245,-0.046007706398453974,-0.056322450814040304
2025-08-30 00:00:00+00:00,0.0001794242605783758,0.02959982726674082,0.03439610829822759,-0.05088840915255943,-0.05938653639916802,-0.05384238637673733,-0.012262051257139195,0.00927517739628092,0.020324447969719772,0.05430146741277753,0.06463382839604592,0.04309043331282747,0.01347371047299406,0.04503968011244219,0.045083231231466625,-0.013368068940009858,0.05047852825326604,-0.020904832866709855,-0.002511746305925211,0.03338394777058551,0.022785692000306446,0.029667555063184192,0.06606988495988952,0.0411845832852098,0.006566592041185926,0.039669611679957306,0.040935591622146106
2025-08-31 00:00:00+00:00,-0.023908299264058352,-0.006745294120828249,-0.02313624826206373,0.02427158745173008,0.024763112969114598,0.024474107505190412,-0.01734362682632773,-0.00025923881750522515,-0.016169261819958036,0.005513625031127178,0.008638365630007971,-0.0027145846326809275,-0.02065962909460839,-0.0045665927813766105,-0.021554162884605432,-0.00485099347591933,-0.08195864527271912,-0.0858877929597115,-0.02016504006018449,-0.022395481163091424,-0.03524823491163864,-0.106158276362471,-0.0986100961764248,-0.09299478757469237,-0.043648025964447945,-0.026475834963789135,-0.04004097500018988
2025-09-01 00:00:00+00:00,-0.007979339559674559,0.009782449117864633,-0.001090101150632794,-0.022806099832752502,-0.02287049992691903,-0.022540850131516077,-0.012445337186857808,0.003411465592229268,-0.006203857799663037,0.007174278547916746,0.021167434946792074,0.015130280115520867,-0.005077079029016218,0.013192038061866862,0.002545019746524435,-0.008691382090538768,-0.026289991880068975,-0.02026775056546959,-0.007860918052687849,0.0030588350849096724,-0.0046281744203600095,0.002716909104226062,0.0025911539693417307,0.00217446596960702,-0.006530115035554229,0.00871922961517635,-0.0006990403700870562
2025-09-02 00:00:00+00:00,-0.04166912001863654,-0.02368814524216345,-0.010703047088205131,-0.10396530812076155,-0.13704769288971397,-0.0968381870040147,-0.05915328020969368,-0.05145898929871129,-0.0329020678936478,0.006833254652095944,0.049693963213219616,0.02226428886383225,-0.036588430291981444,-0.009250720185219885,-0.004937764189687943,0.011391825270091527,0.033701337827754196,0.040850946115059905,-0.03379930963879629,-0.014006762244827997,-0.003284169823750238,0.09287373809291988,0.13165489645759054,0.09603743873957415,-0.013423116384000289,0.006627617175027023,0.00807767247271829
2025-09-03 00:00:00+00:00,-0.014507175183112064,-0.018930711568717506,-0.05439124643880178,-0.028512251407552314,-0.035510748238263834,-0.03529814065905168,-0.020754858621877315,-0.025039411298856007,-0.0562416541824724,0.04623596087992832,0.0010774204752079797,0.0711828535432737,-0.0014212206077059975,-0.016952851964356475,-0.03266213277807861,0.0028580038000745045,-0.0011864470184500542,-0.016697445882056683,-0.012275569566369438,-0.017331155011074295,-0.05110485827389122,0.009358058474514097,0.014823249993562992,0.01929959448636942,-0.01122938079072644,-0.011951410276058061,-0.04170960032379889
2025-09-04 00:00:00+00:00,-0.003356788646422859,-0.017476771564795768,-0.0068568608926243835,-0.0040785179166805685,-0.005497530442414966,-0.0038228206719838065,-0.0034462713229759245,-0.0182596473087121,-0.007526744486560766,-0.012135810142571812,0.009145273672874987,-0.020872266567912745,-0.006155655072336952,-0.013827701530605974,-0.009769745317738998,0.009472715138244325,0.002643600839604243,0.002801303314857284,-0.0009090004729820356,-0.01553499116019963,-0.004769095096533893,-0.005708282781599516,-0.0008279818624210566,-0.0023498708831146686,-0.0043578224474865035,-0.015433324444334873,-0.0062749866560845025
2025-09-05 00:00:00+00:00,0.04533355915742776,0.061663795504200314,0.03399824514860983,0.040363778023441155,0.0404566625200391,0.04370211619672504,0.0542009026995407,0.07272754040045593,0.04356902070248991,-0.002446115356902645,-0.0193974181925195,-0.005322435681213822,0.03863561577078678,0.05124802634660486,0.025959354028099346,-0.1052158189719502,-0.0836371235234451,-0.09235648474584834,0.015392477551338102,0.036777501951357205,0.00978324860960944,-0.043488180302706625,-0.06155037802448615,-0.05490344388105506,0.029278262896755614,0.039004473177145504,0.016762302806617058
2025-09-06 00:00:00+00:00,-0.05056375085744824,-0.0615763910308369,-0.02077628055025693,0.06611158186270694,0.06478891649435292,0.05612502894768445,-0.03324419111948529,-0.045107244909059374,-0.0074205514157826835,-0.05517408332048834,-0.044595614169444464,-0.040751966946443785,-0.058934053906183004,-0.06282805808875824,-0.02652380905325924,-0.06409426127015949,-0.06429068813115801,-0.055535715065312186,-0.05713410792006712,-0.070104148360706,-0.03194667240425009,-0.08100341729335847,-0.022807802412764366,-0.07790862620508898,-0.058213165221576046,-0.059330991479941586,-0.03480541469474663
2025-09-07 00:00:00+00:00,-0.021241110232652738,-0.02379900289879089,-0.030758358783637085,0.03587293476639508,0.024975941132930668,0.04531816856272397,-0.012619286149889608,-0.015174211339592958,-0.01881628098975152,-0.016030252418714586,-0.023690681155524307,-0.023469148777745197,-0.021505178322009266,-0.027339701485404433,-0.03205338713429984,0.07610922218136751,0.06538395099178329,0.07433117065037198,-0.00296941177634813,-0.007271363211326265,-0.012776108064099678,-0.009257412910204543,-0.02336556616977692,-0.024171601419346822,-0.021692679359831768,-0.024200419660844408,-0.03221116075522634
2025-09-08 00:00:00+00:00,0.05384736866073303,0.028993545198210846,0.0375104046946475,-0.01477405057937542,-0.016155474726930796,-0.022139467511431254,0.04570097802043094,0.02447021133560834,0.030400274422187623,0.02018235253323919,0.041784064105704344,0.047181087431278135,0.05213413874690698,0.03460476620632136,0.043199865049755815,-0.05260726064950627,-0.045771233510191744,-0.010819879769991991,0.03833560017020088,0.014895731668947532,0.031048229445111986,-0.009504036785080938,-0.0077213749607093485,0.0017742330445347232,0.044874597089971324,0.023295744328697632,0.033283240120875135
2025-09-09 00:00:00+00:00,0.06384291389323216,0.0939164073954224,-0.010656548985450431,0.03716100486983054,0.01670443037332081,0.028962902994259965,0.0665931855833648,0.09549487937603485,-0.003431265992874355,0.07626194024578248,0.07237226907505856,0.07276758371287806,0.07230668829788622,0.10037833975677302,0.006561627342420939,0.04165920173081794,0.034870831450025896,0.14220098103393441,0.07381426641226918,0.09084569030776168,0.02032358830420966,-0.03431828453953256,-0.03213325626478647,-0.026572250481717186,0.04882819118987447,0.07284677630012681,-0.014008329828093968
2025-09-10 00:00:00+00:00,0.11736650732963327,0.14179079871488187,0.06217076011618827,-0.05762545531004315,-0.02446876865934644,-0.03332848017041168,0.09513435273746396,0.12645788422445303,0.04508812459263578,-0.11380731502716701,-0.01173777441554158,-0.0576906435747806,0.0803713797906771,0.12592227940304146,0.0419143752858091,0.09177364576020297,0.12158213430367248,0.0881131734686551,0.12415799891007362,0.1509308007920016,0.07474362025862202,-0.029284594875473635,-0.04348173294390556,-0.03967535718929538,0.09753253018846753,0.11482407896804814,0.047465206870541454
2025-09-11 00:00:00+00:00,0.08761966098212892,0.07490259641718766,0.016898693403071707,0.06290979189362123,0.07159501344063224,0.07788777225445664,0.09797619405608193,0.08179937789793734,0.03365591045852234,0.023336540495021207,-0.05070986206141348,0.03101320636930005,0.08395796076819018,0.056987724756611735,0.022871824909936445,-0.07910286572192271,-0.02696554860579503,0.025024570798315215,0.05830413711734117,0.060888147695352446,0.021918267931734015,-0.067848178003173,-0.0664588920355309,-0.08753629120881745,0.060362745107716886,0.056832375407843694,0.0006569151086561753
2025-09-12 00:00:00+00:00,-0.03581232569409831,-0.03344634201727492,-0.02972104931938413,0.03446066633376743,0.04137633187582401,0.0034873917786908404,-0.02614960612759365,-0.02398277569898777,-0.024321212901121658,0.08935287905967604,0.03930175115616663,0.05948330833623783,-0.017952746464637848,-0.02060744231304157,-0.012281244183197204,-0.0026034492823416855,-0.04276318421942349,-0.03579954439143229,-0.03288241460712782,-0.03781332131671322,-0.033748328396514204,0.011239278338158298,-0.010624814406122396,0.04248439223986522,-0.03217718150863347,-0.03111088371697235,-0.019155661469961616
2025-09-13 00:00:00+00:00,-0.010897890022416146,0.021374334217702406,0.008219081858625632,-0.02217285145161163,-0.04654451506617596,-0.04322693420850998,-0.01801456700904558,0.011473804615505179,-0.001985364457088634,0.010756302834895815,0.016452432509669546,0.03292149080346074,-0.006810703567049492,0.022347287650107184,0.01583829965904049,0.019778571644412546,0.018537649667027978,0.031439601277673646,-0.0054818596954641086,0.021963576811110608,0.013368175817730199,0.0663760081428233,0.09137433824644892,0.0760774722127675,0.00504694860157584,0.037179169551363245,0.023375019599545244
2025-09-14 00:00:00+00:00,0.011257405021223965,-0.017031458363711005,-0.03246279685511044,0.05789026219111393,0.06084402048433346,0.062252878541342316,0.02433174670958982,-0.0023799762247543876,-0.013682069618849657,0.009608803121982312,0.022460095708228822,0.033134238155957174,0.014591902316792194,-0.010486199064036916,-0.02367504116708241,-0.08156300598970778,-0.07170741967659133,-0.10737002719209521,-0.008470105803091932,-0.029547299800690707,-0.05029083463258888,-0.016417377493545215,-0.020496889746444813,-0.018142469206475886,0.005633844683930134,-0.01839560807138807,-0.03141904469226642
2025-09-15 00:00:00+00:00,0.048472421293755286,0.04020787851297003,0.04940212617238071,-0.010417406047319666,-0.012515979825737378,-0.013070585024539838,0.04706263156850343,0.03784314363765384,0.05070777263353965,0.0005385235994315174,-0.04521266946009872,-0.018279038960651306,0.04276131540078776,0.025561220619372937,0.039680601139054916,0.03846302387673162,0.04159161946328416,0.038644111596845665,0.04803446201226591,0.04362885882687628,0.0501811057502628,0.012325458578717807,0.013490296773185584,0.013500702337340353,0.041248133034433865,0.036040173923531205,0.04363648593877101
2025-09-16 00:00:00+00:00,-0.017724322942643256,-0.02356792992716039,-0.023316581637055522,0.015080103187870675,0.012085582961838925,0.011684358550579255,-0.01472786123217007,-0.020773458330327954,-0.0202232323713184,0.02951382776392797,0.033531387063990614,0.033883608243388874,-0.008847675882613704,-0.014282602490405805,-0.013357059401558846,0.03344407062885768,-0.004279960948432859,0.007546171048304906,-0.008374758814261307,-0.0212287623604005,-0.018638839160773024,-0.038426126703062446,-0.036378920207951304,-0.0428380507689089,-0.022032632087033766,-0.026877867078516582,-0.028253703270259556
2025-09-17 00:00:00+00:00,0.021727573991559668,0.013014632271163284,0.014880453014962214,-0.01704793317362574,-0.016270423584807014,-0.016608703044178053,0.02038427491150485,0.008848288910888735,0.010449855915237949,-0.01308391842654788,0.018703885132266507,-0.009138155512119162,0.01665319299389756,0.015690264172844248,0.010724729824898027,-0.011614366641117146,0.013889225803073835,0.00994077887774547,0.015498472524917428,0.01455322164175521,0.014945174297432029,-0.008241648796428191,-0.004716601012274557,0.014088049723793628,0.016721237344339723,0.010366466443092692,0.014816542304513902
2025-09-18 00:00:00+00:00,0.0001650843103302435,0.016585543724626284,0.014786771901659002,-0.017852137566913617,-0.01913032895886635,-0.007315074051215009,-0.004698802566008742,0.013327882748492392,0.012500432025645658,-0.007704403071074006,0.0008886138434165414,-0.012124481956382382,-0.0014252221311460422,0.015182651300398309,0.009874268531406383,0.02682432800985124,0.011876249896265678,0.0064714495296374075,0.006252085331730717,0.016248772706189518,0.01459974791128471,0.028338708992699635,0.028967202267279335,0.028391892077060943,0.006123147663701811,0.020406175128531157,0.01826970809174422
2025-09-19 00:00:00+00:00,-0.0229401179600196,0.005646163084662703,-0.007097320408174457,-0.013792465266380227,-0.036317522305360894,-0.03700698246147438,-0.028805018482030986,-0.00389242036079529,-0.018720741370932825,-0.021349868431915664,-0.005418955382324286,0.005204054532415903,-0.02660929991472749,0.0037753911548659147,-0.004662172058808034,-0.006531951425853055,-0.03479399423083196,-0.04893565276104206,-0.020566984359201235,-0.002852979209991835,-0.01582397715361694,0.010176162891977869,0.011367946955339603,0.01249528427906288,-0.01684441082421395,0.006686533483737378,-0.0034213835423370087
2025-09-20 00:00:00+00:00,-0.017418520279515737,-0.021489206165797192,-0.03540057897697424,-0.04129216540794778,-0.04291111354595678,-0.044105621374328496,-0.03198381179628129,-0.03722671759942342,-0.05116056784570233,-0.013786272833674174,0.012042388885699529,0.006203032224931571,-0.020230375480084883,-0.018406103674884933,-0.03194982039764105,-0.0649211228943607,-0.02501697817557247,-0.01760714744760361,-0.029216787220929352,-0.02156377720528413,-0.033862443678719156,0.022260379635979488,0.024302145774777184,0.02081373238274975,-0.010372481639145503,-0.01283889508236813,-0.025004387315320842
2025-09-21 00:00:00+00:00,-0.053544154976050806,-0.015653435873279276,-0.020786525725838945,-0.02793854581186428,-0.023523432101665076,-0.025312964408014116,-0.07170864005393451,-0.02598062314519123,-0.0300620372319218,-0.04313618016113174,-0.041153433355020086,-0.04882664787300328,-0.05773825531239718,-0.02690543955042457,-0.03147627909053485,-0.0008657772706960332,-0.010077217203538047,-0.010109386432864853,-0.047091500139190945,-0.013317353359204587,-0.0197649279613481,0.006176868028408888,0.0033337101092831833,0.004852546068456087,-0.043864405852774735,-0.011964349277599817,-0.01588995998736331
2025-09-22 00:00:00+00:00,0.054196384629555894,-0.01999875821726249,-0.027511384122384075,-0.007969768381920317,-0.0009518057161846949,0.012926984686395082,0.0608902299198093,-0.024469528593220713,-0.02796744757490066,-0.040872508249726325,-0.006064080344228562,-0.014303772145168203,0.041205340517308287,-0.020513789600407617,-0.030981620500619367,-0.000455148391848903,1.717921608856976e-05,-0.054304196180140485,0.04689822231152019,-0.016164367885714737,-0.034884842212410394,-0.03222986826166341,-0.03343425692739299,-0.03418181410249033,0.03887469525528786,-0.023350266747010684,-0.031227994945569826
2025-09-23 00:00:00+00:00,-0.01284519956963981,0.05963168589744905,0.0501621745676466,0.00919128452613327,-0.02443802677035889,0.01178483389535212,-0.01764090374415328,0.06267647481049665,0.060119345060977825,-0.09870169019476527,-0.03308861977954136,-0.023570717361328097,-0.03359845069022582,0.051031429948174445,0.04304761758438813,0.01185617543562012,0.08100106228374648,0.07679296363282861,-0.007235287786481193,0.06945474175417687,0.06054766790958532,-0.06129363802142174,-0.05928901037455492,-0.06173977802504815,-0.022033048758546836,0.038555720541092686,0.02953862408219665
2025-09-24 00:00:00+00:00,-0.01785134076990824,0.04838873225035201,-0.009922520789115707,0.012627086693280054,0.013974625476690594,-0.02097282987310356,-0.016625815780653697,0.05417594822877958,-0.015436545442912175,0.019388386461663965,0.029577577998923132,0.021658586441965166,-0.014667453187429125,0.052782829803699194,-0.005040491586847273,0.05130171498067715,0.013955174067370901,0.051988633191750955,-0.004327881453037641,0.04597142918011765,0.0027460441082336473,0.03449946676312199,0.013035620280605675,0.02619987189018591,-0.009194628647312464,0.04581742063547667,-0.003875368406021984
2025-09-25 00:00:00+00:00,-0.013781716504073671,-0.04162199189103444,-0.023546421085033797,0.015508597952260672,0.01231360511267332,0.03766150921409639,-0.010267961835982886,-0.039591483807753014,-0.015298247973710377,0.0035540977346841807,0.007015171524056951,-0.011188264622646105,-0.011910705515914444,-0.03721539970397236,-0.02501100193124839,-0.02329565650142429,0.00807984730641409,-0.061126861384257936,-0.016860107668422608,-0.03499576700050078,-0.03360741755805652,-0.02314909119945041,-0.03085991735756044,-0.00915478535375125,-0.016436347817841424,-0.04241609134389124,-0.021886859776880097
2025-09-26 00:00:00+00:00,0.01212009020602789,-0.04249123171802871,-0.12588208453464955,0.009691270166272803,0.028905820208834365,0.02946042237759605,0.015938870678042116,-0.037030792647004596,-0.12332681027111303,0.03268828548109659,0.06351166320790202,0.07067316880351138,0.020049560691841384,-0.025555599854404365,-0.1037375469010764,-0.015982758220820625,-0.002669570242868735,-0.21788480531659482,0.006898018387459626,-0.037783708877268896,-0.15011103282408866,0.03340231724818321,-0.13829132666088584,0.07416221430357761,0.016111136597413145,-0.06531844073057813,-0.08503757941465917
2025-09-27 00:00:00+00:00,-0.017585822518049188,-0.025680640421589462,-0.04568160425839529,-0.006173952940107363,-0.0008062206442397413,0.0008837501672005477,-0.020799341997324694,-0.02616101597063225,-0.05178380200755628,0.016265325256413554,0.010822709771132644,-0.026614770410543498,-0.013258538330139902,-0.02304276733488031,-0.049278107740200916,-0.05086798017974614,-0.044299177175693094,-0.022611451817733497,-0.026158657956686926,-0.031681493531544036,-0.046194365996011344,-0.022911853809573723,0.011060396806383155,-0.0221098464428392,-0.01930296441102286,-0.019661207363036448,-0.040913347821422974
2025-09-28 00:00:00+00:00,0.030706817151764376,-0.003185445707972634,0.022369431676748652,0.0560519597178224,0.0006875219759745477,0.05589130599682579,0.04754090086165852,-0.0007341647305523225,0.03719297804910915,-0.08444560037172932,-0.053778749444176044,-0.1406663857419117,0.008312750594665408,-0.01694810337036945,-0.011272264407209964,0.06790174768500812,0.0034627026369937752,0.07385835163249332,0.04338502084030038,-0.0013252356996997783,0.035198317403570156,-0.04026695017633375,-0.1984831320437619,-0.04779225015125499,0.015824833197615185,-0.04308763495306678,0.009624039491344272
2025-09-29 00:00:00+00:00,-0.06149074140831767,-0.012007502628608613,-0.045742045126728414,0.0028215408680412057,0.0010887728563158117,-0.020075889939613623,-0.06248671288107277,-0.012419183608193829,-0.05159466596792406,0.03758199368045578,0.06810610716725796,0.07914365005713164,-0.05364700676770362,0.005173870737079644,-0.034252680010766645,-0.05198173521043781,-0.06438049736967522,-0.061383778760539576,-0.06546305989853696,-0.023785461123374096,-0.051006032991602335,-0.04264182673161909,-0.0357742130055021,-0.005145712871440167,-0.05875494785553603,-0.016318223713041258,-0.03813336937278344
2025-09-30 00:00:00+00:00,0.00559696150372857,0.0027144310640203617,-0.028301046259118334,-0.07146722304646214,-0.07270394176303452,-0.06484224105849734,-0.012978607765854577,-0.015925741026781348,-0.04230052258175088,0.016848223010975882,0.05976100847371901,0.07977966934258096,0.010716412475310078,0.019032136476033967,-0.006114115724979996,0.034397745741566066,0.036180913560217354,-0.013475497372292922,0.0126854094805946,0.01067106625410763,-0.02851500463650536,0.05900380266705807,0.04597278368596425,0.05335468649304387,0.016354185122491982,0.012580048149761103,-0.012963396578592912
2025-10-01 00:00:00+00:00,0.0070729667725459855,-0.04625144143939419,-0.07805257873497651,-0.034816971133322494,-0.03342420134095425,-0.026021129402026832,-0.001176192417120081,-0.05317464205015232,-0.08284229814310451,0.037820894973732644,0.06869953613309532,0.025892353201147023,0.018599093203034656,-0.030942839059383775,-0.07716435332848215,0.034484794483254255,0.02553263212047452,0.0278390090893732,0.012473437544124666,-0.03149619596420383,-0.05719923845658548,-0.003362703130892264,-0.0029181432150053865,-0.025785888896338482,0.0052214809806661044,-0.038719703312357745,-0.0697148097667516
2025-10-02 00:00:00+00:00,-0.007507192458237388,-0.035682664055431856,-0.09021809808113601,0.08710338335647427,0.07725855568652285,0.08915046875372878,0.013498333184293054,-0.015678664681803345,-0.06405651076770769,0.04956046475841869,0.015871934139256583,0.04063584190055036,0.004952755797106301,-0.033103592987738906,-0.08208081958892322,-0.017102733792009106,0.016499319936920775,0.014326740105156555,-0.009314806617069515,-0.02577671110905666,-0.06972589316779998,-0.08416220771758842,-0.061287218899600315,-0.021903332535939457,-0.024720451965662082,-0.04287253498574872,-0.08095751267924178
2025-10-03 00:00:00+00:00,-0.018623483675756947,-0.009268721138867675,-0.005203997557912121,0.027670863083740116,0.03664140261614235,0.030389513545084235,-0.009318699666138297,0.000400085059365729,0.0002547637354086696,0.05142614793417133,0.03327535776668,0.040636265905599434,-0.0067191246620690315,-0.0010698917674230035,0.006984072704448563,-0.04445886212381911,-0.021715970080133817,-0.06361328282734346,-0.024086415969827857,-0.011244782395745556,-0.0185524525567603,-0.016087283363274585,-0.010287702616785688,-0.00198163047100941,-0.018086597414484595,-0.010614902630978529,-0.004266193236862281
2025-10-04 00:00:00+00:00,0.06632574100265609,-0.05039267692889293,-0.014829234385260848,0.07433647300249646,0.0701548510913157,0.04776826915310295,0.07822615758051055,-0.02850277074947194,-0.0016706682705091014,-0.009120189923110034,-0.03903186638176326,-0.03066728366973359,0.058481353866504326,-0.056720269474327845,-0.020212798611623728,-0.038135030244279666,-0.04929149139318256,-0.04759230780756707,0.049588913770116205,-0.05359707558271354,-0.023119294605947416,-0.07930992154803485,-0.06822593530739884,-0.07079398904133316,0.042756145593210615,-0.06115351038460892,-0.030992507319683504
2025-10-05 00:00:00+00:00,0.02353194104746481,0.0666806198159926,0.04600354088696568,0.02418050393856208,0.01628974479334655,0.016714935702961453,0.02629726367568419,0.06316700665324837,0.04478198696945235,0.01247793912324302,0.012640153695313128,0.01538596785129065,0.02370268560729083,0.06316354575791228,0.04503746370240469,0.005803516365985972,-0.003055373618854995,-0.012607700339644201,0.021489761694881482,0.056599226322805896,0.036680021141342056,0.003450797927467164,0.0023687998059049864,-0.0024956964255602454,0.022064196033315442,0.06270269156790853,0.04374537031965131
2025-10-06 00:00:00+00:00,-0.02983625085244268,0.0150197005105146,0.016205561699344617,-0.027214505298306157,-0.02592012204029115,-0.04971638946493595,-0.03292958131003043,0.006793502972988419,0.004503702777653995,0.02110889561778473,0.02166141798586918,0.023074875384281768,-0.022630194481524812,0.01812948088394939,0.021493083538059343,0.035692373743773764,-0.005442855351334819,0.03976698644710486,-0.01878525691884103,0.012590474382190964,0.021923591137045673,0.014307179272649684,0.010078423274187287,0.016053288267863453,-0.024506218660972023,0.016220082277791592,0.01840479444245413
2025-10-07 00:00:00+00:00,-0.00486729361392646,-0.015928383256504697,-0.02459578992298328,0.06721768631640712,0.06938398185430361,0.06985697323209461,0.008861323492243889,0.002121353815345728,-0.006630824853904538,-0.03045452693134798,0.029031747192829416,-0.007994530062374494,-0.013216296053889298,-0.005647144306319851,-0.025346319332842704,-0.05934087554400225,-0.0600623741924875,-0.008313175647890025,-0.017862071171727667,-0.024359694588887315,-0.02297734547531305,-0.03881388449288026,-0.04640010256357452,-0.0394925155124326,-0.012458000418603898,-0.025500304879755298,-0.03047416355652799
2025-10-08 00:00:00+00:00,0.04261290051509392,0.04277066715095623,0.04114840010355936,-0.021140460053643784,0.005615762133200697,0.0007908665502778245,0.03653401276193824,0.04075435384030168,0.03758997597002289,0.019062310780822544,-0.020048364781317662,0.047166458634273045,0.04574980197713163,0.03489969831495254,0.051491350725331175,0.052479506175858504,0.09342892643012601,0.053907155362644676,0.04877265131762787,0.05450898139161442,0.04673813825865958,0.026596241723362946,0.0321498971829417,0.02814281022601861,0.04339468771064414,0.04608753578688041,0.042378612388350057
2025-10-09 00:00:00+00:00,0.1235489309761435,0.09793470299862927,0.09139475382007389,-0.04093952542547319,-0.06347124788643388,-0.04341481477793807,0.10284156032178782,0.07579836759400305,0.07495292605519444,-0.11474879045930486,-0.03910905860738223,-0.015466643264346769,0.08777643946017166,0.08544238279685801,0.08134801075700038,-0.053576781953941666,-0.07140397431921097,0.008386937838886332,0.09136985129199182,0.06717010439970927,0.07927763656870357,0.03963594272030635,0.05180771695892017,0.039372532882361755,0.11614039197542869,0.09644896773118905,0.08827618994052644
2025-10-10 00:00:00+00:00,0.12388144747313223,0.09113156147380641,0.1414523057160122,0.0017094018695742452,0.018019708779243304,0.17241654776677628,0.11241707747638396,0.08657420113687464,0.1646711497242439,0.02057652915303243,-0.0011389495919936765,-0.0804696802943563,0.12166996790376339,0.08600075696226339,0.11345630547937957,-0.042112706453142246,-0.014590325997737352,0.04700282902043651,0.0973923094966771,0.07332021466670091,0.1257370093551271,0.019428700687615708,-0.018190892451703244,-0.16278786291357428,0.11249119704977772,0.0753029086446444,0.08806770621270998
2025-10-11 00:00:00+00:00,0.1682392536000612,0.18271926040376352,0.2869855672954016,-0.15655480904604135,-0.05135955499808931,-0.05357769939900581,0.1199502020410288,0.15475314756576597,0.2378157453386267,-0.11946451868166741,-0.06621915535363421,-0.28594386457378396,0.1338830524831407,0.15140336309198088,0.2088037982627191,0.16948846014125674,0.03234466300516581,0.23975594433746994,0.17176173522417715,0.15751257209948522,0.27883808682386935,0.1741088369406505,0.0814511395986468,0.07240307568635851,0.18321471149626056,0.17755651493025293,0.2822886122886663
2025-10-12 00:00:00+00:00,-0.0019385070853239483,0.001353947501048447,0.01796402281660825,-0.058382620159326715,-0.06577548888045592,-0.08087408483858949,-0.013043544850597444,-0.011218015352454813,0.0010926797291892498,0.0032898078489473903,-0.07132888128758319,-0.11629165013188147,-0.006255338319858583,-0.00998899962336075,0.011292628990683395,0.03018238867515155,-0.007391309517548406,-0.029888374064076517,0.004833069689633707,-0.0011961642891537005,0.008715071747927183,0.020603962667457676,0.0057628962700786435,0.048271148041641565,0.0023754118386978273,0.0038946524664651427,0.021984325919691017
2025-10-13 00:00:00+00:00,-0.004174608306062644,-0.11560961344197918,-0.04774547817604713,0.10109428955465383,0.10444735024296925,0.11017627795939089,0.01697941336458486,-0.08595441620396882,-0.024363704630220195,-0.015055758872455804,0.16162856145710935,0.02100075658165257,-0.008893177766874594,-0.07641371685750964,-0.04556460736764034,-0.018688379835992586,-0.06453180768473854,-0.010135667115817704,-0.00660769109284709,-0.10685981523330745,-0.040552749895148676,0.000557722359472379,-0.10435869316036339,-0.06336160502740462,-0.002798306377237769,-0.12144762540701481,-0.0531012364957707
2025-10-14 00:00:00+00:00,0.007216216257734942,-0.04707474537898326,-0.039010827243064816,-0.0010233363416926045,0.06123445996298149,0.06287250034109482,0.006255178141004514,-0.02652882486929442,-0.021135923371339516,0.046520620368365684,0.1133103151505277,0.11830877996320455,0.0181398484624955,-0.010234915137660172,-0.011344698820065169,-0.1331247402390019,-0.12852195125237786,-0.05618057291846812,-0.02001646583689831,-0.06551108826608276,-0.04299528491255744,-0.11098180168415916,-0.17095920252176067,-0.10764438455761338,-0.016436128965715113,-0.07764355256537692,-0.055553891094685226
2025-10-15 00:00:00+00:00,0.05512307657434756,0.06800708364587926,0.036435438572356205,-0.0195346059407403,-0.06705513322806533,0.0014989495238264539,0.050304497827492245,0.044240756368340906,0.03779401013756267,-0.04428038008203017,-0.046543361215217294,-0.03223449190865724,0.041300874854660385,0.04439078291026499,0.026793261805774238,0.05246414038984226,0.03131850486897192,0.06950664952554586,0.05450335645820825,0.06298819247003462,0.04338971395119584,0.05118364972070566,0.09986659163080991,0.022064362585807906,0.05634868248782632,0.08096302385910081,0.03538889463205441
2025-10-16 00:00:00+00:00,0.026070322954359737,-0.0070830357295484925,0.01030777434683694,-0.10360142205755629,-0.07783293614114462,-0.03332946987947949,0.0012773069792388902,-0.025424804488572983,0.0022120659667075326,0.06599899198024306,0.058663981106169105,0.031028321392349012,0.0358067437389864,0.007099051796777056,0.020188137928616623,-0.010307134798628548,-0.03193515307497785,0.005201123027960941,0.01967852484631183,-0.011756778939416956,0.009208096774742769,0.0965570897064123,0.06667688576011388,0.020314479069479807,0.04180728791791366,0.008507695902130852,0.012204475858295538
2025-10-17 00:00:00+00:00,-0.027339336805650483,0.013285401239214512,0.001016205171237905,-0.011236504300249472,-0.010563570088227725,-0.016261182238766048,-0.029092083288438153,0.006979838986018061,-0.000865210721482712,-0.010116570130009106,-0.022627965762388014,0.004207323863561818,-0.025833651831146942,0.00019443878782765545,0.005751285434006048,-0.06133505252055149,-0.027684856656659984,-0.039129608927618964,-0.03377319056968253,0.005349785854770639,-0.007073646312888093,0.04703123465304371,0.036061491145457314,0.05447122574235519,-0.011919428656176567,0.0183985719981401,0.012717138024355812
2025-10-18 00:00:00+00:00,0.0758882743576701,0.04345672167322534,0.11818556486867626,0.008098315716563054,0.005494203842532963,0.006844076124132403,0.08019249462617828,0.04470398488517846,0.11653428872815264,-0.033646603630464456,-0.02739335644206975,-0.016992154316155084,0.06566810510232157,0.03348715616739306,0.10015326914792522,0.10449042348517179,0.06339101050576579,0.10115985757000945,0.08128532671075361,0.047976579390444085,0.1150673353817846,0.0037013516626616116,0.008206899552974045,0.008852203105940593,0.06230816550907892,0.0366714428267183,0.0959989892858828
2025-10-19 00:00:00+00:00,-0.01238604744955163,0.006708423075514114,0.005407039664693913,-0.04049907426020072,-0.04054928290745463,-0.04104958532486491,-0.02197867575777135,-0.002148512872929831,-0.004746184258030972,0.02568855572038342,0.02246600130538723,0.01388074718294785,-0.006172043879447364,0.010390006473561808,0.007379696858182516,0.016247812840447073,-0.016409710073846284,-0.031833441148657604,-0.006586225051032346,0.002260068707790941,-0.0021263549658124825,0.03567564619347041,0.035279980278130285,0.03598113502240152,-0.003137924505816625,0.012466264615711209,0.011269282986105189
2025-10-20 00:00:00+00:00,-0.05005305119522363,-0.04780115173374411,-0.039302934485434426,0.00836142044309729,0.0074738610503797265,0.007600685061723844,-0.04447975788755043,-0.043062505384641514,-0.03730777337624991,-0.0668193966586208,-0.01625722425227072,-0.03624610546030482,-0.05796302391775465,-0.042920628339614186,-0.041822549780839546,0.012707174141740607,0.03442129600582611,-0.04252175216232423,-0.038014650351305024,-0.03171258187525905,-0.04005062597408182,-0.013533810795615664,-0.011943021587919378,-0.01507528700784222,-0.043335478797268845,-0.04032709814983715,-0.03482902744721528
2025-10-21 00:00:00+00:00,-0.09208893425969755,-0.05926418573368908,-0.08101476684367304,0.05686252476927822,0.0522429636372892,0.05315665710126627,-0.07171747677720852,-0.042772965307087074,-0.0626363097162751,-0.11305834294933703,-0.06367111313806961,-0.06467346122281115,-0.10577367903508106,-0.06485994979388754,-0.08369185568097526,-0.02162828415427831,-0.012828375068299702,-0.0336325580854161,-0.07841303154504309,-0.04901212766744145,-0.0720031339421272,-0.019093597972575593,-0.01669283674771016,-0.019397003674672897,-0.07979325211562893,-0.051500404523544874,-0.07016655134561123
2025-10-22 00:00:00+00:00,-0.010510126686062993,-0.037975275755949056,-0.05380421724065376,-0.02917667189175488,-0.027665802604914802,-0.030288499533603463,-0.018669529665075735,-0.0395344724985901,-0.057377813332765815,0.05673042643571047,0.024612672961518145,0.07324207606799504,0.0011164169473050212,-0.028149744794288223,-0.03176729615760798,-0.041703320457016746,0.0012409885777677765,0.01471399039252641,-0.016807302404327373,-0.029606068234971916,-0.039831606857153035,0.018007618723293817,0.03791515180761773,0.034740176235449116,-0.0059783549665810565,-0.02455051698812749,-0.035449843937064074
2025-10-23 00:00:00+00:00,0.025530854875953635,0.0409080719117505,0.09142896209925344,-0.057054403163917966,-0.05567127329850241,-0.057789547993876034,0.010500260070482659,0.02475989319706806,0.07016624308376374,0.05045757466268386,0.03570803385266763,0.05371088820763448,0.03535295175415376,0.04658705358484361,0.09695639965243097,0.04423065220617861,0.034523251578495895,0.02908818456228568,0.02895960920045515,0.04014027254804331,0.07754063853729476,0.06954713955747671,0.04158571619982854,0.004196721737111497,0.03488286496922033,0.04431685537109353,0.07638509699380891
2025-10-24 00:00:00+00:00,-0.06817163954803751,-0.07544909897299923,-0.037120313799196225,-0.05783460803886031,-0.04990178869736106,-0.05784152104558482,-0.08060685165475234,-0.08410860265671671,-0.048966949079174205,0.015215525206417224,0.021139883969467643,0.038147897102300155,-0.05808066649343424,-0.06538755112764516,-0.026183748860440614,0.018269251030084144,-0.00020416103179499157,-0.03486462960247827,-0.050839220203589774,-0.05980354059738613,-0.03634586765720116,0.035045845571807455,0.01621006039668127,0.017302824174992626,-0.04702105431906212,-0.057834176969087325,-0.02660642497961274
2025-10-25 00:00:00+00:00,-0.006313562935591377,-0.023047226962096934,-0.02425841854189148,-0.017959215026960407,-0.006741993900538423,-0.009496326811960554,-0.012174474497420595,-0.0260444935488765,-0.026441523519398547,-0.007743149709078856,-0.005821059011396623,-0.015914303352435932,-0.008899579580637806,-0.023387396956684903,-0.026067894935353775,-0.02355828513946212,-0.005198514966405998,0.006757165679532662,-0.009974592965196538,-0.01938391050231747,-0.01805161055356863,0.002242894551240493,0.03659812268882767,0.00825949055721309,-0.0046092344543589014,-0.010972947223153007,-0.01768564172814746
2025-10-26 00:00:00+00:00,-0.013253036763825943,-0.013084041407213087,0.021675667364719375,-0.020262285258537238,-0.027464644113866066,-0.028155853934944686,-0.01778627520617926,-0.019543994100462148,0.01501387074303051,0.012239223391595555,0.01164291639035997,0.01059444827939826,-0.009136465286425421,-0.009150289930388356,0.022971318363044002,0.022111532446682736,0.03595503092909924,0.02536399595065575,-0.0063926219256086325,-0.0031775923947646723,0.02286472197782774,-0.010449721081057017,-0.012644826542272836,-0.011277004935878576,-0.013255243454313947,-0.013264443451908914,0.015388857240572928
2025-10-27 00:00:00+00:00,0.013767898408401313,0.028143317217551145,0.003935592953932643,-0.011869233316990302,-0.004484733386968975,-0.005362303394171319,0.011277189292829837,0.026525709545721865,0.0017202897756793956,-0.005807484323743228,0.019176413011996907,-0.008388673558432536,0.011987366609778949,0.03054800906464239,0.0010067357442113956,0.04921613311245521,0.07610909330722038,0.00649646938253623,0.0211007724260861,0.04000951845673084,0.004645415189874935,-0.00024275256816386204,-0.0009572318346673381,0.002547437679259801,0.010787559312238848,0.024032012216888443,0.003760844749424841
2025-10-28 00:00:00+00:00,0.033653449520949286,0.025443108639586542,0.056191273037167644,-0.054569459309548374,-0.08659355156273563,-0.05448392036124072,0.018925994837860838,0.0064348942471028625,0.041818734558693116,0.01013056907131582,-0.012624300784328413,-0.009238063063304214,0.029654469185085963,0.021032515661162376,0.050514356029423,0.10504275441876199,0.12095433576559222,0.13214746648233078,0.04809348433204863,0.04730401716150334,0.07462840804253346,0.06369624816798947,0.07589410472770819,0.07013482920097247,0.04279869736955155,0.03789978944502237,0.06145756594788088
2025-10-29 00:00:00+00:00,0.03327787571551921,-0.010119185421141208,0.007765460795163381,0.006101959486060071,0.006222341965335332,-0.005836054459937512,0.037196450696395766,-0.008941162478993792,0.006533620165759979,0.0009034603973070432,0.009334120565686499,0.02014928494992274,0.0317478675955003,-0.007804019471097989,0.012104047963593434,-0.009548663223712506,-0.01664472840158049,0.002295152678520429,0.0244140986457948,-0.010955401860531011,0.006119724073016419,-0.019689872285331367,-0.029906844102816965,0.002648680167819162,0.023531825419732977,-0.014173465386378536,0.006499299282069382
2025-10-30 00:00:00+00:00,0.02432373915778907,0.07734455720463917,0.05558019422421667,0.005962135114336853,-0.011497184939794458,-0.0027115252885739904,0.027077642977043848,0.07887746790672634,0.05777154133198836,-0.014063960382080798,-0.06425530774480426,-0.02042768569439235,0.01891783712655859,0.058228617877624345,0.04977700528174278,0.09256789206724347,0.06491658710092629,0.04701961806102273,0.03878176953241752,0.07602469364367437,0.05502177501684957,0.02242681906774946,0.028248830247698642,0.03913432360730962,0.024301354664303165,0.07027675714701975,0.053161054189299284
2025-10-31 00:00:00+00:00,0.016590613061892023,0.03246465255498965,0.03839051404198157,-0.0788371988483717,-0.09386631916512567,-0.06903481122261446,-0.0024861579993809,0.009974612865199628,0.02401274850403201,-0.006103945096290753,-0.00438193864304226,-0.025351804721366,0.01596155419642553,0.03306948191370207,0.028914460639083428,-0.0818590083528642,-0.02846509353674842,0.02070544218984227,-0.003495217167073461,0.02092178687031887,0.03583445650672967,0.047199426276129275,0.08613208411638795,0.041406794374010625,0.021855240024083233,0.043732615430906785,0.040729960086628436
2025-11-01 00:00:00+00:00,0.06980478421976621,0.024701294674365437,0.028113252273676892,-0.03733755405266148,-0.020854830357225573,-0.020908326909824027,0.06516066295906775,0.02187418443145983,0.02448460313522527,-0.11028299302561351,-0.12064685149403032,-0.12830706646032186,0.041829440027172815,-0.0023969205946100525,-0.00014847988907895626,0.11916720901646705,0.1294459479031429,0.060133256769887566,0.07977303650104761,0.045374605368998955,0.034720209138410674,0.08271642240445098,0.05916405894230814,0.06517340057860355,0.07342870665046375,0.03200874700098644,0.03561185639739528
2025-11-02 00:00:00+00:00,0.045092208618070506,0.027626231368963472,0.03553612527992733,0.1053130808472591,0.08375496486496581,0.08224810116338754,0.07272036691871242,0.048654486586622525,0.05909176424320539,-0.032288273212326635,-0.13823955703134372,-0.049358204475699385,0.03680483238244192,-0.0019982627391906815,0.02756891411646234,0.1339684294991419,0.11784363342449211,0.13928551044969129,0.0631660625754602,0.04608802614276031,0.056467783091801005,0.01852888672205233,0.020192248402373547,0.020273485667351876,0.039764631964992914,0.0258093509450954,0.03258875364750491
2025-11-03 00:00:00+00:00,0.007861646483891205,0.008492659290324944,0.031935260094938744,-0.07667108084824814,-0.07030910700131354,-0.07244347031297593,-0.010482006964024793,-0.009284852974860258,0.012897793310887584,-0.0736073117167122,-0.05423827257417124,-0.03214416482728755,-0.007933416443232644,-0.002717298833376125,0.026804690340189063,0.012051102518375822,0.024594809955663433,0.010986305324106604,0.008326622002053918,0.011973659617519727,0.027796093764258956,0.04103384074421679,0.044036299932948886,0.041689889980769834,0.014495751541255153,0.016030009208118035,0.03477189160987404
2025-11-04 00:00:00+00:00,0.027905457874138673,0.07895488797413841,0.0882214773256913,-0.07411155222711596,-0.035453798174652884,-0.03499676940808216,0.009351007287509816,0.07441075362599392,0.08057860690541152,0.03240760032361889,0.01105794837156937,-0.08403094551060153,0.037454246708231276,0.08482323913282408,0.07430466601012142,0.04136554751651045,0.08602076057567176,0.04450552881406944,0.030881106273639825,0.0807266352760585,0.07853077595727354,0.014697606804040309,0.026220543448689737,0.09142087874249705,0.027802309277954462,0.06975506578759672,0.08992694996585326
2025-11-05 00:00:00+00:00,-0.0777194097684778,-0.06488470286551662,-0.06283429922898631,0.18400641351730185,0.16364331616328376,0.17284373454476554,-0.03864045763614288,-0.027296879749250103,-0.027325455931373477,0.15145927874947085,0.1291983894302231,0.16453385430894696,-0.044391493925304726,-0.03254551095763114,-0.028324104179830223,-0.14849939027396164,-0.17029107746634176,-0.15138498115939392,-0.09205908823357611,-0.08600794873668827,-0.07993705366989234,-0.17224135930618878,-0.17232950377986334,-0.15534201001856007,-0.09999942609124557,-0.08644749256391027,-0.08441883496352365
2025-11-06 00:00:00+00:00,0.008290588538476085,0.011805699181939744,0.016397827379645014,-0.06665907329339471,-0.022974124248784422,-0.054601539018092615,-0.011035473297420384,0.006915403540540321,0.00241809148878791,-0.006159437912009347,0.022874946853975953,0.03461070065684346,0.004764430878471337,0.01778614029458958,0.02426343727507163,-0.0006871316778693792,0.012388868849698476,-0.06861878533368915,0.006167966479091014,0.01225312980604043,0.0001565223204651467,0.0387654983875485,0.04728833744732053,0.04347237791539227,0.013735526363945372,0.017634687834701568,0.022760051100562784
2025-11-07 00:00:00+00:00,0.0424601840641321,0.08439858647975407,0.06704285204324423,0.006692855859760982,-0.05705636828406202,-0.024136401456799517,0.05057601231972897,0.06660608484285047,0.05633890796230312,-0.0015513902657692258,-0.00029530208177086514,-0.02212153409335893,0.03932709917483446,0.07869690188419498,0.05856016488907789,0.08130352448692513,0.10590675005166816,0.1084175493902555,0.04984682921853856,0.08782969586373546,0.07573300538569172,0.034089540719630884,0.05264386036974278,0.03050650094026408,0.0420911778859554,0.07926696613540485,0.05990089974462465
2025-11-08 00:00:00+00:00,-0.01879257415713642,-0.015788367971796613,-0.04900109995530011,0.030226643342621706,0.08924775066758861,0.01777404393098081,-0.015836860410097797,0.00656882127008207,-0.03687156051960694,0.012525798174023661,-0.019709486066709525,0.09814671579357737,-0.011889226740845027,-0.018251168730377465,-0.028565801333245044,-0.022230206549687548,-0.008982214709900904,-0.012444863341522283,-0.018388109502343375,-0.01625820369124298,-0.04183849422882535,-0.11718799576962458,-0.0600517213087195,-0.06276418992096999,-0.035810392503608734,-0.02706416632247044,-0.057939656302514964
2025-11-09 00:00:00+00:00,-0.013098403179167772,-0.01803350703808415,-0.015983772745030156,-0.05353755636370905,-0.09364991326402505,-0.07932244819988232,-0.026978256046730764,-0.03863674592337807,-0.034713467246291874,0.12272509281578903,0.14136320181975437,0.0909647310166326,0.016424402861965115,0.015598782139721434,0.007678980899545662,0.061026777217862094,0.013893271759535919,-0.00386214839643495,0.0016644335476592165,-0.012217040808423119,-0.013013095210000936,0.054640009587034744,0.04575777647912038,0.020563795248770056,-0.00019262903194861014,-0.006502121133893812,-0.008443948464243234
2025-11-10 00:00:00+00:00,0.02460483345581177,-0.00788180525605875,0.013297827811080687,-0.07597375812927498,-0.06988571904698915,-0.053553472140759895,0.006363799413001692,-0.02448747815009833,0.0010358564422485728,-0.008652481279799007,-0.008100436846846026,-0.010078268548219582,0.02039489919173909,-0.00917992615559915,0.00883627291351452,0.054953638540595984,0.04928022650273789,0.046394261749741705,0.031220208911173053,0.003957926457594407,0.020989128344060637,0.07358230350062755,0.07238844321117699,0.06748282228657332,0.0361981968180336,0.00940807836342139,0.024077897083829125
2025-11-11 00:00:00+00:00,-0.008600341649168897,-0.05961708272345745,-0.03419925975181359,0.022408763337808724,0.029822833415355188,0.007317158283413727,-0.005859116749560744,-0.05198571274363473,-0.030775430358588096,0.14966879037509684,0.2200524671437123,0.148494251008795,0.02623183922161232,-0.0025908397137849315,0.004919480679115074,-0.01426351956116867,-0.007819684807827021,-0.02210498092219837,-0.009239551170927784,-0.048902837513695174,-0.03368989044013182,0.04627445196326008,0.04422407052717858,0.016410030151963628,0.002414097503893542,-0.03906340096556804,-0.022242319468719574
2025-11-12 00:00:00+00:00,0.00795951972325093,0.007332969149366875,0.040505605516721443,0.00461347825485392,-0.029085782857638742,-0.016311879996534828,0.008705303491913341,-0.0028490075427498596,0.03672863407721527,0.15828384089246783,0.0969370778410088,0.04222951293960264,0.04207790908677089,0.029953659962751678,0.04713347615978103,-0.11313378690978537,-0.010070017496533024,-0.07505848714833241,-0.016754186477452082,0.004368502682911224,0.01808503767620473,-0.00541125925666075,0.0386892845659661,0.0011540904174558442,0.0034666605315576415,0.015636704498303233,0.03274709887645977
2025-11-13 00:00:00+00:00,-0.002180467603512426,0.008527641398830221,0.013108437664372863,0.03643332249178677,0.05094416951324643,0.016916335553608164,0.008193162631818574,0.01915649138025355,0.01650339725231209,0.04971047573951681,0.050637693162112196,0.02487054130628552,0.009194863992092905,0.029027774842828924,0.016838838869607242,0.01711461755859789,-0.061055610080723466,-0.0752702011084293,5.149866702325312e-05,0.001044398566171445,-0.005143070294898244,-0.04377608497823038,-0.03363612451319642,-0.013746831829851702,-0.010556576774550352,0.0032822227313109575,0.00688591276619821
2025-11-14 00:00:00+00:00,0.03165334553820487,0.02431807611894321,0.025142570733020397,-0.025105870488390858,-0.01865672358064807,-0.01649071034382632,0.02327073343733277,0.018126846119113305,0.019410529822404765,-0.028579994610469117,-0.05860543030077914,-0.0720631025111782,0.020524281959913626,0.008181924983196476,0.010170043600982392,0.018834852275662284,-0.022342379838276027,-0.009706923266681655,0.030096998243874795,0.01516585738177656,0.024588356581575432,-0.024416849289170428,0.004968526463811518,-0.0015305073251729029,0.02073860734680122,0.02104373031552087,0.023776356843002278
2025-11-15 00:00:00+00:00,0.07217774757360407,0.08232699607078797,0.026513126486224836,0.1612828193856084,0.16090308767294048,0.1581460295585242,0.10601665615089062,0.11582939433193684,0.062108335888871435,-0.04147285523230748,-0.03306125230480461,-0.020332088585174213,0.06209635933657709,0.07709923189462797,0.02206222457000684,0.03405969906607598,-0.022472075591077223,-0.01982906290971609,0.07645765257249049,0.0710451078616523,0.02290423761763205,-0.08025151038432199,-0.041386846754315476,-0.047197006548530096,0.04679695146267182,0.06483726332274742,0.013466507376946879
2025-11-16 00:00:00+00:00,0.06383052059690897,0.0434082040667958,0.05486444142749525,0.04429005227633187,0.04772741418311721,0.04859192753571917,0.07032176742797858,0.05000886794546067,0.06059125174791147,-0.07249296180747711,-0.08244166083165705,-0.06369034431014708,0.046637370799463396,0.025491417871154054,0.03918408437520138,0.04079289966237298,-0.032135551824721276,0.043433150437772294,0.06816213102362223,0.033556482230582496,0.059235530680506354,-0.023180365366612277,-0.003321955016503342,0.02057495813799437,0.05140715694102638,0.03739322132239242,0.051354082237776044
2025-11-17 00:00:00+00:00,0.04937715574930235,0.022755677010388498,0.057990618901611946,0.007065117744109672,0.003336677996584436,0.004051124252801852,0.048786108546745366,0.021581232718656418,0.054620677438719456,-0.039271986517390944,-0.013630824253821894,-0.03327699529425976,0.04211866729297031,0.01899694400062546,0.04751803250617792,0.03751893481296431,0.009857228679732488,0.049378784423181,0.053044574929497434,0.02216510061309207,0.060894925107205955,0.06268059067110299,0.05346838603809734,0.04517461587927096,0.0565466205875218,0.030267109569834805,0.05752652783747303
2025-11-18 00:00:00+00:00,-0.043218852270439756,-0.052311153341828454,-0.04926996772732317,0.01888448383175767,0.007287388952037732,0.006181708071769432,-0.03708560514240056,-0.04655016945583401,-0.04272664006235649,0.002902905963577229,0.006777875624218943,-0.005796430449529488,-0.0374586167061548,-0.04920596705534641,-0.051388691721137914,-0.05078898200915216,-0.06080909437778448,-0.05604802206972903,-0.04935551905005553,-0.058818023390160734,-0.05580367674431752,-0.06559787558291874,-0.061760849038472676,-0.06079120995447995,-0.04952063428530895,-0.05658618324796405,-0.05322126492842616
2025-11-19 00:00:00+00:00,-0.023711266625429328,0.02183223011209745,-0.03027892276968125,0.012383469401972214,0.008236338316781389,0.007583003782076991,-0.01978446529588951,0.02259003500860235,-0.02716743063119209,0.01065632965759944,0.02578007029860352,0.01733515147436826,-0.020254712512633888,0.026409992500495028,-0.023676674012751198,0.06877510297616207,0.06433840775030086,0.07668648055616889,-0.006170340915297556,0.0341152933804576,-0.009744341740818618,0.01842030042236109,-0.0005397008678211801,0.008949947698986271,-0.0160975909711496,0.018013478084231593,-0.023545566345694602
2025-11-20 00:00:00+00:00,0.04713112781734696,0.013995778058755626,0.04044769996863984,0.0036645186071904146,0.034632698620794544,0.06364306760649074,0.045643000346228035,0.02581885082961466,0.054179855661762755,-0.10828145511271992,-0.11988960842635588,-0.12204165476182571,0.016889547640777103,-0.01578545624383687,0.008080872356696522,0.05073874780785381,0.05184573741822507,0.0535908555364315,0.055376313573473945,0.024036833828010584,0.04631309221723057,-0.0030828205636066475,-0.018390948672862395,-0.0169476040303832,0.03863297367278995,0.006958342017724606,0.03093077026179225
2025-11-21 00:00:00+00:00,0.009103768873743423,0.029481195722111497,-0.0036571353806370555,-0.0682097834081119,-0.025041846156134584,-0.03691498520945535,-0.007652420635064772,0.02292627038472883,-0.014807999976138242,0.054398078771999314,-0.008177084737267526,0.1004634300987104,0.022556698205895565,0.025867928604586865,0.018122868854789864,-0.0690794608894516,-0.04691928469158879,-0.029055217740987738,-0.007782852578466226,0.015448799921692125,-0.010990479760192406,-0.017484094126074656,-0.006221108372846507,0.008335629340338713,0.004055283706325241,0.022743508333288975,-0.0005592118305963734
2025-11-22 00:00:00+00:00,-0.010646123531179885,0.018982991581014463,0.05434370980914416,-0.028599927662259828,-0.020795679999219607,-0.020491071327487953,-0.018901649621519634,0.013727074851288767,0.051301831343693705,-0.011892446356307596,-0.01005442240307386,0.040350967997857756,-0.011584729312134612,0.01811870026077922,0.05912467272572752,-0.0730268119182318,-0.049220393436379295,-0.040401066662203555,-0.02577937054819701,0.008089471727179554,0.03959621127950674,0.012608141399520933,0.026218539124510665,0.03756624297996636,-0.0059883220196490505,0.02232828191709335,0.05001906511913079
2025-11-23 00:00:00+00:00,-0.04663836594654225,-0.011937794539940483,-0.022814846503301345,-0.0763162545728494,-0.00864053953107502,0.009571101728284237,-0.06497249527242555,-0.016056580456304537,-0.022309907127323503,0.06354823665866394,0.08683715378660062,0.07178432495555853,-0.027432803033306086,0.008569622113330233,-0.004430899136604105,0.019649976425961002,0.019023280624315575,0.007399857132441401,-0.03746817008708825,-0.006236715455503639,-0.018646654930227657,0.02342897430217472,0.02711109223330377,0.023159927443210604,-0.03392720007112959,-0.0037041729527466094,-0.013265381510366603
2025-11-24 00:00:00+00:00,0.020193543603519437,0.02158771989130459,0.03554775282420075,-0.055932161744916886,-0.05102930230057945,-0.0538215862153576,0.0078040083591874865,0.009781785138090804,0.02329295150468713,0.028388516619191062,0.024308106276507813,0.006338045694570971,0.023714763931756533,0.025154890377576677,0.03242155829311777,0.00046868271040745313,0.00667973186813664,-0.002765252981304589,0.016741028769518884,0.020630944544002716,0.02914293934610268,0.033810694018650445,0.024315002060699253,0.0647616984107866,0.023202907383429228,0.021962473455118703,0.04143724031090268
2025-11-25 00:00:00+00:00,0.015025325042977267,-0.017998546072592547,-0.023788398595419036,-0.02812505825507583,-0.023539488824658505,-0.026308202220025168,0.01197660239095577,-0.027028946432108847,-0.03019377571625781,0.0175433264149365,-0.010002228995969475,0.04008304018430153,0.016143271250347535,-0.01761989286577914,-0.010242626446959169,-0.059327367076812965,-0.09842012141456968,-0.0642556186544313,-0.0001704798586867895,-0.03513600304109399,-0.033080049838489334,-0.012543211485969707,-0.039417776860371956,-0.022279581111692703,0.009215058781198993,-0.022080083320108468,-0.023864265613147362
2025-11-26 00:00:00+00:00,0.0030843051147526612,-0.009456423056884655,7.187401856412201e-05,0.015548482770622707,0.019494424841539404,0.020201121929506405,0.0068291381727561,-0.003912416130256169,0.004548372810145862,-0.011411997238971017,-0.02149229854248147,-0.016012903118700628,6.0128319345098546e-05,-0.01332227102570882,-0.0030125533366657242,-0.020085474809778625,-0.07274850485494988,-0.04524294169262011,-0.001398615541065018,-0.021452298746075016,-0.009074980270977084,0.0065694974349244095,0.0021432018329632374,0.002455091853653224,0.0038652261441713964,-0.007631450763475711,0.0009236415076319116
2025-11-27 00:00:00+00:00,-0.030063923569663253,0.028079851614617235,0.08151068232944536,-0.132133920590919,-0.13829857095072817,-0.1244333518318359,-0.059027353858751797,-0.006088380402785476,0.049395262647979665,0.14065458064813074,0.14531841743378626,0.11305741283997572,0.005207299774366403,0.053907205101475064,0.09424963394716745,-0.013448389773177194,-0.00769760672668629,-0.016728323319192162,-0.027289345758537142,0.022606693331555627,0.06541453481730786,0.08111754522136572,0.10341278621285888,0.08372713722346226,-0.007049450437870863,0.04237164861940057,0.0842962617722145
2025-11-28 00:00:00+00:00,-0.017291337720828692,0.005472846387233776,0.002321053059488376,-0.08684136062000158,-0.061820848022517416,-0.07551151112182442,-0.03418043602132059,-0.007013146250112179,-0.01578708121730421,0.08254427148736876,0.035657729740520505,0.09619001434253938,0.004929231313210103,0.014252902290468494,0.021918717078888372,-0.049856071678787695,-0.0038235207384424985,-0.02058345322400934,-0.024046069974490103,0.0036530428248371383,-0.0022778630497775065,0.06699854050637222,0.0390038419889438,0.07104536302796971,0.0003842286475330692,0.014364028794391803,0.01563241887664013
2025-11-29 00:00:00+00:00,0.014406953647824183,0.03232771895816677,0.00632027454634998,-0.044638793764832485,-0.037434641678917524,-0.049461593687371574,0.005484843489504954,0.021479714835733743,-0.004531642073129505,0.02082657495764395,0.03231550720961751,0.03290103980789483,0.01786889964395888,0.033554738380648486,0.012766467832973971,-0.033148887195596055,-0.014588707471154816,-0.016029759254223563,0.0052068759339245485,0.02375628728849688,0.0024022336111400033,0.038184188800987506,0.052365812823744085,0.03863304954977509,0.021332056229966145,0.036346548202826234,0.013100474721159605
2025-11-30 00:00:00+00:00,-0.021969827455766366,0.0012279308200751071,-0.0040028930375950456,-0.06320420803964699,-0.06019190979416156,-0.061460420543833605,-0.036940694338465474,-0.011919777070697357,-0.017622166585385624,0.024538616085865828,0.03979789475893769,0.03429471249447125,-0.012857570940378205,0.00938055350574607,0.004345397811978513,-0.024819498730999756,-0.028722305360130873,-0.01839004485720752,-0.023757571829216784,-0.004769912554651756,-0.006983485467727313,0.07352637084314884,0.06487156509075942,0.06170472927458959,-0.0023678413780993113,0.014241689843266236,0.00975504133221028
2025-12-01 00:00:00+00:00,0.02038602566426495,0.006176145915492537,0.024437032883532606,0.030819897879465374,0.030079303421640002,0.03248795765292689,0.028212767377750803,0.013966366481882542,0.033464054414136246,-0.032016427707566075,0.011799866975856999,-0.026011929897610475,0.009719897675163125,0.00813708663769419,0.014450058734579496,-0.017512730713237223,-0.015026568603565882,0.0040488668242433246,0.012873399711806677,0.003036409929030537,0.02042059562160503,-0.012785877149486091,-0.018021144690023805,-0.016555842787889574,0.013196412800504875,0.000999056203757398,0.01615873019606129
2025-12-02 00:00:00+00:00,0.04974862101076427,-0.004418059969515498,0.027597399246147125,0.06363377005005821,0.06681899784625278,0.060924447823409444,0.06686461208582228,0.013764851891531205,0.042533806886448255,0.019453452261873228,0.013245028633149802,0.024814480653181814,0.04529076604750237,-0.0008633818899483892,0.02701808615587975,0.04342273313434064,0.06288599667799288,0.02355364644086233,0.04991322766899775,0.009086665008156913,0.02714523588867679,-0.06779545692678668,-0.07358649336218115,-0.05430255942157414,0.024892821000138232,-0.017395570588248255,0.011021745647289416
2025-12-03 00:00:00+00:00,-0.017374160091852553,0.07839752539485234,0.04081150167921144,-0.06435758375760203,-0.06123212612114748,-0.04505927517718156,-0.033806566464574916,0.06228038141050862,0.029594298643053518,0.041424178031319814,0.04193549068745339,0.05923877825024704,-0.005605150633309908,0.07130549886592541,0.04456792161527279,0.0025993460287723202,0.013921434411350964,0.00337947277770545,-0.013049881502939953,0.06687687387753405,0.03461979415210403,0.045732427038563284,0.04711852242104886,0.03741707327125843,-0.0051136033707430695,0.0728955669136806,0.04216299233333776
2025-12-04 00:00:00+00:00,-0.017057447613827992,-0.03102059058786144,-0.035255686470929026,-0.033090648232968145,-0.03533524855513093,-0.03777989309791274,-0.02602722816032299,-0.03837299013073825,-0.04341610441905708,0.055731164560090196,0.052092116562670654,0.07819251620388878,-0.0011322993335738385,-0.016039020394448045,-0.012574600941352876,-0.006719142532991662,-0.007414478538222191,-0.006791805572002874,-0.01596004697713238,-0.026595686943146957,-0.030270614504496862,0.0443996241404363,0.04904748563052319,0.04908748442911515,-0.004593453580847839,-0.01627219231624022,-0.01902256496872068
2025-12-05 00:00:00+00:00,0.02491204645244438,0.027728607742231848,0.03373701765576653,-0.04794333507814408,-0.04746731183078601,-0.04269176119044127,0.014029908413094594,0.015288034255126037,0.023627044063406988,0.015692365618521276,0.03312124884493839,0.04405369906967205,0.023501811783233295,0.030475928453749468,0.03733509021538328,-0.04751473370263881,-0.03461662654780573,-0.034187036886971334,0.011404904982965203,0.01507031019340821,0.02092465687090872,0.048314898261145656,0.016500246549401743,0.03325591156060814,0.031139350422629164,0.026528978302117645,0.03505296593204732
2025-12-06 00:00:00+00:00,0.04602678299925533,0.006496801893668636,0.0408400959022579,0.01417448988579717,0.01762163784979376,0.0071173206671601985,0.05110694120992143,0.008994970010260062,0.04328654233643925,-0.03772625994860623,-0.03822787812331996,-0.017788934191938832,0.034022488468565815,-0.0040215915557149096,0.029944144594702626,0.054367722763757786,0.059004201055439465,0.059625829655344464,0.049263793985178106,0.018266159843937535,0.04499739886476162,0.011782840293125929,-0.013014865895296102,0.013120111710792859,0.04110134065891358,0.0021306793594588758,0.03641974817032967
2025-12-07 00:00:00+00:00,0.01182951222037687,0.019800998598016317,0.024171518906528355,-0.003198437064880655,-0.0046973850188947175,-0.006200663533371897,0.010611296910625123,0.020705914173192008,0.023539244143752525,-0.011570607594772575,0.009709824838020742,-0.007845272300410544,0.007423405330294397,0.01921343881042925,0.020215561540739557,-0.015420825658262305,-0.014818335132679605,-0.011926990140898819,0.007127043661974586,0.013968087065399981,0.01787611044517856,-0.011341339693644814,-0.010839361844811268,-0.008099957101586397,0.007462190773984023,0.014176210937961953,0.018619152215183732
2025-12-08 00:00:00+00:00,0.041984012274773,0.02479628822152158,0.026318577063044746,-0.04665321420941204,-0.03935841261495754,-0.050578007548328974,0.03093807841689622,0.01556443926473583,0.01575079897705378,0.0011630251448762063,0.023862305145699425,0.0027182800945511065,0.03846233110939523,0.02762690359560005,0.024029498902960356,-0.005727334882424495,-0.025983277778216407,-0.006104604052695084,0.03395001821266663,0.015509119933280635,0.021546959972405633,0.047653717933976214,0.05790074787417443,0.04763170678481732,0.044852902053179156,0.03267932259178408,0.031721511926668944
2025-12-09 00:00:00+00:00,-0.03669567572026777,-0.03230026865893232,-0.04555348327997233,-0.011247259872387394,-0.010879984227476935,0.007557790584451496,-0.03750869047709515,-0.0390091206570532,-0.04493419459261738,0.07925870306347371,-0.017061723250694327,0.04496964001100601,-0.015006782559740972,-0.03198295594351386,-0.03437687643702658,0.010582998080011619,0.0326907783252981,0.013935079254673521,-0.028738320459024913,-0.02171478241964464,-0.035528777112239784,0.000943769395799432,0.001064641197788374,0.010700927115114167,-0.030259905889651773,-0.02668813502576184,-0.035757805161723
2025-12-10 00:00:00+00:00,0.0075994209368062116,-0.03547699339036403,0.00964442225311335,-0.055285029758839976,-0.034419921048246316,-0.050784209627606214,-0.00494871671488939,-0.04361601479519617,-0.004256750873098958,0.05036298436102471,0.038861819918298623,0.06921987895790394,0.021662719068316294,-0.02506983575449606,0.026505808548277443,-0.058128751733931394,-0.0685841783955854,-0.056525121291028824,-0.005853653684506965,-0.04543900128446432,-0.0038466719320738862,0.03347055620923811,0.06109226915862864,0.0506621687552502,0.013785859029443293,-0.016543506306567424,0.01878837960085189
2025-12-11 00:00:00+00:00,0.04615799677634902,0.026296513264385757,0.04948523148506734,-0.08107194770318982,-0.04139072991827242,-0.028339012053288037,0.027772339045914585,0.016094152100982084,0.04363406337380815,-0.018466855007517324,-0.0214526653869882,-0.06815346286747981,0.038233969387268196,0.019504863738781797,0.030299642009280037,0.0786959493462367,0.046362497890737764,0.0479540991040488,0.055885884435308064,0.03306328116365753,0.05295223353946765,0.014625659328205254,0.0005582913696060565,0.026461521055664683,0.041496416012151593,0.021594011111721212,0.04616034494405641
2025-12-12 00:00:00+00:00,0.015626549071771745,0.006181326479757221,0.015602448164585114,-0.05225020038101369,-0.04984888393671594,-0.04244826598782603,0.004392738041951283,-0.006071684721159598,0.006042892306573178,0.009262663454337128,-0.007446517974331046,-0.02111768248698287,0.01729703183303899,0.0034845347019483164,0.010813640631987198,0.024077935540048667,0.015382585658257675,0.01339810583013512,0.019054212914293434,0.008633099771641062,0.01672496868536255,0.04983139907254985,0.07394590817240498,0.05024122307362067,0.023414442401047175,0.020984703667281446,0.02342249573962696
2025-12-13 00:00:00+00:00,0.008892473498403053,-0.015192311637523548,-0.005401527545804363,-0.0025013832694399385,0.008018680309596071,0.015230368761498747,0.008523077819326152,-0.013596599664318476,-0.0020133035616793915,-0.015617177374045332,-0.039146461236071683,-0.025627689983961033,0.005257157317612338,-0.023673365836919258,-0.010600576824257302,0.012212058493871636,-0.005994397587399725,0.00753075630365263,0.010580464518657129,-0.014427901314803426,-0.0037631350109812445,0.000339201278153789,-0.003940024446847268,0.006037366443611081,0.007678455696564113,-0.012990786988033132,-0.0033580652672129396
2025-12-14 00:00:00+00:00,-0.024492500720932897,-0.017675893539156107,-0.020162454296581256,0.01685703029788188,0.01771033288419699,0.017688255919758866,-0.022383823666613623,-0.0145250725065863,-0.016556049155938446,-0.0010724697026627261,0.006675970024856204,0.006691273199661341,-0.02347774032327521,-0.015366454252616069,-0.017514512114284564,-0.020010303989462797,-0.02101843423734162,-0.023025696879377056,-0.025559058887866026,-0.01953060853296673,-0.024043582991639667,-0.03165492162650019,-0.03519376741639735,-0.03469821547048724,-0.02746180723282876,-0.022041695652349036,-0.02412464516535273
2025-12-15 00:00:00+00:00,0.029016602342514686,0.02730463176188125,0.04498113623172384,-0.07258759502499679,-0.028745983945751452,-0.053040812104408475,0.012002162012290762,0.021564726746912122,0.03172110576494158,0.05670159411682363,0.05310402673823944,0.029833020494446805,0.04291633471746015,0.038807945385289866,0.049774966849249314,0.01294908509116488,-0.028446824091541978,0.0017914063737449748,0.028354325983464657,0.017485370282029233,0.04042728856565514,0.059110505807220326,0.013311712752293037,0.040080433758989065,0.03642401380889804,0.0255041817467474,0.04575395005149341
2025-12-16 00:00:00+00:00,0.0531276489160164,-0.006548848622940584,0.030885707412104058,-0.015238165618309929,0.007608921321227591,-0.030844751662540415,0.05404530167431165,-0.00517215988899844,0.024305265163773182,-0.017828090101610572,-0.013208922790852284,-0.038298658927423124,0.04693447449798516,-0.011422910080799098,0.02229531923123984,-0.023470123873818194,-0.014531462714562404,0.020718168101453216,0.03924982001921684,-0.008575344144417074,0.030821957597036098,0.026302829447090836,0.008961325401525944,0.04357025513836876,0.049677556448331606,-0.003527724684876943,0.034688525429992456
2025-12-17 00:00:00+00:00,-0.02425163029387123,-0.016437065058660605,0.006045631500875004,0.012109772688921216,0.001760976713778284,-0.0016694972797071106,-0.022454785023578783,-0.017599319250904966,0.005836998730229803,-0.0344220652479037,-0.054776522359804014,-0.012204918941143172,-0.03256542350110614,-0.0299120774003917,0.0030180017983503227,0.033061986062539184,0.02733660952460104,0.03276370653983274,-0.013064986571013182,-0.009816594730224448,0.011023816353622262,-0.006372256251984898,0.007436419243384895,-0.0029521475989748858,-0.021526871671504577,-0.011154358374574347,0.004451339209608163
2025-12-18 00:00:00+00:00,0.04543215820491109,0.05163342763871359,0.07252039323306447,-0.021292429929295698,-0.05286660957579725,-0.023265159089377985,0.04488843935606268,0.04276531398244354,0.0758360166293186,-0.02228470534859539,0.011085926490188136,-0.030694098600170583,0.04155587931791471,0.054923914524460216,0.06920306075091842,-0.0517366886726669,0.03441674393383942,-0.01591841990789744,0.02852686307182939,0.05642910141239721,0.06018627985045666,0.022921336872964604,0.03997128826813934,0.031098174158850966,0.041000163099671916,0.04839718366752521,0.06594715301473508
2025-12-19 00:00:00+00:00,0.05100795145888126,0.05751556058082086,0.05459379235938511,-0.03002460045140931,-0.044967441588807056,-0.034416718795654555,0.049120867893219566,0.053756812076499294,0.050169012791601686,0.015132930041566794,0.02056376361742762,0.02284766905132707,0.05643404433589394,0.06323118948964934,0.061164119594075306,-0.08985565718823052,0.0266476602418233,-0.04511940221928157,0.02606327400739139,0.05966958333722383,0.0398603062886298,0.056881938149451416,0.05635334078612986,0.06535093066775377,0.05209361954572911,0.05751674216758107,0.05879540414640405
2025-12-20 00:00:00+00:00,-0.04826390803585889,-0.03780635616728101,-0.018834131872914495,0.004536716143069608,0.014776292701266458,0.013066082980865534,-0.05458837532161254,-0.03743151239850295,-0.015730192868072757,0.012989623094272096,-0.003290176798981248,-0.005229917837333287,-0.045933037338300675,-0.03894746465603216,-0.019609751516028617,0.021378806782631044,-0.09615591523269973,-0.022202522557607907,-0.03936563701829088,-0.0544417648475517,-0.021757400716521325,0.014316244680930845,-0.002564642324421329,-0.0029464935199271514,-0.037720680359674796,-0.03432741640113646,-0.017041340651076986
2025-12-21 00:00:00+00:00,-0.008204186216329235,0.017527762123275448,0.004637856899954551,0.04382359924382473,-0.007487904930962963,0.04294611446046681,0.002843917736252699,0.017143122640929986,0.017719739172207483,0.08238011194285311,0.06177283113623222,0.08362894170424573,0.013347738527076602,0.03308324832969056,0.02585443867647408,0.0015322070054446524,-0.004493709188436279,-0.0648603057729652,-0.007168762398356732,0.013251722412070954,-0.008747749823387996,-0.029896442110025512,-0.029162921608454684,-0.0347023770434729,-0.014629208469936983,0.009327360038519528,-0.0031712593628930863
2025-12-22 00:00:00+00:00,-0.021203748091364383,-0.028729705850432885,-0.0014605608455493524,-0.01683753263957155,-0.0065144145738230685,-0.015109741455647585,-0.027614835823454253,-0.0319573321091412,-0.005245887195738486,-0.037466945035922405,-0.044108830831691814,-0.06592299607583785,-0.03123151600655083,-0.04051296346873956,-0.019150353829620048,0.008065869425284644,0.011292874567108813,0.05560776208133422,-0.015751158508110263,-0.022393237792666776,0.010233933848283083,0.0024178070035105748,0.0018514725811356048,0.005154383110182126,-0.016844812596145786,-0.025162949479723862,-0.0004209760027656939
2025-12-23 00:00:00+00:00,0.01976382247737707,0.007778085011216795,0.023020775276135552,-0.01895806389787713,0.001357751743960245,-0.024739622679598505,0.015943772450442983,0.007578838000670496,0.017472484910442843,0.00015207188281496364,-0.004205780695442751,0.007536198229977531,0.019988204462999315,0.0065525740206429095,0.026223109772334885,-0.01839953563699348,0.005169655880806312,0.007154423586855696,0.012741498904189408,0.007858475941421084,0.02040305914681184,0.013616821385467492,0.01267098969722169,0.013201904005430976,0.019490911158055457,0.009468839340865287,0.022966077593085776
2025-12-24 00:00:00+00:00,0.01952970570729784,6.856410728062201e-05,0.014531763165197331,0.0074961990009672075,0.008728154239772579,0.008138252185282857,0.020141938806119697,0.002925711011886767,0.01718516086715205,-0.002676936654336548,-0.006849613650228514,-0.025936459545000345,0.01841013449550344,-0.0007400169824488545,0.009020961017372153,0.01688283523640033,0.047949194230973546,0.03494447162126124,0.021345840559624074,0.009904988920894864,0.021457154816825197,-0.007474761289590126,-0.010245853265255733,-0.00827468324026237,0.01567886757576442,-0.002347181533973064,0.010693507763063437
2025-12-25 00:00:00+00:00,-0.04364560185863342,-0.056164985975420634,-0.06516899505245377,0.014671406428737876,-0.007986926357226198,0.014388068263310627,-0.039201625398015305,-0.05638643609237004,-0.06122613033760127,-0.008381028832118997,0.0013140146720924673,-0.0044600509992138715,-0.047446672709943516,-0.05590301493660377,-0.06781585662253065,0.009478151747837282,0.0024408310944741274,0.010819122539867276,-0.0368231859861432,-0.0489609387013783,-0.05645075464375737,-0.013237703536247647,-0.014277928848482335,-0.010144666777371247,-0.0410040912286781,-0.05251491125015095,-0.06061530391077774
2025-12-26 00:00:00+00:00,-0.016379213929057612,-0.02081715908721138,-0.010575617648435065,0.028902951369759844,0.026860147120277622,0.02750449601946281,-0.008857990554223871,-0.012875676337888886,-0.0034232949114658684,-0.037371380111340224,-0.02786342166825806,-0.030490698358233037,-0.027803470038780476,-0.02941674899980129,-0.017691132164865286,0.038251101704360524,0.04224385450332968,0.04269801010684482,-0.005831530222684234,-0.008854518188852856,0.0009295124949000311,-0.033371166574511,-0.031138835271935728,-0.03281293193366286,-0.020786234240589896,-0.024386078548360612,-0.017799759862714537
2025-12-27 00:00:00+00:00,-0.025750178615836727,-0.022762874147081447,-0.04181016050051034,-0.0001926070525142265,-0.001652784272028085,-0.0020004885798545757,-0.02577219895924754,-0.021429580075409516,-0.03859528009854529,0.028265514043066542,0.027665704541919744,0.010207079188688573,-0.019197885771971457,-0.015411878561048975,-0.041023803286293736,-0.005867837838015699,-0.022360930645048738,-0.019503556743093564,-0.02481378087356445,-0.024872270107666905,-0.04137808232213158,0.005037324065048532,0.005342566243869529,0.004630019865601964,-0.0222355527005601,-0.017616565310410892,-0.0338265270857514
2025-12-28 00:00:00+00:00,-0.014122052927120987,-0.02805510392721311,-0.016230059159231258,0.024138713195339667,0.0218506647817307,0.022645790640402286,-0.007361300458960551,-0.023452876524470145,-0.010039305635959006,0.016441659180756796,0.010784829334915758,0.013741776931970762,-0.009856468277117503,-0.02753823742629158,-0.013869589712249497,-0.005255681535624057,-0.005701857087928253,-0.02811875152964738,-0.013228400499007198,-0.026808165366189685,-0.021082117637657105,0.0172747386887524,0.024308794547396095,0.013242666154088312,-0.008425868347501697,-0.019198365128956563,-0.011458592547779034
2025-12-29 00:00:00+00:00,0.01614137401772986,0.02558660511895061,0.027625042934517285,0.0064286346900861435,0.007978514566542527,0.008364777898645981,0.01790029404028859,0.025080495638816425,0.027024430718308512,-0.01567732754217832,-0.015292251236999843,-0.015286121702563271,0.013150411446209986,0.02139471840436724,0.0250486494607145,-0.007354081495365428,-0.00209198156354351,-0.014318588776803365,0.01293096302371377,0.021496855200935583,0.020645809008797533,0.005131274663816798,0.005093712489187219,0.0018941252140680653,0.015357467079500697,0.022252178117829757,0.02455742420925322
2025-12-30 00:00:00+00:00,0.0025216987433678284,-0.01129761500258386,0.005531207521718207,-0.04161739963617561,-0.04078152391485057,-0.04133789404085353,-0.007801743871201805,-0.021711317117515172,-0.003696204586210894,0.027457799607177202,0.014051570921884027,0.003752728372134806,0.00965238354522846,-0.008286251096214614,0.007163113056724901,-0.014623519489542991,-0.02065080895623128,-0.021635772759116656,-0.000862474002755742,-0.01552047670120893,0.0009040345920876547,0.0424421851555572,0.03631848446275354,0.04463528277179862,0.010864374395193721,-0.0026109230386498483,0.015269746195676559
2025-12-31 00:00:00+00:00,-0.004244499758349618,0.013298044915417195,0.0002703692179941708,0.0009302395080132975,0.000849072383105165,0.0009052194679814995,-0.002966425985372223,0.012285746401947462,0.0005608669868839566,0.01669049391496391,0.03162251342829281,0.02308991300249197,-0.00013467526168509103,0.02170109565466527,0.006451542759064344,-0.000944015851517932,-0.0006239117214400514,-0.003257527932445159,-0.003565535671224529,0.010904040414555283,-0.0002922247806023126,-0.007983515495739724,-0.003077008821105398,-0.012019592357058961,-0.0053261935901451896,0.010443555470607269,-0.0023046240731785517
2026-01-01 00:00:00+00:00,0.0015859079438502732,0.01736820032116504,0.009654933405933486,-0.019261469420726818,-0.01909773991720287,-0.01935913964747349,-0.003522076938172747,0.014479138027393645,0.004101023027054618,0.03199575835706625,0.030300366886193864,0.020179470283253842,0.009626180348107027,0.024633957644160764,0.01544959915569577,-0.004689836681713966,-0.003557759661575899,-0.019098389647079994,0.0003535535854628513,0.013763369134436543,0.004266195272158546,0.009140592881645038,0.008514619656956324,0.015335940838812734,0.0031946929347064223,0.016590782477170274,0.011678708703878993
2026-01-02 00:00:00+00:00,-0.035986808732883624,-0.09523312377163551,-0.04905048367589904,0.07644575691569844,0.07634051556185639,0.07541680921629323,-0.01866541925449472,-0.07636631179965558,-0.030536681397212218,0.02345455428217491,0.021378542054408145,0.03815857646948273,-0.029106542807704305,-0.08612738700083533,-0.03812251905435038,-0.043144260479953234,-0.04410099434475723,-0.04164477947765677,-0.038668044681471225,-0.08734514419650274,-0.04863319516346509,-0.02901189702659024,-0.027839825630932347,-0.027832887569610887,-0.03640295743854671,-0.08641014493411459,-0.04779694179219185
2026-01-03 00:00:00+00:00,-0.04664192186464611,-0.13659594338686154,-0.08913066555319693,0.08945993449319478,0.09623469166965237,0.10230131710880985,-0.024448663734511378,-0.10398262488667243,-0.05722270828458975,0.051791950021829125,0.061931671390492715,0.060628245683303605,-0.032424057769607884,-0.1132478518945802,-0.06898872737106243,-0.07267914840512901,-0.04761563811298253,-0.12111149010617894,-0.05638179993735859,-0.12305868659897645,-0.09821155396303838,-0.09715162819815404,-0.0958989073949178,-0.08891735130552036,-0.0603158710657683,-0.13456658892568896,-0.0938223440304845
2026-01-04 00:00:00+00:00,-0.04037764520996345,-0.02107019696670076,-0.0260043456055421,-0.0038521175428711807,-0.004150100987233563,-0.006414532302716713,-0.04016609177333896,-0.021195904526806975,-0.02316242182890149,-0.01244518040579723,-0.013919944359055414,-0.013915979054250904,-0.04256255614208826,-0.024098606073001516,-0.02716453177925615,0.047732074212435416,0.033742768224581,0.023479734590031276,-0.026513719866444463,-0.010119619975384131,-0.015330250435563353,-0.007355454751059587,0.003289675389375857,0.008796459334236895,-0.03673545108028198,-0.017004757956744054,-0.019436214147319775
2026-01-05 00:00:00+00:00,-0.030002520498176533,-0.047857589484723406,-0.016148836902721397,0.03811076819419745,0.003167774254460465,0.010734039332296996,-0.024665171565432575,-0.0437918710572065,-0.008978086800296547,0.01223462756420135,0.04386002182165183,0.0348525361357086,-0.026806785694359347,-0.03347710759421196,-0.0063995836596035804,-0.01709385966434185,-0.060439007980917836,-0.08870198245754923,-0.03670979677430353,-0.05562779180065569,-0.03081289848112656,0.009009553753160704,-0.013732916343661361,-0.009725616000270887,-0.02542670101779998,-0.043764798159759755,-0.015129014041790456
2026-01-06 00:00:00+00:00,-0.04472538940668114,-0.022193832321665163,0.006302975383755793,-0.013868842191368858,-0.009247671878516828,-0.008160845474362577,-0.04559274295194693,-0.021587976623983596,0.0030152139783303777,0.005338134328201072,0.0007807350929671664,0.007922539751129776,-0.042158890974429486,-0.020748011392296317,0.006621874165763542,-0.025671401918831438,-0.03464725163403781,-0.0605728053968273,-0.044309843537201576,-0.026077420361495296,-0.009045250763687118,0.050902356812760896,0.03936340193441734,0.038583738742673956,-0.025995394934398952,-0.009752004951379623,0.012304400036994068
2026-01-07 00:00:00+00:00,-0.011536406048367698,-0.01939779222310256,-0.03417586988136123,-0.007703253964324586,-0.025866198904027526,0.0009952032724491744,-0.013767885789103373,-0.0253318798047677,-0.031121512840828758,0.08063364606948453,0.06796628248851966,0.07191997642124659,0.00883533578707274,-0.0012306955587128021,-0.014027024517917375,-0.05979501698576417,-0.024397716983244444,-0.03162513215820484,-0.023073709569899625,-0.0229397446557692,-0.03633818690467072,-0.035324975204617304,-0.014219150141609904,-0.03704147171460792,-0.017761317071035565,-0.01932613492699442,-0.03655759908567602
2026-01-08 00:00:00+00:00,-0.009011176114061215,0.024257705085049652,-0.031392109732941154,-0.03320473719679706,-0.016606014106271605,-0.0453246572464121,-0.017155246643067446,0.018665614998861546,-0.04066630076583766,-0.024594373177182383,-0.02372858767705155,0.0018363009710420375,-0.013850168092605974,0.016888398567399765,-0.030105606031126442,0.03128276268419827,0.04758733525961678,-0.027013761877305864,-0.0018497751050151612,0.03267172290478171,-0.03217610037501761,0.027192964438942813,0.01416336646652483,0.04163867225605822,-0.0007641053224667349,0.023133785244729532,-0.018383976283173675
2026-01-09 00:00:00+00:00,0.021631718475006112,-0.0004127960944906306,0.003989469129931589,-0.01468969172486656,0.014790264446354895,-0.009870230888307185,0.018997438487341922,0.0016918876762523904,0.0018852053599043295,0.014921358221746228,0.003814108063711963,0.03351438217579705,0.02398462867666251,0.0010936111020112271,0.011657659099836293,-0.008958120515970003,-0.011980722009076183,-0.03769976785784357,0.018603966568296437,-0.004412721060952474,-0.004402385297368139,0.0013975238219796626,-0.030069636859486715,-0.009575471728027196,0.01804854533046396,-0.00622377544338637,0.001326364187911544
2026-01-10 00:00:00+00:00,0.014335194347720792,0.03352699193749009,0.030518312436269346,-0.0037839403632837776,0.010163793528414455,0.010385189074375134,0.013951476078969849,0.0346207421007696,0.032824153813725054,0.024919754883589773,0.02222767827783012,0.027648173455718794,0.019554269212366693,0.03724628337480507,0.03583310522193561,0.006710926491475311,0.0010690106285056178,0.024486658813022144,0.014201527655087975,0.030465269231991776,0.03233235579671301,0.0032459543358163145,0.008052200512465912,0.0093183564528585,0.012892943396337841,0.030176642967587375,0.027409959622401114
2026-01-11 00:00:00+00:00,0.03405560990248868,0.05804222196225428,0.06517322704831985,-0.0012000383589905184,0.011370115766312638,0.016714337682513847,0.03311541350154501,0.06223450014214693,0.07304291877856817,0.0011852570856150102,0.00939258934193865,0.005405015866800422,0.03326129140923295,0.059646818065503204,0.06409058700276282,-0.024940278186109777,-0.05112846457073095,-0.012953385799963524,0.02571370420850161,0.04173854482137829,0.054636792728745,-0.005744878072799997,0.003531948970173504,-0.004856020164773489,0.027859039620415693,0.05091318271590306,0.053627497075617425
2026-01-12 00:00:00+00:00,0.007836983032499578,0.011376562783879995,0.011057656429793727,-0.030954469769333692,-0.026613563954974495,-0.031488995987684065,0.0004363547228125597,0.003026876287680391,0.0046624582946597215,0.025932151796415948,0.026368424739332763,0.03235095681864997,0.013445510631305169,0.015306585403185302,0.018809611392855086,-0.0031436545147632833,-0.012861181768092034,-0.004761835728876784,0.006051431736749491,0.006777140700166884,0.009442174397733316,0.019713980798505615,0.01832241544955404,0.021543386856522018,0.01051121280208056,0.013090216548192757,0.014228336050157386
2026-01-13 00:00:00+00:00,0.09274758485786072,0.07049442682554785,0.08718780940195159,-0.04883470615737062,-0.04899611385299085,-0.04732687091551657,0.07163252228389361,0.06255552073914128,0.08019951268008474,0.008736749167034485,0.0227261780254977,-0.042882924402156464,0.0829656300004682,0.07466382303333474,0.0700003002460674,0.07758520083579645,-0.0027749556113960683,0.06587073597930448,0.0934450246027052,0.06448802318637759,0.08331358748381135,0.047615058234119934,0.048428247383285994,0.04690377103330068,0.08764633618443662,0.07173235145253654,0.08576273741224139
2026-01-14 00:00:00+00:00,-0.033091225875705566,0.00535439059927989,0.005289922845768791,0.08215465943077827,0.07811198566373734,0.0824526786486679,-0.008763456018247906,0.022813747758471115,0.015873334642082515,-0.04835996996743008,-0.059603740402211725,-0.021677426053106963,-0.042085745114953776,-0.013908664769710088,0.0026779484264485287,0.03511040378717167,0.042260184664131506,-0.009575953613415567,-0.021184991744651716,0.011301718187505028,0.00421500315019685,-0.057202914499433155,-0.05936896936882097,-0.05113488151674306,-0.03917784278524716,-0.0094956209924415,-0.006354197572467912
2026-01-15 00:00:00+00:00,0.014051410283216548,0.0068738782780828345,0.018427689273074366,-0.09020805448863034,-0.09045091521701265,-0.08565056228510193,-0.009797224788381409,-0.015790030182284753,-0.0035394057590661943,0.06249311755822484,0.06543390164733709,0.06065788952156659,0.028383740820130843,0.020240665825656867,0.03151495309576946,-0.04679086023713519,-0.04552562579404007,-0.04500109994441315,0.001110036926543323,-0.0029489460961203973,0.00609413200134834,0.07435816181546229,0.07045488626125196,0.06931354184277727,0.027955940224293485,0.021518842413977834,0.0314814926200746
2026-01-16 00:00:00+00:00,0.08601939019014426,0.09240505823193779,0.04957599214576658,-0.02811723279826206,-0.018851526874260838,-0.019152915407348203,0.08080858201349295,0.0902210899475333,0.04700346491600227,0.002230266180638596,0.013267668270252164,-0.031867311533057774,0.07912756998883674,0.09156590384516372,0.03874114128710926,0.02480929314392788,0.05613975541472027,0.029255154932610994,0.08002662079283884,0.09040166175951603,0.04961036077103653,0.01619724364089392,0.015349888602555595,0.02866037378627384,0.08026628258243429,0.08379316641033396,0.04994126022120704
2026-01-17 00:00:00+00:00,0.01061227330110448,0.017769984521503357,0.024837596511281035,-0.0030123018168691784,0.01560629363136301,0.004974340819668743,0.010471836858735983,0.02264490731321489,0.02677286103658827,0.018272461692325548,0.03083211559641863,0.027226189576991633,0.013928319197550776,0.021943111497713552,0.02683283571713546,0.0012578573011985394,-0.005593147124451248,0.004645197445567906,0.009603777337333197,0.014438591334565487,0.022554367926647556,-0.0036895799198713997,-0.021448474987953214,-0.00798881643201177,0.008880434575715856,0.011431472714276136,0.019042054509707862
2026-01-18 00:00:00+00:00,0.007457726181316682,0.0038158803817933684,-0.008578705702439682,-0.02106973815008173,-0.026382301336769665,-0.019353329615678816,0.0026082938095008945,-0.0029268983775457835,-0.013453617589829325,0.00983576823736576,0.01181800012131684,0.005456696070051725,0.008025966764833026,0.005975285527273888,-0.00588486597634208,-0.021373940016218618,-0.014196987194009636,-0.019451484809370312,0.002304890710012053,0.00016181541346660389,-0.011931590332263986,0.014699994190985333,0.01048258038636618,0.0028171999800397085,0.009499683082630161,0.005263678197868105,-0.007178273727690643
2026-01-19 00:00:00+00:00,0.05755652580591475,0.0401025887287616,0.0256710401836433,-0.03444781704548361,-0.009388698797134887,-0.033139861515026126,0.04846860326038027,0.03749554425028334,0.017514229945780002,0.019278492185349716,0.004265992899409765,0.018934885721594075,0.0559581086049894,0.03610909771095949,0.028140928913998886,0.03440731637084804,0.04522910466791896,0.04370964516893627,0.05555165001913198,0.0438498011372348,0.030592984864443507,0.04464393857655602,-0.00992706416322886,0.01824177224141499,0.057266762785013636,0.03098762822533807,0.02537403445744668
2026-01-20 00:00:00+00:00,0.02619159490668732,0.006316882397241486,0.025477697142371136,-0.029127330264751228,-0.026879961099508298,-0.021816568332017505,0.01873714378656044,-0.0006119624751131925,0.020176161477070576,0.021827450035606377,-0.00726171333096981,0.018776030631946217,0.02950578807253068,0.003959818175920171,0.028113767706816395,0.01241070111461573,0.03344558365888983,0.030772089135462588,0.023725762305769837,0.013054059477447977,0.027972433339197078,0.049922064893338725,0.061412530103863494,0.016449209804720644,0.03323801188162245,0.018836847301059834,0.024789873217025082
2026-01-21 00:00:00+00:00,0.007433328061095423,-0.03950842707443614,0.03772038068088257,0.0027818311739440382,0.014149515791101352,0.004185492583929307,0.004722151162142918,-0.03377065896436071,0.03777927626908095,0.0008723087509856509,0.0324518830580065,0.012972392433711066,0.006664989263420518,-0.030872381108961955,0.03826754501055407,-0.013099604248602792,0.055775665298393395,-0.0050129964510252645,0.004855825975301542,-0.023458634140771095,0.030509821093814837,0.033227260723656116,0.004128461124067062,0.02471084630494058,0.01330850354905877,-0.031428767849350114,0.03767634892395644
2026-01-22 00:00:00+00:00,-0.013854234687906697,-0.017950492008592778,-0.0352626033386646,0.008434553932219035,0.006108437553935531,0.012229231747168834,-0.010452754213612692,-0.01782475977520892,-0.03164174731553726,0.02172066653114446,-0.0030640507563758357,0.014557672081462636,-0.007904835884251615,-0.016851077948497606,-0.030534804563387308,-0.02930290251040557,-0.029609661798907116,-0.010097726736489232,-0.019116585072200487,-0.024519863780764872,-0.03670151568662139,-0.008636943527036589,-0.014596191223423927,-0.015618693602952649,-0.013501729437766286,-0.01996523681940987,-0.03330494032503928
2026-01-23 00:00:00+00:00,0.0072783119044719236,0.010217766330564038,0.005360824236810613,-0.0034357566663614225,-0.004050725717064219,-0.005051588372958937,0.0061648315061646475,0.010226665922439038,0.00346745980089902,0.008502968317787518,0.0052152306773372015,0.020566154581090235,0.0074056607657446705,0.011002430573873845,0.010101800581804321,0.005501890963852674,0.012008754464438054,0.002939032414131848,0.006981315139628519,0.013674104420309696,0.005472316003950928,0.009071278213251155,0.0005963407146827304,0.011215375760675439,0.008324946473765582,0.008992836364975165,0.0069164610610339405
2026-01-24 00:00:00+00:00,0.005723358031453296,0.002381948531595013,-0.013990159014361514,-0.028044703001173454,-0.026234099576438852,-0.024246946977731998,-0.001206510646365344,-0.0047769367734114,-0.01952496062432063,0.03219178985208404,0.032191847449186684,0.03071753702075042,0.011862774899175088,0.00914262539808064,-0.005183152881208852,-0.016427150356927878,-0.001372084788715644,-0.014980100746736502,0.0008484579324492536,0.0015507261598814992,-0.01481216183456635,0.016189102468065597,0.01683554121225117,0.0059475547390277494,0.008445869663160632,0.005367477987972213,-0.01044502038087014
2026-01-25 00:00:00+00:00,-0.0016950412776133295,-0.015855179609655545,0.0003530068981920653,-0.0025980202197929403,-0.019829966630656615,0.013451707761358511,-0.0037193423910494294,-0.018353853763925065,0.00401451207200787,0.028358509660156628,0.05473463185798355,0.030984701128213832,0.0052944426200964845,-0.0015292020252031246,0.0064502513020967545,-0.0015266995345230017,-0.015294801245490097,-0.01590210590204555,-0.002354845861766819,-0.01564874141521,-0.0025756964899079637,-0.043296801186459066,-0.02821433806174045,-0.026133906607237578,-0.011093749608611647,-0.018492144420108936,-0.0058138626138983795
2026-01-26 00:00:00+00:00,0.06354624594131253,0.0626568096506448,0.030476800837949236,-0.049754494297638674,-0.047295425561316606,-0.04000404855573181,0.04924197094983884,0.049188748396115534,0.01838644475971085,-0.0035786939470633383,-0.0022198951276043433,0.00040909748141748636,0.05166499940975067,0.05276115282220761,0.026430470750988144,0.052905109242316284,0.024119457912843645,-0.004930318438611581,0.0644334216714535,0.06117710800022702,0.021782417541497345,0.07260334843181027,0.039487618148731585,0.009630243349897372,0.07030065577018862,0.059697344574636935,0.028539244986716783
2026-01-27 00:00:00+00:00,-0.04180931019144363,-0.011616940084567484,0.0019332755451972883,-0.02393565950308929,-0.024388051718118198,-0.023000132816308194,-0.04590712848776968,-0.01783814129149841,-0.0025289867056599302,0.01861153516968872,0.014838857118391058,0.018906097311338854,-0.031688713056768236,-0.006168071405232789,0.004190797568470295,0.005806830021063636,-0.027680333563571802,0.005613234431935066,-0.03433745180729153,-0.01769078481245223,0.006068266600346206,0.018849052145870404,0.025596689615252854,0.017957867959461415,-0.031117538289409108,-0.0041609007162712874,0.005191999971035255
2026-01-28 00:00:00+00:00,-0.00858817907654752,-0.006849178409015,0.06612493628814464,-0.06264621658348091,-0.07288574860376607,-0.07429120911666565,-0.025297725831385343,-0.018353665663632057,0.04892022222999182,0.07158099578393218,0.0576044208285027,0.11031803291620212,0.0095642696284024,0.009163229282495688,0.07889899009497414,-0.05841829090540662,-0.10478274693398071,-0.03051726496668139,-0.02329627225486408,-0.02888803105925919,0.05499761272191428,-0.03520773717463688,-0.009988577184657177,-0.016667347062127247,-0.01587849842593092,-0.006871787016879183,0.05177033281568599
2026-01-29 00:00:00+00:00,0.07655923232100825,0.0485010700452535,0.06317808742913855,-0.05855954037631417,-0.06920508394997804,-0.05336103169142015,0.06297995585408511,0.040317395781368726,0.054906120543390946,-0.0003444378006260962,0.053679867614997656,-0.0335336937026407,0.0663641629951448,0.054622293115729414,0.05014659282225087,0.030707844393684125,-0.078191853812282,0.01617532853774839,0.06747528131804903,0.028477961234329108,0.05493202785064799,0.021416402111974486,0.0010996452802447543,0.027187525094567233,0.0654575067499723,0.040124154754514585,0.0567129218542719
2026-01-30 00:00:00+00:00,0.08270997579086292,0.003810141478776119,0.021012186220120466,-0.006120070159247093,-0.03826679040544889,-0.03448016496507089,0.08081366915506871,-0.0013341676438083372,0.013715813926164389,-0.07507201636914063,-0.04367297227373956,-0.009785380385702314,0.05878196914428524,-0.00956588680107806,0.020211242197856638,0.05370310916330756,-0.01124822485644239,0.02775716601652989,0.07918726609681315,0.0017428998172608345,0.022044558702854156,0.00389243884001389,0.0440792140365831,0.059803878510216624,0.06910624072552429,0.010119963821302758,0.029253478088407725
2026-01-31 00:00:00+00:00,-0.03009403870645999,-0.028946981032196173,-0.038300858870000565,0.00877877847194819,0.007740217890278345,0.008882613717035914,-0.030163373326375753,-0.026792221580817732,-0.03941787881640346,0.05087350407669744,0.039051943227983,0.03622438937640271,-0.015755634213736602,-0.020724717785927105,-0.026627651708905686,-0.07074658278562007,-0.0712803698365494,-0.05091672368630418,-0.039569947342529166,-0.03791462424219172,-0.04151007712912913,-0.020406976354022888,-0.015355211460267193,-0.012049944460913897,-0.030600246009424348,-0.026998286823861073,-0.033150107678454055
2026-02-01 00:00:00+00:00,0.09173570484897597,0.04415256302340831,0.07776294148023699,-0.09301596377215293,-0.10005216236409109,-0.0937038507597775,0.07765544886033782,0.019572168960278802,0.05654677544689468,0.0006221111782902522,0.030642075628246168,-0.03729136224968077,0.08015847031370882,0.044154522327709556,0.06707167420741644,0.024681400817738952,-0.0023584326973644654,0.04516805040920646,0.08117426647222947,0.03638449297318358,0.07439553668775667,0.055329544977653855,0.0657433457492318,0.046315993256669685,0.09114596065564617,0.053194211810291936,0.0754027074443302
2026-02-02 00:00:00+00:00,0.017628069396414592,0.001413293667545057,0.0313803300166009,0.01429401876156322,-0.005734855684864759,-0.01854329596812676,0.023466650632858244,0.0016689964914102795,0.030195059347244868,0.01198975265626534,0.0003926726451140006,-0.002367870820380813,0.01783993971629294,0.001815580269477035,0.027019042642798752,-0.004704275843414263,-0.0013933661904624861,0.03316609958321526,0.013808726799008353,0.0011788542779764821,0.033706475491088295,-0.005328001881185651,-0.006387723471573792,0.007337696139248395,0.014199835971054453,-2.915022632832276e-05,0.029079867264118597
2026-02-03 00:00:00+00:00,0.0279312824245721,-0.016513759062192546,0.007391717395991204,-0.026354252800542488,-0.011444836633473843,-0.0015296071186132743,0.023141913443198936,-0.02183846279708368,0.009414231581329258,0.006363052003605318,0.025141593673050133,-0.0017441383652017084,0.024964020757691552,-0.008412326159681682,0.006293445292880007,0.01572363238649155,0.006598447206007885,0.031113080729600062,0.027540676616585102,-0.012273614575261438,0.012190679014826511,0.002942477645453634,-0.0011813773354811818,-0.011977411323699672,0.025082288499029826,-0.01451786581196246,0.0038005056992007624
2026-02-04 00:00:00+00:00,0.032279545972459855,0.04696204697679285,0.038931710051050894,0.017583967819933433,0.021134288306165594,0.012387226676232599,0.0402148375478395,0.058818949464815695,0.04955683113494569,0.014702752262495844,-0.015922375815769496,0.012303358800831443,0.030632640401760503,0.03540474465257781,0.03560930299151188,0.04709788725038111,0.019497224967384152,0.04436874748666986,0.03828684478191069,0.04512047899356553,0.04361590397659043,-0.010785311163089006,-0.009492839499703143,-0.010148106599718876,0.025503428767849945,0.038134642858784984,0.03107533436026033
2026-02-05 00:00:00+00:00,0.01470645895926359,0.010592592125622913,0.03964790859766065,-0.006671729455773434,-0.0014695106559247106,-0.008153595797562363,0.012707971927273576,0.00975893020591756,0.04237785146838324,-0.0323661231554655,-0.04761760332330156,-0.0140043268068063,0.005935328284743191,-0.000776154308346988,0.03068028552900426,-0.031223795070143834,-0.01757478679088298,-0.03796254005136179,0.005958433710880451,0.0056437311556274405,0.026115145132988404,-0.048033489852788325,-0.049704192262644886,-0.04722432601025506,0.0033013040857117204,-0.001527805462236409,0.023899722679799895
2026-02-06 00:00:00+00:00,0.03439726436030344,0.011500715320794885,0.046376175932763,-0.0010847393896388224,-0.009393550822860752,-0.01587579686011209,0.03925114326145507,0.010758394355663725,0.04269813314057691,-0.03840581628914863,-0.031380556067596044,-0.036467318872438925,0.021059877460862797,0.003961745951693851,0.032718474651045604,-0.003239699693645459,0.08035509972383892,0.14889583795039973,0.030014875694045262,0.028076932729035775,0.07003114636821217,-0.030121457267308083,-0.06704360085629935,0.01862427554843671,0.021422963639324166,-0.006429655749681795,0.048153056850572584
2026-02-07 00:00:00+00:00,-0.08525574419668802,-0.025599226064297764,-0.1281010232729708,0.11063271083804627,0.09588759067070018,0.06642616601983975,-0.0574094107920875,-0.004579813288743573,-0.11238068996581618,-0.06786369589006702,-0.05142330581281396,0.07044359142154266,-0.08986241498460645,-0.03339976590543792,-0.09639507590491914,-0.037409259378606174,-0.055735341920405634,-0.11533193476769554,-0.07933641081456755,-0.03565245030002573,-0.1335058063659723,-0.03554713013705968,-0.06074289574090319,-0.05038643157599598,-0.08294153575760776,-0.033655917522733,-0.12053505242239138
2026-02-08 00:00:00+00:00,0.06410313721438055,0.03309321368329465,0.045722673037454475,-0.04799979852453884,-0.026488016259825553,-0.02381785612055065,0.04716473123687481,0.024929757972392386,0.04274284423414887,0.08187361303559615,0.07629919393593076,0.01896747729803594,0.07415749970180285,0.04529123090486209,0.043476192292490445,-0.008541148395629583,-0.0050811107577790615,-0.0008655444780945043,0.05152346409456121,0.027330969330020327,0.03974581166078939,0.04524055266596139,0.04170042616693648,0.029750685884697425,0.06669391440017614,0.035427589624287714,0.04701694380660215
2026-02-09 00:00:00+00:00,0.012368460025100614,0.01807219265968052,0.019617054953596336,-0.03408837333192616,-0.01320538540516103,-0.025407093595544716,0.004565599734873693,0.015234295069839199,0.011657635604094052,-0.00929073178527351,-0.007478435865362121,-0.004311654465725456,0.009177392928196637,0.01407949919285123,0.015351573611478209,0.03206859719202915,0.02752565394276174,0.045337909773829344,0.01791626686907133,0.021642706346748586,0.02572178087404975,-0.003330670752424214,0.009594207357475959,0.0067786830359286565,0.010276952489986169,0.01829435071359864,0.01830313174170195
2026-02-10 00:00:00+00:00,-0.02835943647349548,-0.047763890738207304,-0.021847254827384366,0.06528735005274311,0.062264126523112084,0.061760575139128804,-0.01582003344973848,-0.032503185356521413,-0.0070816661485518795,-0.0021493070305544926,-0.01069402521032703,-0.008129482651265896,-0.025031987391687882,-0.04360941168945176,-0.021700620219758826,0.05111174426607201,0.03916160892861442,0.04361920845610401,-0.014679794640058974,-0.031885895355478255,-0.008742265251743264,-0.010095113623401653,-0.012501275464506967,-0.009891512085705378,-0.028410555218190914,-0.04262597272203317,-0.020770801299501263
2026-02-11 00:00:00+00:00,0.06296528620548725,0.037541840381368985,0.008865014898068235,0.062340174687846917,0.06598142501672077,0.06142118421106568,0.07747501845080462,0.053614036949807264,0.023648498932544948,-0.021699982527296213,-0.02528702993676213,-0.023907008414132958,0.050021811293904594,0.027938590046119316,0.0017935057249678366,0.0289251438867697,0.028204393977953046,0.029539480460987422,0.05708066645344756,0.03871702671243549,0.012622049672093016,-0.0273193164148251,-0.026966925597013414,-0.025996425765174136,0.04656517625838852,0.02657438224295472,0.001571164992734353
2026-02-12 00:00:00+00:00,0.07948712356157528,0.06062354757497457,0.06172954896218075,0.28002635183242486,0.2864637562668899,0.2956047100002748,0.14853983705303575,0.12922990208713592,0.13183078944560256,-0.27948873381762973,-0.254510534976938,-0.2791151907209052,0.011853229869864146,-0.0024327494185020226,-0.005464448636283925,0.10281314644330153,0.09616381146312691,0.09632909575005066,0.08464533231128146,0.07017123096143396,0.06911066455358239,-0.3262343731777395,-0.3163362732403556,-0.3193285081315359,0.002474109697415683,-0.01476110139253406,-0.013524381954196918
2026-02-13 00:00:00+00:00,-0.060660186251544124,-0.01343291988013462,-0.022950176358275676,-0.12748751900985278,-0.10711651318408077,-0.12732325011624324,-0.08892446816075494,-0.04167666062950537,-0.057418298157990155,0.13573922345286116,0.23709741691211095,0.25951295873569524,-0.028844645053043738,0.028318935021345304,0.019096338465079743,-0.027766991229616123,-0.03106514499785762,-0.07656177319309576,-0.055017520553306776,-0.017960175629854636,-0.03483022090946353,0.15206821051645236,0.20102583284744546,0.2178157512733434,-0.026634206007444816,0.019006663980114302,0.011250734117322914
2026-02-14 00:00:00+00:00,-0.022698574844830177,-0.026452376436448155,-0.013200283950915659,-0.02389229309441343,-0.033234123329038634,-0.04577878695376525,-0.030256130307915186,-0.03451515820696249,-0.022180185735748204,0.025217518205534972,0.04330843662501915,0.036060916625922035,-0.014438483231456356,-0.016492206857956493,-0.000571945566404386,0.006731292045440762,-0.07708494687628298,-0.03710317094472593,-0.018737630742355127,-0.038903027520289735,-0.017029515236230086,0.051754920562102846,0.029834793219146727,0.033389136958168475,-0.011244723369525755,-0.014956724162649704,-0.002739182425767983
2026-02-15 00:00:00+00:00,-0.0668385058588632,-0.052071793227756125,-0.0814669365278402,0.0013679944815112588,-0.014032013556089629,-0.013528577641230055,-0.06739916087017628,-0.05409859650464777,-0.08499828684233779,0.029823484606496198,0.04648338356742965,0.04270160811505752,-0.05658004727536481,-0.03944547487681149,-0.07118529728446787,-0.07360102576791183,-0.03559054366867498,-0.05669944138850991,-0.07380398895703011,-0.05249496848338886,-0.08284600817983989,0.023131522708499386,0.009816819310586755,0.01764177091101482,-0.05276297153701015,-0.0445514177646571,-0.06832755063954932
2026-02-16 00:00:00+00:00,0.055867523210154646,0.07988473020618736,0.04895591093752638,-0.04156725086790147,-0.053113283522282506,-0.082025776047699,0.046245830484580974,0.064643024038052,0.028769576019204823,0.024707447748763434,-0.03816383110234223,-0.042961233760951845,0.061705998321835764,0.06437750140842047,0.040369362264337294,0.07904849150775117,0.09124531002968128,0.08219138925388259,0.06388740710797447,0.08897024756253313,0.06008494180590507,0.04916675733912679,0.0511621019505073,0.05227533324175049,0.05952550532505607,0.08326097267191623,0.059917739883603716
2026-02-17 00:00:00+00:00,0.004970899993886002,-0.0023872154867302653,0.011931713454954584,-0.025400145444839817,-0.02567090811077677,-0.03562027422143155,-0.000985885143490406,-0.008025512428577408,0.00383772388342396,0.010060536413064813,0.014560191800143452,0.014047919419232446,0.006860489036485173,0.0010212669047677814,0.01473423182586564,0.0055010172693614745,-0.0003830197818001091,-0.005579861160551536,0.0056334055905546965,-0.002186162102421507,0.008506416743671918,0.02240044157129506,0.021600870742688683,0.023370198871270453,0.00912998556844502,0.002477528276819241,0.015266708562523323
2026-02-18 00:00:00+00:00,-0.03957969251828242,-0.030084713921125883,-0.04813338956490698,0.027981627066969494,0.004804952458157263,0.032775790719958176,-0.03391657102117629,-0.027264821222131808,-0.0404618111995978,0.054272168407544896,0.053457801346190825,0.04322805339760105,-0.024312531444721452,-0.015115092195576385,-0.034313997903511084,-0.04463786154719962,-0.040785252144612594,-0.040340971481236054,-0.04227223159801652,-0.03354140334547462,-0.04846615278273403,-0.01302139586700446,0.015593432831469745,-0.011282079503442066,-0.036951856985810605,-0.022178402834262867,-0.043053081550063155
2026-02-19 00:00:00+00:00,0.02092105283007073,0.031619646165744086,-0.010424410557726027,-0.04418841195742618,-0.029646150572752883,-0.056674997385130266,0.008708781003831545,0.023700265570425705,-0.02450055338300461,0.09869032640530784,0.05824930034806641,0.07797132548679508,0.04139779858401327,0.04154036715778786,0.009412791695053713,0.010330129403283816,0.012468323934031744,0.05617047891614346,0.01951647797378442,0.028930005669946413,0.003082045623574947,0.03893589217489679,0.038696821540816995,0.03055675139087266,0.025947360785569362,0.036430470986352104,-0.0026526286640917718
2026-02-20 00:00:00+00:00,0.009312267938710761,0.021034776547836698,0.00982309817723337,-0.027275349672226445,-0.04045010216046807,-0.027348454151556956,0.002691684496548108,0.01089745829666322,0.0026293273226376535,-0.007695849535495625,0.0038994762035864383,-0.010547959260977846,0.00694190840224862,0.019332781669501475,0.005842921468613094,0.006711216983875445,0.0025984641012246623,0.021853756558242177,0.009701894418850943,0.01818564656838917,0.012839173873885112,0.009005943578774378,0.004383485859897673,0.005381461023090228,0.009577085439757882,0.019172992823102808,0.009513696347842382
2026-02-21 00:00:00+00:00,-0.030541573378932152,-0.04752847326345355,-0.010154551355922803,0.010754600991039975,0.009477743809281458,0.009238274650226197,-0.027573840588557497,-0.04381111213995559,-0.0072367245749138664,-0.0003401793435287015,0.0006775823535867254,-0.004619179458082989,-0.027710078173773578,-0.04101312715159433,-0.010290037613944092,0.019356084038594235,0.010852704811133318,-0.014808194622855653,-0.022308139407736127,-0.03761945012761758,-0.012260950289523342,-0.047793664568484995,-0.048690750723309306,-0.051470393584901464,-0.03580092216449393,-0.05135330439539121,-0.018800411645479076
2026-02-22 00:00:00+00:00,0.022055547890239113,0.022759513137339482,0.010499215075645552,-0.019491943616600782,-0.019819754936235445,-0.020766768156201043,0.0164959275757397,0.017589786638908533,0.004528873415947876,0.02308947663583405,0.023255415214817443,0.02302951205870518,0.024949713161894538,0.025084226514128893,0.014921940676955181,-0.01341936056362425,-0.007753361821989269,-0.015356199707418638,0.015706147397023695,0.018054157558952122,0.005532048421858837,0.018256789433812592,0.020861561878562807,0.019152949111465922,0.022878113192423166,0.02325653469993716,0.01298756268879786
2026-02-23 00:00:00+00:00,-0.005789339949177852,0.019222091839901756,-0.00525275531344338,-0.010830577905490468,-0.01144529422778906,-0.014011640771969147,-0.006846353804045857,0.013498053649368513,-0.007827108427340801,0.0033693029132320085,0.0027918751828490684,0.002905174242647579,-0.005139475091298751,0.018124479488390355,-0.003429770471177318,0.023186803453519644,0.0028487342520449044,0.019363717096341215,0.0006709917907434804,0.01672962055761973,-0.0007574130009242452,-0.0021871586448355407,-0.0003254032809439922,0.0052979607541538964,-0.00452440852496927,0.01747041488007106,-0.004828397592012812
2026-02-24 00:00:00+00:00,0.037017943559020106,0.051491361654868006,0.06997599232517993,0.04089842754035766,0.0400290264443488,0.02672100520396703,0.04554202761588866,0.05637962748980074,0.07029841458346531,-0.02591562950539006,-0.012974782554442288,-0.031263867336921436,0.027158497179052388,0.04258906345710822,0.05521928727718395,-0.007055261659459688,-0.01583848866329296,0.015890149731255576,0.03091147508627734,0.0411678462342735,0.06355628928701407,-0.016670281627163552,-0.009765283581920858,0.016779008825626773,0.03008886787364573,0.04357913803175073,0.06520302411543355
2026-02-25 00:00:00+00:00,-0.049888154168467924,-0.02617550756873277,-0.044733077628879236,0.012098687882448722,0.014476351866468784,0.015186934786242556,-0.04571336402897819,-0.02162311926289795,-0.039549386147547105,0.0005384189689841001,-0.012268243666896272,-0.011417752091711364,-0.04363374453252622,-0.02549907831416165,-0.041268502165928034,-0.03695517378895263,-0.0390340543697999,-0.016196208287648783,-0.05156318510528046,-0.030903695007246546,-0.042391272309004635,-0.014491481744065116,-0.025568424444295634,-0.02047877680099852,-0.04697557375700134,-0.028553435220510903,-0.0440362698963187
2026-02-26 00:00:00+00:00,-0.05605939907775426,-0.03465880161929735,0.015340966490626329,0.03067991174760798,0.018974600760690574,0.020075978974410047,-0.04975065770082698,-0.03155954415471607,0.022333816462829947,0.027000994138985712,0.053823093169330205,0.04033718531667341,-0.04655336068582572,-0.01819252167264518,0.023340561792880354,-0.02424562145652298,-0.07609184955425086,-0.051184577058907554,-0.054246969903110176,-0.04654024511788235,0.0022969140306174918,-0.0002995047009085594,0.0019116480805334568,0.004246504871216805,-0.049879210492036696,-0.029348727355631987,0.014702079596874862
2026-02-27 00:00:00+00:00,0.017669460981540874,0.017869805881457923,-0.0034759018050152246,-0.0033186732827136245,-0.0016309462036422362,-0.0001150229316507767,0.0176864703347257,0.015454370592642874,-0.0009786492772271282,-0.0012837233076681276,-0.015130372336274678,-0.008849639519046826,0.015029967029682734,0.011639147463449184,-0.0038307062777251932,0.008706219008475902,0.03919914472159314,0.0070609939272205935,0.017264669170908853,0.02421156399933122,-0.001477696018253205,-0.029096144783967826,-0.03130250067259721,-0.032132143461368945,0.008642063577669168,0.008618335028120594,-0.010040538259742271
2026-02-28 00:00:00+00:00,0.035788940727331076,0.022801335533261247,0.008182740435516589,0.031703907967431944,0.06055393499295736,0.05029466671624405,0.04258419973131944,0.03665188223678162,0.02200213329127987,-0.05168910577801189,-0.027329925283583578,-0.056611483095897475,0.020628333958234712,0.015394410120616708,-0.005445492240734873,0.043233981520464315,0.04164994611602291,0.057913836902780735,0.039514602962402945,0.029648018410243893,0.019133108947034794,-0.06570837280689246,-0.08867069839302433,-0.07749850909160338,0.016520801257228213,0.002150299568463243,-0.008750139806956603
2026-03-01 00:00:00+00:00,0.0007137070372227328,-0.00638709272016269,-0.025516668024436306,0.028843724185410702,0.014939564852846976,0.029846958148505465,0.007223904367397838,-0.004769716080038511,-0.01553983165520223,-0.11409856568898669,-0.06636501232987135,-0.042644176169031156,-0.02153432034555769,-0.01916128068541334,-0.03181449056623642,0.07117814080574414,0.005077420465354088,-0.005418120518713376,0.01698311619685744,-0.003359037838710832,-0.02426047418204791,-0.09045334165101981,-0.0948175896110427,-0.08917738427807675,-0.015976162269926042,-0.021198427705458545,-0.04142300915361852
2026-03-02 00:00:00+00:00,0.01044019861197687,0.021752739435455082,0.037633085280275314,0.037351791265317624,0.031350336246247945,0.027299088923271375,0.01991466265480435,0.028067176816452877,0.04451066500348544,-0.03977498492533027,-0.037648727411081606,-0.04999585452749511,0.0017278061761614172,0.01098658269738162,0.021706042686030935,0.06563728457921725,0.06319065756243791,0.077253897686554,0.022666515067661708,0.034930007714572,0.045716521901026264,-0.06473559932545658,-0.04720216750359296,-0.056376076048974655,-0.0032705175036483736,0.009158723543166047,0.02198718799479793
2026-03-03 00:00:00+00:00,-0.0035468931181499297,0.015643870935618587,0.011778305674004175,0.03181451115554701,0.022421498800117012,0.03671631579917367,0.004196981202286176,0.019834503450304464,0.021814552338291326,-0.021684020505922552,-0.0317244153349443,-0.03838949314495976,-0.007138003643735957,0.006615920471271908,0.002747542529810021,0.015935782643717866,0.0032726600992225574,-0.002023839848509401,0.0025454469411083647,0.014422482603555498,0.007784597065111809,-0.01588971013247631,-0.016083632079901156,-0.03931339360472341,-0.0070732876989841875,0.009657682042884197,0.004302262007702895
2026-03-04 00:00:00+00:00,0.015438546559468858,0.010428355270535539,-0.005146572038270847,-0.055612300035048357,-0.06011158168003017,-0.05107948673581875,0.0013004741608633186,-0.004823076982426788,-0.017174455800705757,0.05370790470190423,0.06604282919138549,0.06799148906640107,0.027302123484141294,0.02186161900804451,0.010427582769787724,-0.026013322052434007,-0.04230047458076869,-0.042106563929555585,0.007869332520815453,-5.605591724189285e-05,-0.01448400321269494,0.06712871665153353,0.07944089859585102,0.0602833352826222,0.02802628553266029,0.025045766355703325,0.00869158476935783
2026-03-05 00:00:00+00:00,-0.0626383726307983,-0.02266077078580231,-0.02257003473811192,-0.024478380076213502,-0.02587810686065417,-0.027637061624309345,-0.065881288633027,-0.028101246425300208,-0.029774106069404227,0.03855469830375946,0.0309693414595531,-0.0005142209375967877,-0.05060982525483837,-0.014135956609244715,-0.021153527100988168,0.019673840174739388,0.02388807645374924,0.011692307408425417,-0.05161156627666508,-0.014399661896866589,-0.017176505777843576,0.03610208657147451,0.027429951564286847,0.03785631137786205,-0.04668551231118845,-0.013615748313626774,-0.011110054068354969
2026-03-06 00:00:00+00:00,0.03866992895649446,0.03687300895914514,0.05544240012840995,0.008151005874804662,0.014531224434394252,0.011896235973516633,0.039883760495916354,0.04013313884560166,0.057829946474682314,0.016425495683807245,0.008594169408304264,0.007723140566336717,0.04230286046586618,0.03750007344698503,0.056498263913018265,0.0034945868558844406,-0.00874086362054649,-0.0006677322761329263,0.03369736861324113,0.03026931637423469,0.047102656416966315,-0.010315979617875448,-0.006074968072852238,-0.010752229287017356,0.030651578450684447,0.030421655393810587,0.04598102722105457
2026-03-07 00:00:00+00:00,0.009659853561522658,-0.013025321903802012,-0.03142623329816718,0.003654633492600645,-0.002196445976396677,9.150656111622801e-05,0.010112378927526589,-0.012473122568102402,-0.029825857686291646,-0.01954488085663242,-0.018964445498297122,0.00296395301031116,0.005159657843261334,-0.0175281834135943,-0.032387516438642794,-0.007662398879617283,-0.009336862342250396,0.029908967571402822,0.006780817949269213,-0.013619088565613335,-0.019223925112077933,-0.023656750685605465,-0.02420838110942225,-0.02169289208518821,0.00288742057823943,-0.01748379621275231,-0.03132018182253882
2026-03-08 00:00:00+00:00,0.029796909680707806,0.01963846545222947,0.014125160256616365,0.015984977814590406,0.016210133315118558,0.014882705557581977,0.0311943134609578,0.02159118980437591,0.01638916569414617,-0.04382511711755521,-0.041745286995933606,-0.031574001856068956,0.0184908627635314,0.0086333384533257,0.005957271854164281,-0.019218705786103185,-0.004889507782777303,-0.00669926811774102,0.020780231218849643,0.015568648730130974,0.010638198546774058,-0.044444058509165996,-0.04324092287273862,-0.042074912037913914,0.016334007427180497,0.007388258505411471,0.003823464812137356
2026-03-09 00:00:00+00:00,0.004932734290207685,0.013934067607259237,-0.010728082100704084,-0.03471254036203264,-0.03559311519312325,-0.03396616875596936,-0.0037876678576448386,0.005539788002674406,-0.017991320824509716,0.01673881635704877,-0.016610290404031725,0.060690260712388255,0.009873766558236685,0.007498237430317856,0.004590547473674711,-0.04246659411453557,-0.04754575341433698,-0.03208156568414822,-0.004336040498626459,0.00221449702376586,-0.016667950127182474,0.017287454813870173,0.03775869823444267,0.010617551939368974,0.009522625603717971,0.019312702524930447,-0.007131915503323594
2026-03-10 00:00:00+00:00,0.022334801602045262,0.008230081229294361,0.03685754140118691,-0.055693927447861946,-0.05609327610561765,-0.06239474466373618,0.008862160474472303,-0.004768788296023896,0.021227025785156117,0.010090732378221556,0.025670640361585395,0.03862483066563982,0.022050712144585427,0.014148758576641995,0.04331826316127585,-0.015509306751908092,-0.029314342197145238,-0.005563463043823935,0.015877359154966797,0.002182545996591845,0.031764711190573225,0.05529212846705844,0.036813711031534524,0.060050492213890916,0.030145669897641225,0.015637322244100194,0.04553156244571466
2026-03-11 00:00:00+00:00,-0.023541018098718336,-0.015554592371428755,0.004799679134281032,0.02956357966632539,0.029381695021346577,0.03340589693784346,-0.01828759389154755,-0.00795457258065313,0.012486682909458091,-0.00515719508096224,-0.0035185451831152292,-0.012902456437838938,-0.02185934280382995,-0.014833600334479669,0.001044945582385548,-0.03613500513474077,0.011862878612461047,-0.003525941939645616,-0.026545388696530225,-0.011021454866986136,0.0034732392149185998,-0.02528841537214399,-0.02304675046468818,-0.025444083543170515,-0.025173930544933,-0.017590112627729027,-0.0009211880579080844
2026-03-12 00:00:00+00:00,0.0042554959410989746,-0.00210782718777347,0.00757672547833943,0.0205906609659241,0.01801404416481578,0.0250888821289168,0.00996319233267684,0.0032183883169447647,0.013099027386661577,-0.042115458542711925,-0.04640203959420586,-0.04027945697874913,-0.00787216029669302,-0.011901786848468654,-0.0018757710870996869,-0.00728321624222561,-0.021577083771539995,-0.009045073141964566,0.0015157681954707236,-0.004725546075857623,0.003944286664897101,-0.032930668359186455,-0.05534101936961133,-0.03740713724616984,-0.0034923770534247556,-0.012007781655471783,-0.0020600918166896465
2026-03-13 00:00:00+00:00,0.018935870202199778,0.018620168116945335,0.025686738795975383,0.02053207784693356,0.021428577564010176,0.0199927998158409,0.023749665455513158,0.025711766323500918,0.03062611229783796,-0.01649339215470902,-0.011680080940019932,-0.0007171891624512261,0.014684656224250858,0.014130141684238096,0.023685347310878235,0.011243642470302184,0.01265608587627165,0.010974005820502564,0.017454318612950548,0.017393404007721047,0.02280128170387452,-0.029273192853705,-0.03347014695226014,-0.03044831168893969,0.009556856477623388,0.008736618135246621,0.014730276834392653
2026-03-14 00:00:00+00:00,-0.029687212867923085,-0.0028487232299424514,-0.006991967699635393,0.04984505248482862,0.03623483840964825,0.04450990179662595,-0.018466702755202347,0.007844354132561682,0.004327615364164705,-0.058749414060349725,-0.07339064551030461,-0.059338488024539005,-0.041749661244467884,-0.019894188469731677,-0.020443286104248393,0.002952791782665054,0.0005599632166104485,0.002025773266220332,-0.024050069150718834,-0.002059324226706516,-0.00524033180384853,-0.01135597211756878,0.0076076645304712365,-0.01310947898635273,-0.02574960989392805,-0.0013928944129590892,-0.008068836022595893
2026-03-15 00:00:00+00:00,0.03160917960080689,0.02595942938251783,0.03569164704601824,-0.016548302815078353,-0.021819749984343217,-0.016468051292196195,0.02734452728379022,0.022200495609997928,0.031771875879428535,-0.02517033068268948,0.003341610790107641,0.01589124497283767,0.024217134331531387,0.026002892179797454,0.03822075692889637,0.05536445184105365,0.02701534237352532,0.03654413361700737,0.03927748697090272,0.028065792747828278,0.036826626968691656,0.0006622165424317039,0.005440517519107457,0.003421926121262686,0.025465805847484813,0.021815293819862358,0.02947872241510563
2026-03-16 00:00:00+00:00,0.028857375197157697,0.028464153275539195,0.020435387589348375,-0.01923556822118433,-0.03492454973725845,-0.04703932935793842,0.02050761900080511,0.024253274275908288,0.008761942056780603,-0.01205748913588467,-0.008759100357686345,-0.03306527684448313,0.02449866486571084,0.026304284840071857,0.011795353787128926,-0.009331121068134163,-0.07581728238272234,-0.035011964350767255,0.02309542011375476,0.008208071027719921,0.01019178122826192,0.03365881128725312,0.023075702880421156,-0.0006847895483386157,0.030398834116488693,0.02685219440794051,0.01883780602309071
2026-03-17 00:00:00+00:00,-0.03403843437283138,-0.09115876105192078,-0.09180838563115945,-0.0012329325256567047,-0.018839431055060696,-0.017136185322918496,-0.03469025483797539,-0.09612090177293264,-0.09646206049065142,0.04625544356571942,0.038146064202073005,-0.023928070621741182,-0.020003442056263587,-0.07869125102290042,-0.09321230307035921,-0.06944121534020364,-0.17164281270795523,-0.03790931687076349,-0.04426832534050684,-0.11577094295231216,-0.08865291687885002,0.03925249196254654,0.04715028872023441,0.0555719823280052,-0.021423975847159937,-0.06705398813888797,-0.06725354978454867
2026-03-18 00:00:00+00:00,0.015078346724499259,0.007585869770898146,-0.000775706898946571,-0.031795252987266265,-0.03400450336784877,-0.032719904086475515,0.0068985708261797285,-0.0013786532911485017,-0.008730510930004654,0.054638893906624464,0.09618937159974572,0.09119828624162052,0.02884132173253451,0.030815391749885457,0.022191496831273083,0.0472905420980303,0.009613762598567721,0.02650454709079164,0.02216802992203326,0.010138447358307934,0.005377498708183381,-0.026384456646835197,-0.028375399086076558,-0.03081816497270773,0.005275460325923298,0.0011742472880347243,-0.007431094422899465
2026-03-19 00:00:00+00:00,-0.02055068552696593,-0.0061946839611449755,-0.0030954890216068343,-0.002547468360550198,-0.02417080831297236,-0.03260414804772227,-0.023050576567519077,-0.011229941104421659,-0.012162512361230893,-0.010893424169893917,-0.00876349031848378,-0.022396463357615137,-0.022882288318605504,-0.006494407070777974,-0.009475655194792987,-0.003359133432426664,0.03505349884144415,0.03080355749326258,-0.015057032021288386,0.0005278066196647835,0.0043415022431665395,-0.010881568116879015,-0.008423345023006013,-0.0025465323615364577,-0.020262596999253812,-0.007214055821911147,-0.0018293721862918666
2026-03-20 00:00:00+00:00,0.0002315264722874133,0.03347625995567216,0.01724325326091125,-0.01079622923965784,-0.02747763989831231,-0.017951466529270932,-0.0032366697949153256,0.028348929890694707,0.013589580054578887,0.013124359978064604,-0.015338365148016897,-0.020683013997815913,0.0035646458361260347,0.029979830185769885,0.010727401841323925,-0.00746008716520874,0.015826935750933968,0.0161252515481336,-0.0011044623899122419,0.030884693035385657,0.01664513894927211,-0.01144833168741033,0.010518306146876544,0.010073529620658661,-0.0020946125378726865,0.030118534755226634,0.017625831067417774
2026-03-21 00:00:00+00:00,0.017721668605777285,0.01953534705309834,0.026873512823199608,-0.03656601990054453,-0.036128525824026037,-0.038153926797869,0.009254752182245918,0.011710312738077766,0.01875083929598742,-0.008035940372228767,-0.0017472440614545448,-0.0064500316171342,0.014838605409099204,0.019491529904826832,0.024392998858673964,-0.03903922536814497,-0.031143337024054252,-0.02780003118392782,0.006241652496758343,0.00957570844592448,0.01652716979957103,0.05167030241111381,0.05254629631635965,0.05241241123600604,0.026546859247537524,0.027438308874345285,0.0335630434685561
2026-03-22 00:00:00+00:00,-0.015043367984939993,-0.04901830235800819,-0.042581605489297014,0.026046889755120484,0.025402931551333774,0.02633058770338681,-0.009804806623759155,-0.0467112626505467,-0.039726729178275355,-0.0006331129082067788,-0.00033054177792513073,-0.0003137940689248442,-0.014802300474010877,-0.04724790139397028,-0.040014067720264945,0.010192009733789087,0.011256506196847482,0.04302361752829409,-0.0108046673687483,-0.03880961425316942,-0.02689208641255536,-0.027810664686278352,-0.02021423126946631,-0.038446531903348014,-0.01842951116003777,-0.04442280654891517,-0.04345097718357649
2026-03-23 00:00:00+00:00,0.02595862765115764,-0.0006471543036574712,0.01731386449811967,0.004018609060445044,-0.00176982510106527,-0.005058354807000454,0.030679965339091897,-0.0009555571101590443,0.018596686676222163,-0.006086766592356629,-0.0023774571190848803,-0.0060047191306272785,0.0225245326493817,-0.0009341166238817644,0.014890337973269219,-0.010118251851749416,-0.011574160224311014,-0.03953446012235462,0.020237129436806667,-0.003020026010908561,0.006952096805944219,0.03088201127531831,0.021898892041055884,0.021717184970736048,0.028248382679673112,0.004467824531205755,0.01976371321204784
2026-03-24 00:00:00+00:00,0.01785449929514571,0.026107611004078102,0.017997274935324103,-0.03068582603357972,0.025595604145777218,0.0069314088471148505,0.011210716872220639,0.0384256744800493,0.02089664580055195,-0.035043696018091874,-0.02401184479701568,-0.016688352628187686,0.007611676390158806,0.019320818143263807,0.012020110300215547,0.01374194311999144,0.03576346325912971,0.0004450893810401535,0.016561257161048948,0.033669111224310155,0.013322597414431536,0.009461888332206625,0.0064230796976598725,0.01068770095779592,0.016275609399093893,0.025069626408866785,0.015650605080538504
2026-03-25 00:00:00+00:00,0.036803507628494714,0.015002892580970428,0.029646139104601454,0.006170860497476172,0.0057660551682867656,0.008131063553301843,0.04644881639133858,0.02066297057719324,0.031172709306704682,-0.036778091908738486,-0.029792077781236048,-0.02366438327618192,0.027037505498076486,0.008130910183869577,0.02063148773263701,0.04735189798387385,0.044760855553499734,0.0744124095622718,0.04272699763969112,0.025959617507244293,0.04109373286653506,-0.04813847463735499,-0.04907088590508346,-0.048048526419948945,0.01948789129251316,0.0036617860119194656,0.014419271352280383
2026-03-26 00:00:00+00:00,-0.0004945995933518521,0.012062174145329285,0.01217913509838775,-0.017892237166632463,-0.020448011681254652,-0.017059974408350054,-0.0028427534849206904,0.007260940834308949,0.007772923367801665,-0.01082928236629932,-0.007901488729887607,0.002866737733942193,-0.0018644048214760955,0.009263607447413058,0.011649670312917193,-0.008073147377976375,-0.014339370490139447,0.0016272303632172136,-0.0021560204831139185,0.007417252603450164,0.0110153670429185,0.022729280694240295,0.026458070094687258,0.021434236720331734,0.0037297172490358133,0.014967809240612029,0.014776018844798067
2026-03-27 00:00:00+00:00,0.008458739745366595,0.03397331890969402,0.02957053076477245,0.013985713955433132,0.013155446452945085,0.011303833909032557,0.015264886055869953,0.03673347137350658,0.03235312285949066,-0.005253954399224714,-0.002911457429948694,-0.0023348660341608873,0.006331758464998449,0.03094613230254839,0.026583680238892793,0.04190875284776374,0.020604338367833153,0.019073347360735404,0.016560788455224573,0.033976726777448896,0.03009467831742585,-0.0009472672467919496,-0.003377232053691559,-0.0021732315809147584,0.00591148170517064,0.02880782840540519,0.024270287029450666
2026-03-28 00:00:00+00:00,-0.012904261314485299,0.007093943718871953,0.0010865897924505763,-0.023228616849814254,-0.023564511623594298,-0.025033363090097183,-0.013107193278523832,0.002293822527289935,-0.010746148758952079,0.03060478021028712,0.025806746383765233,0.021429806474518198,-0.006331093645415176,0.012413394430796476,0.006707132012716555,-0.014790992347927356,-0.006751547945882952,-0.008717164170357283,-0.014125948782299225,0.004596327788411125,-0.0005336667606213874,0.01185554867094707,0.01067175154175981,0.01025948526465914,-0.008912399796360493,0.007945563224198482,0.0033275067358249366
2026-03-29 00:00:00+00:00,0.022753711990007863,0.025785929137142727,0.016830911228651546,-0.02146070461115157,-0.022346614736178272,-0.021922683575866686,0.02124015920701261,0.02190855572097372,0.012077290634530558,-0.006917891732524883,-0.01250372093845209,-0.0045606659163989205,0.020094056466931853,0.022059922233016005,0.014369917759825324,0.001997777787733801,0.010987378938466463,0.0007346461475914445,0.01982662628070897,0.024399477504929212,0.014917514112958274,0.010568300492821647,0.011609964858712685,0.01250875932608464,0.022149764909789482,0.02502204375344519,0.01737397349555736
2026-03-30 00:00:00+00:00,0.006201291917302232,0.0022590387456051797,-0.002619546517280913,0.013701545148585348,0.006896050465109216,0.01505449771285905,0.01177282049754913,0.0044242377141650024,0.001326950348333078,0.005578537511321091,0.007065153601862217,0.0061097949734671975,0.007054341422832566,0.00409993750251747,-0.000885725164959883,-0.006942967061867367,-0.005273965075862974,-0.007854326862076988,0.004070144054616698,0.0008310846039680797,-0.0037994901925496594,-0.00358767955929562,-0.0018995076608957495,-0.002231854178914583,0.004749337245301355,0.0018968477569019093,-0.00294578276600721
2026-03-31 00:00:00+00:00,-0.012007657920985904,-0.030212697637452823,-0.025775543540066392,-0.0016958022173995113,-0.009950290958562813,0.0042418445620464595,-0.014289048654051228,-0.03353030182250494,-0.026701162230442277,0.010977351122471335,0.015117219571301632,0.029803584321241194,-0.010523142864688584,-0.025192782143855896,-0.01857089607240381,-0.03296958894202939,-0.025805669104727924,-0.03443900141648293,-0.016832668496724823,-0.03058018770378168,-0.02864126213091056,0.010204887948525698,0.014791144690232239,0.01708034087324406,-0.008562470410678258,-0.023595690683174353,-0.01961287899530484
2026-04-01 00:00:00+00:00,-0.033802831302191194,-0.030184686864586974,-0.040226948773810944,0.024240001787129817,0.02271768881646108,0.024463717683371522,-0.02962851603649652,-0.023562387340509083,-0.03671309831966174,0.02503073561628666,0.028397015371873113,0.027048328917031572,-0.027754313575012124,-0.02124233928296204,-0.03298244378526294,-0.019311232189401673,-0.05235991055441147,-0.04181454953962738,-0.03235717405766181,-0.03633419434156382,-0.04248972608436452,-0.02652060119557864,-0.024931427732591938,-0.016852152199380854,-0.03672868432958232,-0.03305512084495288,-0.03983804896592613
2026-04-02 00:00:00+00:00,-0.020610908246489035,-0.0188662406045339,-0.009625633091393193,0.029376198868004133,0.030261686483176398,0.03052528272191446,-0.013616614403893612,-0.008448373068204007,-0.003355707135942576,0.025336339316992085,0.024888361928304903,0.025469463748449384,-0.013071703955745084,-0.011864412138162028,-0.0014181452105467285,0.0014173327693889348,-0.00490896921217332,0.01862328563622362,-0.018132129600359814,-0.015906427550785862,-0.0038813026944934936,-0.07757713885896023,-0.07854969296825776,-0.08139364773147595,-0.03770370400305034,-0.03420765286643679,-0.024820152242720717
2026-04-03 00:00:00+00:00,-0.02283885884938286,0.013780726074339222,-0.03317978029904611,0.020929216141924112,0.021576156555290993,0.021024332788530442,-0.017278282282578106,0.019132802341833788,-0.03012702081209251,0.03630419431298648,0.05711080767001664,0.03689842438317137,-0.012759389916602526,0.02648042345298296,-0.01904685836218134,0.019846867399142987,-0.035935099186056196,-0.021532407467848236,-0.016344746793109932,0.005505321007234443,-0.03030253644412939,-0.08362418171673158,-0.07458900665104262,-0.07812660763402568,-0.040277783580261906,-0.002271335519854145,-0.04425105805484131
2026-04-04 00:00:00+00:00,-0.037214614790614275,-0.033959351825887496,0.021360042738013618,0.014375421698229918,0.014665891371176132,0.014588007195804442,-0.030918795027319312,-0.030473781216906026,0.025269526081880045,-0.009909436871839872,0.002513583034868372,0.005421123383299031,-0.032972168516295586,-0.02902501642619626,0.019501854861952994,0.014145190775068262,-0.009674738716539899,-0.004011272927229914,-0.02914439182625661,-0.03217817483148799,0.017174172280806754,-0.010988693336637212,-0.01679101761623414,0.014873337656443608,-0.0343876758652909,-0.03315698058782646,0.020628284137317987
2026-04-05 00:00:00+00:00,-0.016545648777933852,-0.032675537223027074,-0.04148576156600092,-0.0018902224645933607,-0.0020474449770795378,-0.006820999159514729,-0.016177642260250535,-0.0293535988731759,-0.042458794805179445,-0.029316531501624277,-0.024623741839380986,-0.02089261334138315,-0.021333909709004617,-0.03057785939204838,-0.041847132055152225,-0.0049693208634326025,0.007969114645784536,-0.017174407047087947,-0.01606441362816946,-0.026014563954976033,-0.041527651523578624,0.009907948306272507,-0.005250895675365519,-0.013609248768589155,-0.013774733669804862,-0.029225333235225137,-0.04014848063480925
2026-04-06 00:00:00+00:00,0.03262414030232219,0.017616668035934202,0.028552595278979576,-0.01555267442021424,-0.01812990323485908,-0.016097927590640215,0.026742655782532543,0.011534905387148742,0.022993653122719726,-0.009536379442033782,0.009699362866659955,-0.0070176069520876405,0.026684030114014545,0.016047463483786384,0.023676008396846804,-0.024582383103429417,-0.025090432952110997,-0.03518389601512051,0.023613765554991062,0.009334932333048052,0.01831190532700422,-0.007888828951417626,0.0019448617013013703,-0.001736004220388443,0.028903589455106404,0.01584849402247923,0.027670457553957473
2026-04-07 00:00:00+00:00,0.00923683595644409,-0.017535687196857164,-0.030557237726442477,-0.02643446759158019,-0.025404560837380963,-0.026595559719467254,0.001708280334760559,-0.02076587729880064,-0.034930735226936016,-0.006782078038256589,-0.0007502712825808722,0.012999981761758761,0.006776596472425123,-0.015724349995679843,-0.024360757163228164,0.024101318844242492,0.03667310488158004,0.03994857345041791,0.012890230963410243,-0.005668879906777002,-0.020140331102591502,0.029703680049586456,0.029791973027433638,0.031162310868577903,0.014816395645372404,-0.006549212725344589,-0.02339911045570786
2026-04-08 00:00:00+00:00,-0.07219351101953031,-0.07193561687895211,0.048659737387781066,0.02676794835091867,0.02401822098715023,0.026873655552624554,-0.06144877599276799,-0.06094011764992402,0.05180158681398006,-0.12644145770508153,-0.06843193682600168,-0.1067216001310135,-0.09095103488392031,-0.07593590491151103,0.018756412355025898,-0.013367276250590532,-0.00708253098984557,-0.015286223346714145,-0.07174717864567759,-0.07096758423375815,0.04454306462368263,-0.04110695500778361,-0.046299964141420125,-0.04050630957259016,-0.07929138329162932,-0.0768720450994621,0.03883229184300818
2026-04-09 00:00:00+00:00,-0.0009818398690080166,0.010506853108361858,0.0038078267781647135,-0.019418258774020924,-0.047088566776180674,-0.04023766846622101,-0.005745994070853189,-0.0013186929032159567,-0.007294391075154172,-0.037291665326496304,-0.04855971080385513,-0.04439080570901921,-0.00968132823291501,-0.001281493937714706,-0.0055411258688545795,0.02200781374673344,0.0210821272640751,0.01863409869082222,0.00688263604792505,0.016626782129024686,0.0041791469252019375,0.03847470556203425,0.03027593288662067,0.03497231851353222,0.008885632726383985,0.019461315103491694,0.008639065035611182
2026-04-10 00:00:00+00:00,0.034813921821642335,0.03128462750798655,0.023795052422717067,0.030134820936944973,0.0435439223211862,0.05420570017491788,0.04068508456867592,0.03700260825399693,0.031916913843611505,0.03554990346139175,0.010035537377335535,-0.0486789665525863,0.0377757046775693,0.029046010248134024,0.012775380881947296,0.008516653028860732,0.042349349677634374,-0.004495165947232427,0.0342212422644701,0.03484439821190377,0.02011545143099469,-0.0015495126989487629,-0.049902682497208084,-0.05164732665041927,0.031704513190817574,0.015888027883142142,0.009914587328969438
2026-04-11 00:00:00+00:00,0.05342154423294754,0.03632488761263675,0.04768383789904318,-0.021995832336166976,0.006480588856600855,0.012300514346608393,0.04514279719199199,0.03552468939506892,0.04335389218869934,0.05826062393195541,0.012442629890418333,0.04517858367580385,0.05902547927972979,0.038769288892133824,0.051615994287770306,0.06646897843112254,0.009377957716383056,0.029922430439341285,0.05781103320303127,0.031045170527407517,0.04524238762318378,-0.04279907158328733,-0.030962827355542788,-0.033067003993172195,0.0387823585298257,0.02661824811026081,0.03647924742486164
2026-04-12 00:00:00+00:00,0.03152052732906663,-0.05214639282501132,0.025104944270880614,0.03812261513320325,0.04172581006105203,0.0383355017192335,0.03783967596518134,-0.03783222221223437,0.030889521980127288,-0.027489278430533615,-0.00864548022273326,0.004386190567308157,0.02264656283570865,-0.05053694502371031,0.024917129105858082,-0.020373834058169615,-0.060157427101188654,-0.08205171362300279,0.022472794873559243,-0.05598770330519609,0.003814524671444941,-0.0732001524603283,-0.0698840665750593,-0.05180749818827779,0.013589090391433967,-0.06273203604158195,0.01184026392194304
2026-04-13 00:00:00+00:00,-0.015255881404302896,0.012201573555901124,-0.020653347219020235,-0.026458691311941784,-0.02808691820919562,-0.0251322447953648,-0.02027841240926498,0.004652245239818775,-0.023777287266285918,0.029127273477696614,0.01195314373668288,0.012488639988768702,-0.006837339786571861,0.01369276197204261,-0.017365899745602098,-0.0007208296167908745,0.021100477027395703,0.05393978771129304,-0.013005490624017346,0.015607002245757506,-0.008927741074186812,0.05616850465910983,0.05797774815709955,0.022856818790233602,-0.003666958198572323,0.02391697239116808,-0.012913433028362231
2026-04-14 00:00:00+00:00,0.05831010254619717,0.016276128878600193,0.007348503467359269,0.011060570109368006,0.0003747481231584082,0.044962751324737704,0.05579329137008382,0.014053618241388621,0.016928072177114117,0.003082566800936881,-0.01832613987324716,-0.0037834744263113285,0.051467508370902415,0.011647853766205918,0.006306858995627662,-0.035056901529790685,-0.04350057744042768,-0.07489882400890269,0.04074364840119005,0.00467566894199245,-0.008003364223530207,-0.04329576795476797,-0.05266305955645989,-0.041390368586089465,0.04369921452550418,0.0023709719629267934,-0.0024781635626179854
2026-04-15 00:00:00+00:00,0.02170757522848077,0.027759493083371556,0.012863562336661083,-0.013053947725322534,-0.014604707782672866,-0.06514609388379067,0.01667652280522125,0.022356250228632968,-0.0033556434078553243,0.018283959574830533,0.04258094896509057,0.011259178151835636,0.022898475480265468,0.03677639521999998,0.013884447183979631,0.004829094423629332,-0.010409086725454597,0.009742492147776005,0.01906949440980843,0.021295788177119856,0.011268405992392205,0.04061034158054588,0.044095183746452715,0.03806834716491214,0.029056960881829186,0.03463066918534108,0.020499805840538787
2026-04-16 00:00:00+00:00,-0.038223498760617036,-0.038395837264247334,-0.014022789741082509,-0.013447335466323485,0.00663890667276168,-0.0032690734111570086,-0.036416398752228796,-0.03324660189311601,-0.014110378022912706,0.015661167421464617,0.031150313855049294,0.006374812355324666,-0.030055861073350454,-0.028758474334593775,-0.01112553161631502,-0.042797007596953596,-0.023870643191314156,-0.046326234155319224,-0.03959404556696,-0.03548520106822228,-0.020966893737536574,0.005069799798863572,0.00299683263646644,0.0027899679097762586,-0.032826094386065985,-0.03362084977303703,-0.012253258161918135
2026-04-17 00:00:00+00:00,-0.06117580286593671,-0.025891556191015352,-0.03174713031015497,-0.006851767738992209,0.047265855484964314,0.047927841314721276,-0.05566143506175847,-0.009460962056409117,-0.02211031258457108,0.025772201266430095,0.06779794976770326,0.035920514220840305,-0.04925744118892639,-0.007135492490426443,-0.022204003946602935,-0.08805697717347105,-0.09336782903449425,-0.13939454223831593,-0.06875116554312088,-0.03709012235839804,-0.05668105353081099,0.016429081865799944,0.015300788654979858,0.014957138608528098,-0.0489619505487755,-0.020679325121714998,-0.024467446990803055
2026-04-18 00:00:00+00:00,0.05238399554180018,0.06672792444973741,0.033417303943530596,-0.026652786958037744,-0.033952496369136664,-0.01905215137231342,0.04313703527395041,0.058873768008991245,0.027679916704836494,-0.016894944981885818,-0.036104139778250444,-0.04109270524908548,0.04456355969179637,0.05372915318873117,0.02157039890392043,0.03914978940975433,0.03440446264093944,0.03323746834338848,0.054590383151442934,0.07102253832902394,0.04015249116030839,-0.0011173324170227206,-0.0013291750898544175,-0.001560179867619138,0.043605879338376674,0.055187225142703245,0.027317090004809863
2026-04-19 00:00:00+00:00,0.06015009707090413,0.03907561843655727,0.03931991704883542,-0.04738863747382016,-0.04688658146354274,-0.04418421816588369,0.05221448862943534,0.026614773864446883,0.028966523103318043,-0.02312889622220604,-0.00789614578230513,0.06899455984439284,0.04965488188704481,0.03595093921192083,0.05233201288844569,0.02084372948553459,0.009745566266301298,0.012607289886718442,0.056212781978373094,0.04033551965369053,0.037160418339528434,0.04616415529986684,0.04636097724771249,0.04727153643224202,0.05927651798109945,0.04260890395713535,0.042311206757344566
2026-04-20 00:00:00+00:00,0.014956099646419307,0.0029113018219220077,0.011874058136964516,-0.0062915214652258244,-0.0013623336984919243,-0.0028031925839165917,0.014964036221499333,0.00043653386425379637,0.013528781882391039,-0.008184217728583687,-0.0036582052013711674,0.06121209639089331,0.01308774856236039,0.0019447363216800184,0.023956133045674566,-0.06436546664667964,-0.03869350123114579,-0.04646335451188166,-0.00023201209847589777,-0.0050044857562819844,-0.0014056914371398666,0.014356459362915963,0.019991003409679964,0.011946657141291395,0.015167639109337161,0.006992298021022414,0.012266313193067813
2026-04-21 00:00:00+00:00,-0.013507390368976191,-0.00903776927572053,-0.01785782398334701,0.02231525009996327,0.021132811551364705,0.021854225280062423,-0.008591892833746728,-0.0034452510033290418,-0.012840382590893595,-0.02909089037489776,-0.027677263541567965,-0.036925046079079205,-0.018442639800024474,-0.014259529607979826,-0.02448528957025653,-0.0013037138538423143,-0.00909896017461298,0.014599267400858595,-0.012012753298120016,-0.009343006163883727,-0.012124966084123612,-0.020549435469534028,-0.014312825709038468,-0.0174418020782503,-0.015567201852340617,-0.010568377955989305,-0.017924095569853082
2026-04-22 00:00:00+00:00,0.010379246919708818,0.0019408798342261946,0.004005269885415164,-0.026192489663278584,-0.02369430457467525,-0.025301544345053495,0.004014868271917882,-0.004241618279216874,-0.0020143237351164522,0.006935332427172591,0.012338795904715205,0.012767438053114866,0.011217771689132627,0.004061567960403689,0.006922389654939964,0.024258271082121086,-0.0021544750422353154,0.0006524422965936694,0.014184101878342181,0.0011035249667885605,0.0037099495402530547,0.03175861177054906,0.02865172252321857,0.029738558686162708,0.015257374177056082,0.007162998237453699,0.009843323115361624
2026-04-23 00:00:00+00:00,0.007302730384987521,0.015233418340682814,0.012649668117709956,-0.03603640069360514,-0.03550402112943296,-0.03543691279508854,-0.0010652553688320632,0.005882956847431453,0.004164484165229743,0.0029121178649778034,0.0006924763122275746,-0.0001612664404204711,0.008368684320505748,0.014177733845964768,0.011413102498858851,0.006600974756949318,0.020202509900040244,0.019039361035069424,0.007940285411628611,0.01705994327638405,0.015312742707286775,0.020703925293158232,0.02086515636699593,0.019590743512047704,0.010904713220234008,0.01643427720684132,0.015022101278492794
2026-04-24 00:00:00+00:00,-0.020043562173231777,-0.033948908688895774,-0.027409121671831738,0.004249465685722376,0.004157297345505517,0.005115735825791834,-0.018955582937724147,-0.03315717336691015,-0.026571325428078718,0.02543177664492635,0.015647234556337875,0.018144981986955022,-0.013525683407613065,-0.031421132225469495,-0.022457798119555727,-0.02163762836230121,-0.022906853323163556,-0.022096729364666112,-0.021965682963530075,-0.0344769604743127,-0.028588734079277422,0.009030667856684715,0.010560971832475063,0.011563957762676491,-0.01553229061101713,-0.026855420799357432,-0.021622424658054196
2026-04-25 00:00:00+00:00,0.005208214422868229,-0.013178444836134284,-0.0015060401820192748,-0.017002410994880424,0.0018947717255037855,-0.012638769420412754,0.0008993757252424572,-0.01236989566652058,-0.0044610431465886835,-0.0155900543432973,-0.010239652070053507,-0.006231803139250536,0.0014806965272293748,-0.017619297801473643,-0.002090891616691626,-0.016544144512600667,-0.012415963744662473,-0.005704045705161032,0.0010191000557744356,-0.014139090450129621,-0.002796785652654288,0.014717707160456062,0.01875212760573053,0.015210848217568573,0.007639359251915945,-0.00789440417246523,0.002110433883333762
2026-04-26 00:00:00+00:00,0.008742355587302741,0.009103894230827247,0.01734897378867717,-0.0065995976975556925,-0.006689174562932165,-0.0014194632999557921,0.00725568135675414,0.007938509963442364,0.017603939874831775,-0.030394217038564486,-0.02923602734635955,-0.024682828411739743,0.0013251225829649105,0.0023051374502909283,0.01063250313448072,-0.002308872668250639,0.004550234505764417,0.013037874182159737,0.007115949970371904,0.008678983272460306,0.01752753220978187,0.0009468381774113688,0.0018510048457436312,-0.001879399147051375,0.008421082720295958,0.007969322688562874,0.013556933915084723
2026-04-27 00:00:00+00:00,-1.3294559817356166e-05,-0.001076672513273702,0.0011377085812676047,0.0070327555919569296,0.0074602855253218525,0.006489436986999664,0.0018736963852017396,0.0007881251880814677,0.002871750091168135,0.003162992226535488,-0.013742018327121186,-0.017274565178900136,0.0008679096830233046,-0.004334558735473837,-0.0032251716684066345,-0.009545030218244044,0.00023204362756490404,-0.012808210761392935,-0.001838086113561177,-0.0007341332668763245,-0.0018172066423629563,-0.012137421727064002,-0.011492257370883885,-0.011139365802603662,-0.002460960471799223,-0.0032369801331348924,-0.0013769297459497176
2026-04-28 00:00:00+00:00,0.02688195299461693,0.01824317257249497,0.014347373754107995,-0.022960561079387043,-0.020848384227652228,-0.021754969362040577,0.022357409707685738,0.013735295015699478,0.009337632663751982,-0.019196169392518003,0.009231133747764853,-0.017562713885563408,0.021490488149181086,0.0214933195399718,0.010426152394078736,0.009771929277001101,-0.02105920293686625,0.00566609275726937,0.023575580948669517,0.01075769701745588,0.01329577205167598,0.04372369930652309,0.04040678014690591,0.0420519440947551,0.03019404385124158,0.023699085458580127,0.02138857065219768
2026-04-29 00:00:00+00:00,0.00022132257356921592,-0.018591130054865124,-0.00856283137898195,-0.0001117109339170419,0.004012410689068657,0.009549910570717968,-4.228901520664241e-05,-0.018973592863399724,-0.006451310073806282,0.031111383475762366,0.0457555196519881,0.038203530501047744,0.008132282469212937,-0.007848695258856231,0.0004779295126904337,-0.028929215776816508,-0.028861053708997386,-0.026160107697330348,-0.005925240651753594,-0.02101520261828116,-0.012467831116814265,-0.011806238270057334,-0.014207968040776842,-0.013858500730060674,-0.0026024924743569544,-0.01789199136102715,-0.010020810183079099
2026-04-30 00:00:00+00:00,0.028739987507035325,-8.089425531943029e-05,0.02452401676853233,-0.01435232736228409,0.004921092951695183,-0.006134370302945946,0.027926239130688035,0.0012972118714962289,0.026120552819677956,0.004065902840624025,0.021357262280523592,0.017350755081363856,0.030706702220179904,0.0060889445922409635,0.030834889978496705,0.02958637216791349,0.017311013381038798,0.01682821994398953,0.030238940096958045,0.003500059044641901,0.02404155327520674,-0.011496040849543143,-0.015245747437252932,-0.009941367928534839,0.021202042872919602,-0.0024362928442897003,0.017299665689131105
2026-05-01 00:00:00+00:00,0.039264991961294404,0.03828537933315257,0.04293110497588559,-0.02491060991308136,-0.025028795733942455,-0.013732011473680972,0.03741374276745968,0.03588545045092495,0.042727838089327674,-0.0331511935067309,-0.04353267722274068,-0.040958384745529486,0.03218588829351665,0.029102931354986428,0.033912593205044805,0.02277868162004193,0.02169589938241412,0.03787830996619812,0.03743114535516989,0.03650816932280465,0.04372996811434682,0.05882770291015227,0.05975458866716932,0.05634103501808174,0.043097416433229174,0.042523169638420955,0.04550952788782303
2026-05-02 00:00:00+00:00,-0.0011494154390115918,0.008952983392370495,0.05416278577821121,-0.034577642801412845,-0.0351043371670714,-0.03542036360190581,-0.009558719492895662,0.001277007740538627,0.051234173972890984,-0.06400701984924839,-0.047794498591425705,-0.0631241830402769,-0.01739505354518578,-0.002288974085370432,0.04069356602198293,-0.0016675526859033507,-0.012223600017333136,-0.014493381234416458,-0.0013802667469378083,0.0048726507179222,0.04225283928660106,0.005573411020924901,0.007885565476430711,0.009944834091805133,0.00029371691846291625,0.008646131650683175,0.04548031770255956
2026-05-03 00:00:00+00:00,-0.01767917822675913,-0.00712069183160613,-0.0012129038469710363,0.01420588030210057,0.014909014104593776,0.014338215555040446,-0.015099781847353055,-0.00440622880669872,0.002447115984796522,0.030377001089957112,0.027161922354360657,0.03316136641438039,-0.011300219169202208,-0.0011002303411592473,0.00771907268400529,-0.014641886921952785,-0.01175083806756616,-0.0159475236291996,-0.018259857212453046,-0.007848892603292135,-0.0049054402226316185,-0.010643804955945413,-0.0096187957008107,-0.009728639255108695,-0.016524008109665034,-0.007414379560387929,-0.0030030329606974826
2026-05-04 00:00:00+00:00,0.03269917386648835,0.0348983506938092,0.03575693860328277,-0.009034290982726234,-0.009545035767560939,-0.009668627629902837,0.03026679879300498,0.03290911102412508,0.035264451710391054,-0.027493490896299266,-0.0222814872938909,-0.025897007663868377,0.027234588640704382,0.03125977787798129,0.031231437685581565,0.022197448802577124,0.023040244804249266,-0.005138069345091201,0.033214235018622196,0.03605505245142937,0.03001884353358264,0.02791631917755022,0.02740855423973576,0.02963089272942221,0.03203313063362301,0.034170282070877134,0.03500749106334511
2026-05-05 00:00:00+00:00,0.015607543632914611,0.009071022134694351,0.0064883719463866285,-0.0031779596232252016,-0.0036794581809069804,-0.0035536357199057456,0.014087020311654763,0.009072793775649401,0.005239363557354659,-0.021356555584688297,-0.01780147832487633,-0.0187885250013059,0.010286357114742462,0.005310312169642506,0.0017108826936018673,0.04367578097028102,0.043404177532906374,0.038823582179014826,0.023161903250931593,0.017839059513605537,0.013705383648691116,0.014176213803046789,0.014349405570529994,0.014582285344806989,0.015145433524043295,0.01047177141314104,0.008064326451876935
2026-05-06 00:00:00+00:00,0.02478681420841422,0.01754336023548042,-0.011628034015219835,0.04318399391869998,0.045131269141976516,0.04507790055664618,0.03369329335027982,0.03266841455682634,-0.003405986719508536,-0.10066319685814118,-0.09478897451129609,-0.09734249064343892,-0.00016684546844936143,-0.005628837442132051,-0.03627907649948803,0.03605874174394508,0.020672044089983688,0.020513709870971786,0.029204304087127708,0.019752476848621248,-0.005811550345681038,0.004271600063872505,0.003824546367629189,0.001254943904478445,0.0206091404650679,0.014917525083288252,-0.008872148860979756
2026-05-07 00:00:00+00:00,-0.01936206839716137,-0.07455065025591323,-0.08204776974424532,0.06112587293954963,0.059824476639220636,0.06328118853093478,-0.006530622695979593,-0.06162181162539593,-0.07160716014523183,-0.0606238429016045,-0.06981019463913063,-0.051332453698568314,-0.03443500925446785,-0.09996256734378783,-0.10193019615737209,-0.03875745656689211,-0.052739745114470216,-0.0524408020611834,-0.02516852309860884,-0.0762335357745777,-0.0827205274018703,-0.05449553151775177,-0.04608151654316717,-0.05358247816591133,-0.026150151451050374,-0.06894116115379134,-0.07616022148060131
2026-05-08 00:00:00+00:00,-0.0315839372125617,-0.026968087387183703,-0.02625747453904248,0.009854774348076578,0.009747748448156068,0.041122250908839586,-0.031925619657786064,-0.02638200617668096,-0.016650715884812706,0.034438690176717746,0.03106843977758622,-0.008512971013835857,-0.026664142248726264,-0.021424847962351667,-0.030680595662652577,-0.013627647601461956,0.03418539391512643,0.039348099647941615,-0.030499901049367506,-0.01587714947726604,-0.014363990872341081,-0.01990665791046109,-0.017581482553154837,-0.05027043154652577,-0.02953747687696784,-0.025490464410450886,-0.03186951915040137
2026-05-09 00:00:00+00:00,0.00938738168961284,-0.15293642252738837,-0.11328692659715633,0.02962751269437347,0.009967405566752463,0.008790518598221775,0.01754704406092955,-0.1543413913744719,-0.11629744981033208,-0.006518186848925356,-0.02029726619862815,-0.013723028205075094,0.00938754236113204,-0.1766809646612716,-0.12545549848117854,-0.028927647957783797,-0.0809867950146359,-0.047424302345554836,0.0016885305982403676,-0.1582458335972462,-0.10841115916277266,-0.0297372191187788,-0.0438011432050851,-0.01114689150277115,-6.218920972012043e-05,-0.13731555056185463,-0.09987008952532217
2026-05-10 00:00:00+00:00,0.05043347745742821,0.05668327487112257,0.06372287197586934,0.04738134215918066,0.04470943237228542,0.03892710016555334,0.0627022032052813,0.06937066625410804,0.07858896599877108,-0.05881766881534356,-0.04060048502670044,-0.05460624775121614,0.03667201701427114,0.05384010225892877,0.05253129800629819,-0.0041263069042938305,0.04083828128827993,0.05279673596003254,0.04304527444188255,0.0613277130514287,0.0700161950855589,-0.03713172925906094,-0.029541848981498697,-0.036013568951950736,0.037532447376765754,0.04257798411904412,0.04594890488589454
2026-05-11 00:00:00+00:00,0.015382814280020751,0.027765993412378176,0.025429538277009334,-0.014364304715901444,-0.017073035853478857,-0.018699890045919543,0.010440266495198358,0.024825573445635518,0.016432243707825256,0.052777669159932206,0.04120182851864018,0.06480681003101929,0.030031629280306227,0.0421721198361511,0.042437642881647974,-0.0451083744062134,-0.08171251724913065,-0.04751827251523555,0.005326778160194889,0.009780847695044947,0.003201041020652662,0.020944297723467287,0.02763156392705368,0.026423438862611226,0.02004631175776117,0.03002594568600392,0.02751345193896526
2026-05-12 00:00:00+00:00,0.02825216387781526,0.02966118384348393,0.029744872055207816,0.05693679345228153,0.05226589873551468,0.03191023234949464,0.04015121187621218,0.040207901266154034,0.03607442263887495,-0.03832012176960031,-0.019596988369883883,-0.04671341670413942,0.01901585471175049,0.026789357450719642,0.018408291325541004,0.029602487840937997,0.04928437904900784,0.06834706275553426,0.028669522852853513,0.03522576348456008,0.037876789246047426,-0.03453380080876001,-0.049226330767951354,-0.020720749734967403,0.017201914174917787,0.016728030450077647,0.020577392943375017
2026-05-13 00:00:00+00:00,-0.03380834680542255,-0.006401541800149513,-0.013682495689554486,-0.012202173096718782,-0.06516164288845872,-0.05023628752123421,-0.04037891526643167,-0.01964563998589408,-0.022619317744278833,-0.026877318304727837,0.011912349587946292,-0.02638040777885564,-0.042645821076846335,-0.0016774038950126968,-0.021654013377682357,0.005928630990936767,0.018919038968715718,0.028456563377752486,-0.026184720211856582,-0.001290695748484283,-0.005621006584321964,0.036375655389542016,0.04347060389472146,0.07461653528136436,-0.021187092322735745,0.004056961093839018,0.002106356154931488
2026-05-14 00:00:00+00:00,0.01748631605477491,0.03276180737646106,0.05181852375235274,0.01866864923134659,-0.06538060384257993,-0.03628562576198702,0.023857337752587027,0.016153283990831158,0.04695182510986129,0.049398538691667326,0.05424765902469941,0.03081804815777134,0.03175220408421886,0.046782167307634515,0.06059555019039564,0.009053785421239358,-0.05420535006075444,-0.05581310280582297,0.015495436937943197,0.015180750461962322,0.030108230989395413,0.029846894253937606,0.03625271960507548,0.04231025836827018,0.02047252998787852,0.03561135385757641,0.05261458127817753
2026-05-15 00:00:00+00:00,-0.00817698566863223,-0.008975214675308485,0.00025266404238522,-0.047403583417860884,-0.03231517992742727,-0.057820430168206816,-0.022550493845610475,-0.01994812443689553,-0.01374442856204705,-0.018611462576948457,0.03409394192540893,0.011413288445516034,-0.013581122459675243,-0.0005913130979782188,0.003202857284243299,-0.018195471308833144,0.011635661281035103,0.0016576344796634945,-0.01016056637908247,-0.004956089450482537,0.00017773012384347808,0.01943388557984438,0.024885536738727954,0.020209022147762656,-0.0022178676173183476,-0.002459530488346462,0.004318382723807801
2026-05-16 00:00:00+00:00,0.04537966171489849,0.042690788611662756,0.012697285648885837,-0.04705165944802159,-0.04712704916924504,-0.03194960187808649,0.039217764667136334,0.03587659963491485,0.00500065357888535,-0.0033612245776556415,-0.0009585606280615444,0.01250988238380546,0.044852617476335066,0.04254103177136348,0.013642610158196788,0.0440108785376605,-0.02356004769026876,-0.010789758049617015,0.04638789396543164,0.029484686048960373,0.01019648133487161,0.028341038805052454,0.026304796995173962,0.035369773437893715,0.04400972036362005,0.041081050963110766,0.018056116360235075
2026-05-17 00:00:00+00:00,0.01982746262270263,0.03179178815547257,-0.004284822731512761,-0.03678552632990806,-0.0319886657450873,-0.034370126972802506,0.013390126108734357,0.027157604703581528,-0.014841799231139263,0.023499663504537693,0.00432059123343409,0.03674625710587098,0.023626586230957702,0.032473370807456714,0.002959558142023422,-0.014832667631632934,-0.007363184468328288,0.014040145237693036,0.013516908482491319,0.02514680882099385,-0.000722866722814075,0.02203755465185231,0.020863371592436897,0.018537784715399797,0.020491370703424883,0.030275890470945477,0.0004243193329109829
2026-05-18 00:00:00+00:00,0.054822745082291124,0.06061506550496154,0.05630443089279025,-0.04240624235860957,-0.05704839361576175,-0.05603066437862625,0.051409142391997786,0.053223068651786276,0.04837786840422531,-0.029044748360118722,-0.030287666262754476,-0.010584217676066654,0.044099806227746674,0.04972180253755765,0.04904207360752322,0.05595980118009547,0.04679540711823016,0.062005925689930574,0.056491189122273244,0.05918982229315706,0.058826136829968734,0.01608443743472754,0.016847183559130174,0.011188414806776681,0.048786263895831405,0.053307446371301914,0.048306016472580815
2026-05-19 00:00:00+00:00,-0.00527492248718997,0.012364292525466114,0.008578939928123752,0.03639027300187703,0.0026478281761797007,-0.014990995471039659,0.0034823483329340377,0.012151518897178137,0.007334125340446862,-0.07033463056650069,-0.07022552510624613,-0.05431588010206023,-0.02324686849507318,-0.001979197352097728,-0.005110275326584035,0.04439551252582441,0.020265744799139673,0.05117023936534548,0.005347593287389207,0.01305930954169976,0.017421369606273496,-0.05247638048212078,-0.04971085768199568,-0.038610040731995476,-0.015341543979906946,0.0014725748721229337,-0.0008711466808472013
2026-05-20 00:00:00+00:00,0.07925162407859832,0.05093626922393124,0.005907025414661815,-0.09204364843712487,-0.04286635491685975,-0.05642522103775538,0.060303386218168775,0.04387463581112838,-0.0065673056435956445,-0.003180352261618946,-0.015036161732858266,-0.002248986326581215,0.08200036365325203,0.04846140833354373,0.004777387093316765,0.06526466745914616,0.06185400255419893,0.05074157574638405,0.0795190113450952,0.05286310906865577,0.016067801094881373,-0.03929466607624743,-0.05402482990142243,-0.06365066322135848,0.05868515898744331,0.0321573501590422,-0.007639767896367888
2026-05-21 00:00:00+00:00,0.030119161398556082,-0.0010969435087635482,0.02359115944791701,0.018938437032103517,-0.002626548398960815,0.010926832184536828,0.037227387760194075,-0.0024722663236423914,0.028070073451717636,-0.08309504256575595,-0.09123670140147855,-0.09035696004161853,0.011457044823529161,-0.02358532343333486,0.0028697514790745338,0.07171819168235616,0.0681600457727427,0.02901804599124569,0.03990704466488704,0.014127257899381629,0.028833843685167615,0.014898377731756174,-0.0014692950923159698,-0.00843237901720073,0.02658648603426017,0.0012291849097045837,0.01885974913066235
2026-05-22 00:00:00+00:00,0.055133541139932074,0.03145236237525939,0.0854633022996314,-0.002614535787244021,0.021838257129927374,0.058815144961773314,0.05500717840576219,0.03693828096645291,0.10180462922819022,-0.04213281413349623,-0.02481543220344462,-0.03615226595528531,0.045367121145378775,0.024280700882997053,0.08033131473078226,0.06617274647486782,-0.017134849076856473,0.029747271446961543,0.06133923507062877,0.023701940272194744,0.07894824851490534,-0.08656952669455975,-0.12442982427662586,-0.08194925042285384,0.031184576260071095,0.0035234510768864524,0.05686452449937951
2026-05-23 00:00:00+00:00,0.008695533553885415,0.012844240590567102,0.019702146829364775,0.015816768032321127,-0.03775896242861054,-0.017281912241284836,0.010042657127202315,0.0016521645935485552,0.020848314118767863,0.024444990860594373,0.04182261578474589,0.015201270758423258,0.015854157487978693,0.018188761243217888,0.028451370084680017,-0.047156323097853114,-0.017791066723815918,-0.060699980549273724,-0.0018915523859823757,0.004913522572860485,0.005618791487639108,0.07907686162762873,0.027808763460059227,0.028671514000155884,0.022391407023311105,0.01828037260866444,0.02338306259344547
2026-05-24 00:00:00+00:00,0.06352310103933578,0.03495041646992725,0.04614553917926023,-0.015716966289872625,-0.019002934013016448,-0.021741409571436887,0.05929211597197237,0.02893106587204608,0.039946826300525595,-0.08299370785922333,-0.05855434003277005,-0.07385673176899632,0.04482469940204292,0.02104686253684762,0.028840767990941263,0.08568973151385162,-0.005897293913552981,0.03584216925582395,0.07198115803521987,0.028428971021131844,0.04582509879543939,0.013515744892832915,0.015094144037999468,0.012211304073812546,0.05744384737469366,0.0337428875004262,0.042013166211536834
2026-05-25 00:00:00+00:00,0.026326373678774884,0.04701354911402067,0.02992637499070261,-0.02244914082375249,-0.04927296235522505,-0.053224565499622956,0.021078611820261273,0.035676785266172795,0.018132197560887464,-0.022825402413396922,-0.035083208500194085,-0.030631849543127143,0.021329554144419838,0.040833011084370874,0.024246902697797168,0.0466026109373876,0.03649192330370443,0.06166094771438502,0.031052649440074687,0.04687890707437692,0.037564247235998716,-0.00352150684679986,0.0021251149247758505,-0.0034269784936777903,0.021570290754170607,0.04014334209963355,0.024704291365368336
2026-05-26 00:00:00+00:00,0.06507599437276279,0.05434349404548833,0.05088270023460262,0.054812992287347484,0.036905931476936216,0.0037703140982832117,0.08482420453786643,0.06823047735513788,0.05233090063046619,-0.026014880238186322,-0.018458721534016842,-0.058937630802616825,0.05963549757216535,0.049381291340639955,0.041530359051092924,0.08408389215502221,0.11023738775052849,0.03307677123147146,0.07197158862525499,0.06528544050630702,0.048712786967465505,0.028168600517056053,0.019045982460011768,0.015718783894705046,0.06041560213689223,0.04914317312106742,0.04589703815908974
2026-05-27 00:00:00+00:00,0.011033111015217756,0.037244954755352166,0.011960017949642632,-0.00184431321744416,0.026807355242260078,0.03128500096922382,0.013283179770344766,0.04497949046227667,0.01862590269695774,0.012447025426988834,0.010862779594276395,-0.02224727311286001,0.013863234516394263,0.040850519655674766,0.00495418286708027,-0.0637676037848175,-0.05397141287721563,-0.06411105040679821,-0.003872512865891853,0.017447674342799147,-0.002464577564068482,0.034852989651855903,0.050444745408555036,0.054446440571770394,0.01667809454963809,0.041176249290820977,0.020837797723203044
2026-05-28 00:00:00+00:00,-0.012050495869113664,-0.01504569304174741,-0.02148466544263572,-0.0424283792819139,-0.027306588900834816,-0.05604286978550477,-0.02336550102816226,-0.020208083027598134,-0.034922490891088676,0.024177804657590896,0.034157921007766046,0.04242828844917468,-0.005699959343217542,-0.006627365273279451,-0.012164135728160885,-0.04609852252043056,-0.042430809588996254,-0.03187260592794161,-0.018949739901847118,-0.020062162292587393,-0.024565288162899046,-0.012719066410272206,0.009205492439417373,0.018813409177651286,-0.012638918146308686,-0.010731565828312029,-0.013617535310620932
2026-05-29 00:00:00+00:00,0.0072985844941249045,0.015313027400895685,0.0400623235496016,-0.09453967213198122,-0.1056477102214124,-0.1000728918225442,-0.017039830661140343,-0.009062400770987966,0.014567957379497676,-0.008416209178666811,0.01678056329378852,0.03835948777114484,0.004978485364714791,0.01968079708899606,0.049865496432851764,0.024781508158125964,0.050864388449952,0.025933246526340437,0.010230997242214324,0.02389936991715258,0.037618851964942523,0.019403216660328404,0.01540817939218142,0.01606714986516744,0.010067047359804127,0.015983385705212072,0.03710676185715234
2026-05-30 00:00:00+00:00,0.021979562214989423,0.01441911266829532,0.034427787181388725,-0.03176488262024035,-0.01927517660542999,-0.0009572632746986942,0.014790616006109092,0.010115312796879161,0.03492652968948495,0.011596456917963849,0.02855309885404056,0.005311644904476331,0.02500625250150934,0.021535315638941954,0.035472100496043435,0.014150946986772661,0.025115603991125557,0.020460773602104743,0.021411955946328387,0.01731223834128226,0.03319460117417572,0.00540633440304239,-0.01226884859941535,-0.007151698752255742,0.01940133881095374,0.009480630027842496,0.02714884107714477
2026-05-31 00:00:00+00:00,0.03586466036964664,0.009676922936854515,0.05584908899868579,0.03169892595961987,0.026524714190140575,0.02716418785827046,0.04342417354214434,0.017039580249148534,0.0657146239170856,-0.03422393874322571,-0.0515042216521181,-0.033222437315664766,0.02787004572697116,-0.003504896105149702,0.04721748403629045,0.029702182538209554,0.007817724021000005,0.01685388635054985,0.036233912563169435,0.010701039794046352,0.05056409937900619,-0.03133207345030964,-0.04166521656948208,-0.02840237761872344,0.023374332450173396,-0.0006464417916801635,0.041285213304678825
2026-06-01 00:00:00+00:00,0.004057631672846451,-0.005849603961414651,-0.0024040897958185203,-0.02377461079690646,-0.023839214170355283,-0.0231800439114076,-0.001540242122479607,-0.012993574622596427,-0.008743098242049663,-0.06485390799286106,-0.07755236924670716,-0.07805467803643673,-0.011386270639206053,-0.02386666854939179,-0.01963742701548543,0.031762474529968276,0.03494300563874764,0.04160908598175772,0.009947966547613207,0.0018631729556179977,0.0070155825207181,-0.0164863689531628,-0.019723451393856006,-0.019663361342847296,-4.687851979434665e-05,-0.009003983762704837,-0.005535434055984889
2026-06-02 00:00:00+00:00,0.019080793266080587,0.004098343321659925,-0.0028053207827325455,0.07715578002722134,0.07179255199507484,0.08379419119628473,0.040403285008389966,0.02121898470081751,0.01937342678068621,-0.08828614350630637,-0.09522381504071153,-0.1042728922032613,-0.0007901993584370492,-0.016571445563282827,-0.027293521567890444,0.0025989851550236587,-0.06442112294803215,0.03114894576727445,0.01621098517048658,-0.010786609093034749,0.006367026082185312,-0.01145528983241173,0.009059576319880192,-0.018375999579018587,0.014548887043088987,0.005513808711852697,-0.006560530780197471
2026-06-03 00:00:00+00:00,0.02450367176923751,-0.03708138978731701,-0.009073778575052871,-0.0697447382025943,-0.008254848871502185,-0.05305750405850396,0.0053879874851539,-0.041338352166386594,-0.022489820624940093,-0.04870670934289867,-0.041562737084408496,-0.0640426640516849,0.014256164111972058,-0.047530452735229045,-0.02319133279372443,0.05190746778751043,-0.009618529673658394,0.08266591002107515,0.03179594824830567,-0.03606892294300701,0.012048673283647338,-0.011525199889201199,-0.03198418128911984,-0.05619108562839026,0.018923146377157085,-0.039020075941722965,-0.02004484468944845
2026-06-04 00:00:00+00:00,0.02843902767233697,0.0811711873751515,-0.007542957875193657,0.04469598887918136,0.05445164553475901,0.17697486092163062,0.0397634811770895,0.10288976278357898,0.03754362600491001,-0.0549949080428217,-0.023004229789642117,-0.014297166941932615,0.008170735962166109,0.07551771606506907,-0.010524691080670001,-0.04298672178900054,0.11118560278627254,-0.053409992774619,0.013037583583111356,0.09394082133665749,-0.01797606279096331,-0.08295745589263703,-0.07911337074758296,-0.08906244125821239,0.0066600586522824745,0.053426053928753214,-0.024828564431980116
2026-06-05 00:00:00+00:00,-0.01773740552981573,-0.05270193807157675,0.018506603231872365,0.08408082262349503,0.06352701707119723,0.05585799560245008,0.010972286601818926,-0.04622262488290507,0.04227938902538386,0.2018585112446727,0.1036327903660077,0.18047900088055058,0.033566861418990346,-0.02620055276484856,0.060027914648895564,-0.07215556289177161,-0.06424616718639531,-0.0846306204630104,-0.027827200543598662,-0.05846635940745881,0.0026170673462004856,-0.000483328354353052,0.031734928502479276,0.024488778752421947,-0.013943462952488828,-0.043494989292621744,0.02049782530389299
2026-06-06 00:00:00+00:00,0.022584916728868087,0.062069884984490065,0.04867609962661468,0.07743940442213604,0.050305379398754235,0.045211844363755915,0.03850001337173947,0.07230609225416806,0.06070236410073404,-0.03706989223769197,-0.03730939292963742,-0.061776596807454176,0.011443950127879576,0.0470120792648927,0.02970604203337701,0.07174324846244073,0.04618076213659905,0.11788770371961999,0.02992136989417027,0.06410157124037408,0.06499857125936948,-0.11964877775490212,-0.09228519184000483,-0.10047158917408539,-0.005789161650967545,0.03289920903756349,0.022775246621307366
2026-06-07 00:00:00+00:00,-0.10424289990553659,-0.02824263555331874,-0.11057994737987076,0.03696283119782051,0.024069780078205927,0.05358682046924956,-0.08265894435779575,-0.019023983909514097,-0.08489446836494685,0.07362527174056921,0.07093773170631934,0.09995898071579234,-0.07713221171155482,-0.011606159109447955,-0.07763709832407517,-0.12596022196635515,-0.11678271157390974,-0.09986449442759626,-0.11443067549405428,-0.050722389413273006,-0.11024934387034435,0.00367081092020749,0.001110303230245302,-0.011025364933735293,-0.08901842226038281,-0.02663157696247942,-0.09996755813022062
2026-06-08 00:00:00+00:00,-0.028014021279638368,-0.032743480499743294,-0.05098659907731873,-0.06759117064020459,-0.09277478357922508,-0.060277337177584656,-0.04195811136180916,-0.051314083350217365,-0.05983647562996919,-0.008536518182191033,-0.01612620668138387,0.04438657968222426,-0.02382978000054503,-0.0380704699814145,-0.036067818415467245,0.007239587983878248,-0.014919820348032409,0.03165815491713575,-0.024558373411688428,-0.026948671002309688,-0.03691813107919828,0.0791096642883411,0.07892629101655158,0.07790999107059027,-0.005907600228912235,-0.012464015765573655,-0.02822501409717615
2026-06-09 00:00:00+00:00,-0.014397426140537628,-0.005512274108670834,0.035205966306446124,-0.049024898016270524,-0.057873803751044006,-0.039455502524616604,-0.024298624073979425,-0.017786373588354998,0.021347423507585894,-0.026226381333826043,-0.044250391925503174,-0.040205604307053444,-0.019880746508927793,-0.016647272576346017,0.020704639032096184,0.027963822740464606,0.015895355014338586,0.04144676944503756,-0.005684163301210798,-0.0009493060223592087,0.03756534201627337,0.035912270053212625,0.036539249346581926,0.02022684231912586,-0.005155859698775633,0.0036613300329411125,0.0356269473288402
2026-06-10 00:00:00+00:00,-0.0107575575621498,0.0021531520096731427,-0.03555227073463951,0.015782659456209602,0.04654343502009417,0.04564056849458642,-0.0062846753154111035,0.010964139410732932,-0.0237291320919073,0.0224311607362766,0.026464636341973602,0.015494042545446618,-0.006828852186398726,0.008631340597873516,-0.03111497354705428,-0.0036211136865960114,0.02195262011679544,-0.003473818133817752,-0.00923821719461404,0.006842126044176888,-0.03014205011786808,-0.027431714338063684,-0.029770554201220545,-0.025900008765134985,-0.016186016272416337,-0.008019838720465189,-0.03598557389834056
2026-06-11 00:00:00+00:00,-0.019456136303854565,-0.0015303103448928157,-0.03285945032655202,-0.04586478580101516,-0.06137613713573209,-0.019030825718643563,-0.030239244299293144,-0.016180812398821742,-0.03477083750509935,0.059368663599396854,0.059600275292668536,0.07346602709249828,-0.005840401807979179,0.012700353929021357,-0.014266561107296627,-0.03169440635783605,-0.05220899704933313,-0.007988048307705276,-0.023082322416712153,-0.012320547566346707,-0.0289986913357132,0.039480061650606135,0.06467131068957133,0.058813784839288674,-0.009655366898834283,0.012148382102756594,-0.016162259225154685
2026-06-12 00:00:00+00:00,0.02557640583058629,0.019981250672057138,0.032218446111674126,0.07551222415392367,0.06536120023245795,0.004349974869913398,0.04225996298844015,0.035175034327680654,0.03230553432811223,-0.02756683268964033,-0.0422173589591035,-0.038595625488024754,0.017693139652331435,0.009700646833137982,0.021191209434607172,0.03579936568424791,-0.043126080396352906,-0.02607904923604798,0.029048501072219235,0.00796600360293942,0.021300641226405626,-0.020112740879315805,-0.028506880604683205,-0.002069868795753438,0.0173931484132277,0.011394207640599063,0.02727772368797443
2026-06-13 00:00:00+00:00,-0.013456879580681425,-0.015919474075821283,-0.026684967552821348,0.022513171391944864,0.011510930557768528,0.011060316091505706,-0.0048602002319226845,-0.01377385728328806,-0.021840622973693047,0.0357113839742742,0.05307261603039626,0.04052657409478666,-0.004283179076809529,-0.0039000423398927175,-0.016075634117492132,-0.036925381763523224,-0.05024649017938487,-0.015781112272140074,-0.020174765195112854,-0.023874317516469512,-0.026685779527128473,0.017204853595102598,0.023749815726050727,0.02216306223385267,-0.008266489147891187,-0.009142215857151581,-0.018369792985686306
2026-06-14 00:00:00+00:00,0.004141314293926168,0.010983719869316566,-0.056803696984422,0.023956160835278517,0.019366687479167588,0.024003525842835938,0.008313597412661133,0.014688626084081946,-0.043096536010632236,-0.023254315404894865,-0.04129046933436187,-0.01594471269958264,-0.001885963511385924,0.0004198822625598453,-0.05838098292005711,-0.02290888600675922,-0.07770248427179993,-0.05685164059460146,-0.0010617791290112866,-0.005266118394839592,-0.06499555447043592,-0.03711964030491388,-0.045362560461861046,-0.04083850409177847,-0.00505212304306446,0.0001895512230409846,-0.058845157578991114
2026-06-15 00:00:00+00:00,-0.030049887915136075,-0.010141579331655715,-0.03407497936398807,-0.05443762077130987,-0.05153667461063116,-0.04845977812279578,-0.03775345084478199,-0.01987253497311081,-0.040547337750777235,0.018225843109695106,-0.017129707439629493,-0.010010572118768102,-0.023178790054161236,-0.013886942377069778,-0.036206993557097444,0.018050694015053326,0.02165816842728696,0.007691133744379686,-0.021597721760682642,-0.005896735454431923,-0.029771967646396336,0.04558384012805594,0.048820693078848176,0.04576271774408247,-0.016604659075974082,0.002143072315472505,-0.019598020820024598
2026-06-16 00:00:00+00:00,-0.06937415357439314,-0.045668771726275814,-0.055421294934167475,-0.008457045152414633,-0.01601919768901583,-0.008462770933581498,-0.062217104534273204,-0.04344067419093245,-0.04773479141603665,-0.06671049195754486,-0.08954643392332207,-0.07442632642680413,-0.08159823176581715,-0.0646589532050954,-0.07082880422265603,0.0503799806053018,0.04942054828418141,0.055652826969847524,-0.048639999357723895,-0.03096438157525294,-0.036964378753016836,0.0381009279330391,0.03933868718348621,0.036970087001265695,-0.05289886879357508,-0.03092801041213611,-0.03763987073140762
2026-06-17 00:00:00+00:00,-0.02380612331064247,0.03419058774514516,-0.014538896742034457,-0.006970066109853845,-0.015691974119166563,-0.015409764789079405,-0.021425685568006503,0.026383127662447325,-0.016032665337990193,-0.04077672743606919,-0.05853593055797468,-0.03350810054807163,-0.032006877144800994,0.019631612845254942,-0.019492505041826758,0.013621158347969065,0.007367744743289384,0.015074094958750894,-0.01796776148450252,0.031649084793903715,-0.009485939130989163,-0.018130174611262206,-0.013915418758409848,-0.01589570564897058,-0.024551374301099438,0.026770790060919092,-0.016709028126003944
2026-06-18 00:00:00+00:00,-0.03487506482137204,-0.041725742673030086,0.009317532131793538,0.13189404788504122,0.1381239811999493,0.1112843744989318,0.00036127943071662116,-0.008186402145790694,0.02943767294081301,-0.0022864173629915108,-0.014309940288245171,-0.019699914054602807,-0.032139106511440585,-0.036137471773872165,0.006446911083275664,-0.05049558476007843,-0.05323185247610707,-0.05007799272612379,-0.04299222001033265,-0.052677078532915256,-0.005617973726117498,-0.030903762808116464,-0.029252779587935485,-0.031989099782445574,-0.03735251951310492,-0.045357924911137104,-0.0018277779379574088
2026-06-19 00:00:00+00:00,0.01720079329102453,-0.02064442330097771,0.0193439981045207,0.0013819792369771378,0.0011909636116524958,0.04798072715923518,0.014502948950856576,-0.01844128876400919,0.028097525625373265,-0.02021211652220667,0.007609024461893377,0.00819638664018707,0.009095754220520336,-0.020389347537563607,0.019753977398376144,0.07391510727062611,0.07603656493678712,0.046121920364954994,0.033150299387796345,0.00024118829638064554,0.028074972056218783,0.0019096843158241672,-0.0019266036008963594,0.005114177448779511,0.01575200578944047,-0.017109219600781822,0.01847851422111857
2026-06-20 00:00:00+00:00,0.008431229861765921,-0.010151559016546408,0.008962873162401186,-0.059535423579542224,-0.11177750420008814,-0.07163739900520116,-0.0076340237940661915,-0.03629476177234958,-0.008484801052439872,0.017609464159050514,0.00538351160904571,0.018156722295242567,0.01376134945517693,-0.009637691300607099,0.014201055769449411,-0.022532139274229257,-0.015114797695238935,-0.04850991970525953,0.0031565868914704698,-0.012542671963894025,-0.0032260986006021897,0.07924631823463324,0.08011326707765165,0.07850634216745256,0.02430956412413665,0.00927203615189054,0.02374120534472901
2026-06-21 00:00:00+00:00,0.0026895478851876042,-0.020286610199795052,-0.013355681134386899,-0.02538432257121359,-0.035047925990921325,-0.026044630339149832,-0.003477423389588452,-0.030209144855201875,-0.018387996659147476,0.02270202972007107,0.051215135158562575,0.04170401081597985,0.008110398586409273,-0.007543793681920485,-0.0027528553820043156,-0.02318312612443063,-0.02253980232308661,-0.01998331499087269,-0.0029465661103510454,-0.023028669937678936,-0.01584876501400856,0.005845486749856965,0.03352026176034517,0.004056266074746517,0.003528373791956918,-0.010218319472226844,-0.010105362945558749
2026-06-22 00:00:00+00:00,-0.0352859454689457,-0.037260971105150476,0.016348858740319994,0.03880018825791787,0.03893297631513004,0.038978889544303286,-0.026013848581731613,-0.030072992615158833,0.026144992843942783,-0.02127070007626064,-0.007545231376817507,-0.02980333577916605,-0.03498778640799549,-0.03427400070328046,0.006679813594869577,0.020134860521595854,0.010600408876658252,0.01805531899632573,-0.02765036911486296,-0.030993446838527783,0.018839083412582225,-0.018766367690572716,-0.01722194619543571,-0.03811583917373407,-0.03459450036318468,-0.03614262287468917,0.005825968577068297
2026-06-23 00:00:00+00:00,-0.02209357794272504,-0.013055666664022136,-0.014469228247897092,-0.01461373002791655,-0.013773959725331575,-0.011852442217785586,-0.02684807095131292,-0.01647234638338435,-0.017540025899013933,0.021481125104110932,0.022703447206561478,0.02188736685421233,-0.013462438574786795,-0.006048145513043224,-0.00821916229071995,-0.0012893526624312424,0.004927367505777491,-0.005027407998720257,-0.021258323821696234,-0.009334997339374151,-0.014293510989178304,-0.0026983827815210137,-0.009820320926835935,-0.011227209995060772,-0.01977602028525738,-0.013572967334951058,-0.01496130377094751
2026-06-24 00:00:00+00:00,0.057499665091549135,-0.0012637828660931882,0.006689516399404516,0.0172762655610168,0.018256664956203927,0.01464069622383568,0.06158822965401001,0.002625708214649247,0.010101027750616609,0.032368109389895094,0.030360769367579143,0.02997797187060236,0.053028706828366357,0.005461034894946648,0.014556809624979739,-0.07641554453106947,-0.06470352250853195,-0.07879662557365052,0.03655283447043578,-0.016901294722195925,-0.01184771316074329,-0.0250044711813332,-0.027385705885949463,-0.026638003252106857,0.044672689568193036,-0.0070525634091730405,0.000552999863075776
2026-06-25 00:00:00+00:00,0.04211776622497099,-0.0006793893330248046,0.012784499943834016,-0.022692230865299923,-0.020960380999784478,-0.022053968167057514,0.036251201428003865,-0.005006846563430867,0.0062554478586125395,-0.02478931580047372,-0.016469712086967236,-0.014273234750516783,0.03173651042936165,-0.006235663306260242,0.00949719410090566,0.06402213973864601,0.06234002131803229,0.0359819050354091,0.050526819420987135,0.014080839805137302,0.018494425309138807,0.011058637615693367,0.008950324101741458,0.011461322218041081,0.03907079389397028,0.0014074881891796842,0.013759644551893047
2026-06-26 00:00:00+00:00,-0.00019301492319478974,-0.026837787002416236,0.006892702220461011,0.0026466973463508126,0.0019117390019298686,0.001035166079831118,1.0555086173758e-05,-0.027154171218211398,0.008405643730109658,-0.007647790473926497,-0.005933405481315601,-0.010929838237293654,-0.0016391518493581447,-0.024082280119074984,0.00423964968661239,-0.010536575127602865,-0.018366922541034558,0.011955098229590844,-0.002787898165625524,-0.02866714948274729,0.009195075313857659,-0.018414163251437632,-0.01756742091002117,-0.0201504741539853,-0.0040286998625183035,-0.02710584458722931,0.0016106610865351811
2026-06-27 00:00:00+00:00,0.04296319169904206,0.06091367687592286,0.05442628359081292,0.10289298726944307,0.036018424628996515,0.03346827741568692,0.06824086759979675,0.06872205009520993,0.06450739861544852,-0.0020157764987494,0.0020035064535035563,0.0033813210718423026,0.038066466132070875,0.05486875624673737,0.04808637763482948,0.007488790227628828,0.05593228463306832,0.05382019425239548,0.04070711382926917,0.0668883088710781,0.061189695235280395,-0.09810023381053601,-0.06032175845454779,-0.0391566563741802,0.01676715588623856,0.039872537064695956,0.0391438722491817
2026-06-28 00:00:00+00:00,0.01331046519873924,0.0027819358595790877,0.010399225818582991,0.017900523330687035,0.01316410358811737,0.020323260276364108,0.016259176694863875,0.006866879038474938,0.014973328312498424,0.0018904421365879553,0.0005000332563211973,0.0003678277340091185,0.013593174690539778,0.0021604385880333865,0.009708959445606125,-0.045134376372393925,-0.035278289039979205,-0.04360913032952729,0.0009874122473605418,-0.004902898077618678,-0.0004761575401570628,-0.010369512347347731,-0.020132214470645726,-0.023345824754285704,0.010336269798059794,-0.0017622230745344414,0.004018778439743631
2026-06-29 00:00:00+00:00,0.014219047639088211,0.021897407930011603,0.007466424259906734,0.025459824030020783,0.009125613198789129,0.026078485932414353,0.019513578339449333,0.023054247358701874,0.013284567181862439,-0.002287110083499133,-0.0025509204209089864,-0.0020581957613509116,0.012566269366385274,0.019203778478555256,0.006652970538348679,-0.018165244833403205,-0.01787477944459903,-0.019450708860651922,0.00893549676761185,0.01572889180724313,0.0022916203587350914,-0.018404748019489547,-0.011109378993010344,-0.01048730003364895,0.009353861722084744,0.01819887177279278,0.004523913301590854
2026-06-30 00:00:00+00:00,-0.008253289244785633,0.00657427330277649,-0.011817981006926104,-0.07605597412863407,-0.08067647938010858,-0.0703045626832518,-0.0259075551476301,-0.012835227532555615,-0.02806771446244294,0.054741066162718566,0.05176710703596732,0.03145297395073787,0.005345394062849174,0.018391936097503336,-0.004061618950265133,0.03795352128181406,0.03090329669553582,0.03116066321241151,0.0013170286356165573,0.011913590627200543,-0.004131550580166232,0.08762942123673989,0.09008435276328064,0.09024692923819799,0.01051643096477406,0.026658252525558535,0.00985161119705591
2026-07-01 00:00:00+00:00,-0.012036413410711155,-0.0301782024891466,-0.04079309706115153,0.017009624365035725,0.027993681856845143,0.023405050725359366,-0.0074251856587408405,-0.02403742132643627,-0.034504023652966787,0.008471463308962646,-0.006935324067310233,0.019806777209373072,-0.010556434930661274,-0.027924076083503224,-0.03124821013062351,-0.034961197451186976,-0.03835613751607114,-0.03927368893528094,-0.01935045131347668,-0.03471392442082888,-0.04142557535337488,0.024223061075343555,0.01898289985059498,-0.010443129064907741,-0.00648897386735936,-0.022796683681702956,-0.03397955065882918
2026-07-02 00:00:00+00:00,0.027612412525949814,-0.024741172707529957,-0.013282294400829509,0.0027466953497683466,0.022873785149671866,0.025848081443041515,0.02765104553316311,-0.018477702895566495,-0.006695597113866358,0.004118550931377474,-0.00240015504568325,-0.00039547465684197647,0.023552756738298042,-0.02141131190324541,-0.014343624768061947,0.010425054148296198,0.01692856867208814,0.020075779159820506,0.026321850067842822,-0.01823545091712775,-0.006825996493401321,-0.022275590000036982,-0.029950199538150812,-0.039916898731292116,0.01842422949015221,-0.027843885342247243,-0.019564038323005573
2026-07-03 00:00:00+00:00,-0.002487152561372996,0.01602671562641156,0.03604639012636057,-0.02697824996670295,-0.028954398728022746,-0.023994479321534867,-0.00984019476261666,0.007450801335282531,0.029907171359044415,-0.017930108153316193,-0.020456504514173912,-0.016656854330570292,-0.007369937396419113,0.00910724284056963,0.029118291600044754,0.00679560597221518,-0.02003211939056293,-0.0040735223910062235,0.002684392935305091,0.008903350871890092,0.02425028375057603,0.059022231046958584,0.026678542370075053,0.061314949942886,0.013113267891826652,0.017632875841907092,0.03896129844637253
2026-07-04 00:00:00+00:00,0.001872962826207747,-0.01663484535026416,-0.02214434762079598,-0.018831520038418592,-0.019003162606922697,-0.01595420307275408,-0.0025430306539935277,-0.02193289145504207,-0.02505190043918204,0.0489059664202558,0.0540822951711708,0.05162699701301543,0.011688936176326159,-0.0025798495376917474,-0.0079779109197754,-0.01069267448202793,-0.04005438452957821,-0.022043472680028375,-0.0007136761645483158,-0.022823216547943503,-0.024028836090737915,0.03143260005665094,0.033718438683256746,0.03219334258961948,0.008701200697653677,-0.007748935155006742,-0.011962164369860084
2026-07-05 00:00:00+00:00,0.006944243986106713,-0.0010826149155248599,0.008726216252749497,-0.004060272218797789,-0.0045793229348475295,-0.0036499245291528037,0.004935885324466094,-0.00226429800146144,0.008955913765752221,0.017668712910736906,0.034061944389437215,-0.029541129342813166,0.010774612452805199,0.005542939821623127,0.001572359964012504,-0.012560454039352686,-0.016960227695884122,0.03807726685133672,0.0032641239579209724,-0.00277348798525634,0.01396416700431069,0.02804480090844308,0.02762679481062258,0.030086435633090547,0.011392671896611972,0.005777347208115513,0.014013565678097528
2026-07-06 00:00:00+00:00,0.00810842689660829,0.02304288479830663,0.01801776414463463,-0.03878380294097328,-0.037634099825212375,-0.03854881052738501,-0.0015311092596226317,0.013119311195603833,0.008348883392416795,0.009185776133089352,0.019401689051167903,-0.026499873989453637,0.009229637705042482,0.02429223845748818,0.010299381599137014,-0.005434493176194044,0.000305336502238962,0.004060089987840021,0.006254710890524873,0.019649939442011544,0.015901865330341103,0.01613217153203328,0.0175607727749012,0.016184751958273402,0.009984565505221976,0.022391149087540363,0.01851466447407124
2026-07-07 00:00:00+00:00,-0.008082019087294667,0.003826302921684066,-0.003407243629089951,0.024884697855376725,0.021898974988129094,0.028748245056965827,-0.0021358133402523682,0.0092986424017234,0.0032378768220231446,-0.04244943043097671,-0.0462733150354262,-0.07433116138435403,-0.02018466564106658,-0.005670525973120899,-0.019517079525669723,-0.00011200116773057989,0.005023299218176458,-0.0006623797529624609,-0.0065745193590361906,0.0036601513628811144,-0.0026786070186626265,-0.011302582351173984,-0.00879318644408833,-0.010099146574070073,-0.008659073806445372,0.001611833776652638,-0.004993541838820725
2026-07-08 00:00:00+00:00,0.00879609932073988,0.022982224287327435,0.027914927414763646,-0.04703684585132328,-0.04713188396957202,-0.030148756321769832,-0.0019395003391408094,0.009783625305352261,0.020551535088934036,-0.04404922662252786,-0.007338508546522182,0.003157564205056307,0.0019791137612592546,0.0164835805525696,0.029632913089042257,0.03388877201754048,0.015486792832077434,0.0014590270514640569,0.013202505840747447,0.022896287820172168,0.02248439659741286,0.01238329073350486,0.02521146449817735,0.015461129666562323,0.009552925397730228,0.023331487223518632,0.0252890447374432
2026-07-09 00:00:00+00:00,-0.004306710564472183,-0.009121687617468788,-0.015166057499539809,-0.017766375798017653,-0.027185285890481414,-0.01588680414148147,-0.008053611530587701,-0.018695654901302983,-0.021050816569987973,0.020150459877693594,0.029010992203351016,0.037415878187413654,0.0004622939572658247,-0.00209198022609669,-0.004699227478068502,-0.02890497987620755,0.00734978332327052,-0.012042476668127189,-0.009390061061419153,-0.0058978614084488346,-0.014733889979714587,0.009692706158694442,0.017836224748418505,0.02176526626968167,-0.0014871008879477898,-0.003911834063560549,-0.00795801443796873
2026-07-10 00:00:00+00:00,-0.007538104583489025,0.013483740350000994,0.0071646247441188304,-0.0007357185202729877,-0.004526401591722684,0.0025839885489082892,-0.007726479917816831,0.013729228890889456,0.008858311595045132,-0.011205475512928498,-0.02422655494516357,-0.014341778408512806,-0.009938806424078628,0.006764853866388254,0.004432355281773548,0.011528404388184477,0.019794887360154778,0.027146023380345552,-0.003974675949471429,0.015527186671132176,0.011144537437994373,-0.0034215550287416407,-0.011913316657541584,-0.010418323849324063,-0.0068414822472770975,0.008707519203385639,0.0031976682725409766
2026-07-11 00:00:00+00:00,0.03894009930927522,0.045180357063884014,0.04844409643365766,-0.017755993554001814,-0.020772099834093227,-0.01646537014055982,0.03864526467351914,0.044637224129710384,0.049291698501747305,-0.018001744708766476,-0.022879757877819595,-0.021396490802283452,0.03235752477820841,0.03667225480808245,0.04191735582086942,0.04505297199307878,0.03783940888819748,0.03841271939137192,0.042192494196058306,0.04554170406557212,0.047310167493689104,-0.0073863548387409494,-0.010145562899749216,-0.006540716641312061,0.030910390510819674,0.035718005739394876,0.03893989176240309
2026-07-12 00:00:00+00:00,0.014121303769878857,0.015634048206635942,0.012336169394538521,-0.016637089493350743,-0.013203410459006526,-0.03037987555020294,0.011563527608090984,0.012476168830188428,0.006502394198351302,-0.030847982489995873,-0.0351216364350021,-0.023129422961256307,0.006632393564428796,0.00707531523195315,0.007427936317804695,0.017625738396938928,0.019809110132669394,0.018154566060239352,0.01558934752844432,0.017485804827983564,0.012948370240042362,0.031295487570438985,0.03217866148993931,0.029666321016053487,0.018037745928826565,0.01970747597833422,0.016408755733815505
2026-07-13 00:00:00+00:00,-0.004335170832907909,-0.017097892843743634,-0.0017493269776036602,-0.022617183862564394,-0.018409133336116046,-0.027991069204128638,-0.01102147545536003,-0.023122301900902698,-0.009459687887807156,-0.0010921659232480119,-0.007498844885292288,0.011263666701728514,-0.004203187517485607,-0.017373541287102112,0.00020377532599580306,-0.0159532913589433,-0.015699170972755083,-0.015301161532976448,-0.007405737821422176,-0.017451851548843322,-0.003974442942829337,-0.005674467897224367,-0.005017267284592952,-0.004139671546957047,-0.00441972414733427,-0.015142001256934434,-0.002695832633414219
2026-07-14 00:00:00+00:00,-0.047877977623802304,-0.041000781823082866,-0.049161712800004476,0.06814139131521091,0.06612463588782713,0.06451627417448247,-0.03405893888981604,-0.026366076682304063,-0.03600009022224204,0.05500186733770618,0.06125243872972441,0.0550000810545801,-0.031186223265818436,-0.02328893181734315,-0.032356048682233185,-0.045381892727786255,-0.03984097163555278,-0.03511593334112817,-0.050248081276552226,-0.04262677032122408,-0.049301879300133855,-0.021830953387568686,-0.020581119735725628,-0.02440193640292798,-0.043987891442247906,-0.039874041124217996,-0.04535491066455344
2026-07-15 00:00:00+00:00,0.034011577375242075,0.05976194275629365,0.02931187015936909,-0.044609759655250714,-0.023307022667849342,-0.057802839651706406,0.024325232191193757,0.05668223370626224,0.014711729421517328,-0.0519659284619145,-0.017211655611029775,-0.0360120483890537,0.01846669582251592,0.05052133084716259,0.019774053718073503,0.043031639575173086,0.0332215487750922,0.03983295399416109,0.036552648883663386,0.05688489918853312,0.03326328632572517,-0.0004415049776367308,-0.0022871294068060877,-0.00419139337768748,0.028421569947593595,0.05020701769419045,0.022381281256031116
2026-07-16 00:00:00+00:00,0.01732635890813783,0.006108264397135965,0.024885321289248363,-0.032420620081095364,-0.02905687467426732,-0.027023977643462316,0.008935744736804141,-0.0004451381821943823,0.018368121457241537,0.015444237350122236,0.015508452334415335,0.03483722659115118,0.019769162264950957,0.010749857383009598,0.029736798457132174,-0.0002389254553694098,0.003715256541234835,0.0004762156680959695,0.013435167754577648,0.005527671753185803,0.021024948041908464,0.048539571755730426,0.029136054346105666,0.049892339484239656,0.02438124543221054,0.01082995064238057,0.032136243280670884
2026-07-17 00:00:00+00:00,0.03668592150940864,0.017153752820694423,0.020323948867954744,0.031968520326512095,0.014921119559581975,0.028467586153184454,0.04513656671047683,0.02498128966534585,0.027001569130135072,0.04417847452446866,0.03302012978250235,0.031090737263680834,0.04497646406145406,0.02426070454275142,0.024525299527388578,0.015706153806272605,0.013077626063243253,0.02342601535726696,0.0324984202282983,0.016688612925700008,0.02189214184484478,-0.009442638605572817,-0.027485151335250868,-0.003235594787822871,0.02871851391384106,0.008362462976456042,0.0160043584012155
2026-07-18 00:00:00+00:00,-0.005416657465472818,0.008093772314081038,0.011065842275263194,0.018478371803826166,0.019414216537503748,0.01846272536176996,-0.0005230043668413842,0.013477040022502829,0.016030746044343847,0.011448286144753572,0.00923731099595293,0.009872168889418331,-0.0019096586828987183,0.008320206700633825,0.01253008268201694,-0.018933809208143693,-0.020304156444528654,0.0013387361883612225,-0.007900707333184598,0.0018137603909620381,0.009098052507549692,-0.01814199261062588,-0.018990311337198085,-0.019013975216594314,-0.008137182193511339,0.002221938482090291,0.005494169936507198
2026-07-19 00:00:00+00:00,0.03170597943089759,0.012315083068337174,0.016254659656866455,-0.011938820347284329,-0.010374730558724177,-0.011115770463047236,0.028763138133718114,0.011062072993484717,0.013499609852157812,0.014038613473724704,0.0064869695004434735,0.016204431072651904,0.034028057026749936,0.012561022987706005,0.019181699677748743,0.006545774344084432,0.005086131517366255,0.008209950643111474,0.028397484509161908,0.011509334648002856,0.015252618342340707,0.0013404790229836205,0.002807646002704889,0.004062439485882807,0.02717196217722595,0.010941252505959786,0.014425424158646338
2026-07-20 00:00:00+00:00,0.025373530210303086,0.02036675497057172,0.01630252502666507,-0.006675745917658071,-0.0074625885852485085,-0.006592080747733875,0.026472206751313676,0.01862629804251159,0.013674464982643686,-0.0033232111145941046,0.004676471450272279,-0.001926244473700378,0.024670892737010064,0.02153248356662174,0.014756438351350099,0.05551718906621872,-0.002099052578971028,-0.00023269108452483867,0.03395728167715073,0.017274735237029493,0.013105088337540094,0.0037013304263542324,0.014587689779200552,0.0037173308798270632,0.023359240788623836,0.021931182453550413,0.013701313548882599
2026-07-21 00:00:00+00:00,-0.050755897051589005,-0.026930785098541632,-0.03129928319435038,0.0294983606911694,0.028764867808135808,0.02967809230641061,-0.041660441994689434,-0.01970678832329975,-0.02360418335964387,-0.011944839136019958,0.02230248497532883,0.03025882407719882,-0.05117674806249972,-0.02078509603178713,-0.023344448833197085,-0.025092642781347596,-0.04761545711535342,-0.04793676723895479,-0.04747499542507594,-0.032497851488414886,-0.037225477914508365,-0.007695703047475466,-0.008735532206322616,-0.0047568030189208965,-0.044083806443405815,-0.02468316949409155,-0.029077734406412037
2026-07-22 00:00:00+00:00,-0.021457322304304305,-0.02804521567577778,0.004747617952732597,0.04985663990626299,0.04881593330210898,0.04834705343428802,-0.00932836273996518,-0.014871385174359153,0.017949929587153246,-0.008845985895650887,-0.007157113882038657,-0.01730777042481968,-0.025094322436370664,-0.0291480942961988,0.0015854585953900546,-0.02803551186446973,-0.0304192125718582,-0.03445184953248037,-0.02421539543328799,-0.030235708713376774,-0.0028676622477741276,-0.03864908747722462,-0.038873728527575646,-0.05875026865432553,-0.02916602324484807,-0.03240912847483801,-0.00776448175912503
2026-07-23 00:00:00+00:00,0.002868792674930676,0.0023397260471020864,-0.012296769358302706,0.019766683290827425,0.019384133880432586,0.024187383059721235,0.007271134639337706,0.007267059117467944,-0.00548368287541523,-0.003602773834847861,-0.0030980214736193723,-0.009009715216180325,0.0021385941313167844,0.0022504758265498026,-0.015473683300208485,-0.0073263224804732685,-0.013633227230185563,-0.03415476002522455,0.0011782951758065874,-0.0011618551627730067,-0.0173656262876819,-0.005568688841971703,-0.005977554666121487,-0.009873212776770668,0.002203856603333554,0.0007297574253166683,-0.013686291189099142
2026-07-24 00:00:00+00:00,-0.005364338629675669,0.01734437098130437,-0.0036505002566845635,0.0038991555375842424,-0.0033209145048096467,-0.013877128027178331,-0.0034255449546628514,0.015337862788476597,-0.007100764818376848,0.013854768352846714,-0.0038258936522357345,0.003300948274395754,-0.0018221921654658635,0.016526862551141663,-0.0029523495105880926,-0.02702316093863677,-0.013885468092546871,-0.035129557110445186,-0.010092060390132884,0.011001838125960006,-0.009576556489550692,-0.009515623157515973,-0.0046790790307024155,0.004045049778065302,-0.006664318899597399,0.013499212309447062,-0.0018197182044600302
2026-07-25 00:00:00+00:00,-0.01583566997114627,0.011470464825898308,0.020049992532501282,0.012101552617106881,0.018265683874638894,0.008650282478232407,-0.01309839804124635,0.015909152653694747,0.02019324206976858,0.0056239454796922494,-0.006061478309042023,0.026670707542933103,-0.01448028181751837,0.010131996758944162,0.026852847821771775,0.011992198568313128,0.019972463926731132,0.014527461185504187,-0.010578472640806802,0.013882364287678195,0.01961201394946044,0.00024287296400493652,-0.002786468372193096,0.004885962241841346,-0.013705859308030144,0.009424062051813342,0.01901434879339403
2026-07-26 00:00:00+00:00,-0.02577438348906924,-0.011741370041427945,-0.02312725922827108,0.02255779914295042,0.008674232135613025,0.04194514697591045,-0.01961073512252509,-0.009338661315242192,-0.012181722636530723,0.04042276173356951,0.06318776769358658,0.03496748330326449,-0.01519060621616708,0.0037246220798905494,-0.012943787159841125,-0.015099758087803838,-0.0036464632637762673,-0.01775477754422039,-0.02683467916318183,-0.010358913508461298,-0.023253308820709417,-0.0019432218474577656,0.0066114284807943235,-0.004407509225632933,-0.024018112017600513,-0.008653320578260515,-0.021774015595248497
2026-07-27 00:00:00+00:00,0.0001851448967642444,0.013028052674790347,0.051806243668224505,-0.004062448600839597,-0.005435607068905557,-0.012313157926774898,-0.0007959921071721832,0.011543492562409385,0.04642771071867635,-0.06020305857857433,-0.07218812888588566,-0.08180598039009368,-0.015558255428978263,-0.0051780987370300124,0.034917913623191854,0.00011342469018837953,0.052400879622149565,-0.014571502388884383,-0.00018057326219700354,0.02317200959233423,0.042585281609810455,-0.02207366554212864,-0.0199943258154881,-0.02068626714709909,-0.004830187260968066,0.007193826766493494,0.04481514165707812
2026-07-28 00:00:00+00:00,0.007064576423663205,0.051875036569761335,0.06145485929841654,-0.02072072416885029,-0.021127412737593776,-0.022496075041067987,0.0019978722063580534,0.04681467667335748,0.053934083654101794,-0.04565337641933753,-0.04171968100749468,-0.09865306076097213,-1.7576505336069914e-05,0.04949623628679767,0.039758546489605306,0.08587356410881375,-0.001634517112326872,0.12469664485885512,0.024120010366189826,0.04294028718223597,0.07956894896502265,0.013968856446197053,0.030179537489249952,0.054390449456941825,0.010042943089529022,0.05426346763024292,0.06956398036350442
2026-07-29 00:00:00+00:00,-0.16672187238741865,-0.14296113024266932,-0.12134680086013794,0.04742843887251036,0.04779397657304796,0.04707193641025276,-0.15538312074899996,-0.13173035960720447,-0.10638226716848287,0.021996390913459063,0.027603327159456015,0.00648665312059582,-0.20309757142587792,-0.15978520550108832,-0.13209930092038447,-0.04394546181382408,-0.03700065000828012,-0.04550522079744024,-0.14895984749938107,-0.12796816720474047,-0.11386314191815716,-0.018787891531687806,-0.04471773459098871,-0.03156573409524932,-0.1559775293887702,-0.14021248788092688,-0.12182308556158605
2026-07-30 00:00:00+00:00,0.12483009390575561,0.09699883892539751,0.0441245087740636,-0.0020493443045804804,-0.036269502578408774,-0.03507279844948985,0.12190871568828832,0.08622226508709407,0.033971330045396764,-0.034099174429974566,-0.031234700085808087,-0.034669568285528474,0.14908357102882275,0.1059909333442115,0.038641107460043456,0.05237418067152655,0.028163231368139252,0.05421389959426848,0.11409095314248874,0.08620760204509992,0.04862455252857223,0.010271290266041788,0.044071149921947717,0.042092404419244556,0.11580284730237222,0.09904843443168887,0.051827335375040695
2026-07-31 00:00:00+00:00,-0.045591244145218646,0.014966478987746834,-0.02308794381179169,-0.05255572285402965,-0.017182605475915436,-0.0511694257523958,-0.05708930501867726,0.011065897323418561,-0.03618686003445315,-0.017567083996904764,-0.04746861069035002,-0.011215373415384033,-0.06572285634326058,0.0034240674337666643,-0.02677781187271777,-0.011362600534767009,0.05223054564132146,-0.0475829116493478,-0.04007554068108965,0.023071035325396227,-0.028482846091928526,0.04256549535186682,0.005795375429819227,0.042464763901725266,-0.03256056280424746,0.015127213560629738,-0.011371783606262786
2026-08-01 00:00:00+00:00,0.0013952341112202227,0.0030201031339793794,0.014459205364929728,-0.00020858067558215954,-0.0006477256235600803,0.0008377668449794928,0.0007396495348117593,0.003232719550773977,0.015237199857704331,-0.004818050425316578,-0.015273332642402604,-0.028479032263912907,-0.0011838889701982769,0.0015535226278036163,0.00803257044195127,0.05462141005113397,0.027522616830925495,0.028055842493180938,0.01142241270544142,0.007668007697878121,0.01778612049141204,0.04066352874767731,-0.020680111737522155,-0.006418489935143046,0.007268951626590248,0.0003932121990293247,0.012139274832989377
2026-08-02 00:00:00+00:00,-0.014355397625914312,-0.016121667814876672,-0.004650192254652796,0.03586588457355,0.027508067704932415,0.01845386517673986,-0.004941921601431143,-0.009872767369123125,-0.0004004810055455721,-0.015200196473764138,-0.022580511651535407,-0.024711708751615435,-0.018593149069768056,-0.0223638424621585,-0.010632264095377875,0.029391773544931166,0.01925183177607237,0.01909385857468715,-0.005109518532619206,-0.00933947783326372,-9.287905918675676e-05,-0.03577804814810881,-0.036153829882909494,-0.016174927508146197,-0.019942998010058943,-0.022028429016439754,-0.007760558799401407
2026-08-03 00:00:00+00:00,-0.02245542722709193,-0.05791373291178503,-0.06205314329785938,-0.05620974062984341,-0.021839585034233444,-0.021419907131061677,-0.03977681843362324,-0.06546397513719826,-0.07122873825398213,0.07019759395690017,0.04892922234011898,0.10903884821546406,-0.0064950545313143815,-0.04830615755368728,-0.03503255207842759,-0.0833072491434299,-0.06261656210394995,-0.08768639891792462,-0.03709223059503841,-0.06107767952042786,-0.06948766182066868,0.03513552193836178,-0.007182460988948036,-0.014279320178208432,-0.011853168442887085,-0.052487574742117626,-0.05585356843717448
2026-08-04 00:00:00+00:00,-0.10080914846845879,-0.12020248456499782,-0.12399746555977675,0.10505322652655491,0.1196680393787477,0.11744682258687611,-0.08273031072793291,-0.09925296411324747,-0.09883833496409156,0.04445558142253003,0.051186119960116905,0.16260214306839926,-0.09419414771052148,-0.11727551742950526,-0.07509570910754948,-0.03783134717543257,-0.04661503896226793,-0.18175418843391034,-0.09226742528934384,-0.1142623466608651,-0.1418248102064612,-0.11952817842464891,-0.13593351489359373,-0.13761879237498753,-0.11356699780526591,-0.13501051288001586,-0.13820597697190695
2026-08-05 00:00:00+00:00,-0.07836865712733265,-0.10892554254655207,-0.0005595036788420549,0.03881925097227601,0.07070260494812852,0.0227526909308573,-0.070212044250891,-0.0921434547753257,0.0013218230483973414,-0.020618404456880457,-0.025317358534717394,-0.017305102952902662,-0.08625894017095503,-0.12674122091561113,-0.011099908894085297,0.02776051359874776,0.02904753327356091,0.03304247975700747,-0.0580464480843782,-0.0880000060217836,0.007684160618829594,-0.07661037064886433,-0.11196891716582924,-0.030762452022294884,-0.08552787971003217,-0.12149243787396635,-0.006563315454919505
2026-08-06 00:00:00+00:00,-0.2201434565821433,0.008927346514848722,-0.05544102140547391,0.16833402096838457,0.109429446831117,0.12823681481859683,-0.17271049680358408,0.03672651615637834,-0.025509379760195516,-0.02340822939253584,-0.02390455162572913,-0.028354858791921123,-0.23970317869569246,0.0024539090661792606,-0.0709567060295806,0.01883580278603869,0.014246395850497917,0.02035257581718719,-0.17312955300045063,0.010438985810439005,-0.041443632468738834,-0.25168550032708026,-0.11049256950420205,-0.13787760926647274,-0.25145204035487756,-0.01421236513018509,-0.07811153846051322
2026-08-07 00:00:00+00:00,0.006666842933691131,0.013263026247703813,0.04019016309945078,-0.03527907196729052,-0.04472237919977862,-0.05599306536987758,-0.004092341489615459,0.0016864247160872647,0.024463065228445657,0.0022218282665535938,0.0010613176876668184,-0.007844600107050792,0.01142947885319301,0.015962405098762567,0.03918931795062908,-0.015276629279598719,0.005168640774286359,0.004633401326487263,0.0012660918235998242,0.011611496084063866,0.03437106670186618,0.028870564728657344,0.052380411147697536,0.06835324944554699,0.011516773276680103,0.022615153547630218,0.04863409788568296
2026-08-08 00:00:00+00:00,0.056328917999203254,0.01788462132966062,0.033253183901706285,-0.07602326242351398,-0.048107163575705325,-0.07270707525719067,0.033964652666903516,0.005952191744360347,0.017327824089304222,-0.0014915562481985223,0.028694968729418235,0.03017297992851664,0.05353720940354578,0.024070556281823086,0.03980557438897603,0.04221352200780126,-0.0001565704330734885,0.060998633338507524,0.056838381090044354,0.01562543292632035,0.040271282177057444,0.03550389490865968,0.046329560812327975,0.04009263203802815,0.05491970328552753,0.02432838456758346,0.036626357936958565
2026-08-09 00:00:00+00:00,0.05994536271274664,0.01307249999454263,0.05371126976185869,0.030352182436767405,0.03528442077489635,0.03713645559991652,0.06959616470575525,0.026479892116687997,0.06274562985331178,0.03289043824762561,0.033725715550048774,0.0004499028661062443,0.06416772992942055,0.020340305922511348,0.05214597584764924,0.0017760858302509064,-0.08083310670789168,-0.070384051771064,0.05317032273447686,-0.0064098311919527085,0.031338615150724225,-0.009777162777166226,-0.03470147995593731,-0.015658010985929782,0.050241713772168684,0.005578278233593359,0.041282222746856556
2026-08-10 00:00:00+00:00,0.019467109558632067,-0.004480107229636876,0.00882698170587437,0.013793404499035544,0.018199098111470136,0.019714366686975016,0.022658069717076845,0.0009254330370640496,0.013854968377384536,-0.0004010507650772377,-0.015993696757732878,-0.012876569255395598,0.019145476562884234,-0.008210318905245928,0.004756844415783279,-0.012514966058580157,-0.015702731783965418,-0.008173349476068403,0.015858441358665765,-0.007321993436538721,0.006596787967125373,-0.011547097087906022,-0.016316116791908475,-0.014937945037599598,0.015089716545582776,-0.007150949304628007,0.005082962580055028
2026-08-11 00:00:00+00:00,-0.01105257441816132,-0.02326371560944518,-0.049635473688695475,0.028661485016457933,0.05438837410554909,0.0630310394118998,-0.005976768475981498,-0.007123725219708388,-0.03261332800786054,0.03884212664234643,0.03973443803635046,0.05898223786224177,-0.0005617518749451156,-0.014325977971251569,-0.03664180945971529,-0.079858146492785,-0.064984397111159,-0.09390105362741108,-0.025094274325960342,-0.03062494140141825,-0.05886175462135712,-0.05718307654006338,-0.06805954362899358,-0.08031709323162206,-0.01996147019698924,-0.031574236242332354,-0.05584514321966538
2026-08-12 00:00:00+00:00,0.009977299267750928,0.027061481617237426,-0.00899722533595182,-0.04323789042029291,-0.0186562158416681,-0.027016749877891044,-0.0006380223195158186,0.022181838172862456,-0.01629046403084644,0.010154259175419345,0.020844407792976583,0.045607598834005225,0.012898453005343535,0.03238360531146389,0.0033968223146263465,0.0025244725081134956,0.014050277577126513,0.007106120932518056,0.008491329057557007,0.024617707216699314,-0.005967644255916005,0.03616173188183747,0.02591967198530143,0.04684521158710564,0.014973880823721641,0.027652613437763485,0.002261218222213479
2026-08-13 00:00:00+00:00,0.017341506940151907,0.07358221546767552,0.06251973936164701,-0.06082196384363281,-0.06195545092121202,-0.04956476149312927,0.000467650597848035,0.06640793749717933,0.05480118017531077,0.010337236050996124,-0.01983089891392742,0.006599482941850754,0.02248236606871501,0.06967607050926294,0.06097026590221244,-0.03880266415453382,0.051005249376243844,-0.050176225622109216,0.006460544644530719,0.0692395607777585,0.040240116952869665,0.03161066468327567,0.02901371739722003,0.02500347046753859,0.01865910450813746,0.0682031703932644,0.05817039188966877
2026-08-14 00:00:00+00:00,0.019652520186681066,0.02946777011335011,0.01795543268427613,-0.052862261910952335,-0.04354888468710727,-0.045679411763143496,0.007993762056188292,0.022407582738879883,0.008154649269921821,0.012911899226014878,0.010431050118941743,0.017860757718740183,0.02160801460877071,0.030942559614672183,0.020914892890229186,0.06750397970467792,0.05732216315351102,0.035159924080570226,0.029075288480691963,0.0349368435863997,0.02138354162798306,0.04237299247083803,0.035431002926376465,0.03357319166317296,0.025521035832668293,0.03212313336384631,0.022158840512385813
2026-08-15 00:00:00+00:00,0.04836929047300442,0.06103746729606674,0.044335024132834855,-0.0889982064467032,-0.0815057935403537,-0.07077058417045867,0.03412954862565698,0.047671009279758536,0.03172226786292942,0.008943959755335129,0.010938266947240205,0.001859496024426699,0.048336806768011664,0.06103941345522945,0.04115079777441122,0.08819680038288014,0.016041080657792417,0.07391461322551507,0.05619866393362227,0.05222054163985246,0.0504543532102677,0.07135425984726029,0.06525650823513085,0.06657654661781387,0.055930710501657765,0.0652379058734649,0.051409724127569056
2026-08-16 00:00:00+00:00,0.022186217054150026,0.05041752792608456,0.05453674694253907,-0.06927022546295003,-0.06465078108728128,-0.05615945301547254,0.010142679977126479,0.0338564096180225,0.04837503191243986,0.0501790918399414,0.004528470090296333,0.00800392928978022,0.031085721106043795,0.04640950818717626,0.05219512779229696,0.021933184013444684,0.027929353194305007,0.05135714573836081,0.021996930066332077,0.048241548295589576,0.05413096358232883,0.05241999123843599,0.04869856600405531,0.04393100124087046,0.02957844124594744,0.05276411643657419,0.055080418449998225
2026-08-17 00:00:00+00:00,-0.0022783722719499355,0.021363211774267254,-0.004031701013537559,-0.05734895227515491,-0.06798033562686567,-0.06686155412457684,-0.014780162473761349,0.007727035505833424,-0.019959185340530983,0.017195333287894243,0.005366082895857716,0.03444741706249865,0.001741862405832073,0.021454185037789175,0.004214267951080375,0.005888888974875384,-0.008302900688622272,0.007596976053652282,-0.0005224900457256876,0.01589718995967293,-0.0015964536151552577,0.04843571795578261,0.038427812634542535,0.0507450395983311,0.008467012412510355,0.02604361443575165,0.007378129636602226
2026-08-18 00:00:00+00:00,0.010861919217917793,0.00034408205990521523,0.017477569846915397,-0.04301457887107307,-0.03322222066584524,-0.04426469287163637,-0.002345009417542898,-0.005514717127878321,0.007442471994347999,-0.029023256641234285,0.0018509773912982475,-0.03288134866557402,0.0033970622248873372,-0.000410194491381799,0.008787634099219677,0.05045201601648985,0.029293105713589895,0.026697111533878104,0.01890579887049082,0.006027624028778877,0.02200694320723806,0.028061913853153486,0.021303078796200303,0.028849259602426125,0.01489984987869497,0.004824663350572189,0.020777965635657036
2026-08-19 00:00:00+00:00,0.030024602557824576,-0.01875028586223393,0.00333659441961065,-0.04762969142645279,-0.05266798554241103,-0.05045967358878434,0.017789493442295523,-0.0295248483627234,-0.006258763100087994,-0.002101392167898508,0.0017204103952790373,-0.007911174905300467,0.028037688881287437,-0.016990737912307874,0.0016105910225341358,0.06041841948758386,0.02983365284863604,0.025367868246406466,0.03813306291478025,-0.00941731426278214,0.008154881810952697,0.0563496282083078,0.055827229949645396,0.04763496248143939,0.03694819884808309,-0.0035938604675165298,0.013380486016977278
2026-08-20 00:00:00+00:00,0.038402659571604714,0.00676662465612532,-0.029030759424441888,0.007500392342344231,-0.0443800769892313,-0.0171807462405964,0.042274943612976346,-0.0023212490854084278,-0.03576221557133341,0.003733193907742516,0.0023870532036225356,-0.009001691484571972,0.037895280715580126,0.006669994706857585,-0.029890592631077295,-0.04178821954397305,0.061169503656350654,-0.10396349145225137,0.023932671293441565,0.01707977976962849,-0.04474929482143264,0.018622227523066304,0.017736756419634236,-0.005767022471594108,0.03612364136199098,0.008684917823936988,-0.024852547642460032
2026-08-21 00:00:00+00:00,-0.006679263977162009,0.031138798613702612,-0.05041884796129026,0.07000631450529649,0.036210996862568345,0.12045049418306997,0.009700798170197533,0.05327306130938503,-0.024756875885032725,-0.021715152035252983,-0.03743954916023229,-0.14530997311057314,-0.01155568384979766,0.020132276258751913,-0.08396306820025023,0.0049332643037154345,0.014097673810071543,0.00524664175994638,-0.003793060946965854,0.029054636836934433,-0.041125989365960014,-0.009806110039152549,-0.00953610301181973,-0.027183481845030832,-0.007629958203309473,0.024719593958965724,-0.04823485614955658
2026-08-22 00:00:00+00:00,-0.03676652018197191,-0.07876433376900482,-0.033191056106581684,0.06256119078051547,0.055534431387458616,0.11350843378260689,-0.028112833651830482,-0.08324186307274084,0.009793199241885153,0.11096508199271837,0.028759258938969356,0.01762834706881322,-0.011243669541976753,-0.06813548855459084,-0.02481602944705852,-0.03989654678867571,-0.08350612016395242,0.06383069365229477,-0.03686879988794878,-0.08346620796566562,-0.01586102160586178,-0.0024250423655309827,-0.025750907574309867,-0.06253813080164139,-0.0312651221883663,-0.07188227211270914,-0.0413965485506127
2026-08-23 00:00:00+00:00,0.012070855379329837,0.046040535852239994,0.054324032415470125,-0.07763367086577022,-0.07561916229097487,-0.04333546756497253,-0.007251291566076956,0.027505138593835632,0.041179214155663946,-0.17537542957531727,-0.12707622618919323,-0.20978577964157652,-0.031431495779849716,0.011338101831625425,0.00500450784630857,0.0691544169331344,0.11503354709664237,0.016814610688767884,0.0231102475326177,0.061698375770460556,0.046577680394636944,0.010735539665498006,0.0014268384841020776,0.013062027986262326,0.01358490327511408,0.039175558524843,0.04897427284990585
2026-08-24 00:00:00+00:00,-0.07645622052064405,-0.08368153340810824,-0.11162898264960874,0.06318256435369629,0.05465688508858513,0.06460816425389648,-0.06446455685274177,-0.07396592006202596,-0.09864021599192663,-0.029098088540358558,0.020592598631971493,0.025713507569369076,-0.07668181048461042,-0.08312564518943044,-0.11761999437313153,-0.07745322796560516,-0.10367491237453796,-0.0605754202526515,-0.08068180841984751,-0.09223470061109429,-0.10147601970692322,-0.07057962897881098,-0.0644407114584229,-0.06642952099260946,-0.07740175259208915,-0.08711637164097474,-0.11040788630212484
2026-08-25 00:00:00+00:00,-0.09239455505580729,-0.11946006509701323,-0.08505279423801704,0.058853548975043246,0.06518095886674802,0.02966374608540545,-0.07405042818594854,-0.10499915223268586,-0.07589885828697429,0.04430987943576481,0.01874769278607924,0.044705585359752886,-0.07725957381829196,-0.1219809992109705,-0.08269337436157875,-0.09093209225316656,-0.12039686453497467,-0.0756581212865135,-0.09227018198391801,-0.12505470644849626,-0.08298285513221071,-0.06446481441323404,-0.06065118587966878,-0.03819409965440923,-0.09427959769051242,-0.11770663035399165,-0.08265730421123363
2026-08-26 00:00:00+00:00,0.027833744786957437,0.07366926745718017,0.029116691737713696,-0.024120994406577,-0.05755987122729289,-0.018642709042916095,0.02061308951286045,0.05602178402737912,0.025362285388180306,-0.031703717507675755,-0.002386205755731452,0.04352149039460995,0.018239573376230833,0.07342216094814735,0.042834498742104765,-0.001032948372958753,-0.009674322175280081,0.048470616961578505,0.022343692737311294,0.05939258288665461,0.03424805231881933,0.05148272305293933,0.08707343027677061,0.025765437054100948,0.03583672221372791,0.0845666556032656,0.031080775527754234
2026-08-27 00:00:00+00:00,-0.14949015721588144,-0.07475282920453719,-0.03603464622419805,0.07071530138868187,0.06152761768485204,0.053653164324140246,-0.12180848409104816,-0.0692963722031571,-0.024318000960322328,-0.017905976955164604,-0.03726962324618588,-0.02693557641649902,-0.14525396825418946,-0.08421923293346933,-0.04223906133134592,-0.10172132930707545,-0.0611220245905314,-0.09586955488886517,-0.1401403289687606,-0.07561935276395992,-0.049717257294426886,-0.08660478542841132,-0.06758781879308318,-0.05926385087328545,-0.14855817148227668,-0.07588073217128555,-0.04497043562837655
2026-08-28 00:00:00+00:00,0.008926670670006409,0.005358461336080866,0.04467058829238568,-0.005410158018867572,-0.007951183154536023,-0.006703274950497828,0.007898066579544505,0.0019310404271823955,0.04771549551161769,0.022237436238877528,0.015227412920721495,0.020769346378508358,0.015490175254028626,0.008611716775963618,0.050029780537941715,0.0033079260696358137,-0.006793025902097849,0.016537713997491155,0.007167100783347147,0.003965110431870533,0.04064743537666482,0.010495734604807128,0.018249960229977047,0.019849928264777716,0.010180577978062377,0.008890562005648972,0.04195179577025776
2026-08-29 00:00:00+00:00,0.006538834986218323,-0.0005197992155647757,-0.006563466552398478,0.0018522734749883973,-0.03676008736643821,-0.016862981347347428,0.004348343738169724,-0.006414235542679059,-0.013673899479156648,-0.005176398665712845,-0.0003424894340510187,-0.010530441840706728,0.004570110032242836,0.0017783381993412561,-0.00858668383728578,0.002668465906651152,-0.022456007726949556,-0.047593131012918066,0.007610248729809754,-0.007156277981066661,-0.015763042277619044,0.0032907066201142143,0.05059316057761665,0.0025142250460947757,0.007502258068243117,0.008941855660729914,-0.0057417506537923435
2026-08-30 00:00:00+00:00,-0.02272425721379312,0.014898177713314587,-0.0049525367732379255,-0.013255110140987791,-0.014764927560729335,-0.009704708693858977,-0.027007370600461877,0.012037018756540174,-0.006509102634630337,0.013569657873603758,0.0003569341280074134,-0.0172427181341287,-0.01849078653399383,0.014267914194929343,-0.009293755285334049,-0.00536963455968309,-0.01007357701949696,0.001509996644363465,-0.020572477399935396,0.01135641894250572,-0.003953884300680888,-0.010385213144114447,-0.012341980792524132,-0.009395282885331202,-0.021303253907332564,0.010552393341368038,-0.005931902101622977
2026-08-31 00:00:00+00:00,0.019814140482981912,0.03350097376693073,0.04738124638345376,-0.051533492159638095,-0.03998669003094546,-0.0002607082575443176,0.005080060509094597,0.025288395914958572,0.04996651118171691,0.05710808571729431,0.06603515169861507,0.05524871449174196,0.03336956192373419,0.04926983471430835,0.06096625719546456,0.03935716753900498,0.05595716548507679,0.03639405362555559,0.025766450267758367,0.03882979641734141,0.04669037998749914,0.00485743519356352,0.005994495992310611,0.0035560970441392836,0.017527903537983613,0.029978304112514564,0.04014278164201457
2026-09-01 00:00:00+00:00,0.014279676126099261,0.01041206441713971,0.01642018871296469,-0.027696698804424824,-0.0412698062292427,-0.03589592786130946,0.007337153633683924,0.00172719510591679,0.007739618046750385,-0.021435796528189943,-0.002940527083606481,-0.014518917264256359,0.008744184525261156,0.009441843639885095,0.012779855760403525,0.003495849113019256,0.00874574303602027,0.060115011434676235,0.012254234179274848,0.009933434940428088,0.02634605741669649,0.039941269636926124,0.03991945154993459,0.040390913975762555,0.02075504043434684,0.01728385872389082,0.021128608384181957
2026-09-02 00:00:00+00:00,-0.02051729590948559,-0.006333691844682576,-0.0063086320946710295,0.04917183619569876,0.05067447664443292,0.04800979526878635,-0.009067413997567164,0.00573351990452764,0.005206500071355258,0.02615506762941089,0.01584369093755056,0.027458909368254236,-0.013987294106122206,-0.002060967501811284,0.0005774503322524271,-0.014097658964998261,-0.0385427447443929,0.005555435791863683,-0.018823527747650393,-0.012821848651372814,-0.0044023672081308085,-0.048107861054257905,-0.05185397930841418,-0.05016795039126798,-0.027712231582777247,-0.01666451742751207,-0.015487727821289932
2026-09-03 00:00:00+00:00,-0.003737955514885538,-0.01703666111087443,-0.021836020491131314,0.0668090708247211,0.07186313919385934,0.07117218197569875,0.01176920884072774,0.002170036490960703,-0.004374540838927743,0.03162450681428264,0.03314107178123593,0.0291323406669175,0.003551660682261204,-0.008508501965363346,-0.014457226711592885,-0.07712415054715582,-0.10191522132036457,-0.0796944733170909,-0.018945250175901096,-0.03793326765762117,-0.03625692647488832,-0.06686719763575211,-0.08081806664481994,-0.07398792401598975,-0.01688179826041325,-0.029116520995578044,-0.033284335534395026
2026-09-04 00:00:00+00:00,0.011569136318025919,-0.016729386624276588,0.06053409418659683,-0.03646773249992574,-0.027219455938717774,-0.026280634191875207,0.001456371960513403,-0.021596975237969995,0.05000366610302964,-0.05461310594428792,-0.02099191992693905,-0.056128042544782875,-0.005362147004777551,-0.02663885353475659,0.0520678147689122,-0.04162292150443725,-0.07261570759401192,-0.022439192636786398,-0.000467796691829947,-0.027362264700891314,0.0477125105872811,-0.030169927179839018,-0.03265691020067274,-0.0214155546303626,0.003894408483309686,-0.020713026331226292,0.0458498919624748
2026-09-05 00:00:00+00:00,0.02782439070864018,0.04755200184109776,0.02254103873084734,-0.1085139742018254,-0.03823958355806811,-0.06271720021428617,0.0006291210192392871,0.03661270956896434,0.007621060193467422,0.007909251962983532,-0.017988009391711413,-0.03633328152684745,0.030804624558202987,0.04506111941350155,0.009594557981558172,0.02434846035088367,0.03152287298618428,-0.013377496096162345,0.028052801630436885,0.04781700680033252,0.017083970841119234,0.045593720351150946,0.04382871090067186,0.018443242964025552,0.030615136909954765,0.047673487953536986,0.021139702008950545
2026-09-06 00:00:00+00:00,0.031189228102439293,0.024318574499629264,0.054882397542701744,0.11091593707555503,-0.002804695815423419,0.10876662508603663,0.0562484795732221,0.024614977622857914,0.08085370113002521,-0.04622893094960101,0.04332128698769,-0.05657306771842452,0.021997128239764185,0.03596746803395545,0.04737398790373959,0.08032470724442198,-0.02313638955566888,0.10926272054426867,0.0441267755173147,0.016532456281977526,0.07023158527886109,0.004255108144517905,0.00791322692811458,0.010925531909915742,0.026592703884826374,0.02079513978806391,0.04782946239438779
2026-09-07 00:00:00+00:00,-0.03975976257361591,0.01282008555091485,-0.01833778407776221,-0.013231077541026703,-0.03961085358313421,-0.04657466608490701,-0.03978847052113632,0.002281150340492033,-0.028026623492207747,0.0022829134667714523,0.0009462225042409234,-0.013652473169375345,-0.04014494655816914,0.012706083732768825,-0.02181793953527833,0.14251112924667764,0.15434450443665915,0.07084240188637447,-0.0027617103320796144,0.04360863080478605,-3.4649742308712206e-05,0.028671843079697945,0.02084292880022831,0.024695576661216023,-0.028067322303862996,0.014531048376382305,-0.009578311684260488
2026-09-08 00:00:00+00:00,-0.0506232639264903,-0.0513168591169062,-0.06803641358096546,0.02179235814688396,-0.01600249065853465,-0.029664718335435047,-0.04339477244118084,-0.0542997234900191,-0.07366636021893025,0.023376439716957798,0.03962431394133192,0.039973155573630015,-0.04359087759812985,-0.04136318037611775,-0.05724239683788579,-0.004818854083204371,-0.08234473947163123,-0.07930017369875153,-0.04403340155981905,-0.062444611576135234,-0.07679160025078646,-0.03182947413534687,-0.02620096806601291,-0.030000180382413366,-0.05207644834598468,-0.04851492582113359,-0.06214984550029479
2026-09-09 00:00:00+00:00,-0.04595945400756074,-0.003569678722694758,-0.014314810302523573,-0.017326554943570827,-0.026275019722267756,0.0825233531209737,-0.04851440405138108,-0.01057143110522707,0.005433790153571927,-0.037619433656959966,-0.0412622705043989,-0.03418547702440944,-0.053623466870441505,-0.014158518767686257,-0.022306339230229066,-0.000539694941054325,-0.006795763732236004,-0.01713536549970196,-0.03906773109926065,-0.005436971014754932,-0.016126445698362524,-0.104373643772121,-0.0987807271317549,-0.09485773810234066,-0.061708540690071256,-0.025370850564133574,-0.031443447870681096
2026-09-10 00:00:00+00:00,0.03718913081932573,0.021645528382293833,0.06937516417506151,-0.05190799333059648,-0.1317970586175684,-0.14043732078467352,0.025892513045527865,-0.014706856174584448,0.032510545081049225,-0.03018527442018426,0.0069884747132265,-0.06981924438128873,0.02813814775799961,0.02555854674024083,0.05018808301400601,0.025232017217225122,0.0120148185362563,0.0380253596612492,0.03691585503156958,0.023563129022459384,0.0691823207236657,0.12009490389692479,0.08213815242612577,0.1015242370376177,0.05700736570867382,0.03559813624217889,0.08044727738483104
2026-09-11 00:00:00+00:00,-0.0057251807273454025,0.02856212878659825,0.04110433691769422,0.026300308485037727,0.041422332278966856,0.040503054644065006,0.0010688301656722743,0.03904170375566651,0.05360360942406195,0.014253601844342878,-0.016873900478271753,0.004945694083798191,-0.0032453285299396395,0.02600009642943002,0.044567540927306304,-0.024291688738301676,0.009504314140440506,-0.04707077208803956,-0.010425934193329378,0.027298336442730164,0.025897668766933002,-0.003904844663858653,-0.00534885673747354,-0.013065482059134603,-0.0068519485160967175,0.024393294817127043,0.032907157158902356
2026-09-12 00:00:00+00:00,-0.0007523590254250312,0.008647417980384153,-0.008071868755577749,-0.0532030654816712,-0.06688088421053084,-0.04319139878840006,-0.013918906976530199,-0.007852240792515008,-0.01952044792837837,-0.014760655696482439,-0.011990245187945558,-0.01255230736086077,-0.003832386259907117,0.005951153995245262,-0.010654651676120008,0.03417250239045844,0.02954228701521444,0.042392489558769286,0.006462934300562884,0.01309237985036349,0.0023636478868711563,0.03413762564198897,0.036546831144302905,0.03690627868422203,0.007587844268353017,0.014701987026829677,0.0015423994923078332
2026-09-13 00:00:00+00:00,-0.0002106553300327274,-0.012643986003310514,0.009432230208469283,0.03296798656358235,0.019767262711342326,0.033577164269855464,0.008483964101447805,-0.009395765708732462,0.017206641614753382,0.002096439315589782,-0.0065560593148731305,-0.01562072992044572,0.0005330592798404865,-0.014864329122153741,0.00454180015288852,-0.013777401448061388,-0.013377579206461543,-0.01126912040341288,-0.002938875984916378,-0.013360315705678527,0.005481870730000615,-0.029032187253745678,-0.010394228928376936,-0.02704730011265255,-0.0063334778588257645,-0.012535070687391903,0.002267170004051078
2026-09-14 00:00:00+00:00,0.02441054335469306,-0.024792943394851275,-0.022578812534318704,-0.015675364180133156,-0.02602364399362722,-0.029134875374415503,0.02099500214170269,-0.031004367471393124,-0.03222657287209807,0.041623396423452697,0.04314978630498034,0.03025584028896433,0.03462839109758464,-0.014390138956616227,-0.014535365664308908,0.008336984931698321,0.008019491779053478,0.0022736330382655545,0.022486732783359553,-0.020606943036162284,-0.01692616922250556,0.02406225974606091,0.07166492013033676,0.06078849815970466,0.02597648212192616,-0.005927509750074056,-0.0061251963095613204
2026-09-15 00:00:00+00:00,0.012946516584374734,0.030662679868100895,-0.007279811616952903,-0.045794855409384216,-0.049760526196807375,-0.04940674284481339,0.0021836975045737006,0.018011613632473944,-0.019783963962504036,-0.02392456357510897,-0.017285985649599378,-4.9373933863838815e-05,0.0074742320798124595,0.025922484371822208,-0.007471491395249941,0.019411936083086,0.005584255271030125,0.012221175966921738,0.01577111581365198,0.028165859820892702,-0.004490061853999139,0.03546294742222722,0.03864622411894514,0.030553837492915736,0.018015030612312133,0.03355222145403047,0.0010052820986627964
2026-09-16 00:00:00+00:00,-0.01056936116800189,-0.042081768546454845,0.004794118094930022,0.05787980878502519,0.06370316795437114,0.0654746753173081,0.0030033475323563152,-0.027642782685159073,0.020910951568716918,-0.03771680445653258,-0.041367460638899956,-0.04761334718872978,-0.019935028905732954,-0.053075335143271896,-0.008376995865494785,-0.04938684113441205,-0.04701087794083114,-0.05305179465916787,-0.01998515034652726,-0.04709805287494084,-0.007594913818419258,-0.022714549686104313,-0.025267925356572296,-0.015509891260276909,-0.012219274068611341,-0.04014377556217075,-0.0005971270619495872
2026-09-17 00:00:00+00:00,0.024767384233773004,0.00199601595184018,0.027640229105296843,-0.026893514391416518,-0.03347743605508169,-0.03046197749969104,0.014472312831221634,-0.004341079917217439,0.02304108706663177,-0.004656224346016868,-0.035582831207778165,-0.06386912383770371,0.02279668972117821,-0.005366780009804062,0.014797038752831115,0.05032560165964162,0.030348770769553113,0.023264598154620897,0.03231949377606225,0.008189467960353136,0.029627060828290475,-0.008776005264291675,-0.004471537845354812,-0.006753579018433098,0.01697803986070201,0.002231891277451936,0.020838419281423493
2026-09-18 00:00:00+00:00,-0.04066874972850343,0.017324052199297002,0.008802692600075712,0.01163130532372203,0.013806431129337549,-0.0007211658592857217,-0.03891576689517273,0.022587221405395264,0.00948248042242894,0.015162267089631198,0.02493811712838223,0.025411133542513342,-0.03981665627626774,0.024243382342277187,0.01843299250679764,0.00024558965625431917,-0.016162342516868433,0.0347031734388914,-0.03538097233402171,0.011455521190467222,0.01548562027076228,-0.06141758286277921,-0.06972443376989412,-0.06205129087296635,-0.04456722604201924,-5.787029458936832e-05,-0.005331436641237697
2026-09-19 00:00:00+00:00,0.04769251728966517,0.055003705260110225,0.08163407579611004,0.08242271500924092,0.05173185449619888,0.08875538412301287,0.0670642363191305,0.064097074229027,0.10040389582192955,-0.027355575451011638,-0.06264596253595556,-0.025514139039792938,0.03587213803300071,0.044918858068699,0.07558726805735949,-0.07172206721442265,-0.016297805073266725,0.062345607227806354,0.024786028065647114,0.04451396420535869,0.08396930891177612,-0.046494128632208254,-0.036016614225986565,-0.015500135755604272,0.031044699072703574,0.04202771746802747,0.06046705749201764
2026-09-20 00:00:00+00:00,0.05410216375287824,0.018155408180915877,0.0001624913695861263,0.029639167318351145,0.02273890512040011,0.023186225048005493,0.05821471899637376,0.01953903669551793,0.005576189495847483,0.025788832061245825,0.11041912544766719,0.08776845007875211,0.06057440299068739,0.036400084145087996,0.02448595483885785,-0.04053524568806277,-0.022877993429338717,-0.009091239145687768,0.03997783108055719,0.010308161807473848,-0.0015541757649700783,0.058588199651124384,0.04329449935211227,0.05531100814378975,0.053350645795669616,0.023394065525019103,0.012229568252777545
2026-09-21 00:00:00+00:00,0.05677219564567548,0.07807189571658446,0.03376357801849217,0.007363857192798751,0.014933364566668272,0.005582296323712876,0.053862588196353256,0.07717875228482929,0.033548684107985505,-0.08124395920408334,-0.10048896062932622,-0.08319744203485258,0.036066897951884336,0.05869333035014379,0.012855247728136288,0.07877994931275767,0.03949876823081744,0.06507081074658227,0.06587324784928716,0.07751052728100638,0.04358297034079239,-0.016670418369216233,-0.01709734209842939,0.013792269348418262,0.044066084789119886,0.06468622379219657,0.031497842674358845
2026-09-22 00:00:00+00:00,0.007343632416056067,-0.03291364448909706,0.002317596853349979,0.013695725824862448,0.005621819788369287,-0.01581912121026985,0.009758641092055376,-0.03001523402312234,-0.0008737363675976884,0.033314941190555336,0.08347851739090872,0.050748985260926194,0.015019032766771412,-0.013922626443670705,0.01501259422094936,-0.04075687794899896,-0.03716701696564484,-0.011751785164996864,-0.002233520173983816,-0.03642534714814283,-0.0002748444503971603,0.02823350349176823,0.051539650283394245,0.06075103420957184,0.012027157445708037,-0.017560535053544934,0.014874761836698891
2026-09-23 00:00:00+00:00,-0.11020262213902887,-0.07148036757247533,-0.08590216065906642,0.06583036217616622,0.06095764931898495,0.0640881212060116,-0.09011110090081231,-0.051542915533053346,-0.0666936639603527,-0.02394992848464228,0.015986520975594054,-0.08283714431175437,-0.11012603582207725,-0.07009147961751738,-0.09724270807208624,0.07059236838741012,-0.05549997681786378,0.0424573210555097,-0.08052636347627351,-0.0681552916656527,-0.0625742170868967,-0.06042943874170881,-0.05951540098452057,-0.03564963529584109,-0.10388133620599327,-0.06939513552375987,-0.07880351358022775
2026-09-24 00:00:00+00:00,0.05760249678187468,0.1383503380720934,0.03024255383714758,0.021080782283051436,0.027253582340682758,0.0030188236798276424,0.05792785558583602,0.13147743349853203,0.029392280306096197,-0.010330640756142206,-0.008284268381600013,-0.0030109337245235457,0.051141897023953,0.1360787820167697,0.02542822627385566,0.0043111502217074715,0.03283929626750548,-0.009748834956477381,0.04731624923728228,0.11832807171145387,0.022235227456167017,0.04788522951213148,0.05088290054151989,0.011189753312002892,0.05734528638927072,0.12314228446992481,0.026846700714312943
2026-09-25 00:00:00+00:00,0.015363514535691403,-0.025054962937392178,0.0487727502133839,0.03363907470392724,0.02810365430544204,0.030126012479414044,0.021796785157853327,-0.017524985514194902,0.05197429701798373,0.012029931457012477,0.018691294804250358,-0.02365635717525083,0.01662987779191205,-0.01715954645316986,0.041259352203820265,0.025770238228089326,0.0018481973260351392,0.08334592697563581,0.018007026722414166,-0.020310155259063323,0.05665129916796641,-0.03524165823045988,-0.03130272165765524,-0.03484563810323882,0.0053230645713258085,-0.02812038608294054,0.033989314974642415
2026-09-26 00:00:00+00:00,-0.029150891194333006,-0.0881943518671221,0.005912219390821205,0.08956594404112517,0.07693695454953464,0.09336476428230878,-0.005856098507040497,-0.06539929033623881,0.02687336091932102,0.017094041206352495,0.04766273264744858,-0.016842454444430444,-0.024589622587013804,-0.07230873360370804,0.0009603691212660692,0.03386912418687116,0.024523551437013458,0.04511681807537271,-0.016284290438063787,-0.0664184416301068,0.013788246764289802,-0.11634613301678542,-0.12456948625199371,-0.1266801835354534,-0.04759017524504949,-0.09975074349002533,-0.019690089057038507
2026-09-27 00:00:00+00:00,0.033253536719536125,0.037540062522085416,0.033557647897959564,-0.045656679093278196,-0.05220801679626397,-0.0600947001149581,0.018833150529622866,0.02187514122859513,0.015101746198227461,0.025389574557620254,0.021190549027363392,0.019215291521945232,0.03938723369921915,0.04075617515999208,0.038918561117930794,0.001568644580089762,-0.041282710695504043,-0.021193956376921896,0.027436648604353797,0.019735032415951537,0.02241634686225491,0.040980996886575305,0.044170183114440764,0.049449691821501274,0.037064816589443605,0.04049450597944082,0.037926283364793534
2026-09-28 00:00:00+00:00,0.06062869184347974,0.07245811540288827,0.06856699249370823,0.03523896811584448,0.03833495830968592,0.03470290708357293,0.06243983878646353,0.0769888103134706,0.0689290723681959,0.023997966206005028,0.04195288693578436,0.021640913129142403,0.06362184347545163,0.07817826532017746,0.06873902403961107,-0.004334615753432969,0.0027113145801893612,0.0034510168350707637,0.04878071877512791,0.0586169903441085,0.055974934434797285,-0.012141952313024285,-0.008634584109980414,-0.008841286466149123,0.049552052295288584,0.059218400113250524,0.0556659746516599
2026-09-29 00:00:00+00:00,-0.03369731443726576,-0.0353019779778635,-0.0023514412980176758,-0.04443303286111666,-0.07168108493849601,-0.05539903802186674,-0.03866047247012161,-0.04821736500278462,-0.013775087302883349,0.04800804752134957,0.006323790708853583,0.05425509488127789,-0.01785315094449702,-0.033480230788474175,0.011874397025077421,0.01603875078881356,0.017440259753680465,-0.024584639267552055,-0.023190736575893656,-0.025189604730303627,-0.006696818318771669,-0.012388653285662521,-0.014735612260712294,-0.012788636972959289,-0.031002494897031885,-0.0335702043749363,-0.0051071041621642
2026-09-30 00:00:00+00:00,0.00753146737079935,0.03476206176189689,0.0033823676452846563,0.048588959387898756,0.05751019453140804,0.03508866522853271,0.017927992055065234,0.04463122930178587,0.009788667319739153,0.051624292413974926,0.04917853642163639,0.06198971604018677,0.019505371410919903,0.04048274763734372,0.017211600892720114,-0.0679839311938858,-0.03428437594073663,-0.03804316870850055,-0.007366924860411461,0.02063698077041254,-0.004630335072824732,-0.023266801504802204,-0.021234780442904055,-0.023337017120689252,0.002106068431339647,0.02494003930901334,-0.0019437179515329195
2026-10-01 00:00:00+00:00,0.04386848141017974,0.003076141547814437,0.032112212012217256,-0.01737710567454065,-0.01991218569566322,-0.033066930928378424,0.03589764814307017,-0.001949925449550749,0.02179694715160707,0.026859379059468003,0.04994337864140208,0.01650523488798772,0.044271157302470554,0.014934121297117464,0.03346014064758274,-0.004018045480700283,0.022767662656643983,0.008116428505577922,0.03436818155527033,0.007374829320180298,0.02769309013098953,-0.060956726648484505,-0.05681004934738476,-0.05813014549594964,0.025160065508529783,-0.009550496954431109,0.015603490135820852
2026-10-02 00:00:00+00:00,0.01455903885750831,0.024118161482891587,0.021999654209417185,0.013224962416206854,0.012092211027592281,0.0021360292257217584,0.01596057477079671,0.0249660001856995,0.021196567149150525,0.030548044735440705,0.05872933505303468,0.039269361639986844,0.020189409792858548,0.03746319676656973,0.0309550255836204,-0.017291310932657344,0.0034291612449017794,-0.013407089939978967,0.007845464247147937,0.019873198218476773,0.015771076515863625,-0.002120749773501074,-0.009993602939943558,-0.003971427042255615,0.012155433168217211,0.019327204056370784,0.0181353737660237
2026-10-03 00:00:00+00:00,0.06948293979039133,0.04884061099627979,0.04882737018575023,0.0018601060133445202,-0.006263855896633808,-0.004312790334677574,0.06280258235100677,0.04322216192777728,0.04732309390342082,-0.022462618598680706,-0.028881693791639962,-0.029584494941633177,0.06057835514052701,0.03947497790101351,0.04192256683860318,0.05189068905139438,0.03636817859273944,0.013213402657524798,0.06516044479079919,0.046257236170758054,0.04434237686763298,0.022673578683040096,0.025603807963745284,0.006048639467914008,0.06473151639231567,0.04544993204520331,0.04539362307406547
