timestamp_observable,iv,r,pastvar,futurevar,vol_gap,var_gap,past_gap,future_gap,daily_variance_proxy
2021-03-25 00:00:00+00:00,0.9504,,,,,,,,
2021-03-26 00:00:00+00:00,0.8974,,,,,,,,
2021-03-27 00:00:00+00:00,0.8452,,,,,,,,
2021-03-28 00:00:00+00:00,0.7968999999999999,,,,,,,,
2021-03-29 00:00:00+00:00,0.7907,,,,,,,,
2021-03-30 00:00:00+00:00,0.8371,,,,,,,,
2021-03-31 00:00:00+00:00,0.8508,,,,,,,,
2021-04-01 00:00:00+00:00,0.8645,,,,,,,,
2021-04-02 00:00:00+00:00,0.8238,,,,,,,,
2021-04-03 00:00:00+00:00,0.8128,,,,,,,,
2021-04-04 00:00:00+00:00,0.8129000000000001,,,,,,,,
2021-04-05 00:00:00+00:00,0.8242,,,,,,,,
2021-04-06 00:00:00+00:00,0.8022,,,,,,,,
2021-04-07 00:00:00+00:00,0.8101,,,,,,,,
2021-04-08 00:00:00+00:00,0.7878000000000001,,,,,,,,
2021-04-09 00:00:00+00:00,0.7431,,,,,,,,
2021-04-10 00:00:00+00:00,0.7706999999999999,,,,,,,,
2021-04-11 00:00:00+00:00,0.8154,,,,,,,,
2021-04-12 00:00:00+00:00,0.8261,,,,,,,,
2021-04-13 00:00:00+00:00,0.845,,,,,,,,
2021-04-14 00:00:00+00:00,0.8864,,,,,,,,
2021-04-15 00:00:00+00:00,0.8384999999999999,,,,,,,,
2021-04-16 00:00:00+00:00,0.7707999999999999,,,,,,,,
2021-04-17 00:00:00+00:00,0.7767000000000001,,,,,,,,
2021-04-18 00:00:00+00:00,0.7443000000000001,,,,,,,,
2021-04-19 00:00:00+00:00,0.884,,,,,,,,
2021-04-20 00:00:00+00:00,0.8320000000000001,,,,,,,,
2021-04-21 00:00:00+00:00,0.8295999999999999,,,,,,,,
2021-04-22 00:00:00+00:00,0.83,,,,,,,,
2021-04-23 00:00:00+00:00,0.8739,,,,,,,,
2021-04-24 00:00:00+00:00,0.8931,,,,,,,,
2021-04-25 00:00:00+00:00,0.9408,,,,,,,,
2021-04-26 00:00:00+00:00,0.9346,,,,,,,,
2021-04-27 00:00:00+00:00,0.8266,,,,,,,,
2021-04-28 00:00:00+00:00,0.7753,,,,,,,,
2021-04-29 00:00:00+00:00,0.7696,,,,,,,,
2021-04-30 00:00:00+00:00,0.802,,,,,,,,
2021-05-01 00:00:00+00:00,0.7509,,,,,,,,
2021-05-02 00:00:00+00:00,0.7615000000000001,,,,,,,,
2021-05-03 00:00:00+00:00,0.7909,,,,,,,,
2021-05-04 00:00:00+00:00,0.8179000000000001,,,,,,,,
2021-05-05 00:00:00+00:00,0.8795999999999999,,,,,,,,
2021-05-06 00:00:00+00:00,0.8439,,,,,,,,
2021-05-07 00:00:00+00:00,0.8214,,,,,,,,
2021-05-08 00:00:00+00:00,0.8056,,,,,,,,
2021-05-09 00:00:00+00:00,0.8356999999999999,,,,,,,,
2021-05-10 00:00:00+00:00,0.8604999999999999,,,,,,,,
2021-05-11 00:00:00+00:00,0.9026000000000001,,,,,,,,
2021-05-12 00:00:00+00:00,0.8626999999999999,,,,,,,,
2021-05-13 00:00:00+00:00,0.9386,,,,,,,,
2021-05-14 00:00:00+00:00,0.929,,,,,,,,
2021-05-15 00:00:00+00:00,0.9845999999999999,,,,,,,,
2021-05-16 00:00:00+00:00,1.0285,,,,,,,,
2021-05-17 00:00:00+00:00,1.0528,,,,,,,,
2021-05-18 00:00:00+00:00,1.2302,,,,,,,,
2021-05-19 00:00:00+00:00,1.1701000000000001,,,,,,,,
2021-05-20 00:00:00+00:00,1.2483,,,,,,,,
2021-05-21 00:00:00+00:00,1.1977,,,,,,,,
2021-05-22 00:00:00+00:00,1.3998,,,,,,,,
2021-05-23 00:00:00+00:00,1.4005,,,,,,,,
2021-05-24 00:00:00+00:00,1.5619999999999998,,,,,,,,
2021-05-25 00:00:00+00:00,1.2512,,,,,,,,
2021-05-26 00:00:00+00:00,1.2911000000000001,,,,,,,,
2021-05-27 00:00:00+00:00,1.1702,,,,,,,,
2021-05-28 00:00:00+00:00,1.0726,,,,,,,,
2021-05-29 00:00:00+00:00,1.2255,,,,,,,,
2021-05-30 00:00:00+00:00,1.2930000000000001,,,,,,,,
2021-05-31 00:00:00+00:00,1.2361,,,,,,,,
2021-06-01 00:00:00+00:00,1.0647,,,,,,,,
2021-06-02 00:00:00+00:00,1.0823,,,,,,,,
2021-06-03 00:00:00+00:00,1.0317,,,,,,,,
2021-06-04 00:00:00+00:00,0.9919,,,,,,,,
2021-06-05 00:00:00+00:00,1.0291,,,,,,,,
2021-06-06 00:00:00+00:00,1.0852,,,,,,,,
2021-06-07 00:00:00+00:00,1.0593000000000001,,,,,,,,
2021-06-08 00:00:00+00:00,1.0832,,,,,,,,
2021-06-09 00:00:00+00:00,1.1104,,,,,,,,
2021-06-10 00:00:00+00:00,1.0582,,,,,,,,
2021-06-11 00:00:00+00:00,0.9945999999999999,,,,,,,,
2021-06-12 00:00:00+00:00,0.9722,,,,,,,,
2021-06-13 00:00:00+00:00,0.9939,,,,,,,,
2021-06-14 00:00:00+00:00,1.0286,,,,,,,,
2021-06-15 00:00:00+00:00,0.9887999999999999,,,,,,,,
2021-06-16 00:00:00+00:00,0.9677,,,,,,,,
2021-06-17 00:00:00+00:00,0.9525,,,,,,,,
2021-06-18 00:00:00+00:00,0.9528,,,,,,,,
2021-06-19 00:00:00+00:00,0.9473,,,,,,,,
2021-06-20 00:00:00+00:00,0.9189,,,,,,,,
2021-06-21 00:00:00+00:00,0.9562999999999999,,,,,,,,
2021-06-22 00:00:00+00:00,1.0623,,,,,,,,
2021-06-23 00:00:00+00:00,1.0701,,,,,,,,
2021-06-24 00:00:00+00:00,1.0221,,,,,,,,
2021-06-25 00:00:00+00:00,1.0099,,,,,,,,
2021-06-26 00:00:00+00:00,1.053,,,,,,,,
2021-06-27 00:00:00+00:00,1.067,,,,,,,,
2021-06-28 00:00:00+00:00,1.0641,,,,,,,,
2021-06-29 00:00:00+00:00,1.043,,,,,,,,
2021-06-30 00:00:00+00:00,0.9886,,,,,,,,
2021-07-01 00:00:00+00:00,1.0451000000000001,,,,,,,,
2021-07-02 00:00:00+00:00,1.0238,,,,,,,,
2021-07-03 00:00:00+00:00,0.9923000000000001,,,,,,,,
2021-07-04 00:00:00+00:00,0.9802,,,,,,,,
2021-07-05 00:00:00+00:00,0.9589,,,,,,,,
2021-07-06 00:00:00+00:00,0.9639,,,,,,,,
2021-07-07 00:00:00+00:00,0.9573999999999999,,,,,,,,
2021-07-08 00:00:00+00:00,0.9493,,,,,,,,
2021-07-09 00:00:00+00:00,0.9443,,,,,,,,
2021-07-10 00:00:00+00:00,0.9089,,,,,,,,
2021-07-11 00:00:00+00:00,0.9057,,,,,,,,
2021-07-12 00:00:00+00:00,0.8870999999999999,,,,,,,,
2021-07-13 00:00:00+00:00,0.9051,,,,,,,,
2021-07-14 00:00:00+00:00,0.9081,,,,,,,,
2021-07-15 00:00:00+00:00,0.8697,,,,,,,,
2021-07-16 00:00:00+00:00,0.8554999999999999,,,,,,,,
2021-07-17 00:00:00+00:00,0.8259000000000001,,,,,,,,
2021-07-18 00:00:00+00:00,0.8278,,,,,,,,
2021-07-19 00:00:00+00:00,0.8351999999999999,,,,,,,,
2021-07-20 00:00:00+00:00,0.8845999999999999,,,,,,,,
2021-07-21 00:00:00+00:00,0.9148999999999999,,,,,,,,
2021-07-22 00:00:00+00:00,0.8786,,,,,,,,
2021-07-23 00:00:00+00:00,0.8464,,,,,,,,
2021-07-24 00:00:00+00:00,0.8175,,,,,,,,
2021-07-25 00:00:00+00:00,0.8131,,,,,,,,
2021-07-26 00:00:00+00:00,0.8390000000000001,,,,,,,,
2021-07-27 00:00:00+00:00,0.8768,,,,,,,,
2021-07-28 00:00:00+00:00,0.9184,,,,,,,,
2021-07-29 00:00:00+00:00,0.9568000000000001,,,,,,,,
2021-07-30 00:00:00+00:00,0.9323999999999999,,,,,,,,
2021-07-31 00:00:00+00:00,0.9349,,,,,,,,
2021-08-01 00:00:00+00:00,0.8955,,,,,,,,
2021-08-02 00:00:00+00:00,0.893,,,,,,,,
2021-08-03 00:00:00+00:00,0.8852,,,,,,,,
2021-08-04 00:00:00+00:00,0.8904000000000001,,,,,,,,
2021-08-05 00:00:00+00:00,0.9194,,,,,,,,
2021-08-06 00:00:00+00:00,0.9609000000000001,,,,,,,,
2021-08-07 00:00:00+00:00,0.9362,,,,,,,,
2021-08-08 00:00:00+00:00,0.9727,,,,,,,,
2021-08-09 00:00:00+00:00,0.9599,,,,,,,,
2021-08-10 00:00:00+00:00,1.0697,,,,,,,,
2021-08-11 00:00:00+00:00,1.0334999999999999,,,,,,,,
2021-08-12 00:00:00+00:00,1.0053,,,,,,,,
2021-08-13 00:00:00+00:00,0.9806,,,,,,,,
2021-08-14 00:00:00+00:00,1.003,,,,,,,,
2021-08-15 00:00:00+00:00,0.9748,,,,,,,,
2021-08-16 00:00:00+00:00,0.9869,,,,,,,,
2021-08-17 00:00:00+00:00,0.983,,,,,,,,
2021-08-18 00:00:00+00:00,0.9668000000000001,,,,,,,,
2021-08-19 00:00:00+00:00,0.9581000000000001,,,,,,,,
2021-08-20 00:00:00+00:00,0.945,,,,,,,,
2021-08-21 00:00:00+00:00,0.9306,,,,,,,,
2021-08-22 00:00:00+00:00,0.9270999999999999,,,,,,,,
2021-08-23 00:00:00+00:00,0.9483,,,,,,,,
2021-08-24 00:00:00+00:00,0.9364,,,,,,,,
2021-08-25 00:00:00+00:00,0.9285,,,,,,,,
2021-08-26 00:00:00+00:00,0.9362,,,,,,,,
2021-08-27 00:00:00+00:00,0.9387000000000001,,,,,,,,
2021-08-28 00:00:00+00:00,0.9092,,,,,,,,
2021-08-29 00:00:00+00:00,0.9011,,,,,,,,
2021-08-30 00:00:00+00:00,0.9059999999999999,,,,,,,,
2021-08-31 00:00:00+00:00,0.9208,,,,,,,,
2021-09-01 00:00:00+00:00,0.9107999999999999,,,,,,,,
2021-09-02 00:00:00+00:00,0.9365000000000001,,,,,,,,
2021-09-03 00:00:00+00:00,0.9281999999999999,,,,,,,,
2021-09-04 00:00:00+00:00,0.9015000000000001,,,,,,,,
2021-09-05 00:00:00+00:00,0.9129999999999999,,,,,,,,
2021-09-06 00:00:00+00:00,0.9337000000000001,,,,,,,,
2021-09-07 00:00:00+00:00,0.9286,,,,,,,,
2021-09-08 00:00:00+00:00,0.9516,,,,,,,,
2021-09-09 00:00:00+00:00,0.9231,,,,,,,,
2021-09-10 00:00:00+00:00,0.9195,,,,,,,,
2021-09-11 00:00:00+00:00,0.9057,,,,,,,,
2021-09-12 00:00:00+00:00,0.8946,,,,,,,,
2021-09-13 00:00:00+00:00,0.9213,,,,,,,,
2021-09-14 00:00:00+00:00,0.9214,,,,,,,,
2021-09-15 00:00:00+00:00,0.909,,,,,,,,
2021-09-16 00:00:00+00:00,0.9031999999999999,,,,,,,,
2021-09-17 00:00:00+00:00,0.8417,,,,,,,,
2021-09-18 00:00:00+00:00,0.8234999999999999,,,,,,,,
2021-09-19 00:00:00+00:00,0.847,,,,,,,,
2021-09-20 00:00:00+00:00,0.8572,,,,,,,,
2021-09-21 00:00:00+00:00,0.9176000000000001,,,,,,,,
2021-09-22 00:00:00+00:00,0.9626,,,,,,,,
2021-09-23 00:00:00+00:00,0.8873000000000001,,,,,,,,
2021-09-24 00:00:00+00:00,0.8384,,,,,,,,
2021-09-25 00:00:00+00:00,0.8692,,,,,,,,
2021-09-26 00:00:00+00:00,0.8588,,,,,,,,
2021-09-27 00:00:00+00:00,0.8912,,,,,,,,
2021-09-28 00:00:00+00:00,0.8925,,,,,,,,
2021-09-29 00:00:00+00:00,0.9227,,,,,,,,
2021-09-30 00:00:00+00:00,0.9177,,,,,,,,
2021-10-01 00:00:00+00:00,0.9097,,,,,,,,
2021-10-02 00:00:00+00:00,0.8584,,,,,,,,
2021-10-03 00:00:00+00:00,0.8397,,,,,,,,
2021-10-04 00:00:00+00:00,0.8556,,,,,,,,
2021-10-05 00:00:00+00:00,0.8962,,,,,,,,
2021-10-06 00:00:00+00:00,0.9268000000000001,,,,,,,,
2021-10-07 00:00:00+00:00,0.8937999999999999,,,,,,,,
2021-10-08 00:00:00+00:00,0.8813,,,,,,,,
2021-10-09 00:00:00+00:00,0.8819,,,,,,,,
2021-10-10 00:00:00+00:00,0.8742,,,,,,,,
2021-10-11 00:00:00+00:00,0.8923000000000001,,,,,,,,
2021-10-12 00:00:00+00:00,0.9048999999999999,,,,,,,,
2021-10-13 00:00:00+00:00,0.9337000000000001,,,,,,,,
2021-10-14 00:00:00+00:00,0.95,,,,,,,,
2021-10-15 00:00:00+00:00,0.9787,,,,,,,,
2021-10-16 00:00:00+00:00,0.9070999999999999,,,,,,,,
2021-10-17 00:00:00+00:00,0.868,,,,,,,,
2021-10-18 00:00:00+00:00,0.8966,,,,,,,,
2021-10-19 00:00:00+00:00,0.924,,,,,,,,
2021-10-20 00:00:00+00:00,0.9415,,,,,,,,
2021-10-21 00:00:00+00:00,0.9304000000000001,,,,,,,,
2021-10-22 00:00:00+00:00,0.9251999999999999,,,,,,,,
2021-10-23 00:00:00+00:00,0.8673000000000001,,,,,,,,
2021-10-24 00:00:00+00:00,0.8631,,,,,,,,
2021-10-25 00:00:00+00:00,0.8987999999999999,,,,,,,,
2021-10-26 00:00:00+00:00,0.8445,,,,,,,,
2021-10-27 00:00:00+00:00,0.8901,,,,,,,,
2021-10-28 00:00:00+00:00,0.8845000000000001,,,,,,,,
2021-10-29 00:00:00+00:00,0.8987,,,,,,,,
2021-10-30 00:00:00+00:00,0.8758,,,,,,,,
2021-10-31 00:00:00+00:00,0.8717,,,,,,,,
2021-11-01 00:00:00+00:00,0.8764,,,,,,,,
2021-11-02 00:00:00+00:00,0.8545,,,,,,,,
2021-11-03 00:00:00+00:00,0.8723000000000001,,,,,,,,
2021-11-04 00:00:00+00:00,0.8584,,,,,,,,
2021-11-05 00:00:00+00:00,0.8473,,,,,,,,
2021-11-06 00:00:00+00:00,0.8571,,,,,,,,
2021-11-07 00:00:00+00:00,0.8706999999999999,,,,,,,,
2021-11-08 00:00:00+00:00,0.8659,,,,,,,,
2021-11-09 00:00:00+00:00,0.8669,,,,,,,,
2021-11-10 00:00:00+00:00,0.8468000000000001,,,,,,,,
2021-11-11 00:00:00+00:00,0.8636,,,,,,,,
2021-11-12 00:00:00+00:00,0.8523000000000001,,,,,,,,
2021-11-13 00:00:00+00:00,0.8844,,,,,,,,
2021-11-14 00:00:00+00:00,0.8774,,,,,,,,
2021-11-15 00:00:00+00:00,0.8722,,,,,,,,
2021-11-16 00:00:00+00:00,0.8504,,,,,,,,
2021-11-17 00:00:00+00:00,0.8728,,,,,,,,
2021-11-18 00:00:00+00:00,0.8987999999999999,,,,,,,,
2021-11-19 00:00:00+00:00,0.9012,,,,,,,,
2021-11-20 00:00:00+00:00,0.8578,,,,,,,,
2021-11-21 00:00:00+00:00,0.8543999999999999,,,,,,,,
2021-11-22 00:00:00+00:00,0.8593999999999999,,,,,,,,
2021-11-23 00:00:00+00:00,0.8898,,,,,,,,
2021-11-24 00:00:00+00:00,0.8991,,,,,,,,
2021-11-25 00:00:00+00:00,0.9042,,,,,,,,
2021-11-26 00:00:00+00:00,0.8652,,,,,,,,
2021-11-27 00:00:00+00:00,0.8606,,,,,,,,
2021-11-28 00:00:00+00:00,0.8371999999999999,,,,,,,,
2021-11-29 00:00:00+00:00,0.8632,,,,,,,,
2021-11-30 00:00:00+00:00,0.8284999999999999,,,,,,,,
2021-12-01 00:00:00+00:00,0.8408,,,,,,,,
2021-12-02 00:00:00+00:00,0.8364,,,,,,,,
2021-12-03 00:00:00+00:00,0.8526,,,,,,,,
2021-12-04 00:00:00+00:00,0.8454999999999999,,,,,,,,
2021-12-05 00:00:00+00:00,0.8729,,,,,,,,
2021-12-06 00:00:00+00:00,0.8939,,,,,,,,
2021-12-07 00:00:00+00:00,0.8684000000000001,,,,,,,,
2021-12-08 00:00:00+00:00,0.86,,,,,,,,
2021-12-09 00:00:00+00:00,0.8715999999999999,,,,,,,,
2021-12-10 00:00:00+00:00,0.903,,,,,,,,
2021-12-11 00:00:00+00:00,0.8998,,,,,,,,
2021-12-12 00:00:00+00:00,0.8872,,,,,,,,
2021-12-13 00:00:00+00:00,0.9225,,,,,,,,
2021-12-14 00:00:00+00:00,0.9029,,,,,,,,
2021-12-15 00:00:00+00:00,0.9234,,,,,,,,
2021-12-16 00:00:00+00:00,0.8934000000000001,,,,,,,,
2021-12-17 00:00:00+00:00,0.8678,,,,,,,,
2021-12-18 00:00:00+00:00,0.8534,,,,,,,,
2021-12-19 00:00:00+00:00,0.8743000000000001,,,,,,,,
2021-12-20 00:00:00+00:00,0.8783,,,,,,,,
2021-12-21 00:00:00+00:00,0.8731,,,,,,,,
2021-12-22 00:00:00+00:00,0.8604,,,,,,,,
2021-12-23 00:00:00+00:00,0.8299,,,,,,,,
2021-12-24 00:00:00+00:00,0.8299,,,,,,,,
2021-12-25 00:00:00+00:00,0.8256999999999999,,,,,,,,
2021-12-26 00:00:00+00:00,0.8108,,,,,,,,
2021-12-27 00:00:00+00:00,0.8026000000000001,,,,,,,,
2021-12-28 00:00:00+00:00,0.8329000000000001,,,,,,,,
2021-12-29 00:00:00+00:00,0.767,,,,,,,,
2021-12-30 00:00:00+00:00,0.8073,,,,,,,,
2021-12-31 00:00:00+00:00,0.8068000000000001,,,,,,,,
2022-01-01 00:00:00+00:00,0.7551000000000001,,,,,,,,
2022-01-02 00:00:00+00:00,0.7091,,,,,,,,
2022-01-03 00:00:00+00:00,0.7206,,,,,,,,
2022-01-04 00:00:00+00:00,0.7193999999999999,,,,,,,,
2022-01-05 00:00:00+00:00,0.7252,,,,,,,,
2022-01-06 00:00:00+00:00,0.7564,,,,,,,,
2022-01-07 00:00:00+00:00,0.7319,,,,,,,,
2022-01-08 00:00:00+00:00,0.7386,,,,,,,,
2022-01-09 00:00:00+00:00,0.7156,,,,,,,,
2022-01-10 00:00:00+00:00,0.735,,,,,,,,
2022-01-11 00:00:00+00:00,0.741,,,,,,,,
2022-01-12 00:00:00+00:00,0.7537,,,,,,,,
2022-01-13 00:00:00+00:00,0.7181000000000001,,,,,,,,
2022-01-14 00:00:00+00:00,0.6751,,,,,,,,
2022-01-15 00:00:00+00:00,0.6513,,,,,,,,
2022-01-16 00:00:00+00:00,0.6295000000000001,,,,,,,,
2022-01-17 00:00:00+00:00,0.6222,,,,,,,,
2022-01-18 00:00:00+00:00,0.6523,,,,,,,,
2022-01-19 00:00:00+00:00,0.6727,,,,,,,,
2022-01-20 00:00:00+00:00,0.6596,,,,,,,,
2022-01-21 00:00:00+00:00,0.6524,,,,,,,,
2022-01-22 00:00:00+00:00,0.778,,,,,,,,
2022-01-23 00:00:00+00:00,0.81,,,,,,,,
2022-01-24 00:00:00+00:00,0.7729,,,,,,,,
2022-01-25 00:00:00+00:00,0.7859,,,,,,,,
2022-01-26 00:00:00+00:00,0.8126000000000001,,,,,,,,
2022-01-27 00:00:00+00:00,0.8039000000000001,,,,,,,,
2022-01-28 00:00:00+00:00,0.8014,,,,,,,,
2022-01-29 00:00:00+00:00,0.7476999999999999,,,,,,,,
2022-01-30 00:00:00+00:00,0.7518,,,,,,,,
2022-01-31 00:00:00+00:00,0.7432,,,,,,,,
2022-02-01 00:00:00+00:00,0.7099,,,,,,,,
2022-02-02 00:00:00+00:00,0.7181000000000001,,,,,,,,
2022-02-03 00:00:00+00:00,0.75,,,,,,,,
2022-02-04 00:00:00+00:00,0.7414000000000001,,,,,,,,
2022-02-05 00:00:00+00:00,0.7014,,,,,,,,
2022-02-06 00:00:00+00:00,0.6737000000000001,,,,,,,,
2022-02-07 00:00:00+00:00,0.7069,,,,,,,,
2022-02-08 00:00:00+00:00,0.6918000000000001,,,,,,,,
2022-02-09 00:00:00+00:00,0.7027,,,,,,,,
2022-02-10 00:00:00+00:00,0.6981,,,,,,,,
2022-02-11 00:00:00+00:00,0.7081000000000001,,,,,,,,
2022-02-12 00:00:00+00:00,0.7234,,,,,,,,
2022-02-13 00:00:00+00:00,0.7132,,,,,,,,
2022-02-14 00:00:00+00:00,0.7304999999999999,,,,,,,,
2022-02-15 00:00:00+00:00,0.7216,,,,,,,,
2022-02-16 00:00:00+00:00,0.7059000000000001,,,,,,,,
2022-02-17 00:00:00+00:00,0.6807,,,,,,,,
2022-02-18 00:00:00+00:00,0.7154,,,,,,,,
2022-02-19 00:00:00+00:00,0.6883,,,,,,,,
2022-02-20 00:00:00+00:00,0.6772,,,,,,,,
2022-02-21 00:00:00+00:00,0.7392,,,,,,,,
2022-02-22 00:00:00+00:00,0.7768999999999999,,,,,,,,
2022-02-23 00:00:00+00:00,0.7522,,,,,,,,
2022-02-24 00:00:00+00:00,0.7378,,,,,,,,
2022-02-25 00:00:00+00:00,0.7988,,,,,,,,
2022-02-26 00:00:00+00:00,0.7143999999999999,,,,,,,,
2022-02-27 00:00:00+00:00,0.7249,,,,,,,,
2022-02-28 00:00:00+00:00,0.8065000000000001,,,,,,,,
2022-03-01 00:00:00+00:00,0.7746999999999999,,,,,,,,
2022-03-02 00:00:00+00:00,0.7698999999999999,,,,,,,,
2022-03-03 00:00:00+00:00,0.738,,,,,,,,
2022-03-04 00:00:00+00:00,0.737,,,,,,,,
2022-03-05 00:00:00+00:00,0.7928000000000001,,,,,,,,
2022-03-06 00:00:00+00:00,0.7739,,,,,,,,
2022-03-07 00:00:00+00:00,0.7972,,,,,,,,
2022-03-08 00:00:00+00:00,0.807,,,,,,,,
2022-03-09 00:00:00+00:00,0.8093,,,,,,,,
2022-03-10 00:00:00+00:00,0.8101,,,,,,,,
2022-03-11 00:00:00+00:00,0.8012999999999999,,,,,,,,
2022-03-12 00:00:00+00:00,0.7973,,,,,,,,
2022-03-13 00:00:00+00:00,0.8112999999999999,,,,,,,,
2022-03-14 00:00:00+00:00,0.8247,,,,,,,,
2022-03-15 00:00:00+00:00,0.8243,,,,,,,,
2022-03-16 00:00:00+00:00,0.8198000000000001,,,,,,,,
2022-03-17 00:00:00+00:00,0.8179000000000001,,,,,,,,
2022-03-18 00:00:00+00:00,0.7518,,,,,,,,
2022-03-19 00:00:00+00:00,0.7075,,,,,,,,
2022-03-20 00:00:00+00:00,0.7166,,,,,,,,
2022-03-21 00:00:00+00:00,0.7267,,,,,,,,
2022-03-22 00:00:00+00:00,0.718,,,,,,,,
2022-03-23 00:00:00+00:00,0.7119,,,,,,,,
2022-03-24 00:00:00+00:00,0.6958,,,,,,,,
2022-03-25 00:00:00+00:00,0.6547,,,,,,,,
2022-03-26 00:00:00+00:00,0.6241,,,,,,,,
2022-03-27 00:00:00+00:00,0.6662,,,,,,,,
2022-03-28 00:00:00+00:00,0.6862,,,,,,,,
2022-03-29 00:00:00+00:00,0.6304,,,,,,,,
2022-03-30 00:00:00+00:00,0.6204,,,,,,,,
2022-03-31 00:00:00+00:00,0.6244,,,,,,,,
2022-04-01 00:00:00+00:00,0.6411,,,,,,,,
2022-04-02 00:00:00+00:00,0.5954,,,,,,,,
2022-04-03 00:00:00+00:00,0.5926,,,,,,,,
2022-04-04 00:00:00+00:00,0.5947,,,,,,,,
2022-04-05 00:00:00+00:00,0.6053999999999999,,,,,,,,
2022-04-06 00:00:00+00:00,0.6288,,,,,,,,
2022-04-07 00:00:00+00:00,0.6605,,,,,,,,
2022-04-08 00:00:00+00:00,0.6174000000000001,,,,,,,,
2022-04-09 00:00:00+00:00,0.6219,,,,,,,,
2022-04-10 00:00:00+00:00,0.5972,,,,,,,,
2022-04-11 00:00:00+00:00,0.6108,,,,,,,,
2022-04-12 00:00:00+00:00,0.6828,,,,,,,,
2022-04-13 00:00:00+00:00,0.6522,,,,,,,,
2022-04-14 00:00:00+00:00,0.6361,,,,,,,,
2022-04-15 00:00:00+00:00,0.621,,,,,,,,
2022-04-16 00:00:00+00:00,0.604,,,,,,,,
2022-04-17 00:00:00+00:00,0.6104999999999999,,,,,,,,
2022-04-18 00:00:00+00:00,0.6359,,,,,,,,
2022-04-19 00:00:00+00:00,0.6347,,,,,,,,
2022-04-20 00:00:00+00:00,0.6246,,,,,,,,
2022-04-21 00:00:00+00:00,0.6219,,,,,,,,
2022-04-22 00:00:00+00:00,0.6351,,,,,,,,
2022-04-23 00:00:00+00:00,0.6112,,,,,,,,
2022-04-24 00:00:00+00:00,0.6134000000000001,,,,,,,,
2022-04-25 00:00:00+00:00,0.6262,,,,,,,,
2022-04-26 00:00:00+00:00,0.6557,,,,,,,,
2022-04-27 00:00:00+00:00,0.6678000000000001,,,,,,,,
2022-04-28 00:00:00+00:00,0.6509,,,,,,,,
2022-04-29 00:00:00+00:00,0.63,,,,,,,,
2022-04-30 00:00:00+00:00,0.6053999999999999,,,,,,,,
2022-05-01 00:00:00+00:00,0.6223,,,,,,,,
2022-05-02 00:00:00+00:00,0.6244,,,,,,,,
2022-05-03 00:00:00+00:00,0.6242,,,,,,,,
2022-05-04 00:00:00+00:00,0.6492,,,,,,,,
2022-05-05 00:00:00+00:00,0.6058,,,,,,,,
2022-05-06 00:00:00+00:00,0.6313,,,,,,,,
2022-05-07 00:00:00+00:00,0.6219,,,,,,,,
2022-05-08 00:00:00+00:00,0.6487,,,,,,,,
2022-05-09 00:00:00+00:00,0.6859000000000001,,,,,,,,
2022-05-10 00:00:00+00:00,0.8491,,,,,,,,
2022-05-11 00:00:00+00:00,0.8161,,,,,,,,
2022-05-12 00:00:00+00:00,1.0125,,,,,,,,
2022-05-13 00:00:00+00:00,1.1458,,,,,,,,
2022-05-14 00:00:00+00:00,0.9965999999999999,,,,,,,,
2022-05-15 00:00:00+00:00,0.9357,,,,,,,,
2022-05-16 00:00:00+00:00,0.9234,,,,,,,,
2022-05-17 00:00:00+00:00,0.9637,,,,,,,,
2022-05-18 00:00:00+00:00,0.9146,,,,,,,,
2022-05-19 00:00:00+00:00,1.0059,,,,,,,,
2022-05-20 00:00:00+00:00,0.9111,,,,,,,,
2022-05-21 00:00:00+00:00,0.8856,,,,,,,,
2022-05-22 00:00:00+00:00,0.8412000000000001,,,,,,,,
2022-05-23 00:00:00+00:00,0.8249,,,,,,,,
2022-05-24 00:00:00+00:00,0.8254,,,,,,,,
2022-05-25 00:00:00+00:00,0.8227,,,,,,,,
2022-05-26 00:00:00+00:00,0.8256999999999999,,,,,,,,
2022-05-27 00:00:00+00:00,0.8162999999999999,,,,,,,,
2022-05-28 00:00:00+00:00,0.8472,,,,,,,,
2022-05-29 00:00:00+00:00,0.8090999999999999,,,,,,,,
2022-05-30 00:00:00+00:00,0.812,,,,,,,,
2022-05-31 00:00:00+00:00,0.7539,,,,,,,,
2022-06-01 00:00:00+00:00,0.7306,,,,,,,,
2022-06-02 00:00:00+00:00,0.7475,,,,,,,,
2022-06-03 00:00:00+00:00,0.7343000000000001,,,,,,,,
2022-06-04 00:00:00+00:00,0.7132999999999999,,,,,,,,
2022-06-05 00:00:00+00:00,0.7095999999999999,,,,,,,,
2022-06-06 00:00:00+00:00,0.7204,,,,,,,,
2022-06-07 00:00:00+00:00,0.6851,,,,,,,,
2022-06-08 00:00:00+00:00,0.7151000000000001,,,,,,,,
2022-06-09 00:00:00+00:00,0.7170000000000001,,,,,,,,
2022-06-10 00:00:00+00:00,0.7256999999999999,,,,,,,,
2022-06-11 00:00:00+00:00,0.7254999999999999,,,,,,,,
2022-06-12 00:00:00+00:00,0.7505,,,,,,,,
2022-06-13 00:00:00+00:00,0.9399,,,,,,,,
2022-06-14 00:00:00+00:00,1.06,,,,,,,,
2022-06-15 00:00:00+00:00,1.0309,,,,,,,,
2022-06-16 00:00:00+00:00,0.8915000000000001,,,,,,,,
2022-06-17 00:00:00+00:00,1.1965000000000001,,,,,,,,
2022-06-18 00:00:00+00:00,1.0867,,,,,,,,
2022-06-19 00:00:00+00:00,1.1503,,,,,,,,
2022-06-20 00:00:00+00:00,1.0997,,,,,,,,
2022-06-21 00:00:00+00:00,0.9926999999999999,,,,,,,,
2022-06-22 00:00:00+00:00,0.9795999999999999,,,,,,,,
2022-06-23 00:00:00+00:00,0.9976,,,,,,,,
2022-06-24 00:00:00+00:00,0.9146,,,,,,,,
2022-06-25 00:00:00+00:00,0.9066,,,,,,,,
2022-06-26 00:00:00+00:00,0.8665999999999999,,,,,,,,
2022-06-27 00:00:00+00:00,0.9026000000000001,,,,,,,,
2022-06-28 00:00:00+00:00,0.8909,,,,,,,,
2022-06-29 00:00:00+00:00,0.875,,,,,,,,
2022-06-30 00:00:00+00:00,0.9137000000000001,,,,,,,,
2022-07-01 00:00:00+00:00,0.9414,,,,,,,,
2022-07-02 00:00:00+00:00,0.9297,,,,,,,,
2022-07-03 00:00:00+00:00,0.9223,,,,,,,,
2022-07-04 00:00:00+00:00,0.9207,,,,,,,,
2022-07-05 00:00:00+00:00,0.8698999999999999,,,,,,,,
2022-07-06 00:00:00+00:00,0.8608,,,,,,,,
2022-07-07 00:00:00+00:00,0.8225,,,,,,,,
2022-07-08 00:00:00+00:00,0.8134999999999999,,,,,,,,
2022-07-09 00:00:00+00:00,0.7839,,,,,,,,
2022-07-10 00:00:00+00:00,0.7354999999999999,,,,,,,,
2022-07-11 00:00:00+00:00,0.7585999999999999,,,,,,,,
2022-07-12 00:00:00+00:00,0.8051999999999999,,,,,,,,
2022-07-13 00:00:00+00:00,0.8586,,,,,,,,
2022-07-14 00:00:00+00:00,0.8089,,,,,,,,
2022-07-15 00:00:00+00:00,0.8134999999999999,,,,,,,,
2022-07-16 00:00:00+00:00,0.787,,,,,,,,
2022-07-17 00:00:00+00:00,0.8199,,,,,,,,
2022-07-18 00:00:00+00:00,0.8129000000000001,,,,,,,,
2022-07-19 00:00:00+00:00,0.8339,,,,,,,,
2022-07-20 00:00:00+00:00,0.8290000000000001,,,,,,,,
2022-07-21 00:00:00+00:00,0.8399,,,,,,,,
2022-07-22 00:00:00+00:00,0.8238,,,,,,,,
2022-07-23 00:00:00+00:00,0.8428,,,,,,,,
2022-07-24 00:00:00+00:00,0.8045,,,,,,,,
2022-07-25 00:00:00+00:00,0.8317,,,,,,,,
2022-07-26 00:00:00+00:00,0.8134999999999999,,,,,,,,
2022-07-27 00:00:00+00:00,0.8139,,,,,,,,
2022-07-28 00:00:00+00:00,0.7648999999999999,,,,,,,,
2022-07-29 00:00:00+00:00,0.7689,,,,,,,,
2022-07-30 00:00:00+00:00,0.7503,,,,,,,,
2022-07-31 00:00:00+00:00,0.7855,,,,,,,,
2022-08-01 00:00:00+00:00,0.7866,,,,,,,,
2022-08-02 00:00:00+00:00,0.7768999999999999,,,,,,,,
2022-08-03 00:00:00+00:00,0.7779,,,,,,,,
2022-08-04 00:00:00+00:00,0.7587,,,,,,,,
2022-08-05 00:00:00+00:00,0.7367,,,,,,,,
2022-08-06 00:00:00+00:00,0.7184999999999999,,,,,,,,
2022-08-07 00:00:00+00:00,0.7170000000000001,,,,,,,,
2022-08-08 00:00:00+00:00,0.736,,,,,,,,
2022-08-09 00:00:00+00:00,0.7517,,,,,,,,
2022-08-10 00:00:00+00:00,0.7467,,,,,,,,
2022-08-11 00:00:00+00:00,0.7087,,,,,,,,
2022-08-12 00:00:00+00:00,0.7148,,,,,,,,
2022-08-13 00:00:00+00:00,0.7027,,,,,,,,
2022-08-14 00:00:00+00:00,0.706,,,,,,,,
2022-08-15 00:00:00+00:00,0.7089,,,,,,,,
2022-08-16 00:00:00+00:00,0.7020000000000001,,,,,,,,
2022-08-17 00:00:00+00:00,0.7155,,,,,,,,
2022-08-18 00:00:00+00:00,0.7532,,,,,,,,
2022-08-19 00:00:00+00:00,0.7482,,,,,,,,
2022-08-20 00:00:00+00:00,0.8123999999999999,,,,,,,,
2022-08-21 00:00:00+00:00,0.777,,,,,,,,
2022-08-22 00:00:00+00:00,0.7902,,,,,,,,
2022-08-23 00:00:00+00:00,0.8035,,,,,,,,
2022-08-24 00:00:00+00:00,0.7778,,,,,,,,
2022-08-25 00:00:00+00:00,0.7559,,,,,,,,
2022-08-26 00:00:00+00:00,0.7383,,,,,,,,
2022-08-27 00:00:00+00:00,0.726,,,,,,,,
2022-08-28 00:00:00+00:00,0.7303000000000001,,,,,,,,
2022-08-29 00:00:00+00:00,0.7617,,,,,,,,
2022-08-30 00:00:00+00:00,0.732,,,,,,,,
2022-08-31 00:00:00+00:00,0.7578,,,,,,,,
2022-09-01 00:00:00+00:00,0.7504000000000001,,,,,,,,
2022-09-02 00:00:00+00:00,0.7783,,,,,,,,
2022-09-03 00:00:00+00:00,0.7465999999999999,,,,,,,,
2022-09-04 00:00:00+00:00,0.7786,,,,,,,,
2022-09-05 00:00:00+00:00,0.7601,,,,,,,,
2022-09-06 00:00:00+00:00,0.7687999999999999,,,,,,,,
2022-09-07 00:00:00+00:00,0.8146,,,,,,,,
2022-09-08 00:00:00+00:00,0.7612000000000001,,,,,,,,
2022-09-09 00:00:00+00:00,0.7572,,,,,,,,
2022-09-10 00:00:00+00:00,0.7512000000000001,,,,,,,,
2022-09-11 00:00:00+00:00,0.7815000000000001,,,,,,,,
2022-09-12 00:00:00+00:00,0.7890999999999999,,,,,,,,
2022-09-13 00:00:00+00:00,0.7915000000000001,,,,,,,,
2022-09-14 00:00:00+00:00,0.8107,,,,,,,,
2022-09-15 00:00:00+00:00,0.7818999999999999,,,,,,,,
2022-09-16 00:00:00+00:00,0.7605,,,,,,,,
2022-09-17 00:00:00+00:00,0.7056999999999999,,,,,,,,
2022-09-18 00:00:00+00:00,0.6914,,,,,,,,
2022-09-19 00:00:00+00:00,0.7486,,,,,,,,
2022-09-20 00:00:00+00:00,0.7023,,,,,,,,
2022-09-21 00:00:00+00:00,0.7585999999999999,,,,,,,,
2022-09-22 00:00:00+00:00,0.767,,,,,,,,
2022-09-23 00:00:00+00:00,0.7481,,,,,,,,
2022-09-24 00:00:00+00:00,0.7423000000000001,,,,,,,,
2022-09-25 00:00:00+00:00,0.7321,,,,,,,,
2022-09-26 00:00:00+00:00,0.7587999999999999,,,,,,,,
2022-09-27 00:00:00+00:00,0.7670999999999999,,,,,,,,
2022-09-28 00:00:00+00:00,0.7687999999999999,,,,,,,,
2022-09-29 00:00:00+00:00,0.794,,,,,,,,
2022-09-30 00:00:00+00:00,0.7752,,,,,,,,
2022-10-01 00:00:00+00:00,0.7406,,,,,,,,
2022-10-02 00:00:00+00:00,0.7226,,,,,,,,
2022-10-03 00:00:00+00:00,0.7642,,,,,,,,
2022-10-04 00:00:00+00:00,0.7006999999999999,,,,,,,,
2022-10-05 00:00:00+00:00,0.6987000000000001,,,,,,,,
2022-10-06 00:00:00+00:00,0.7116,,,,,,,,
2022-10-07 00:00:00+00:00,0.6873,,,,,,,,
2022-10-08 00:00:00+00:00,0.6598999999999999,,,,,,,,
2022-10-09 00:00:00+00:00,0.6484000000000001,,,,,,,,
2022-10-10 00:00:00+00:00,0.6751,,,,,,,,
2022-10-11 00:00:00+00:00,0.6898000000000001,,,,,,,,
2022-10-12 00:00:00+00:00,0.706,,,,,,,,
2022-10-13 00:00:00+00:00,0.7020000000000001,,,,,,,,
2022-10-14 00:00:00+00:00,0.6611,,,,,,,,
2022-10-15 00:00:00+00:00,0.6208,,,,,,,,
2022-10-16 00:00:00+00:00,0.6265999999999999,,,,,,,,
2022-10-17 00:00:00+00:00,0.6327,,,,,,,,
2022-10-18 00:00:00+00:00,0.6001,,,,,,,,
2022-10-19 00:00:00+00:00,0.6225999999999999,,,,,,,,
2022-10-20 00:00:00+00:00,0.609,,,,,,,,
2022-10-21 00:00:00+00:00,0.6144,,,,,,,,
2022-10-22 00:00:00+00:00,0.6219,,,,,,,,
2022-10-23 00:00:00+00:00,0.6214,,,,,,,,
2022-10-24 00:00:00+00:00,0.6406999999999999,,,,,,,,
2022-10-25 00:00:00+00:00,0.6431,,,,,,,,
2022-10-26 00:00:00+00:00,0.6561,,,,,,,,
2022-10-27 00:00:00+00:00,0.6628000000000001,,,,,,,,
2022-10-28 00:00:00+00:00,0.6141,,,,,,,,
2022-10-29 00:00:00+00:00,0.5508,,,,,,,,
2022-10-30 00:00:00+00:00,0.578,,,,,,,,
2022-10-31 00:00:00+00:00,0.6036,,,,,,,,
2022-11-01 00:00:00+00:00,0.5963,,,,,,,,
2022-11-02 00:00:00+00:00,0.5992000000000001,,,,,,,,
2022-11-03 00:00:00+00:00,0.5640999999999999,,,,,,,,
2022-11-04 00:00:00+00:00,0.5398,,,,,,,,
2022-11-05 00:00:00+00:00,0.5418999999999999,,,,,,,,
2022-11-06 00:00:00+00:00,0.5589999999999999,,,,,,,,
2022-11-07 00:00:00+00:00,0.5676,,,,,,,,
2022-11-08 00:00:00+00:00,0.5948,,,,,,,,
2022-11-09 00:00:00+00:00,0.7666,,,,,,,,
2022-11-10 00:00:00+00:00,1.1472,,,,,,,,
2022-11-11 00:00:00+00:00,0.9312,,,,,,,,
2022-11-12 00:00:00+00:00,1.0211,,,,,,,,
2022-11-13 00:00:00+00:00,1.0292000000000001,,,,,,,,
2022-11-14 00:00:00+00:00,1.0788,,,,,,,,
2022-11-15 00:00:00+00:00,0.9818000000000001,,,,,,,,
2022-11-16 00:00:00+00:00,0.8998999999999999,,,,,,,,
2022-11-17 00:00:00+00:00,0.9864,,,,,,,,
2022-11-18 00:00:00+00:00,0.7696999999999999,,,,,,,,
2022-11-19 00:00:00+00:00,0.7471,,,,,,,,
2022-11-20 00:00:00+00:00,0.7241,,,,,,,,
2022-11-21 00:00:00+00:00,0.8026000000000001,,,,,,,,
2022-11-22 00:00:00+00:00,0.8081,,,,,,,,
2022-11-23 00:00:00+00:00,0.7970999999999999,,,,,,,,
2022-11-24 00:00:00+00:00,0.7526999999999999,,,,,,,,
2022-11-25 00:00:00+00:00,0.7221,,,,,,,,
2022-11-26 00:00:00+00:00,0.6489,,,,,,,,
2022-11-27 00:00:00+00:00,0.6548999999999999,,,,,,,,
2022-11-28 00:00:00+00:00,0.6712,,,,,,,,
2022-11-29 00:00:00+00:00,0.6744,,,,,,,,
2022-11-30 00:00:00+00:00,0.648,,,,,,,,
2022-12-01 00:00:00+00:00,0.6405,,,,,,,,
2022-12-02 00:00:00+00:00,0.6004999999999999,,,,,,,,
2022-12-03 00:00:00+00:00,0.5875,,,,,,,,
2022-12-04 00:00:00+00:00,0.6114999999999999,,,,,,,,
2022-12-05 00:00:00+00:00,0.6184000000000001,,,,,,,,
2022-12-06 00:00:00+00:00,0.5600999999999999,,,,,,,,
2022-12-07 00:00:00+00:00,0.5674,,,,,,,,
2022-12-08 00:00:00+00:00,0.6183,,,,,,,,
2022-12-09 00:00:00+00:00,0.5571,,,,,,,,
2022-12-10 00:00:00+00:00,0.5871,,,,,,,,
2022-12-11 00:00:00+00:00,0.5954999999999999,,,,,,,,
2022-12-12 00:00:00+00:00,0.6179,,,,,,,,
2022-12-13 00:00:00+00:00,0.6114999999999999,,,,,,,,
2022-12-14 00:00:00+00:00,0.6065999999999999,,,,,,,,
2022-12-15 00:00:00+00:00,0.5519,,,,,,,,
2022-12-16 00:00:00+00:00,0.5774,,,,,,,,
2022-12-17 00:00:00+00:00,0.6331,,,,,,,,
2022-12-18 00:00:00+00:00,0.6229,,,,,,,,
2022-12-19 00:00:00+00:00,0.6648000000000001,,,,,,,,
2022-12-20 00:00:00+00:00,0.6362,,,,,,,,
2022-12-21 00:00:00+00:00,0.601,,,,,,,,
2022-12-22 00:00:00+00:00,0.5912,,,,,,,,
2022-12-23 00:00:00+00:00,0.5614,,,,,,,,
2022-12-24 00:00:00+00:00,0.5367000000000001,,,,,,,,
2022-12-25 00:00:00+00:00,0.5235,,,,,,,,
2022-12-26 00:00:00+00:00,0.5367999999999999,,,,,,,,
2022-12-27 00:00:00+00:00,0.5322,,,,,,,,
2022-12-28 00:00:00+00:00,0.5405,,,,,,,,
2022-12-29 00:00:00+00:00,0.5719,,,,,,,,
2022-12-30 00:00:00+00:00,0.5459,,,,,,,,
2022-12-31 00:00:00+00:00,0.4982,,,,,,,,
2023-01-01 00:00:00+00:00,0.48310000000000003,,,,,,,,
2023-01-02 00:00:00+00:00,0.4696,,,,,,,,
2023-01-03 00:00:00+00:00,0.5002,,,,,,,,
2023-01-04 00:00:00+00:00,0.48950000000000005,,,,,,,,
2023-01-05 00:00:00+00:00,0.46869999999999995,,,,,,,,
2023-01-06 00:00:00+00:00,0.4545,,,,,,,,
2023-01-07 00:00:00+00:00,0.4361,,,,,,,,
2023-01-08 00:00:00+00:00,0.4202,,,,,,,,
2023-01-09 00:00:00+00:00,0.4279,,,,,,,,
2023-01-10 00:00:00+00:00,0.44060000000000005,,,,,,,,
2023-01-11 00:00:00+00:00,0.4547,,,,,,,,
2023-01-12 00:00:00+00:00,0.4755,,,,,,,,
2023-01-13 00:00:00+00:00,0.5142,,,,,,,,
2023-01-14 00:00:00+00:00,0.6112,,,,,,,,
2023-01-15 00:00:00+00:00,0.7362000000000001,,,,,,,,
2023-01-16 00:00:00+00:00,0.7020000000000001,,,,,,,,
2023-01-17 00:00:00+00:00,0.6492,,,,,,,,
2023-01-18 00:00:00+00:00,0.6335000000000001,,,,,,,,
2023-01-19 00:00:00+00:00,0.6334000000000001,,,,,,,,
2023-01-20 00:00:00+00:00,0.569,,,,,,,,
2023-01-21 00:00:00+00:00,0.5948,,,,,,,,
2023-01-22 00:00:00+00:00,0.6579,,,,,,,,
2023-01-23 00:00:00+00:00,0.6199,,,,,,,,
2023-01-24 00:00:00+00:00,0.6437999999999999,,,,,,,,
2023-01-25 00:00:00+00:00,0.6133,,,,,,,,
2023-01-26 00:00:00+00:00,0.6149,,,,,,,,
2023-01-27 00:00:00+00:00,0.57,,,,,,,,
2023-01-28 00:00:00+00:00,0.55,,,,,,,,
2023-01-29 00:00:00+00:00,0.5449,,,,,,,,
2023-01-30 00:00:00+00:00,0.5892000000000001,,,,,,,,
2023-01-31 00:00:00+00:00,0.564,,,,,,,,
2023-02-01 00:00:00+00:00,0.5882000000000001,,,,,,,,
2023-02-02 00:00:00+00:00,0.5804,,,,,,,,
2023-02-03 00:00:00+00:00,0.5771000000000001,,,,,,,,
2023-02-04 00:00:00+00:00,0.5425,,,,,,,,
2023-02-05 00:00:00+00:00,0.5416,,,,,,,,
2023-02-06 00:00:00+00:00,0.5523,,,,,,,,
2023-02-07 00:00:00+00:00,0.5456,,,,,,,,
2023-02-08 00:00:00+00:00,0.5331,,,,,,,,
2023-02-09 00:00:00+00:00,0.5299,,,,,,,,
2023-02-10 00:00:00+00:00,0.5195000000000001,,,,,,,,
2023-02-11 00:00:00+00:00,0.4869,,,,,,,,
2023-02-12 00:00:00+00:00,0.47130000000000005,,,,,,,,
2023-02-13 00:00:00+00:00,0.475,,,,,,,,
2023-02-14 00:00:00+00:00,0.5065,,,,,,,,
2023-02-15 00:00:00+00:00,0.4917,,,,,,,,
2023-02-16 00:00:00+00:00,0.5267000000000001,,,,,,,,
2023-02-17 00:00:00+00:00,0.588,,,,,,,,
2023-02-18 00:00:00+00:00,0.6077,,,,,,,,
2023-02-19 00:00:00+00:00,0.5837,,,,,,,,
2023-02-20 00:00:00+00:00,0.5993999999999999,,,,,,,,
2023-02-21 00:00:00+00:00,0.6075,,,,,,,,
2023-02-22 00:00:00+00:00,0.6082,,,,,,,,
2023-02-23 00:00:00+00:00,0.5683,,,,,,,,
2023-02-24 00:00:00+00:00,0.5493,,,,,,,,
2023-02-25 00:00:00+00:00,0.5049,,,,,,,,
2023-02-26 00:00:00+00:00,0.5029,,,,,,,,
2023-02-27 00:00:00+00:00,0.5134000000000001,,,,,,,,
2023-02-28 00:00:00+00:00,0.5044,,,,,,,,
2023-03-01 00:00:00+00:00,0.5036999999999999,,,,,,,,
2023-03-02 00:00:00+00:00,0.5471,,,,,,,,
2023-03-03 00:00:00+00:00,0.5372,,,,,,,,
2023-03-04 00:00:00+00:00,0.522,,,,,,,,
2023-03-05 00:00:00+00:00,0.5157,,,,,,,,
2023-03-06 00:00:00+00:00,0.5084000000000001,,,,,,,,
2023-03-07 00:00:00+00:00,0.5178,,,,,,,,
2023-03-08 00:00:00+00:00,0.5146000000000001,,,,,,,,
2023-03-09 00:00:00+00:00,0.5012,,,,,,,,
2023-03-10 00:00:00+00:00,0.5439,,,,,,,,
2023-03-11 00:00:00+00:00,0.542,,,,,,,,
2023-03-12 00:00:00+00:00,0.5982,,,,,,,,
2023-03-13 00:00:00+00:00,0.5887,,,,,,,,
2023-03-14 00:00:00+00:00,0.6224000000000001,,,,,,,,
2023-03-15 00:00:00+00:00,0.6346,,,,,,,,
2023-03-16 00:00:00+00:00,0.6415000000000001,,,,,,,,
2023-03-17 00:00:00+00:00,0.6245,,,,,,,,
2023-03-18 00:00:00+00:00,0.6659,,,,,,,,
2023-03-19 00:00:00+00:00,0.6725,,,,,,,,
2023-03-20 00:00:00+00:00,0.7334,,,,,,,,
2023-03-21 00:00:00+00:00,0.6823,,,,,,,,
2023-03-22 00:00:00+00:00,0.7006,,,,,,,,
2023-03-23 00:00:00+00:00,0.6389,,,,,,,,
2023-03-24 00:00:00+00:00,0.6643000000000001,,,,,,,,
2023-03-25 00:00:00+00:00,0.6506000000000001,,,,,,,,
2023-03-26 00:00:00+00:00,0.6159,,,,,,,,
2023-03-27 00:00:00+00:00,0.6323,,,,,,,,
2023-03-28 00:00:00+00:00,0.6212,,,,,,,,
2023-03-29 00:00:00+00:00,0.6013000000000001,,,,,,,,
2023-03-30 00:00:00+00:00,0.6448999999999999,,,,,,,,
2023-03-31 00:00:00+00:00,0.6274000000000001,,,,,,,,
2023-04-01 00:00:00+00:00,0.5852,,,,,,,,
2023-04-02 00:00:00+00:00,0.5817,,,,,,,,
2023-04-03 00:00:00+00:00,0.6028,,,,,,,,
2023-04-04 00:00:00+00:00,0.6183,,,,,,,,
2023-04-05 00:00:00+00:00,0.5965,,,,,,,,
2023-04-06 00:00:00+00:00,0.5802,,,,,,,,
2023-04-07 00:00:00+00:00,0.5706,,,,,,,,
2023-04-08 00:00:00+00:00,0.545,,,,,,,,
2023-04-09 00:00:00+00:00,0.5526,,,,,,,,
2023-04-10 00:00:00+00:00,0.5856,,,,,,,,
2023-04-11 00:00:00+00:00,0.6215999999999999,,,,,,,,
2023-04-12 00:00:00+00:00,0.6018,,,,,,,,
2023-04-13 00:00:00+00:00,0.5587,,,,,,,,
2023-04-14 00:00:00+00:00,0.5547,,,,,,,,
2023-04-15 00:00:00+00:00,0.5346,,,,,,,,
2023-04-16 00:00:00+00:00,0.5381,,,,,,,,
2023-04-17 00:00:00+00:00,0.564,,,,,,,,
2023-04-18 00:00:00+00:00,0.556,,,,,,,,
2023-04-19 00:00:00+00:00,0.5563,,,,,,,,
2023-04-20 00:00:00+00:00,0.5571,,,,,,,,
2023-04-21 00:00:00+00:00,0.5611,,,,,,,,
2023-04-22 00:00:00+00:00,0.5482,,,,,,,,
2023-04-23 00:00:00+00:00,0.5453,,,,,,,,
2023-04-24 00:00:00+00:00,0.5422,,,,,,,,
2023-04-25 00:00:00+00:00,0.5272,,,,,,,,
2023-04-26 00:00:00+00:00,0.5238,,,,,,,,
2023-04-27 00:00:00+00:00,0.5547,,,,,,,,
2023-04-28 00:00:00+00:00,0.5507,,,,,,,,
2023-04-29 00:00:00+00:00,0.5073,,,,,,,,
2023-04-30 00:00:00+00:00,0.5068,,,,,,,,
2023-05-01 00:00:00+00:00,0.5329999999999999,,,,,,,,
2023-05-02 00:00:00+00:00,0.5318999999999999,,,,,,,,
2023-05-03 00:00:00+00:00,0.5321,,,,,,,,
2023-05-04 00:00:00+00:00,0.5292,,,,,,,,
2023-05-05 00:00:00+00:00,0.519,,,,,,,,
2023-05-06 00:00:00+00:00,0.5167,,,,,,,,
2023-05-07 00:00:00+00:00,0.5053,,,,,,,,
2023-05-08 00:00:00+00:00,0.5168,,,,,,,,
2023-05-09 00:00:00+00:00,0.5134000000000001,,,,,,,,
2023-05-10 00:00:00+00:00,0.5197999999999999,,,,,,,,
2023-05-11 00:00:00+00:00,0.5085999999999999,,,,,,,,
2023-05-12 00:00:00+00:00,0.5121,,,,,,,,
2023-05-13 00:00:00+00:00,0.5009,,,,,,,,
2023-05-14 00:00:00+00:00,0.48350000000000004,,,,,,,,
2023-05-15 00:00:00+00:00,0.4802,,,,,,,,
2023-05-16 00:00:00+00:00,0.5228,,,,,,,,
2023-05-17 00:00:00+00:00,0.5057,,,,,,,,
2023-05-18 00:00:00+00:00,0.4972,,,,,,,,
2023-05-19 00:00:00+00:00,0.4628,,,,,,,,
2023-05-20 00:00:00+00:00,0.46520000000000006,,,,,,,,
2023-05-21 00:00:00+00:00,0.46340000000000003,,,,,,,,
2023-05-22 00:00:00+00:00,0.4702,,,,,,,,
2023-05-23 00:00:00+00:00,0.4758,,,,,,,,
2023-05-24 00:00:00+00:00,0.5008,,,,,,,,
2023-05-25 00:00:00+00:00,0.513,,,,,,,,
2023-05-26 00:00:00+00:00,0.4777,,,,,,,,
2023-05-27 00:00:00+00:00,0.4524,,,,,,,,
2023-05-28 00:00:00+00:00,0.43090000000000006,,,,,,,,
2023-05-29 00:00:00+00:00,0.49939999999999996,,,,,,,,
2023-05-30 00:00:00+00:00,0.47119999999999995,,,,,,,,
2023-05-31 00:00:00+00:00,0.4468,,,,,,,,
2023-06-01 00:00:00+00:00,0.4393,,,,,,,,
2023-06-02 00:00:00+00:00,0.4213,,,,,,,,
2023-06-03 00:00:00+00:00,0.414,,,,,,,,
2023-06-04 00:00:00+00:00,0.3975,,,,,,,,
2023-06-05 00:00:00+00:00,0.4169,,,,,,,,
2023-06-06 00:00:00+00:00,0.4011,,,,,,,,
2023-06-07 00:00:00+00:00,0.4365,,,,,,,,
2023-06-08 00:00:00+00:00,0.45630000000000004,,,,,,,,
2023-06-09 00:00:00+00:00,0.41350000000000003,,,,,,,,
2023-06-10 00:00:00+00:00,0.408,,,,,,,,
2023-06-11 00:00:00+00:00,0.4337,,,,,,,,
2023-06-12 00:00:00+00:00,0.42810000000000004,,,,,,,,
2023-06-13 00:00:00+00:00,0.4645,,,,,,,,
2023-06-14 00:00:00+00:00,0.45380000000000004,,,,,,,,
2023-06-15 00:00:00+00:00,0.44659999999999994,,,,,,,,
2023-06-16 00:00:00+00:00,0.46630000000000005,,,,,,,,
2023-06-17 00:00:00+00:00,0.4506,,,,,,,,
2023-06-18 00:00:00+00:00,0.42950000000000005,,,,,,,,
2023-06-19 00:00:00+00:00,0.45409999999999995,,,,,,,,
2023-06-20 00:00:00+00:00,0.4522,,,,,,,,
2023-06-21 00:00:00+00:00,0.5271,,,,,,,,
2023-06-22 00:00:00+00:00,0.5583,,,,,,,,
2023-06-23 00:00:00+00:00,0.5105,,,,,,,,
2023-06-24 00:00:00+00:00,0.5271,,,,,,,,
2023-06-25 00:00:00+00:00,0.4915,,,,,,,,
2023-06-26 00:00:00+00:00,0.4951,,,,,,,,
2023-06-27 00:00:00+00:00,0.4951,,,,,,,,
2023-06-28 00:00:00+00:00,0.4892,,,,,,,,
2023-06-29 00:00:00+00:00,0.4844,,,,,,,,
2023-06-30 00:00:00+00:00,0.43520000000000003,,,0.06328835433302366,0.18362823224172464,0.12611068566697636,,0.05893180566697637,
2023-07-01 00:00:00+00:00,0.4606,0.00032836409305354484,,0.0633584186797861,0.2088890175622325,0.1487939413202139,,0.06862847132021387,0.0005754229724561831
2023-07-02 00:00:00+00:00,0.4656,0.004128175707332856,,0.06318521201798757,0.21423331163818154,0.15359814798201243,,0.07201807798201246,0.0005602394511741358
2023-07-03 00:00:00+00:00,0.4788,0.0009150626475960832,,0.06644323703001373,0.22103414300956437,0.16280620296998627,,0.0672201229699863,0.0005800320439126183
2023-07-04 00:00:00+00:00,0.4905,0.017357386647302388,,0.06700961864157226,0.2316378385287408,0.17358063135842774,,0.06856162135842775,0.0002848739315157749
2023-07-05 00:00:00+00:00,0.4661,-0.012762074895925523,,0.06503318785367777,0.2110839458903072,0.15221602214632224,,0.06608322214632224,0.0004308241648987327
2023-07-06 00:00:00+00:00,0.4645,-0.008162244538238442,,0.06430535454557604,0.21091499542446124,0.15145489545442398,,0.05382433545442393,0.0005310399367007365
2023-07-07 00:00:00+00:00,0.4796,-0.020534602441707864,,0.05920288384719028,0.2362835725907717,0.17081327615280975,,0.05497352615280971,0.00018100405963863102
2023-07-08 00:00:00+00:00,0.45039999999999997,0.015209671212346136,,0.05639351587870192,0.21292681018965123,0.14646664412129806,,0.059410574121298076,0.00037494569521963523
2023-07-09 00:00:00+00:00,0.4401,-0.001847331791437225,,0.05658302486685565,0.20222813351122068,0.13710498513314434,,0.07511338513314436,0.0006023786173071399
2023-07-10 00:00:00+00:00,0.4389,-0.004202173443070973,,0.060679065608972384,0.19256878880464137,0.13195414439102762,,0.09812318439102763,0.0005902065757972715
2023-07-11 00:00:00+00:00,0.4426,0.007696029793931696,,0.06050601333489881,0.19662029893729277,0.1353887466651012,,0.08949527666510118,0.0005510258450456188
2023-07-12 00:00:00+00:00,0.4396,0.00708199681257269,,0.06008384577760144,0.19447993599543623,0.13316431422239855,,0.07096015422239858,0.0005608122846170299
2023-07-13 00:00:00+00:00,0.41259999999999997,-0.00793785123790117,,0.05932746772036052,0.1690276950875561,0.11091129227963945,,0.04786329227963949,0.0005488687643002934
2023-07-14 00:00:00+00:00,0.4515,0.034852821396154136,,0.04454844084305694,0.24043498432223087,0.1593038091569431,,0.06029799915694309,-0.0006069981263955072
2023-07-15 00:00:00+00:00,0.42210000000000003,-0.037391772558088926,,0.02774094128154358,0.25554387948338986,0.15042746871845644,,0.08623281871845638,-0.0007906137764970392
2023-07-16 00:00:00+00:00,0.42979999999999996,-0.0005283841475595774,,0.027937438121469756,0.2626550385998137,0.1567906018785302,,0.09463257187853022,0.0006053080220647538
2023-07-17 00:00:00+00:00,0.42100000000000004,-0.0014875789920279399,,0.028634132578111385,0.25178376975564265,0.14860686742188867,,0.09094350742188861,0.0006003873206146233
2023-07-18 00:00:00+00:00,0.429,-0.00347964759306448,,0.03177524419670375,0.2507438803386999,0.15226575580329624,,0.10188811580329629,0.0005881361585641536
2023-07-19 00:00:00+00:00,0.4267,-0.008869681356353121,,0.10063869308025623,0.10946397890489135,0.08143419691974378,,0.17289030691974377,0.0005215336576595929
2023-07-20 00:00:00+00:00,0.4053,0.001974136120365302,,0.10637218585234913,0.07915250905096766,0.057895904147650876,,0.08354945414765085,0.0005941036806421958
2023-07-21 00:00:00+00:00,0.41619999999999996,-0.003952177164273673,,0.10620800383305781,0.0903043052860964,0.06701443616694217,,0.07877800616694217,0.000578708427169043
2023-07-22 00:00:00+00:00,0.3876,0.00341720323149332,,0.1062267198494046,0.061675591817052455,0.044007040150595395,,0.08022452015059542,0.0005730972490153109
2023-07-23 00:00:00+00:00,0.3907,-0.0035514494392395526,,0.10613947135007049,0.06490946706500128,0.04650701864992951,,0.07559221864992952,0.0005574160598485616
2023-07-24 00:00:00+00:00,0.39270000000000005,0.00922096604303657,,0.10519260908202178,0.06836589898374584,0.049020680917978246,,0.07230108091797822,0.00047514293409161413
2023-07-25 00:00:00+00:00,0.3825,-0.030352931912048877,,0.0966295083119026,0.07164712754760877,0.049676741688097395,,0.0915529316880974,-0.00037242092679902765
2023-07-26 00:00:00+00:00,0.37770000000000004,0.0015072109180114836,,0.09782745370764222,0.0649261940193166,0.0448298362923578,,0.0762283862923578,0.0005379077727828736
2023-07-27 00:00:00+00:00,0.3815,0.004201328059170786,,0.0978915643549014,0.06862372356648483,0.04765068564509861,,0.033950045645098625,0.0005131706087492699
2023-07-28 00:00:00+00:00,0.3636,-0.004304020307707684,,0.09770255926769547,0.05102591395367484,0.03450240073230451,,0.028464480732304537,0.0005032029507433512
2023-07-29 00:00:00+00:00,0.3547,0.003007932265158294,,0.09773136456343118,0.042079839800067964,0.028080725436568837,,0.03222888543656882,0.0005028979964562562
2023-07-30 00:00:00+00:00,0.3496,0.0016709581203797374,0.06328835433302366,0.09770196695810335,0.03702686142583633,0.024518193041896674,0.05893180566697637,0.03493967304189666,0.0004992146231608503
2023-07-31 00:00:00+00:00,0.36329999999999996,-0.0024220933941814004,0.0633584186797861,0.14104664443244658,-0.01226177179319865,-0.00905975443244661,0.06862847132021387,0.023789355567553433,0.0004900051302565295
2023-08-01 00:00:00+00:00,0.3677,-0.0016750136379061983,0.06318521201798757,0.14380925363633884,-0.011521905533341814,-0.00860596363633881,0.07201807798201246,0.001961986363661128,0.00048574494849091046
2023-08-02 00:00:00+00:00,0.36560000000000004,0.016389637499035995,0.06644323703001373,0.17251307199328764,-0.04974692967841665,-0.0388497119932876,0.0672201229699863,-0.04305703199328767,0.00021248016712507894
2023-08-03 00:00:00+00:00,0.3682,-0.018650222103308394,0.06700961864157226,0.16863257976712506,-0.04244897390243779,-0.03306133976712505,0.06856162135842775,-0.038383769767125014,0.00012454027759772359
2023-08-04 00:00:00+00:00,0.36210000000000003,0.000651298334789032,0.06503318785367777,0.1687068782639269,-0.048639428669718654,-0.037590468263926896,0.06608322214632224,-0.0421843882639269,0.0004623560954106079
2023-08-05 00:00:00+00:00,0.34369999999999995,-0.0026077423506961628,0.06430535454557604,0.1688433656801865,-0.06720554350140684,-0.050713675680186546,0.05382433545442393,-0.025656805680186495,0.00044811395563147243
2023-08-06 00:00:00+00:00,0.3379,-0.0015128595926303177,0.05920288384719028,0.16925721765106022,-0.07350882058004082,-0.05508080765106023,0.05497352615280971,-0.022568217651060263,0.00044370949877536094
2023-08-07 00:00:00+00:00,0.3403,0.0006535610710252206,0.05639351587870192,0.1692684736437896,-0.07112250016715133,-0.05346438364378961,0.059410574121298076,-0.010944063643789637,0.0004349921282460751
2023-08-08 00:00:00+00:00,0.3629,0.0043576043838064885,0.05658302486685565,0.16905505390844058,-0.04826305027134986,-0.03735864390844057,0.07511338513314436,-0.013740243908440614,0.000408480228326468
2023-08-09 00:00:00+00:00,0.3985,0.018823366982539416,0.060679065608972384,0.16904929014648085,-0.012656041116363537,-0.01024704014648084,0.09812318439102763,-0.011122530146480819,6.748846639954907e-05
2023-08-10 00:00:00+00:00,0.3873,-0.006708606413234782,0.06050601333489881,0.1704031072403703,-0.025499112451044803,-0.020401817240370324,0.08949527666510118,-0.010403107240370274,0.0003737126255630814
2023-08-11 00:00:00+00:00,0.36200000000000004,-0.003931408845920266,0.06008384577760144,0.170215711875635,-0.05057206870513542,-0.03917171187563498,0.07096015422239858,-0.012209461875634986,0.00039907086558211034
2023-08-12 00:00:00+00:00,0.3274,-0.0009172909984270547,0.05932746772036052,0.17033997099800954,-0.08532263203998097,-0.06314921099800953,0.04786329227963949,-0.006152930998009537,0.0004080046731146156
2023-08-13 00:00:00+00:00,0.32380000000000003,-6.798096535589239e-05,0.04454844084305694,0.1789270400187342,-0.09919768323092998,-0.07408060001873416,0.06029799915694309,0.01758784998126578,0.00040308366625958216
2023-08-14 00:00:00+00:00,0.33759999999999996,-0.004087338365179381,0.02774094128154358,0.18713653626754997,-0.09499280653699044,-0.07316277626755001,0.08623281871845638,0.0026979537324499925,0.0003773403262757473
2023-08-15 00:00:00+00:00,0.35009999999999997,0.004053346149393572,0.027937438121469756,0.18981289940134136,-0.08557522238628784,-0.06724288940134138,0.09463257187853022,0.004227350598658586,0.00037175452106625575
2023-08-16 00:00:00+00:00,0.3458,-0.007712032763004634,0.028634132578111385,0.19074910779578386,-0.09094833462279378,-0.07117146779578386,0.09094350742188861,-0.016776697795783835,0.0003230321543153112
2023-08-17 00:00:00+00:00,0.36560000000000004,-0.016440240419909987,0.03177524419670375,0.18757944892210868,-0.06750443188924843,-0.05391608892210864,0.10188811580329629,-0.03438548892210866,0.00010696003831455332
2023-08-18 00:00:00+00:00,0.523,-0.07575408071280071,0.10063869308025623,0.11780905004657248,0.17976677018888093,0.15571994995342753,0.17289030691974377,0.03837398995342757,-0.005366039898979423
2023-08-19 00:00:00+00:00,0.43579999999999997,-0.021797779581637193,0.10637218585234913,0.11208044942196868,0.10101581664904075,0.0778411905780313,0.08354945414765085,0.0465624405780313,-9.415019286315528e-05
2023-08-20 00:00:00+00:00,0.4301,0.0014578380545572816,0.10620800383305781,0.11323239152625462,0.09359978970845406,0.07175361847374535,0.07877800616694217,0.058826648473745344,0.0003812104999875066
2023-08-21 00:00:00+00:00,0.4318,0.003635324007397798,0.1062267198494046,0.11648503788194355,0.09050095534569169,0.06996620211805647,0.08022452015059542,0.06439505211805648,0.0003711945097721961
2023-08-22 00:00:00+00:00,0.4263,-0.002332741645610418,0.10613947135007049,0.11652167194911837,0.08494729098904408,0.06521001805088163,0.07559221864992952,0.0684643380508816,0.00038227593924588507
2023-08-23 00:00:00+00:00,0.4213,-0.002683639089525694,0.10519260908202178,0.12155527653333459,0.07265221708243347,0.05593841346666542,0.07230108091797822,0.049592413466665375,0.00038317188671662175
2023-08-24 00:00:00+00:00,0.4338,0.014747337861588524,0.0966295083119026,0.11890922151628786,0.08896783572832445,0.06927321848371215,0.0915529316880974,0.020145188483712162,0.00017501589540255035
2023-08-25 00:00:00+00:00,0.4172,-0.010036580600714063,0.09782745370764222,0.11768391282749475,0.07414911044060135,0.05637192717250526,0.0762283862923578,0.023993047172505264,0.00029559122884080394
2023-08-26 00:00:00+00:00,0.36310000000000003,-0.0047875385876935605,0.0978915643549014,0.11923541440174851,0.017795186245907535,0.012606195598251518,0.033950045645098625,0.02976058559825151,0.0003762711007553635
2023-08-27 00:00:00+00:00,0.3552,-0.001729140279821822,0.09770255926769547,0.11924485938922814,0.00988151021234307,0.006922180610771864,0.028464480732304537,0.03481139061077186,0.00039495050037671595
2023-08-28 00:00:00+00:00,0.3605,0.0033786410086600843,0.09773136456343118,0.1192754734684338,0.015137185747460924,0.0106847765315662,0.03222888543656882,0.030261416531566235,0.00038597380319944056
2023-08-29 00:00:00+00:00,0.3642,0.0006130738179610158,0.09770196695810335,0.11971048199597475,0.018207974086143497,0.01293115800402525,0.03493967304189666,0.010321878004025259,0.0003973919861558312
2023-08-30 00:00:00+00:00,0.406,0.05973644421270881,0.14104664443244658,0.08362131197412143,0.11682650195060851,0.08121468802587858,0.023789355567553433,0.0656063780258786,-0.003169723188182638
2023-08-31 00:00:00+00:00,0.3818,-0.01516144587003824,0.14380925363633884,0.08102703554957742,0.09714751792830362,0.06474420445042255,0.001961986363661128,0.02813712445042256,0.00017185005684679542
2023-09-01 00:00:00+00:00,0.35979999999999995,-0.05126244399651936,0.17251307199328764,0.04912581917346323,0.13815654944604555,0.08033022082653674,-0.04305703199328767,0.07968339082653678,-0.002225153557190348
2023-09-02 00:00:00+00:00,0.36090000000000005,-0.0053745900279760705,0.16863257976712506,0.06433031139174865,0.10726579214989823,0.0659184986082514,-0.038383769767125014,0.07629468860825135,0.00037341415920012994
2023-09-03 00:00:00+00:00,0.3557,0.0025555655509962288,0.1687068782639269,0.06758508064726579,0.09572869264615802,0.05893740935273423,-0.0421843882639269,0.07810980935273423,0.00039528339521684446
2023-09-04 00:00:00+00:00,0.3784,0.004244816129088597,0.1688433656801865,0.06743399938824157,0.11871942816559888,0.07575256061175845,-0.025656805680186495,0.07666216061175843,0.00038337631045945306
2023-09-05 00:00:00+00:00,0.38299999999999995,-0.006025277971163149,0.16925721765106022,0.06890359817353335,0.1205050511466299,0.07778540182646661,-0.022568217651060263,0.07007624182646667,0.00036737909842957686
2023-09-06 00:00:00+00:00,0.3979,-0.0011628809745224393,0.1692684736437896,0.07100386435627937,0.13143449687383663,0.0873205456437206,-0.010944063643789637,0.06405238564372062,0.0004052999671998243
2023-09-07 00:00:00+00:00,0.39409999999999995,-0.0012030660226655138,0.16905505390844058,0.0752492280570831,0.1197840725421086,0.08006558194291687,-0.013740243908440614,0.04767113194291692,0.0004090880257524137
2023-09-08 00:00:00+00:00,0.39740000000000003,0.01881077910932052,0.16904929014648085,0.07094761549012298,0.13104006402966123,0.08697914450987705,-0.011122530146480819,0.07050359450987702,5.884691441450585e-05
2023-09-09 00:00:00+00:00,0.4,-0.012501121464157688,0.1704031072403703,0.06907245527246748,0.13718360920127626,0.09092754472753255,-0.010403107240370274,0.07418979472753252,0.00025633433382787364
2023-09-10 00:00:00+00:00,0.3975,-0.00023155294947549272,0.170215711875635,0.0709544994506562,0.13112714205336878,0.08705175054934382,-0.012209461875634986,0.06454311054934382,0.0004134718791220002
2023-09-11 00:00:00+00:00,0.4052,-0.003324831022342543,0.17033997099800954,0.071336519733044,0.13811102656035384,0.092850520266956,-0.006152930998009537,0.07711957026695601,0.0004049333004993527
2023-09-12 00:00:00+00:00,0.44329999999999997,-0.02656672949886246,0.1789270400187342,0.06674885984190938,0.1849419928821454,0.12976603015809057,0.01758784998126578,0.06926458015809063,-0.00028459817471321737
2023-09-13 00:00:00+00:00,0.4357,0.02629561657867126,0.18713653626754997,0.05864888146571009,0.19352468857104757,0.13118560853428987,0.0026979537324499925,0.06518472853428992,-0.0002618949617547739
2023-09-14 00:00:00+00:00,0.44049999999999995,0.015375456646852689,0.18981289940134136,0.05598494076544989,0.20388862925579862,0.13805530923455006,0.004227350598658586,0.06911874923455008,0.0002000877429464156
2023-09-15 00:00:00+00:00,0.4171,0.011680072110107725,0.19074910779578386,0.05432998863355272,0.18401205815496868,0.1196424213664473,-0.016776697795783835,0.0791141013664473,0.0003065952881054234
2023-09-16 00:00:00+00:00,0.3914,0.003124355555803867,0.18757944892210868,0.05584552862152357,0.15508341441717732,0.09734843137847646,-0.03438548892210866,0.08977303137847639,0.0004382253338677668
2023-09-17 00:00:00+00:00,0.39520000000000005,-0.002031603407575365,0.11780905004657248,0.08400699394949673,0.10536039961817378,0.07217604605050332,0.03837398995342757,0.09772469605050327,0.0004456431355395337
2023-09-18 00:00:00+00:00,0.3983,-0.0020734772089181877,0.11208044942196868,0.08410497096159505,0.10829142950320408,0.07453791903840493,0.0465624405780313,0.08465166903840493,0.0004347547141819051
2023-09-19 00:00:00+00:00,0.41479999999999995,0.009838976814096236,0.11323239152625462,0.08306373790278704,0.12659219666569216,0.08899530209721293,0.058826648473745344,0.07091402209721298,0.00033939205032016974
2023-09-20 00:00:00+00:00,0.4253,0.01674981722278655,0.11648503788194355,0.0820219423386412,0.13890526831200056,0.09885814766135882,0.06439505211805648,0.07148529766135879,0.00015446059286625672
2023-09-21 00:00:00+00:00,0.4301,-0.0029073532301758472,0.11652167194911837,0.0954925201432027,0.12108135955382449,0.08949348985679728,0.0684643380508816,0.1004022398567973,0.00042605548623608194
2023-09-22 00:00:00+00:00,0.41369999999999996,-0.020516404253497513,0.12155527653333459,0.09116696440677148,0.11176132343343043,0.07998072559322848,0.049592413466665375,0.1195140355932285,1.3882543721681015e-05
2023-09-23 00:00:00+00:00,0.3729,0.0,0.11890922151628786,0.09128413218425717,0.07076735994888411,0.04777027781574285,0.020145188483712162,0.14695747781574287,0.0004342258438356165
2023-09-24 00:00:00+00:00,0.3764,-0.00015048908982498598,0.11768391282749475,0.2092566406547483,-0.08104577892330395,-0.06757968065474829,0.023993047172505264,0.09732704934525166,0.0004297166187872683
2023-09-25 00:00:00+00:00,0.386,-0.012265447528100283,0.11923541440174851,0.21459839670952793,-0.07724766238970698,-0.06560239670952792,0.02976058559825151,0.07905721329047202,0.00027634108734637757
2023-09-26 00:00:00+00:00,0.3925,0.0019406768015548424,0.11924485938922814,0.21786992730010313,-0.07426538785572256,-0.06381367730010312,0.03481139061077186,0.12271903269989687,0.0004245826749217699
2023-09-27 00:00:00+00:00,0.38670000000000004,-0.003732484528237635,0.1192754734684338,0.2188380704249852,-0.08110131511677598,-0.06930118042498518,0.030261416531566235,0.08388196957501481,0.0004169644204336813
2023-09-28 00:00:00+00:00,0.36060000000000003,0.006010822327900206,0.11971048199597475,0.2190337305330388,-0.10741039575316996,-0.08900137053303878,0.010321878004025259,0.0036558794669611927,0.00039655369713419717
2023-09-29 00:00:00+00:00,0.38630000000000003,0.024539959549619784,0.08362131197412143,0.2120476113575,-0.07418627705665665,-0.06281992135749997,0.0656063780258786,0.04025767864249996,-0.00016976422291615335
2023-09-30 00:00:00+00:00,0.33039999999999997,-0.004079367793238308,0.08102703554957742,0.2138810308838501,-0.1320727352870114,-0.10471687088385012,0.02813712445042256,0.07999137911614992,0.00041437873374995573
2023-10-01 00:00:00+00:00,0.3589,0.002412546405383926,0.04912581917346323,0.21383373761312485,-0.1035216015857443,-0.08502452761312485,0.07968339082653678,0.07657947238687518,0.00042185648285556767
2023-10-02 00:00:00+00:00,0.375,0.03575710432742967,0.06433031139174865,0.19861464937660764,-0.0706620349284956,-0.05798964937660764,0.07629468860825135,0.10125111062339234,-0.000850952718101868
2023-10-03 00:00:00+00:00,0.38170000000000004,-0.016554340716586104,0.06758508064726579,0.2012537271965287,-0.06691311527476396,-0.05555883719652868,0.07810980935273423,0.1561111128034713,0.0001545191924802753
2023-10-04 00:00:00+00:00,0.3796,-0.00236660648223428,0.06743399938824157,0.20373941671295473,-0.07177502889831505,-0.05964325671295473,0.07666216061175843,0.15626058328704526,0.0004247154669089316
2023-10-05 00:00:00+00:00,0.3728,0.01253367128524766,0.06890359817353335,0.20236324353120458,-0.07704802270456246,-0.06338340353120456,0.07007624182646667,0.13276196646879537,0.0002733064457571939
2023-10-06 00:00:00+00:00,0.3675,-0.013190030702043644,0.07100386435627937,0.20158470828515504,-0.08148185741202846,-0.06652845828515505,0.06405238564372062,0.18854045171484504,0.00025571841884626935
2023-10-07 00:00:00+00:00,0.3506,0.018718476718490692,0.0752492280570831,0.1973383720731803,-0.09362783802141472,-0.07441801207318029,0.04767113194291692,0.1638626279268197,7.718901198772382e-05
2023-10-08 00:00:00+00:00,0.3761,0.0005368551157017121,0.07094761549012298,0.19733680681488164,-0.06812607624370909,-0.055885596814881644,0.07050359450987702,0.1316801531851184,0.0004243237719728728
2023-10-09 00:00:00+00:00,0.3785,-0.0014680872746888614,0.06907245527246748,0.19860182436539475,-0.06714764597762068,-0.055339574365394745,0.07418979472753252,0.10920121563460522,0.0004209520887036683
2023-10-10 00:00:00+00:00,0.36810000000000004,-0.01243954096256231,0.0709544994506562,0.19750063015175964,-0.0763104298413344,-0.062003020151759625,0.06454311054934382,0.13404500984824033,0.00026683662794667047
2023-10-11 00:00:00+00:00,0.38530000000000003,-0.0065156295664099495,0.071336519733044,0.2068820857341843,-0.06954292424328673,-0.05842599573418428,0.07711957026695601,0.1396856042658157,0.00037706979509761677
2023-10-12 00:00:00+00:00,0.3688,-0.018130724751318897,0.06674885984190938,0.2061077122557631,-0.08519087243661971,-0.07009427225576309,0.06926458015809063,0.11697084774423691,8.936342729784849e-05
2023-10-13 00:00:00+00:00,0.3519,-0.005070286371956339,0.05864888146571009,0.2060221160073587,-0.10199659175560982,-0.0821885060073587,0.06518472853428992,0.1314226939926414,0.0003868535568369474
2023-10-14 00:00:00+00:00,0.35369999999999996,0.004177395952130185,0.05598494076544989,0.20589630223464914,-0.10005797759890589,-0.08079261223464917,0.06911874923455008,0.13434258776535077,0.0003890832461641492
2023-10-15 00:00:00+00:00,0.3653,-0.0006329467605244665,0.05432998863355272,0.20912955249266593,-0.0920068471963501,-0.07568546249266592,0.0791141013664473,0.10738920750733408,0.0003998376852476567
2023-10-16 00:00:00+00:00,0.38159999999999994,0.011589932189501145,0.05584552862152357,0.21507089096904286,-0.08215736217233566,-0.06945233096904291,0.08977303137847639,0.10122286903095717,0.00026221056225372413
2023-10-17 00:00:00+00:00,0.4263,0.04815359174834709,0.08400699394949673,0.2353651717062429,-0.05884448539197362,-0.05363348170624291,0.09772469605050327,0.13078083829375706,-0.0019229231252071198
2023-10-18 00:00:00+00:00,0.4108,-0.003514571501602182,0.08410497096159505,0.2615548711735592,-0.10062435527999564,-0.0927982311735592,0.08465166903840493,0.044807378826440813,0.0003858262702651486
2023-10-19 00:00:00+00:00,0.3924,-0.0033503231775817294,0.08306373790278704,0.2630857838449974,-0.12051888622373558,-0.1091080238449974,0.07091402209721298,0.04383021615500249,0.00038787744784776784
2023-10-20 00:00:00+00:00,0.3918,0.013961709935650202,0.0820219423386412,0.26072076885642254,-0.11880823422309056,-0.10721352885642255,0.07148529766135879,0.03499767114357755,0.000202521510467287
2023-10-21 00:00:00+00:00,0.4426,0.03340095030477614,0.0954925201432027,0.25270332050008093,-0.060096051804747086,-0.05680856050008093,0.1004022398567973,0.06697383949991909,-0.0007206724301205727
2023-10-22 00:00:00+00:00,0.45899999999999996,0.008086885338075884,0.09116696440677148,0.2519963050515137,-0.0429923356501708,-0.041315305051513734,0.1195140355932285,0.08370805494848632,0.0003305495695470782
2023-10-23 00:00:00+00:00,0.48810000000000003,0.003103260911765947,0.09128413218425717,0.2790388634447435,-0.04014129282435258,-0.04079725344474347,0.14695747781574287,0.031432976555256564,0.0003899274036769759
2023-10-24 00:00:00+00:00,0.5537,0.09847026559416099,0.2092566406547483,0.18653332273255518,0.12180496329252033,0.12005036726744478,0.09732704934525166,0.12149167726744486,-0.009287777382440313
2023-10-25 00:00:00+00:00,0.5418999999999999,0.0242794078577543,0.21459839670952793,0.1794931568786905,0.11823367271083418,0.11416245312130946,0.07905721329047202,0.11070453312130946,-0.00016581384683642326
2023-10-26 00:00:00+00:00,0.5836,0.01651239388159236,0.21786992730010313,0.17785021563259892,0.1618770866640053,0.16273874436740107,0.12271903269989687,0.10998203436740103,0.00016422757067358052
2023-10-27 00:00:00+00:00,0.5502,-0.009669790498148721,0.2188380704249852,0.1767497435831607,0.12978384476430893,0.12597029641683932,0.08388196957501481,0.09500394641683929,0.00036041682478127346
2023-10-28 00:00:00+00:00,0.4719,-0.007225762089518128,0.2190337305330388,0.1771081407179119,0.05105781970207418,0.04558146928208809,0.0036558794669611927,0.10580946928208804,0.00041569936405216656
2023-10-29 00:00:00+00:00,0.5023,0.005292262146312638,0.2120476113575,0.17713388864791615,0.08142722985691248,0.0751714013520838,0.04025767864249996,0.0791045513520838,0.0004483648125162588
2023-10-30 00:00:00+00:00,0.5421,0.012935735675132757,0.2138810308838501,0.1780027095960969,0.12019632663829899,0.11586970040390313,0.07999137911614992,0.07783093040390313,0.00031845307313670503
2023-10-31 00:00:00+00:00,0.5389,-0.0013904179286555812,0.21383373761312485,0.1779956298875476,0.11700471691716252,0.11241758011245243,0.07657947238687518,0.09136537011245241,0.0005007214019106138
2023-11-01 00:00:00+00:00,0.5476,0.005261800569904081,0.19861464937660764,0.17785296541221382,0.12587382650324647,0.12201279458778616,0.10125111062339234,0.07015103458778618,0.0004897264748538813
2023-11-02 00:00:00+00:00,0.5978,0.022157542785872168,0.2012537271965287,0.17986730967348089,0.1736923371672225,0.17749753032651913,0.1561111128034713,0.08494585032651916,4.099885294338583e-05
2023-11-03 00:00:00+00:00,0.6,-0.014488066612463572,0.20373941671295473,0.1820480102078322,0.17332915472482513,0.17795198979216778,0.15626058328704526,0.09200423979216774,0.00034138207012505566
2023-11-04 00:00:00+00:00,0.5789,-0.006631952303751258,0.20236324353120458,0.1837018469665832,0.15029546553193907,0.15142336303341675,0.13276196646879537,0.1157259930334168,0.0005270205985951062
2023-11-05 00:00:00+00:00,0.6246,0.010487502639590153,0.20158470828515504,0.2114903259382623,0.164719226387684,0.17863483406173777,0.18854045171484504,0.09200048406173775,0.00047892849751700973
2023-11-06 00:00:00+00:00,0.601,-0.0011693739478364888,0.1973383720731803,0.23825628217685998,0.11288497034319872,0.12294471782314001,0.1638626279268197,0.07210412782314005,0.000610842738086103
2023-11-07 00:00:00+00:00,0.5736,0.00039945218517898766,0.19733680681488164,0.23859395294574337,0.08513920019540627,0.09042300705425665,0.1316801531851184,0.049882457054256646,0.0006338114005088334
2023-11-08 00:00:00+00:00,0.5548,0.010301908827676324,0.19860182436539475,0.238861936341992,0.06606496305053794,0.06894110365800799,0.10920121563460522,0.035714063658008055,0.0005449709293007651
2023-11-09 00:00:00+00:00,0.5758,0.008014553381805074,0.19750063015175964,0.2432401558659312,0.08260616805769844,0.08830548413406877,0.13404500984824033,0.045343684134068835,0.0006018937450491009
2023-11-10 00:00:00+00:00,0.5887,0.028522481828688696,0.2068820857341843,0.23476229848261523,0.10417724668224793,0.11180539151738475,0.1396856042658157,0.05662174151738472,-0.00012950122902860757
2023-11-11 00:00:00+00:00,0.5684,0.016281156125883413,0.2061077122557631,0.23159330565329522,0.08715857861849091,0.09148525434670479,0.11697084774423691,0.07123678434670477,0.0004370470794055222
2023-11-12 00:00:00+00:00,0.5809000000000001,-0.004321168338032225,0.2060221160073587,0.2741796814871574,0.05727830307830317,0.06326512851284272,0.1314226939926414,0.034845128512842716,0.0007005342009980407
2023-11-13 00:00:00+00:00,0.5832999999999999,-0.0026664168672493366,0.20589630223464914,0.2745363286093979,0.05933785574776684,0.06570256139060199,0.13434258776535077,0.015661361390602035,0.00073160479003982
2023-11-14 00:00:00+00:00,0.5626,-0.01631401906799744,0.20912955249266593,0.2835927735133478,0.030065706725522,0.03292598648665224,0.10738920750733408,0.0022043864866521656,0.0004922144010270982
2023-11-15 00:00:00+00:00,0.5624,-0.024953070312016407,0.21507089096904286,0.27621655361786757,0.03683691756567642,0.04007720638213247,0.10122286903095717,0.006063136382132406,0.00015242504912685306
2023-11-16 00:00:00+00:00,0.6051,0.06314104427832101,0.2353651717062429,0.23585615303135965,0.11944976265695118,0.13028985696864032,0.13078083829375706,0.05736609696864031,-0.003196123929177899
2023-11-17 00:00:00+00:00,0.5535,-0.046528810980396115,0.2615548711735592,0.21007744600644296,0.09515793777306131,0.09628480399355704,0.044807378826440813,0.07947416399355706,-0.0013574212174594755
2023-11-18 00:00:00+00:00,0.5539999999999999,0.011706968187476524,0.2630857838449974,0.21391196222399125,0.0914938246639389,0.09300403777600866,0.04383021615500249,0.0842040377760088,0.0006830226520217961
2023-11-19 00:00:00+00:00,0.5438000000000001,-0.0007379368169025563,0.26072076885642254,0.2260921628376084,0.06830850392713822,0.06962627716239167,0.03499767114357755,0.08773187716239161,0.0008334981679757211
2023-11-20 00:00:00+00:00,0.5654,0.02136949047606539,0.25270332050008093,0.22145804083910695,0.09480671398849416,0.09821911916089307,0.06697383949991909,0.11054839916089296,0.00039037491971572515
2023-11-21 00:00:00+00:00,0.5794,0.0026994176566135565,0.2519963050515137,0.2338600407455112,0.09580922181506485,0.10184431925448884,0.08370805494848632,0.10370095925448874,0.0008510475160046606
2023-11-22 00:00:00+00:00,0.5572,-0.047247288394221654,0.2790388634447435,0.20704730709221517,0.10217548737214699,0.10342453290778489,0.031432976555256564,0.13670038290778488,-0.0013625542304697659
2023-11-23 00:00:00+00:00,0.555,0.045751481715409284,0.18653332273255518,0.18163330368357045,0.12881541125520457,0.1263916963164296,0.12149167726744486,0.14600845631642956,-0.001216849680981914
2023-11-24 00:00:00+00:00,0.5387,-0.0032933079285705985,0.1794931568786905,0.18198602243982304,0.1121018021137184,0.10821166756017692,0.11070453312130946,0.14257206756017693,0.0008656341475451484
2023-11-25 00:00:00+00:00,0.5365,0.011731278059052287,0.17785021563259892,0.1837470154157202,0.10784277631688016,0.10408523458427976,0.10998203436740103,0.16117427458427974,0.0007385413479779107
2023-11-26 00:00:00+00:00,0.5213,0.0017478818009269708,0.1767497435831607,0.18633022166646296,0.08964015513779489,0.08542346833353703,0.09500394641683929,0.15309253833353703,0.0008682911777031391
2023-11-27 00:00:00+00:00,0.5318999999999999,-0.009037086727535087,0.1771081407179119,0.1928855533109439,0.09271262163975619,0.09003205668905603,0.10580946928208804,0.1668744866890561,0.0007868493548032101
2023-11-28 00:00:00+00:00,0.5062,-0.0054885614549555805,0.17713388864791615,0.19751862517142124,0.06176932467321605,0.058719814828578715,0.0791045513520838,0.2165736248285787,0.0008438942584519794
2023-11-29 00:00:00+00:00,0.5058,0.015451317044293157,0.1780027095960969,0.19918318722923786,0.05950056326582953,0.056650452770762166,0.07783093040390313,0.2072230627707621,0.0006356345586743614
2023-11-30 00:00:00+00:00,0.519,0.0011624836183622817,0.1779956298875476,0.20078029003067396,0.07091486296611671,0.06858070996932605,0.09136537011245241,0.18984470996932604,0.0008695525286406925
2023-12-01 00:00:00+00:00,0.498,-0.003995084223108779,0.17785296541221382,0.20060461204995575,0.05011093778709469,0.04739938795004425,0.07015103458778618,0.19768259795004425,0.0008530206225982126
2023-12-02 00:00:00+00:00,0.5146000000000001,0.025622631487216694,0.17986730967348089,0.19273393050588353,0.07558527301936274,0.07207922949411652,0.08494585032651916,0.22600447949411637,0.00020772584242828237
2023-12-03 00:00:00+00:00,0.5235,0.01972662501607469,0.1820480102078322,0.21210362333574767,0.06295290866649944,0.06194862666425227,0.09200423979216774,0.23425398666425234,0.0004666531440139889
2023-12-04 00:00:00+00:00,0.5472,0.013413224062458755,0.1837018469665832,0.2131734059556508,0.08549294357173748,0.08625443404434921,0.1157259930334168,0.19323284404434918,0.0006680291892000492
2023-12-05 00:00:00+00:00,0.5509000000000001,0.04892823606702098,0.2114903259382623,0.21143897043058926,0.09107506545361288,0.09205183956941079,0.09200048406173775,0.2132739195694108,-0.0015492885494703154
2023-12-06 00:00:00+00:00,0.5571,0.04691810997985469,0.23825628217685998,0.19585378245393234,0.11454629427160784,0.11450662754606769,0.07210412782314005,0.23107777754606765,-0.0013645371217073112
2023-12-07 00:00:00+00:00,0.5371,-0.005283306149966828,0.23859395294574337,0.19551718495867762,0.09492674780276722,0.0929592250413224,0.049882457054256646,0.26199977504132244,0.0008042156222444443
2023-12-08 00:00:00+00:00,0.524,-0.011320572338099185,0.238861936341992,0.1941539773671114,0.0833709299568271,0.08042202263288864,0.035714063658008055,0.3154992326328886,0.0007002712547232517
2023-12-09 00:00:00+00:00,0.5372,0.02059336605345652,0.2432401558659312,0.1890011016256049,0.10245743062634771,0.09958273837439513,0.045343684134068835,0.32666650837439515,0.0004013054544970204
2023-12-10 00:00:00+00:00,0.5398,-0.01080378515978964,0.23476229848261523,0.24260218321410196,0.04725336950284392,0.048781856785898,0.05662174151738472,0.20844437678589803,0.0007047469540749905
2023-12-11 00:00:00+00:00,0.5503,0.002147296146714152,0.23159330565329522,0.24680674273155198,0.05350351980760576,0.056023347268448015,0.07123678434670477,0.16497214726844808,0.0008118182443724617
2023-12-12 00:00:00+00:00,0.5559000000000001,-0.05932050711467516,0.2741796814871574,0.20549650326498817,0.10258277854797077,0.10352830673501193,0.034845128512842716,0.18763249673501184,-0.002704342614570537
2023-12-13 00:00:00+00:00,0.5387,0.006035167024359376,0.2745363286093979,0.20559004980067552,0.08527961029451314,0.08460764019932443,0.015661361390602035,0.1227389501993244,0.0007755612749698203
2023-12-14 00:00:00+00:00,0.5346,0.031788560091992255,0.2835927735133478,0.2721159921735568,0.01295261701647843,0.01368116782644313,0.0022043864866521656,0.05758964782644327,-0.00020309800934320706
2023-12-15 00:00:00+00:00,0.5313,0.004048588526000111,0.27621655361786757,0.2720012161310167,0.0097626416727018,0.010278473868983284,0.006063136382132406,0.03126927386898326,0.0007882178487553594
2023-12-16 00:00:00+00:00,0.5415,-0.02587466470634605,0.23585615303135965,0.2722332049278738,0.019740280466311044,0.020989045072126178,0.05736609696864031,0.0511864850721262,0.0001320043363798322
2023-12-17 00:00:00+00:00,0.5381,0.006792084627347497,0.21007744600644296,0.2751450647011111,0.013557280384989934,0.014406545298888906,0.07947416399355706,0.03800709529888885,0.0007487104923510229
2023-12-18 00:00:00+00:00,0.546,-0.021265437231653733,0.21391196222399125,0.2723782426552314,0.024101309969807083,0.02573775734476863,0.0842040377760088,0.03188431734476854,0.00034108886701782816
2023-12-19 00:00:00+00:00,0.5602,0.031648964121233955,0.2260921628376084,0.26088717782108145,0.049428840065258384,0.052936862178918576,0.08773187716239161,-0.00292476782108142,-0.00020915289524395773
2023-12-20 00:00:00+00:00,0.5761999999999999,-0.008704503639138928,0.22145804083910695,0.2748570537943204,0.05193188749045541,0.0571493862056795,0.11054839916089296,-0.041471443794320384,0.0007183891305514683
2023-12-21 00:00:00+00:00,0.581,0.0320410566889649,0.2338600407455112,0.2631354221261977,0.0680327280164964,0.07442557787380222,0.10370095925448874,-0.03235126212619774,-0.00023134583794637536
2023-12-22 00:00:00+00:00,0.5863,0.005340405690449571,0.20704730709221517,0.2627886047765463,0.0736708896516447,0.08095908522345374,0.13670038290778488,-0.03277244477654628,0.0007669330990248842
2023-12-23 00:00:00+00:00,0.5724,0.00209186069914557,0.18163330368357045,0.2627860979229411,0.05977333475233548,0.0648556620770589,0.14600845631642956,-0.03411085792294111,0.0007941160411897993
2023-12-24 00:00:00+00:00,0.5697,-0.00631161309160175,0.18198602243982304,0.2920445260684847,0.029288558532959308,0.03251356393151528,0.14257206756017693,-0.05214048606848473,0.0007604469474878575
2023-12-25 00:00:00+00:00,0.5872999999999999,-0.01680363155995385,0.1837470154157202,0.2895203796362075,0.04922901989030515,0.05540091036379241,0.16117427458427974,-0.04360356963620751,0.0005210593097763182
2023-12-26 00:00:00+00:00,0.5826,0.01467560604434688,0.18633022166646296,0.28720082853422074,0.04668878670602461,0.05222193146577925,0.15309253833353703,-0.06119566853422076,0.0005932615415690289
2023-12-27 00:00:00+00:00,0.5998,-0.024909101113029953,0.1928855533109439,0.2797839963878671,0.07085388139445892,0.0799760436121329,0.1668744866890561,-0.07719398638786712,0.00019435145982304167
2023-12-28 00:00:00+00:00,0.6435,0.020271278542148496,0.19751862517142124,0.2986022920172771,0.09705485909628842,0.11548995798272282,0.2165736248285787,-0.10737100201727715,0.00041090761786480344
2023-12-29 00:00:00+00:00,0.6375,-0.019379280642578278,0.19918318722923786,0.2946471034961433,0.09468594021880439,0.11175914650385665,0.2072230627707621,-0.1146166134961433,0.00046069170643372515
2023-12-30 00:00:00+00:00,0.625,-0.011516079696175562,0.20078029003067396,0.29307981684818035,0.08363153319741612,0.09754518315181965,0.18984470996932604,-0.08832356684818035,0.0007173790563765385
2023-12-31 00:00:00+00:00,0.6311,0.0012334552538731448,0.20060461204995575,0.3031436469439199,0.0805151773396583,0.09514356305608013,0.19768259795004425,-0.09739068694391986,0.0008595520739814417
2024-01-01 00:00:00+00:00,0.6470999999999999,0.003100630893900682,0.19273393050588353,0.3037321057851963,0.09598104207422109,0.11500630421480357,0.22600447949411637,-0.08367729578519637,0.0008651840679684644
2024-01-02 00:00:00+00:00,0.6681,0.04451032781484413,0.21210362333574767,0.2804439064415015,0.13853045174264267,0.1659137035584985,0.23425398666425234,-0.07077149644150155,-0.0010923142018195904
2024-01-03 00:00:00+00:00,0.6375,0.016365876645383224,0.2131734059556508,0.2789930414073378,0.10930208121638918,0.12741320859266214,0.19323284404434918,-0.07864728140733782,0.0006367488113084652
2024-01-04 00:00:00+00:00,0.6517000000000001,-0.04744908787431561,0.21143897043058926,0.2516623468658769,0.1500404073817816,0.17305054313412316,0.2132739195694108,-0.07180153686587692,-0.00133705549261594
2024-01-05 00:00:00+00:00,0.6534,0.030337018473079527,0.19585378245393234,0.24073510329995862,0.16275236340123,0.18619645670004137,0.23107777754606765,-0.0683440632999586,5.096267241656979e-06
2024-01-06 00:00:00+00:00,0.6764,-0.0004977713522242265,0.19551718495867762,0.2418775646060677,0.18458950335920266,0.21563939539393231,0.26199977504132244,-0.05963395460606771,0.0009358289478818179
2024-01-07 00:00:00+00:00,0.7139,-0.00401383837259913,0.1941539773671114,0.24188405250384568,0.22208290747083048,0.26776915749615426,0.3154992326328886,-0.06236236250384569,0.000935403318870249
2024-01-08 00:00:00+00:00,0.7181000000000001,-0.0007501278978781364,0.1890011016256049,0.2426958296290859,0.2254583151731009,0.2729717803709142,0.32666650837439515,-0.058912139629085924,0.0009724197638445875
2024-01-09 00:00:00+00:00,0.6716,0.06724797486555545,0.24260218321410196,0.19822937423030876,0.2263704252519732,0.25281718576969126,0.20844437678589803,-0.006210134230308778,-0.003528569423974999
2024-01-10 00:00:00+00:00,0.6417,-0.018713394001427183,0.24680674273155198,0.19971529443112793,0.19480482836449453,0.21206359556887214,0.16497214726844808,0.001975515568872016,0.0006581106365455226
2024-01-11 00:00:00+00:00,0.627,0.011115773315675221,0.20549650326498817,0.21692590679748935,0.16124694655054667,0.17620309320251065,0.18763249673501184,0.011462503202510632,0.0008946909972931529
2024-01-12 00:00:00+00:00,0.573,-0.006641686334793448,0.20559004980067552,0.21840479116124584,0.10566201613687992,0.10992420883875409,0.1227389501993244,0.03069601883875414,0.0009818201642740538
2024-01-13 00:00:00+00:00,0.5742,-0.08048849748383674,0.2721159921735568,0.14108736857978785,0.19858401447783425,0.18861827142021223,0.05758964782644327,0.12197904142021218,-0.005448983754146233
2024-01-14 00:00:00+00:00,0.5507,0.002637692499287282,0.2720012161310167,0.1544805598331728,0.15765984959145352,0.14878993016682715,0.03126927386898326,0.1401512801668273,0.0010264669581878793
2024-01-15 00:00:00+00:00,0.5687,-0.026240538218760774,0.2722332049278738,0.14632314344108444,0.1861779177078996,0.17709654655891555,0.0511864850721262,0.12605646655891561,0.00034677550193496073
2024-01-16 00:00:00+00:00,0.5596,0.01689566079948141,0.2751450647011111,0.1640308489731023,0.15459277910992464,0.14912131102689766,0.03800709529888885,0.13990084102689773,0.0007526357511716981
2024-01-17 00:00:00+00:00,0.5516,0.014993624961469778,0.2723782426552314,0.1613153614463232,0.1499591636221197,0.14294719855367677,0.03188431734476854,0.1420652785536768,0.0008154456169074844
2024-01-18 00:00:00+00:00,0.5079,-0.007562132482854923,0.26088717782108145,0.16089145414736425,0.1067872301367554,0.09707095585263578,-0.00292476782108142,0.14425430585263574,0.0009836298883848097
2024-01-19 00:00:00+00:00,0.48310000000000003,-0.03498538791703788,0.2748570537943204,0.1470481503371496,0.09963142196895769,0.08633745966285042,-0.041471443794320384,0.16924560966285043,-0.00018826315035402213
2024-01-20 00:00:00+00:00,0.4804,0.007950316522244387,0.2631354221261977,0.14745226171909798,0.0964048675841086,0.08333189828090201,-0.03235126212619774,0.18018949828090203,0.0009635002160545753
2024-01-21 00:00:00+00:00,0.4796,-0.00011998896115954715,0.2627886047765463,0.14807458401754373,0.09479539501515355,0.0819415759824563,-0.03277244477654628,0.17489030598245628,0.0010169420419186062
2024-01-22 00:00:00+00:00,0.4782,-0.0020420182228766456,0.2627860979229411,0.14911463429836022,0.09204635920613125,0.07956060570163978,-0.03411085792294111,0.1603550557016398,0.0010024001597509556
2024-01-23 00:00:00+00:00,0.48979999999999996,-0.04944328845405031,0.2920445260684847,0.12010641337335783,0.1432362780478057,0.11979762662664213,-0.05214048606848473,0.1716015966266422,-0.0014471068133330735
2024-01-24 00:00:00+00:00,0.4959,0.00865435978443967,0.2895203796362075,0.12093473530859519,0.1481432814328454,0.12498207469140482,-0.04360356963620751,0.18575970469140488,0.0009149030530685054
2024-01-25 00:00:00+00:00,0.4754,0.004972461864019691,0.28720082853422074,0.12190208122506663,0.1262552145240221,0.10410307877493336,-0.06119566853422076,0.15089520877493334,0.0009560341143350706
2024-01-26 00:00:00+00:00,0.4501,-0.003295553988800485,0.2797839963878671,0.12519470114688266,0.09627136754230492,0.07739530885311732,-0.07719398638786712,0.16835253885311727,0.0009595410435416045
2024-01-27 00:00:00+00:00,0.43729999999999997,0.044245157515234335,0.2986022920172771,0.10146101938643715,0.11877053607799926,0.08977027061356282,-0.10737100201727715,0.2029118706135628,-0.0010015856713104542
2024-01-28 00:00:00+00:00,0.4243,0.007104402169458539,0.2946471034961433,0.13358223328504523,0.0588109669428572,0.04644825671495478,-0.1146166134961433,0.18057801671495474,0.0008852231629652776
2024-01-29 00:00:00+00:00,0.4525,-0.0019498745893471896,0.29307981684818035,0.16009864805913862,0.05237670892693763,0.04465760194086138,-0.08832356684818035,0.18049031194086138,0.0009112200968483752
2024-01-30 00:00:00+00:00,0.4536,0.0287868985707274,0.3031436469439199,0.2508138368103205,-0.04721317555583593,-0.04506087681032048,-0.09739068694391986,0.20832792318967963,6.936226337271665e-05
2024-01-31 00:00:00+00:00,0.46909999999999996,-0.0076144856717395015,0.3037321057851963,0.25609724488811375,-0.03696051504549713,-0.03604243488811379,-0.08367729578519637,0.17345191511188635,0.0008224843641192574
2024-02-01 00:00:00+00:00,0.4579,-0.008189670688788153,0.2804439064415015,0.2602077524553487,-0.05220562872345247,-0.05053534245534874,-0.07077149644150155,0.16711593754465137,0.0007952494291690214
2024-02-02 00:00:00+00:00,0.4476,0.01218986207804389,0.2789930414073378,0.25882030071240864,-0.061143845871779234,-0.058474540712408624,-0.07864728140733782,0.1744069392875912,0.0006921123109200941
2024-02-03 00:00:00+00:00,0.4241,0.0022488851998222017,0.2516623468658769,0.2625665085866146,-0.08831243992180232,-0.08270569858661464,-0.07180153686587692,0.2518093314133853,0.0008168292541708062
2024-02-04 00:00:00+00:00,0.4152,-0.004712226827976733,0.24073510329995862,0.3374643956435089,-0.16571685777184064,-0.16507335564350886,-0.0683440632999586,0.22218921435649114,0.0007773207365865366
2024-02-05 00:00:00+00:00,0.4269,-0.009703025589388972,0.2418775646060677,0.3907906513143618,-0.19823250700500433,-0.2085470413143618,-0.05963395460606771,0.14488695868563822,0.000682131403087462
2024-02-06 00:00:00+00:00,0.42369999999999997,0.004079724298713158,0.24188405250384568,0.40511938684712306,-0.21278989532208847,-0.22559769684712308,-0.06236236250384569,0.15513286315287683,0.0007344968396008273
2024-02-07 00:00:00+00:00,0.42869999999999997,0.008202688548101997,0.2426958296290859,0.40570970415819896,-0.20825345525257888,-0.221926014158199,-0.058912139629085924,0.07982053584180115,0.0006537078932769002
2024-02-08 00:00:00+00:00,0.4382,0.029453573084678625,0.19822937423030876,0.3997035122151632,-0.1940210944085647,-0.20768427221516322,-0.006210134230308778,0.11682617778483684,-0.00017683000855039563
2024-02-09 00:00:00+00:00,0.44909999999999994,0.021732959819528507,0.19971529443112793,0.3940686781774352,-0.17864889739244882,-0.19237786817743524,0.001975515568872016,0.1690314818225649,0.00019470595337317038
2024-02-10 00:00:00+00:00,0.4779,0.039219017017671956,0.21692590679748935,0.3762703202244571,-0.13550877090603874,-0.14788191022445712,0.011462503202510632,0.26565111977554295,-0.0008902899259694288
2024-02-11 00:00:00+00:00,0.4991,0.012871058109441351,0.21840479116124584,0.3984984028173781,-0.13216729902425495,-0.1493975928173781,0.03069601883875414,0.29073363718262185,0.0004671324302666717
2024-02-12 00:00:00+00:00,0.5129,0.011114925851070717,0.14108736857978785,0.3978267391925309,-0.11783507845412478,-0.1347603291925309,0.12197904142021218,0.21182190080746893,0.0005020195393069351
2024-02-13 00:00:00+00:00,0.5428000000000001,0.03328314380771502,0.1544805598331728,0.39013741192129764,-0.08180980773703639,-0.09550557192129755,0.1401512801668273,0.21048758807870244,-0.0004882923201725273
2024-02-14 00:00:00+00:00,0.5219,-0.004253617970457425,0.14632314344108444,0.3962059046284329,-0.10754888960775277,-0.12382629462843286,0.12605646655891561,0.16001173537156715,0.0006005931579056938
2024-02-15 00:00:00+00:00,0.5513,0.041723988373570046,0.1640308489731023,0.38453397288250735,-0.06880803323494156,-0.08060228288250731,0.13990084102689773,0.20375502711749272,-0.0011268659765740641
2024-02-16 00:00:00+00:00,0.5508,0.001272019598719991,0.1613153614463232,0.43092668239063053,-0.1056500608505041,-0.12754604239063055,0.1420652785536768,0.14257660760936958,0.0006115651433094221
2024-02-17 00:00:00+00:00,0.5524,0.004726960110198382,0.16089145414736425,0.45671626849295316,-0.12340786359212563,-0.15157050849295317,0.14425430585263574,0.11982022150704702,0.0005907584846462737
2024-02-18 00:00:00+00:00,0.5624,-0.009282864594791693,0.1470481503371496,0.4573746484105452,-0.11389479401407876,-0.14108088841054517,0.16924560966285043,0.09140999158945484,0.000531240043179603
2024-02-19 00:00:00+00:00,0.5724,0.009819478954436259,0.14745226171909798,0.5478945154880458,-0.16779897020196255,-0.2202527554880458,0.18018949828090203,0.03901469451195416,0.0005285609718761687
2024-02-20 00:00:00+00:00,0.5683,-0.007152913763302629,0.14807458401754373,0.6470526857092387,-0.23609585137495492,-0.3240877957092387,0.17489030598245628,-0.042857395709238744,0.0005826644064299156
2024-02-21 00:00:00+00:00,0.5563,0.009468549157458404,0.14911463429836022,0.6618103210471116,-0.2572172530727984,-0.35234063104711155,0.1603550557016398,-0.09540356104711145,0.0005526636270811042
2024-02-22 00:00:00+00:00,0.5401,-0.007771836131111923,0.12010641337335783,0.6691233924693718,-0.2778996286486759,-0.3774153824693718,0.1716015966266422,-0.1440782324693719,0.0005892941019639286
2024-02-23 00:00:00+00:00,0.5538000000000001,-0.01195739094575168,0.12093473530859519,0.6674750094256948,-0.26319143779215626,-0.36078056942569475,0.18575970469140488,-0.12460076942569465,0.0005114472967476247
2024-02-24 00:00:00+00:00,0.5223,-0.010209469160280787,0.12190208122506663,0.6977597010217884,-0.31302011888963166,-0.42496241102178844,0.15089520877493334,-0.1703932610217883,0.0005557437029355952
2024-02-25 00:00:00+00:00,0.5418,0.016777573454969132,0.12519470114688266,0.71180346515982,-0.30188445828983956,-0.41825622515982,0.16835253885311727,-0.13039721515982006,0.00038276324631471336
2024-02-26 00:00:00+00:00,0.5517,0.0026306642119834777,0.10146101938643715,0.7117407433653183,-0.2919472861126967,-0.4073678533653184,0.2029118706135628,-0.14337553336531828,0.0006656364195024195
2024-02-27 00:00:00+00:00,0.5605,0.051870726837723626,0.13358223328504523,0.6796273484458298,-0.26389514096447086,-0.36546709844582986,0.18057801671495474,-0.10536650844582984,-0.002007682922765066
2024-02-28 00:00:00+00:00,0.5836,0.046725082795106204,0.16009864805913862,0.6577349401293825,-0.22740859436221916,-0.3171459801293825,0.18049031194086138,-0.0720508501293825,-0.0014880946891501691
2024-02-29 00:00:00+00:00,0.6776000000000001,0.09102048363075967,0.2508138368103205,0.5590389288731655,-0.07008905894975181,-0.09989716887316541,0.20832792318967963,-0.02453171887316552,-0.007577184953619398
2024-03-01 00:00:00+00:00,0.6554000000000001,-0.022186327113063634,0.25609724488811375,0.553307150446979,-0.08844618735796372,-0.12375799044697888,0.17345191511188635,0.008143339553021156,0.00023845090567049376
2024-03-02 00:00:00+00:00,0.6537000000000001,0.02012264006098124,0.2602077524553487,0.5557579785311092,-0.0917917695931385,-0.1284342885311091,0.16711593754465137,0.03161098146889074,0.00034489527752413796
2024-03-03 00:00:00+00:00,0.6581999999999999,-0.005878401817247053,0.25882030071240864,0.5618724904542512,-0.09138154356564265,-0.1286452504542514,0.1744069392875912,-0.017080880454251268,0.0007351371418466761
2024-03-04 00:00:00+00:00,0.7172,0.017690816294113225,0.2625665085866146,0.6068874259768926,-0.06182979787482623,-0.09251158597689269,0.2518093314133853,-0.053797735976892525,0.0004779954836881209
2024-03-05 00:00:00+00:00,0.7481,0.07860149997731156,0.3374643956435089,0.5324175269036737,0.018430535856355235,0.027236083096326302,0.22218921435649114,-0.007517276903673653,-0.005356686016034907
2024-03-06 00:00:00+00:00,0.7319,-0.06691134899059079,0.3907906513143618,0.49527362609787173,0.028143205291862428,0.04040398390212829,0.14488695868563822,0.027599983902128367,-0.003620252396343374
2024-03-07 00:00:00+00:00,0.7484999999999999,0.03455934664772244,0.40511938684712306,0.4817473501918715,0.054419781155037095,0.07850489980812841,0.15513286315287683,0.036076809808128385,-0.0003051951356946135
2024-03-08 00:00:00+00:00,0.6968000000000001,0.010761195587131426,0.40570970415819896,0.4830058662526435,0.0018137654221895838,0.0025243737473565897,0.07982053584180115,0.039723133747356476,0.0008081198887135854
2024-03-09 00:00:00+00:00,0.7187,0.0193352878359269,0.3997035122151632,0.47912638167063276,0.026510443830136454,0.03740330832936728,0.11682617778483684,0.12041410832936744,0.0005776266260370171
2024-03-10 00:00:00+00:00,0.7504000000000001,0.003030593724078052,0.3940686781774352,0.4917478775832244,0.049152627396562454,0.07135228241677566,0.1690314818225649,0.08965837241677549,0.0009719311409489851
2024-03-11 00:00:00+00:00,0.8012,0.008674823339482286,0.3762703202244571,0.5065885636692271,0.08944964793178567,0.13533287633077296,0.26565111977554295,0.036433046330772934,0.000938868499389504
2024-03-12 00:00:00+00:00,0.8301999999999999,0.044638882484057195,0.3984984028173781,0.487522505301343,0.1319718816165142,0.20170953469865693,0.29073363718262185,0.03549573469865697,-0.0009407431965487557
2024-03-13 00:00:00+00:00,0.7807999999999999,-0.008266580141468123,0.3978267391925309,0.48743745497260826,0.08263278867265023,0.12221118502739159,0.21182190080746893,-0.019307814972608195,0.0010237449185181095
2024-03-14 00:00:00+00:00,0.775,0.021812110397204366,0.39013741192129764,0.5034598236286253,0.06545097165268043,0.09716517637137478,0.21048758807870244,-0.05536346362862532,0.0006479644509790732
2024-03-15 00:00:00+00:00,0.7458,-0.022734851843433525,0.3962059046284329,0.525809437415926,0.02067281293836043,0.030408202584074062,0.16001173537156715,0.00636081258407406,0.0006348037034379495
2024-03-16 00:00:00+00:00,0.767,-0.027956293566356417,0.38453397288250735,0.524645996248229,0.042675489681434975,0.06364300375177101,0.20375502711749272,-0.006389986248229063,0.0003960441230910596
2024-03-17 00:00:00+00:00,0.7573000000000001,-0.06176339891461686,0.43092668239063053,0.49298720182939054,0.05516952649141449,0.08051608817060957,0.14257660760936958,0.0037558381706095934,-0.002611150268317145
2024-03-18 00:00:00+00:00,0.7593000000000001,0.046282136513923836,0.45671626849295316,0.4674656573931227,0.07558539770374761,0.1090708326068775,0.11982022150704702,0.03493178260687729,-0.0009138002479647149
2024-03-19 00:00:00+00:00,0.7408,-0.011844196594514808,0.4573746484105452,0.4871098852071179,0.04286742072953931,0.06167475479288215,0.09140999158945484,0.013021954792881985,0.0011127354609117624
2024-03-20 00:00:00+00:00,0.7661,-0.0868125062522657,0.5478945154880458,0.4114081003364301,0.12468897706974968,0.17550110966356985,0.03901469451195416,0.07831193966357003,-0.006262158744082777
2024-03-21 00:00:00+00:00,0.7773,0.09056020521635287,0.6470526857092387,0.3118595859932871,0.21885610309245285,0.2923357040067128,-0.042857395709238744,0.183756414006713,-0.006903220878416987
2024-03-22 00:00:00+00:00,0.7526,-0.03609168536224728,0.6618103210471116,0.29995011392057436,0.20492298393982766,0.26645664607942576,-0.09540356104711145,0.21816192607942564,2.1003279676015977e-05
2024-03-23 00:00:00+00:00,0.7245999999999999,-0.025719171843632448,0.6691233924693718,0.2919051141457644,0.1843175607649602,0.23314004585423548,-0.1440782324693719,0.22721513585423542,0.0006856018042439141
2024-03-24 00:00:00+00:00,0.7368000000000001,0.002737820372682877,0.6674750094256948,0.3025606047365635,0.1867449075441957,0.2403136352634367,-0.12460076942569465,0.17865908526343666,0.0013608912729402558
2024-03-25 00:00:00+00:00,0.7262000000000001,0.05092529817743068,0.6977597010217884,0.2715799881890176,0.20506663109236856,0.25578645181098253,-0.1703932610217883,0.14007057181098237,-0.001203430129620042
2024-03-26 00:00:00+00:00,0.7625,0.03789154199798001,0.71180346515982,0.26745236902865926,0.24534202700851715,0.31395388097134064,-0.13039721515982006,0.12242299097134068,-2.2564765943587075e-05
2024-03-27 00:00:00+00:00,0.7539,0.0013286000940038842,0.7117407433653183,0.26758627305806126,0.23661258177096434,0.3007789369419388,-0.14337553336531828,0.0839441369419387,0.0014377275048952358
2024-03-28 00:00:00+00:00,0.7578,-0.007149488513414338,0.6796273484458298,0.2683524202233382,0.23977256807835146,0.3059084197766618,-0.10536650844582984,0.03546901977666178,0.001412486384772812
2024-03-29 00:00:00+00:00,0.7653,0.019592277463331483,0.6577349401293825,0.2639382644129353,0.25155077672765747,0.3217458255870647,-0.0720508501293825,0.035161345587064685,0.001103497713114902
2024-03-30 00:00:00+00:00,0.7311,-0.013142584038493542,0.5590389288731655,0.26225678367349686,0.2189898715378723,0.27225042632650315,-0.02453171887316552,0.06025362632650311,0.0013370106510011805
2024-03-31 00:00:00+00:00,0.7493000000000001,-0.004596524191488998,0.553307150446979,0.26348357772126474,0.2359934856041035,0.2979669122787354,0.008143339553021156,0.04265731227873526,0.001495492821064819
2024-04-01 00:00:00+00:00,0.7664,0.024624349082703372,0.5557579785311092,0.28759716509335786,0.2301191359992808,0.2997717949066421,0.03161098146889074,0.07012644490664222,0.0009223080715225715
2024-04-02 00:00:00+00:00,0.7381,-0.02317581135030468,0.5618724904542512,0.29964523551726613,0.1907013924777794,0.24514637448273385,-0.017080880454251268,0.07514360448273383,0.0010061644139171895
2024-04-03 00:00:00+00:00,0.7437,-0.0633468443992418,0.6068874259768926,0.2528984764119271,0.24080987640248186,0.300191213588073,-0.053797735976892525,0.06938481358807291,-0.0024593515227390133
2024-04-04 00:00:00+00:00,0.7245,0.007575102390527158,0.5324175269036737,0.2987445310078765,0.1779247252135563,0.22615571899212356,-0.007517276903673653,0.013512908992123596,0.0014996245077912944
2024-04-05 00:00:00+00:00,0.7231000000000001,0.03773864425014628,0.49527362609787173,0.28433892145525,0.18986560364577953,0.23853468854475007,0.027599983902128367,0.039308288544749936,0.00012962759134811587
2024-04-06 00:00:00+00:00,0.7195999999999999,-0.009088439696377187,0.4817473501918715,0.28339916376796026,0.1872475192431613,0.2344249962320396,0.036076809808128385,0.060583086232039784,0.0014700638100040371
2024-04-07 00:00:00+00:00,0.723,0.014806856745857149,0.4830058662526435,0.28250009984087754,0.1914926154408788,0.24022890015912246,0.039723133747356476,0.026302390159122446,0.0013295458280108614
2024-04-08 00:00:00+00:00,0.7743000000000001,0.0074156327600214695,0.47912638167063276,0.28434219299411867,0.24106253601784644,0.31519829700588153,0.12041410832936744,0.004671567005881283,0.0014971943725036563
2024-04-09 00:00:00+00:00,0.7625,0.03235069897255529,0.4917478775832244,0.27597708075201793,0.23716479201178797,0.30542916924798197,0.08965837241677549,0.03127140924798211,0.0005131991526994386
2024-04-10 00:00:00+00:00,0.7369,-0.035986594420684574,0.5065885636692271,0.2721555831917957,0.21521467033105512,0.2708660268082043,0.036433046330772934,1.5306808204329503e-05,0.00026640368775457846
2024-04-11 00:00:00+00:00,0.7232,0.020629021763390633,0.487522505301343,0.28321595560764734,0.19101962117375337,0.23980228439235263,0.03549573469865697,0.011307334392352764,0.0011268501788937748
2024-04-12 00:00:00+00:00,0.6842,-0.007832362942121607,0.48743745497260826,0.28247131811837717,0.1527196916927428,0.1856583218816229,-0.019307814972608195,0.010967571881622895,0.0014758814660853457
2024-04-13 00:00:00+00:00,0.6694,-0.04233999495516192,0.5034598236286253,0.26199972656008963,0.1575409114218156,0.18609663343991034,-0.05536346362862532,0.035243313439910384,-0.00026837190704971214
2024-04-14 00:00:00+00:00,0.7295,-0.048516265789972084,0.525809437415926,0.2397606138832799,0.23984643483042029,0.29240963611672016,0.00636081258407406,0.0752970761167201,-0.000843454336614174
2024-04-15 00:00:00+00:00,0.7199,0.026190247202226975,0.524645996248229,0.2366657185790648,0.23341699045180953,0.28159029142093517,-0.006389986248229063,0.07951557142093521,0.0008222485523994842
2024-04-16 00:00:00+00:00,0.7048000000000001,-0.034822762003131794,0.49298720182939054,0.28405826561029884,0.17182883228987078,0.2126847743897013,0.0037558381706095934,0.059454944389701114,0.00028915714053716736
2024-04-17 00:00:00+00:00,0.7088,0.006661454327016112,0.4674656573931227,0.28587956724230995,0.1741229318155585,0.21651787275769002,0.03493178260687729,0.044630442757690014,0.0014503968518198547
2024-04-18 00:00:00+00:00,0.7071999999999999,-0.04189127665604427,0.4871098852071179,0.27313544591836336,0.1845763821655556,0.22699639408163652,0.013021954792881985,0.0322313140816366,-0.00026687792380018023
2024-04-19 00:00:00+00:00,0.6998000000000001,0.036253920227750765,0.4114081003364301,0.257210229309629,0.1926410216612261,0.23250981069037113,0.07831193966357003,0.06393866069037096,0.0001692112261107515
2024-04-20 00:00:00+00:00,0.7040000000000001,0.0043681914780376065,0.3118595859932871,0.2580157892489618,0.19604745374300792,0.23760021075103832,0.183756414006713,0.07054245075103827,0.001455601137914396
2024-04-21 00:00:00+00:00,0.7198,0.017993027371243035,0.29995011392057436,0.32250027052491276,0.15190892723611793,0.19561176947508724,0.21816192607942564,0.06115608947508716,0.001141017283825918
2024-04-22 00:00:00+00:00,0.7204999999999999,-0.0004928915892341234,0.2919051141457644,0.32637999271330165,0.14920323586309214,0.1927402572866982,0.22721513585423542,0.016898817286698453,0.0014601128989771527
2024-04-23 00:00:00+00:00,0.6937000000000001,0.0297201851875462,0.3025606047365635,0.31795586102782125,0.12982425036376932,0.1632638289721789,0.17865908526343666,0.004668138972178715,0.0005765253458426172
2024-04-24 00:00:00+00:00,0.6416,-0.006858130172025455,0.2715799881890176,0.321017617254615,0.07501583391819444,0.09063294274538497,0.14007057181098237,-0.0382063772546149,0.0014071502514567962
2024-04-25 00:00:00+00:00,0.6244,-0.033113631417290526,0.26745236902865926,0.3083579889161625,0.06910009101732917,0.08151737108383744,0.12242299097134068,-0.0349335789161625,0.000347103954999099
2024-04-26 00:00:00+00:00,0.5929,0.0035736520319645674,0.26758627305806126,0.30969358129898755,0.03639880386562733,0.04183682870101241,0.0839441369419387,-0.03710517129898755,0.001413354146314253
2024-04-27 00:00:00+00:00,0.5512,-0.010681113513544506,0.2683524202233382,0.30966591416235,-0.005276337468494652,-0.005844474162350011,0.03546901977666178,-0.02097462416235002,0.0012922366844304116
2024-04-28 00:00:00+00:00,0.5468999999999999,-0.00458802891422147,0.2639382644129353,0.3115471848443773,-0.01126411999014898,-0.012447574844377363,0.035161345587064685,-0.02091837484437742,0.0013605751989014458
2024-04-29 00:00:00+00:00,0.5679,-0.005875680285436671,0.26225678367349686,0.31394729431797863,0.007590001590210171,0.008563115682021338,0.06025362632650311,-0.01408153431797865,0.001320929490772372
2024-04-30 00:00:00+00:00,0.5533,0.011043569265899177,0.26348357772126474,0.3138432241440709,-0.006917122323185421,-0.007702334144070899,0.04265731227873526,-0.030393464144070903,0.0012141322491021637
2024-05-01 00:00:00+00:00,0.5981000000000001,-0.050875310867493306,0.28759716509335786,0.2835918966285711,0.06556653003912416,0.07413171337142899,0.07012644490664222,0.00017739337142896883,-0.0012755205298366852
2024-05-02 00:00:00+00:00,0.6122,-0.03908158895635904,0.29964523551726613,0.2667266930730236,0.09574410345797812,0.10806214692697635,0.07514360448273383,0.003569316926976429,-0.00023556604740859939
2024-05-03 00:00:00+00:00,0.5677,0.013062286048802356,0.2528984764119271,0.2647723306028159,0.05313967253312668,0.05751095939718409,0.06938481358807291,-0.007926090602815905,0.001105655864001181
2024-05-04 00:00:00+00:00,0.5588000000000001,0.06185103917580462,0.2987445310078765,0.2182284464003878,0.09165072364351484,0.09402899359961231,0.013512908992123596,0.042994763599612185,-0.002570350076350662
2024-05-05 00:00:00+00:00,0.5689,0.015497824585518426,0.28433892145525,0.21817427520888158,0.10180870784301532,0.10547293479111838,0.039308288544749936,0.060293014791118454,0.00099559896918956
2024-05-06 00:00:00+00:00,0.5865,0.00231503310025015,0.28339916376796026,0.2259570882889468,0.11115056191371508,0.11802516171105323,0.060583086232039784,0.06510316171105315,0.0012122279660369837
2024-05-07 00:00:00+00:00,0.5557,-0.012056008520760924,0.28250009984087754,0.22477752164122394,0.08159292175582955,0.08402496835877604,0.026302390159122446,0.08458091835877607,0.0010563640293235958
2024-05-08 00:00:00+00:00,0.5376,-0.014366507088929016,0.28434219299411867,0.22245302927567087,0.06595073489332043,0.06656073072432908,0.004671567005881283,0.04659666072432908,0.0009757781772600995
2024-05-09 00:00:00+00:00,0.5543,-0.018947935298058563,0.27597708075201793,0.2229261791353057,0.08214941053165498,0.08432231086469433,0.03127140924798211,0.027273860864694244,0.0007947918456574815
2024-05-10 00:00:00+00:00,0.5217,0.031319950321122225,0.2721555831917957,0.21101143204058684,0.06234019326829782,0.061159457959413216,1.5306808204329503e-05,0.04240012795941325,0.00014783957124316635
2024-05-11 00:00:00+00:00,0.5427000000000001,-0.03653256416304372,0.28321595560764734,0.1950696385443895,0.1010331135976012,0.09945365145561061,0.011307334392352764,0.07315077145561052,-0.00023058461053695198
2024-05-12 00:00:00+00:00,0.5417000000000001,0.0003779258488749729,0.28247131811837717,0.19509994078447698,0.09999881052404114,0.09833894921552308,0.010967571881622895,0.06377749921552303,0.0010830336871212453
2024-05-13 00:00:00+00:00,0.5452,0.010491835224046583,0.26199972656008963,0.20641402403798917,0.09087189825194703,0.09082901596201085,0.035243313439910384,0.06910598596201087,0.0009571444155492637
2024-05-14 00:00:00+00:00,0.5613,0.02293372563272118,0.2397606138832799,0.20214817134304447,0.11169109067652533,0.11290951865695553,0.0752970761167201,0.05348318865695556,0.0005274906916167661
2024-05-15 00:00:00+00:00,0.5623,-0.0207738800420848,0.2366657185790648,0.20234244263290452,0.11247509780704168,0.11383884736709549,0.07951557142093521,0.04001684736709543,0.0006020647399605412
2024-05-16 00:00:00+00:00,0.5861,0.07146959207740293,0.28405826561029884,0.14203213238739693,0.20922849353208334,0.20148107761260303,0.059454944389701114,0.0937752276126031,-0.004092738072075672
2024-05-17 00:00:00+00:00,0.5749,-0.013930936734469145,0.28587956724230995,0.13976722898400865,0.20104544407750136,0.19074278101599132,0.044630442757690014,0.09092086101599137,0.0008070999295540994
2024-05-18 00:00:00+00:00,0.5526,0.02659731251926585,0.27313544591836336,0.13190783646278864,0.18940881554918126,0.17345892353721132,0.0322313140816366,0.09753316353721134,0.0002780564124146046
2024-05-19 00:00:00+00:00,0.5667,-0.0023291240485328935,0.257210229309629,0.1319137177700543,0.20350071892960153,0.18923517222994565,0.06393866069037096,0.10632789222994571,0.0009622618615318428
2024-05-20 00:00:00+00:00,0.5732,-0.009235339883369784,0.2580157892489618,0.13598345481771137,0.20444065460288152,0.19257478518228868,0.07054245075103827,0.11461690518228865,0.00086700055203316
2024-05-21 00:00:00+00:00,0.6194,0.07499228883978888,0.32250027052491276,0.06767365434379537,0.35925839559233247,0.31598270565620457,0.06115608947508716,0.1685223456562046,-0.004686807747074159
2024-05-22 00:00:00+00:00,0.5859000000000001,-0.017864048193976842,0.32637999271330165,0.06382910653469794,0.33325577082644875,0.2794497034653022,0.016898817286698453,0.16926673346530208,0.0006056323629451907
2024-05-23 00:00:00+00:00,0.568,-0.013816476485488836,0.31795586102782125,0.06325772354941023,0.31648911842743216,0.25936627645058974,0.004668138972178715,0.1586774864505898,0.0007178029793524181
2024-05-24 00:00:00+00:00,0.5318,-0.017282509834489264,0.321017617254615,0.05970116653951998,0.28746177839003584,0.2231100734604801,-0.0382063772546149,0.15587332346048,0.0005955292309897317
2024-05-25 00:00:00+00:00,0.5229,0.007482993248636754,0.3083579889161625,0.0628047754706616,0.2722911903570396,0.2106196345293384,-0.0349335789161625,0.16980851452933834,0.0008264530412646011
2024-05-26 00:00:00+00:00,0.5221,0.011070036370407349,0.30969358129898755,0.0867281224304585,0.22760361219454917,0.18586028756954148,-0.03710517129898755,0.17296403756954154,0.0007492677340272648
2024-05-27 00:00:00+00:00,0.5373,-0.010574127607454848,0.30966591416235,0.09228345448496884,0.23351808071419256,0.19640783551503116,-0.02097462416235002,0.13946250551503114,0.0007527919495421745
2024-05-28 00:00:00+00:00,0.5390999999999999,0.013254244485508129,0.3115471848443773,0.09302878553320834,0.23409379427098798,0.19760002446679156,-0.02091837484437742,0.12834146446679162,0.0006875473784608432
2024-05-29 00:00:00+00:00,0.5476,-0.015224745995238027,0.31394729431797863,0.09282497466991012,0.2429280868378082,0.20704078533008985,-0.01408153431797865,0.13699938533008987,0.0006306558956818535
2024-05-30 00:00:00+00:00,0.5324,-0.010649258622401389,0.3138432241440709,0.09680770530690083,0.22126063362714637,0.18664205469309916,-0.030393464144070903,0.10930829469309913,0.0007469740725283696
2024-05-31 00:00:00+00:00,0.5327000000000001,0.010093897915972597,0.2835918966285711,0.09641949620687876,0.222185111134943,0.1873497937931213,0.00017739337142896883,0.09254459379312122,0.0007564217572820155
2024-06-01 00:00:00+00:00,0.5199,-0.011882318006147408,0.2667266930730236,0.10455136057852919,0.19655597179083517,0.16574464942147082,0.003569316926976429,0.10192799942147078,0.0007103652320427941
2024-06-02 00:00:00+00:00,0.5068,0.0031608203085338378,0.2647723306028159,0.10452205569442016,0.18350129029886286,0.15232418430557984,-0.007926090602815905,0.09537635430557984,0.000832021204018256
2024-06-03 00:00:00+00:00,0.5111,-0.00016222872811382004,0.2182284464003878,0.10638124982388912,0.1849386138368168,0.15484196017611085,0.042994763599612185,0.07280164017611089,0.0008360096845795006
2024-06-04 00:00:00+00:00,0.5277000000000001,0.015353505794585052,0.21817427520888158,0.11616629457817967,0.1868682312662453,0.16230099542182036,0.060293014791118454,0.08958666542182034,0.0005956452022813966
2024-06-05 00:00:00+00:00,0.5395,0.025397689759305418,0.2259570882889468,0.14340653464462177,0.160809447378705,0.1476537153553782,0.06510316171105315,0.08250355535537823,0.00018220667726450205
2024-06-06 00:00:00+00:00,0.5562,0.006956770664480758,0.22477752164122394,0.1435213309136523,0.17735790767966098,0.16583710908634772,0.08458091835877607,0.09638270908634766,0.0007740196049355187
2024-06-07 00:00:00+00:00,0.5186999999999999,-0.003916932333406972,0.22245302927567087,0.1530268212014589,0.1275135723194643,0.11602286879854104,0.04659666072432908,0.07939358879854111,0.0008071246757987074
2024-06-08 00:00:00+00:00,0.5002,-0.01994776382501159,0.2229261791353057,0.16964330985147752,0.0883222149089884,0.08055673014852244,0.027273860864694244,0.09035470014852248,0.0004227305503450291
2024-06-09 00:00:00+00:00,0.5034000000000001,-0.0012825780131639518,0.21101143204058684,0.17279135188449993,0.08771820837989563,0.08062020811550016,0.04240012795941325,0.08761473811550005,0.0008137889214940298
2024-06-10 00:00:00+00:00,0.5179,0.004933948457288605,0.1950696385443895,0.17940432352860838,0.09433852449897151,0.08881608647139164,0.07315077145561052,0.07109592647139154,0.0007893768996527829
2024-06-11 00:00:00+00:00,0.5088,-0.0016227824940304508,0.19509994078447698,0.17983980728339216,0.08472476223741604,0.07903763271660785,0.06377749921552303,0.05723180271660783,0.0008086852345113148
2024-06-12 00:00:00+00:00,0.5249,-0.03224908149610076,0.20641402403798917,0.16786958280598105,0.11518109293567985,0.10765042719401899,0.06910598596201087,0.06774357719401894,-0.00023184089661155473
2024-06-13 00:00:00+00:00,0.5056,0.013241515837525742,0.20214817134304447,0.16697025118906603,0.09698006511054069,0.088661108810934,0.05348318865695556,0.04758398881093398,0.0006308407806989842
2024-06-14 00:00:00+00:00,0.49229999999999996,-0.02115470622058131,0.20234244263290452,0.16780437090925993,0.08266068192950526,0.07455491909074002,0.04001684736709543,0.07406286909074009,0.00035322986499487097
2024-06-15 00:00:00+00:00,0.48560000000000003,-0.012283761260694952,0.14203213238739693,0.1746069961943179,0.06773998014368748,0.06120036380568211,0.0937752276126031,0.06844200380568208,0.0006431189344044052
2024-06-16 00:00:00+00:00,0.4803,0.0028132817465866796,0.13976722898400865,0.22274312351931552,0.008343303343076258,0.00794496648068449,0.09092086101599137,0.07449991648068449,0.0007762590202435458
2024-06-17 00:00:00+00:00,0.479,0.007838339476570344,0.13190783646278864,0.22223847060500201,0.00757824551151437,0.007202529394997964,0.09753316353721134,0.09687353939499804,0.0007136178516016371
2024-06-18 00:00:00+00:00,0.48810000000000003,-0.0024306817873136163,0.1319137177700543,0.22504527021296714,0.013710634380399378,0.013196339787032885,0.10632789222994571,0.11461056978703285,0.0007622153440396893
2024-06-19 00:00:00+00:00,0.5006,-0.020488788109237484,0.13598345481771137,0.2199386769142055,0.031623799202768255,0.030661683085794533,0.11461690518228865,0.10610232308579459,0.0003407616787097458
2024-06-20 00:00:00+00:00,0.486,-0.003056016506709506,0.06767365434379537,0.239781093547163,-0.0036744771245107444,-0.0035850935471630208,0.1685223456562046,0.12988290645283698,0.0007440934389098057
2024-06-21 00:00:00+00:00,0.4828,-0.0017703070332593506,0.06382910653469794,0.240499583564399,-0.007607568828621347,-0.00740374356439899,0.16926673346530208,0.15200266643560095,0.0007368319892637003
2024-06-22 00:00:00+00:00,0.4711,-0.011997167890044944,0.06325772354941023,0.24137007656858478,-0.02019428713204552,-0.019434866568584758,0.1586774864505898,0.19422992343141526,0.0005859715671842846
2024-06-23 00:00:00+00:00,0.4643,0.0025229728380748084,0.05970116653951998,0.24234680148578663,-0.02798731599116655,-0.026772311485786654,0.15587332346048,0.2150348885142132,0.0007143428893368756
2024-06-24 00:00:00+00:00,0.48229999999999995,-0.017637639665909997,0.0628047754706616,0.2454585333707908,-0.013137718962525968,-0.012845243370790849,0.16980851452933834,0.1629902766292092,0.00040348160582830367
2024-06-25 00:00:00+00:00,0.5096,-0.04570391881544144,0.0867281224304585,0.22095339479129775,0.03954320046264864,0.038738765208702314,0.17296403756954154,0.15591981520870227,-0.0013780072991980514
2024-06-26 00:00:00+00:00,0.4814,0.02384145149264253,0.09228345448496884,0.21456956547698647,0.01818345725029802,0.017176394523013533,0.13946250551503114,0.16747804452301351,0.00014124834688835687
2024-06-27 00:00:00+00:00,0.4705,-0.015392695769042336,0.09302878553320834,0.22370836697315155,-0.0024781886864885805,-0.0023381169731515883,0.12834146446679162,0.13749263302684844,0.00046752758636809874
2024-06-28 00:00:00+00:00,0.4794,0.014664286986218697,0.09282497466991012,0.22109204153808026,0.009195744874548939,0.008732318461919741,0.13699938533008987,0.08184811846191975,0.00048309637394380786
2024-06-29 00:00:00+00:00,0.45399999999999996,-0.020994152347619786,0.09680770530690083,0.21607482327023247,-0.010838491597062683,-0.009958823270232509,0.10930829469309913,0.06112742672976751,0.0002509867790770767
2024-06-30 00:00:00+00:00,0.4347,0.008365355812874127,0.09641949620687876,0.2213332381771285,-0.03576066591919086,-0.03236914817712852,0.09254459379312122,0.046266051822871496,0.0006146995901605428
2024-07-01 00:00:00+00:00,0.45439999999999997,0.028452801185603345,0.10455136057852919,0.2123895019165645,-0.006457355280963861,-0.005910141916564526,0.10192799942147078,0.04384893808343546,-0.00013354113640336163
2024-07-02 00:00:00+00:00,0.4471,0.0027535730262945963,0.10452205569442016,0.219218208599907,-0.02110744184592689,-0.019319798599907012,0.09537635430557984,0.018243081400092953,0.0006626105899267623
2024-07-03 00:00:00+00:00,0.4233,-0.012362717927500181,0.10638124982388912,0.2188459672725555,-0.04450975542687807,-0.0396630772725555,0.07280164017611089,0.02925764272744452,0.000512155244714472
2024-07-04 00:00:00+00:00,0.4536,-0.03224872701304132,0.11616629457817967,0.251329371127753,-0.047727608583202796,-0.045576411127752986,0.08958666542182034,0.012866628872246988,-0.0003824806213589213
2024-07-05 00:00:00+00:00,0.4753,-0.05370257429758244,0.14340653464462177,0.21837258167558538,0.007996477997880502,0.007537508324414632,0.08250355535537823,0.046337668324414716,-0.002233107291666814
2024-07-06 00:00:00+00:00,0.48979999999999996,-0.007604733253803827,0.1435213309136523,0.2398329509742882,7.257481912631425e-05,7.108902571176245e-05,0.09638270908634766,0.0752247390257118,0.0005870774403576684
2024-07-07 00:00:00+00:00,0.48210000000000003,0.02822437835001436,0.1530268212014589,0.2985459689209484,-0.06429360256224487,-0.0661255589209484,0.07939358879854111,0.09936267107905161,-0.00015804899260548992
2024-07-08 00:00:00+00:00,0.5099,-0.04199585782872706,0.16964330985147752,0.29352655412119794,-0.03188090970538815,-0.033528544121197934,0.09035470014852248,0.085190605878802,-0.0011284306738574136
2024-07-09 00:00:00+00:00,0.5103,0.016136548179713456,0.17279135188449993,0.29351673609167184,-0.03147184874416631,-0.03311064609167186,0.08761473811550005,0.07712070390832815,0.0003757280055378503
2024-07-10 00:00:00+00:00,0.5005,0.0238301440057189,0.17940432352860838,0.4394680849192342,-0.16242389074405394,-0.1889678349192343,0.07109592647139154,-0.11673047491923416,6.887919922377722e-05
2024-07-11 00:00:00+00:00,0.4869,-0.00619891993395831,0.17983980728339216,0.4411559998436398,-0.17729575415959997,-0.2040843898436398,0.05723180271660783,-0.13843595984363977,0.0005967100747573971
2024-07-12 00:00:00+00:00,0.4854,-0.007493276366558169,0.16786958280598105,0.44050904537525876,-0.1783085545442809,-0.20489588537525877,0.06774357719401894,-0.12376520537525881,0.0005769960923994036
2024-07-13 00:00:00+00:00,0.4632,0.010070753424235237,0.16697025118906603,0.45577504738335894,-0.21191113706067605,-0.24122080738335894,0.04758398881093398,-0.12961983738335903,0.0005280807473860623
2024-07-14 00:00:00+00:00,0.4918,0.022717380581847826,0.16780437090925993,0.4507952456960572,-0.1796128727512284,-0.2089280056960572,0.07406286909074009,-0.12040020569605725,0.00010967010625747415
2024-07-15 00:00:00+00:00,0.493,0.0266460255413987,0.1746069961943179,0.44722083273158025,-0.1757457160472733,-0.20417183273158027,0.06844200380568208,-0.1232321927315802,-8.430612646794042e-05
2024-07-16 00:00:00+00:00,0.5452,0.06296275550591644,0.22274312351931552,0.41044337881082854,-0.09545855087622812,-0.11320033881082853,0.07449991648068449,-0.10452376881082848,-0.0033379426932265786
2024-07-17 00:00:00+00:00,0.5649000000000001,0.00446780080414995,0.22223847060500201,0.4152211524576261,-0.07947656107095169,-0.09610914245762603,0.09687353939499804,-0.10564019245762607,0.0006124827212712407
2024-07-18 00:00:00+00:00,0.5828,-0.015381939804201833,0.22504527021296714,0.4186089947326378,-0.06419999592939551,-0.07895315473263781,0.11461056978703285,-0.1364355547326378,0.0004040290264900483
2024-07-19 00:00:00+00:00,0.5710000000000001,-0.0002654072846460664,0.2199386769142055,0.4198509138564527,-0.07695903717476815,-0.0938099138564526,0.10610232308579459,-0.13137450385645266,0.0006498242311193755
2024-07-20 00:00:00+00:00,0.608,0.04049966414382346,0.239781093547163,0.40374112284605734,-0.027406265979536437,-0.03407712284605735,0.12988290645283698,-0.09771088284605733,-0.0009834385674519974
2024-07-21 00:00:00+00:00,0.6265,0.007885934377827662,0.240499583564399,0.40655917665048225,-0.011119931189797705,-0.014056926650482304,0.15200266643560095,-0.1184049366504823,0.0006067851257465867
2024-07-22 00:00:00+00:00,0.66,0.01467921685884425,0.24137007656858478,0.40464983437743723,0.023879072520454514,0.03095016562256281,0.19422992343141526,-0.11240147437743725,0.0004680513421827123
2024-07-23 00:00:00+00:00,0.6762999999999999,-0.0093082840663372,0.24234680148578663,0.41953818589571223,0.028582325472191306,0.037843504104287606,0.2150348885142132,-0.12054794589571227,0.0006163993637221081
2024-07-24 00:00:00+00:00,0.6391,-0.02380850936227029,0.2454585333707908,0.41454951882314567,-0.004755200198884535,-0.006100708823145673,0.1629902766292092,-0.12305750882314564,0.00015828124724349166
2024-07-25 00:00:00+00:00,0.6139,-0.008644490496960967,0.22095339479129775,0.45645948584953033,-0.06171785489249049,-0.07958627584953032,0.15591981520870227,-0.1492109958495303,0.0006664571877009196
2024-07-26 00:00:00+00:00,0.6181,0.006611846146850574,0.21456956547698647,0.4559660387599106,-0.057152574049081695,-0.07391842875991061,0.16747804452301351,-0.1519240787599106,0.0007081693599367698
2024-07-27 00:00:00+00:00,0.601,0.03143357206214568,0.22370836697315155,0.44397890555959374,-0.06531742102363924,-0.08277790555959375,0.13749263302684844,-0.15021490555959371,-0.00022245740509752054
2024-07-28 00:00:00+00:00,0.5504,-2.9429508970818703e-05,0.22109204153808026,0.45045886204953656,-0.12076232168495316,-0.14751870204953654,0.08184811846191975,-0.18440922204953653,0.0007783811128994355
2024-07-29 00:00:00+00:00,0.5265,0.005327319080775885,0.21607482327023247,0.4884265948859471,-0.17237523556493772,-0.2112243448859471,0.06112742672976751,-0.21080298488594718,0.0007566788924161674
2024-07-30 00:00:00+00:00,0.5173,-0.022409320903907237,0.2213332381771285,0.4829060327547943,-0.17761440678316232,-0.21530674275479433,0.046266051822871496,-0.20295922275479433,0.0002893734526074413
2024-07-31 00:00:00+00:00,0.5062,-0.008629037307264038,0.2123895019165645,0.4824429487916067,-0.18838113190008754,-0.22620450879160675,0.04384893808343546,-0.2017549087916068,0.0007242721279352335
2024-08-01 00:00:00+00:00,0.48729999999999996,-0.02385048694315468,0.219218208599907,0.4757564982263346,-0.20245104075770315,-0.23829520822633463,0.018243081400092953,-0.2057723382263345,0.00023443089357897426
2024-08-02 00:00:00+00:00,0.49810000000000004,0.011056293093274792,0.2188459672725555,0.4743203433568395,-0.19060918634561524,-0.22621673335683945,0.02925764272744452,-0.2194973033568396,0.0006844654040401704
2024-08-03 00:00:00+00:00,0.514,-0.06090853145477977,0.251329371127753,0.43934715175158406,-0.1488326725136473,-0.17515115175158408,0.012866628872246988,-0.14384619175158408,-0.0028968480532929656
2024-08-04 00:00:00+00:00,0.5145000000000001,-0.01323590839121762,0.21837258167558538,0.44912793809041784,-0.15567008146471129,-0.18441768809041775,0.046337668324414716,-0.16907529809041782,0.000643149143671167
2024-08-05 00:00:00+00:00,0.5613,-0.04268135351201868,0.2398329509742882,0.4370415085288672,-0.0997911499399059,-0.1219838185288672,0.0752247390257118,-0.13134309852886727,-0.0009998161293987315
2024-08-06 00:00:00+00:00,0.6308,-0.0749822848125474,0.2985459689209484,0.3697215268436219,0.02275269358081855,0.02818711315637812,0.09936267107905161,-0.059138236843621905,-0.004793597880458835
2024-08-07 00:00:00+00:00,0.6154,0.036757277288929836,0.29352655412119794,0.3656727686017663,0.010691170395399019,0.013044391398233657,0.085190605878802,-0.043162358601766315,-0.0005072391980788387
2024-08-08 00:00:00+00:00,0.6088,-0.016111524627585864,0.29351673609167184,0.3820710329149002,-0.009318947222053842,-0.011433592914900204,0.07712070390832815,-0.02852187291490016,0.0005951189412979818
2024-08-09 00:00:00+00:00,0.5681,0.11208870164664934,0.4394680849192342,0.22939066953965484,0.08915253989643623,0.09334694046034522,-0.11673047491923416,0.11682389046034522,-0.011699110079753947
2024-08-10 00:00:00+00:00,0.5502,-0.013310121782328665,0.4411559998436398,0.2291238194551518,0.07153120066673263,0.07359622054484821,-0.13843595984363977,0.12276242054484815,0.0006942046343952877
2024-08-11 00:00:00+00:00,0.5628,0.001724775590816666,0.44050904537525876,0.2475270492249065,0.06527909669551918,0.06921679077509343,-0.12376520537525881,0.09845219077509357,0.0008743844158279896
2024-08-12 00:00:00+00:00,0.5710999999999999,-0.036826077249803246,0.45577504738335894,0.2323648351954324,0.08905764169999286,0.0937903748045675,-0.12961983738335903,0.09459040480456757,-0.0004713915044212614
2024-08-13 00:00:00+00:00,0.5748,0.010333470456782274,0.4507952456960572,0.23148934454618295,0.09366660420816458,0.09890569545381703,-0.12040020569605725,0.06925321545381705,0.0007881797189124153
2024-08-14 00:00:00+00:00,0.5692,0.020401551661811422,0.44722083273158025,0.22908397461377497,0.09057282294694657,0.09490466538622508,-0.1232321927315802,0.06208418538622498,0.00048682175097765416
2024-08-15 00:00:00+00:00,0.5531,-0.03068393959476527,0.41044337881082854,0.23689714524091135,0.0663791916910565,0.06902246475908871,-0.10452376881082848,0.038832864759088676,-3.106733992278368e-05
2024-08-16 00:00:00+00:00,0.5564,-0.020313910712117623,0.4152211524576261,0.23273159846799213,0.07397736530300308,0.07684936153200789,-0.10564019245762607,0.042683441532007815,0.0004985742215344508
2024-08-17 00:00:00+00:00,0.5312,0.022694864217859503,0.4186089947326378,0.22899027215723292,0.05267071964483416,0.05318316784276708,-0.1364355547326378,0.05414013784276708,0.00039530191256214415
2024-08-18 00:00:00+00:00,0.5371,0.010106729710934431,0.4198509138564527,0.23066135980560298,0.05682782736701997,0.05781505019439703,-0.13137450385645266,0.053321050194397035,0.0008029632547327636
2024-08-19 00:00:00+00:00,0.5532,-0.01778005579150946,0.40374112284605734,0.24156738608383324,0.06170494805762977,0.06446285391616677,-0.09771088284605733,0.04060605391616676,0.0005855483000690757
2024-08-20 00:00:00+00:00,0.5367999999999999,0.017140852418974308,0.40655917665048225,0.2458942199433182,0.04092277734975741,0.04226002005668175,-0.1184049366504823,0.02025859005668182,0.0006020585600861023
2024-08-21 00:00:00+00:00,0.5406,-0.007651611984990106,0.40464983437743723,0.24931975694288566,0.041280706418342306,0.04292860305711432,-0.11240147437743725,0.020560493057114437,0.0008277907171361786
2024-08-22 00:00:00+00:00,0.5468,0.03619867783565238,0.41953818589571223,0.2335251318264718,0.06355561893957645,0.06546510817352816,-0.12054794589571227,0.017977118173528123,-0.0004370978679169308
2024-08-23 00:00:00+00:00,0.5399,-0.012522686909421838,0.41454951882314567,0.23167421294940765,0.05857452493202936,0.05981779705059237,-0.12305750882314564,0.028833947050592335,0.0007019637490982755
2024-08-24 00:00:00+00:00,0.5543,0.05932437981166308,0.45645948584953033,0.18904231137551045,0.11951003763252488,0.1182061786244896,-0.1492109958495303,0.07238537862448954,-0.0026712815898101475
2024-08-25 00:00:00+00:00,0.5514,0.0017774179115739746,0.4559660387599106,0.1891635874304526,0.11647059488871919,0.11487837256954739,-0.1519240787599106,0.06535666256954745,0.0008385828138781183
2024-08-26 00:00:00+00:00,0.542,0.0016809604107558857,0.44397890555959374,0.1917451909588207,0.10411281023667673,0.10201880904117933,-0.15021490555959371,0.07368584904117931,0.0008317925967550056
2024-08-27 00:00:00+00:00,0.5158,-0.023078128816109426,0.45045886204953656,0.1889543203977568,0.0811112373228901,0.07709531960224322,-0.18440922204953653,0.0585519296022432,0.00029585956486760754
2024-08-28 00:00:00+00:00,0.5268999999999999,-0.05611609309443939,0.4884265948859471,0.16279335627841796,0.12342341297366705,0.11483025372158195,-0.21080298488594718,0.11157308372158209,-0.0023239253069235145
2024-08-29 00:00:00+00:00,0.5291,-0.006959369991371399,0.4829060327547943,0.16308394549327862,0.12526346686650724,0.11686286450672137,-0.20295922275479433,0.10638086450672138,0.00077669624694877
2024-08-30 00:00:00+00:00,0.5297999999999999,0.006033124335342154,0.4824429487916067,0.1626599801158311,0.12648873048744202,0.11802805988416881,-0.2017549087916068,0.11401601988416893,0.0007898581157771333
2024-08-31 00:00:00+00:00,0.5196000000000001,-0.004390267427863072,0.4757564982263346,0.1625380147844267,0.11643996380540561,0.10744614521557339,-0.2057723382263345,0.1292780252155733,0.0008092150971173241
2024-09-01 00:00:00+00:00,0.5047999999999999,-0.0020497538155904525,0.4743203433568395,0.17766981063591422,0.0832910313695398,0.07715322936408567,-0.2194973033568396,0.1162025993640858,0.0008272581796151072
2024-09-02 00:00:00+00:00,0.5436,-0.028902254322384534,0.43934715175158406,0.18789198209269817,0.11013491248694757,0.10760897790730181,-0.14384619175158408,0.13291697790730186,-3.266988020818296e-06
2024-09-03 00:00:00+00:00,0.5292,0.03129040616495972,0.44912793809041784,0.1760950257542618,0.10956322163773369,0.10395761424573821,-0.16907529809041782,0.1414372242457382,-0.00014415730061655076
2024-09-04 00:00:00+00:00,0.5529,-0.02878007588897896,0.4370415085288672,0.1660574103280062,0.14539857628714198,0.13964099967199373,-0.13134309852886727,0.1639928396719938,8.040580683059536e-06
2024-09-05 00:00:00+00:00,0.5573,0.00944424989614194,0.3697215268436219,0.1704079874273721,0.14449497649935017,0.14017530257262792,-0.059138236843621905,0.13795010257262794,0.000746284763990547
2024-09-06 00:00:00+00:00,0.5679,-0.031911170202293525,0.3656727686017663,0.15801877572915687,0.17038424467807955,0.1644916342708431,-0.043162358601766315,0.14900803427084305,-0.00019081908139664122
2024-09-07 00:00:00+00:00,0.5946,-0.04009219091182573,0.3820710329149002,0.14022666333575357,0.22013149219760342,0.21332249666424646,-0.02852187291490016,0.18661422666424643,-0.0007850131063568573
2024-09-08 00:00:00+00:00,0.5884,0.003847866224629363,0.22939066953965484,0.1411445920379582,0.2127078493793646,0.20506996796204185,0.11682389046034522,0.17921140796204188,0.0008060040177547995
2024-09-09 00:00:00+00:00,0.5932,0.012458991058774968,0.2291238194551518,0.13926324788178943,0.22002008644383142,0.21262299211821054,0.12276242054484815,0.1702064421182106,0.0006677276477334384
2024-09-10 00:00:00+00:00,0.5882000000000001,0.03893031053677514,0.2475270492249065,0.12876009780029354,0.22936842697402798,0.21721914219970653,0.09845219077509357,0.1860731121997065,-0.0006881249086267319
2024-09-11 00:00:00+00:00,0.5718,0.010485732846250567,0.2323648351954324,0.12775057726752578,0.2143778724427854,0.1992046627324742,0.09459040480456757,0.17441951273247416,0.0007201634760834546
2024-09-12 00:00:00+00:00,0.5484,-0.005901057204132136,0.23148934454618295,0.14302056216584041,0.17021940535527152,0.15772199783415958,0.06925321545381705,0.1877194478341595,0.0007953646553804095
2024-09-13 00:00:00+00:00,0.5396,0.01478247854486697,0.22908397461377497,0.14176978691964406,0.16307671131835139,0.1493983730803559,0.06208418538622498,0.18130877308035595,0.0006089574705363011
2024-09-14 00:00:00+00:00,0.5251,0.03979550925374674,0.23689714524091135,0.12283734703076729,0.17461840700149844,0.15289266296923273,0.038832864759088676,0.20366061296923274,-0.0007592007184088781
2024-09-15 00:00:00+00:00,0.5247999999999999,-0.008383391977991999,0.23273159846799213,0.15252173545675415,0.1342596877955437,0.12289330454324579,0.042683441532007815,0.18214051454324584,0.0007514435362036133
2024-09-16 00:00:00+00:00,0.5321,-0.01440661617972417,0.22899027215723292,0.15263887115677177,0.14140975036895054,0.13049153884322823,0.05414013784276708,0.18550337884322826,0.0006110540321679179
2024-09-17 00:00:00+00:00,0.5329,-0.015475647165108424,0.23066135980560298,0.15058449089330805,0.14484782452187178,0.13339791910669196,0.053321050194397035,0.17935086910669196,0.0005791963612594278
2024-09-18 00:00:00+00:00,0.5312,0.0348212019529419,0.24156738608383324,0.13594878343013306,0.1624876684593624,0.14622465656986694,0.04060605391616676,0.18214721656986688,-0.00039423449996811295
2024-09-19 00:00:00+00:00,0.5159,0.02548409311473922,0.2458942199433182,0.1308660989797161,0.1541458030931554,0.13528671102028392,0.02025859005668182,0.17361714102028383,0.000166663900402406
2024-09-20 00:00:00+00:00,0.5195000000000001,0.018441750248679282,0.24931975694288566,0.12674209080726603,0.16349144559819073,0.14313815919273407,0.020560493057114437,0.17246690919273402,0.0004739954870347439
2024-09-21 00:00:00+00:00,0.5015,0.003486532850369825,0.2335251318264718,0.12787798971890732,0.14389967880480398,0.12362426028109261,0.017977118173528123,0.19315757028109268,0.0007998949781810091
2024-09-22 00:00:00+00:00,0.5104,0.002165033202653791,0.23167421294940765,0.1353920701193339,0.142443385547516,0.12511608988066608,0.028833947050592335,0.17474553988066605,0.0008030267179893976
2024-09-23 00:00:00+00:00,0.5113,0.00392302559960164,0.18904231137551045,0.13521024644163873,0.1435905407231971,0.12621744355836126,0.07238537862448954,0.17581904355836134,0.0007894943815603953
2024-09-24 00:00:00+00:00,0.5045000000000001,-0.003623135294070213,0.1891635874304526,0.13635665094639995,0.1352349854827838,0.1181635990536001,0.06535666256954745,0.18049975905360002,0.0007875728541111824
2024-09-25 00:00:00+00:00,0.5152,0.01466329496652258,0.1917451909588207,0.13951724799152437,0.14167992290704856,0.12591379200847563,0.07368584904117931,0.18881175200847555,0.0005811652136014659
2024-09-26 00:00:00+00:00,0.4975,-0.01741302409679709,0.1889543203977568,0.14186184803782975,0.12085447959941198,0.10564440196217026,0.0585519296022432,0.1954667919621702,0.0004903765397495695
2024-09-27 00:00:00+00:00,0.5238,0.031603792101534786,0.16279335627841796,0.13009019068347533,0.16311982216446202,0.14427624931652472,0.11157308372158209,0.17638276931652463,-0.00020690318752579972
2024-09-28 00:00:00+00:00,0.5191,0.008503932956805349,0.16308394549327862,0.13160188882849702,0.15633025370285214,0.13786292117150298,0.10638086450672138,0.19535335117150296,0.0007192821534899042
2024-09-29 00:00:00+00:00,0.526,0.0012458410277601927,0.1626599801158311,0.14152036051418135,0.14980808021146796,0.13515563948581868,0.11401601988416893,0.19233247948581864,0.0007890896490833211
2024-09-30 00:00:00+00:00,0.5402,-0.003041364874771614,0.1625380147844267,0.16040389823549148,0.1396954454247849,0.13141214176450852,0.1292780252155733,0.19755899176450845,0.0007810254723012452
2024-10-01 00:00:00+00:00,0.5421,-0.03532578008723931,0.17766981063591422,0.1456108316144358,0.160510126425719,0.14826157838556422,0.1162025993640858,0.20378837838556416,-0.00045564158717381956
2024-10-02 00:00:00+00:00,0.5664,-0.040933101285094975,0.18789198209269817,0.1351538068682041,0.19876729352762412,0.18565515313179592,0.13291697790730186,0.2039194831317958,-0.0008796834767062547
2024-10-03 00:00:00+00:00,0.5635,-0.0030784197624195582,0.1760950257542618,0.13676410649200343,0.19368368547074155,0.18076814350799658,0.1414372242457382,0.22048118350799656,0.000788669868752646
2024-10-04 00:00:00+00:00,0.5745,0.001811982639510104,0.1660574103280062,0.13679536255011687,0.20464142898924614,0.19325488744988312,0.1639928396719938,0.22633139744988318,0.0007982860513342055
2024-10-05 00:00:00+00:00,0.5553,0.021137065442031287,0.1704079874273721,0.13226567253255872,0.19161652150178898,0.1760924174674413,0.13795010257262794,0.2582343374674413,0.0003570177092481453
2024-10-06 00:00:00+00:00,0.5540999999999999,0.00017723211814601696,0.15801877572915687,0.13426972389528666,0.187671666085595,0.17275708610471327,0.14900803427084305,0.2878403661047133,0.0008035586189132839
2024-10-07 00:00:00+00:00,0.5717,0.012042357323744706,0.14022666333575357,0.1384860804558466,0.19956282037957213,0.1883548095441534,0.18661422666424643,0.2674103295441534,0.0006571576328269782
2024-10-08 00:00:00+00:00,0.5660000000000001,-0.009500119430006837,0.1411445920379582,0.2272469261706139,0.08929576656944421,0.09310907382938619,0.17921140796204188,0.0860171638293861,0.0007094846221398076
2024-10-09 00:00:00+00:00,0.5563,-0.0007716421892408124,0.13926324788178943,0.22741175941414882,0.07942290953103148,0.0820579305858512,0.1702064421182106,0.05934849058585118,0.0007967799473272174
2024-10-10 00:00:00+00:00,0.5611,-0.025540095321899797,0.12876009780029354,0.2202699085777421,0.09177078870185157,0.09456330142225794,0.1860731121997065,0.028232341422257917,0.00014120525240945948
2024-10-11 00:00:00+00:00,0.5497,-0.005193871673276644,0.12775057726752578,0.22004559555288025,0.08060982151309087,0.0821244944471197,0.17441951273247416,0.03538356444711968,0.0007636810322013519
2024-10-12 00:00:00+00:00,0.5751,0.03591503484674225,0.14302056216584041,0.2312126689000463,0.09425421505430004,0.09952734109995362,0.1877194478341595,0.05266317109995375,-0.0005014958769011576
2024-10-13 00:00:00+00:00,0.5684,0.010757240679495933,0.14176978691964406,0.34756383612790653,-0.021145448738183803,-0.02448527612790652,0.18130877308035595,0.030907203872093558,0.0006754151172556354
2024-10-14 00:00:00+00:00,0.5714,-0.005252771363228165,0.12283734703076729,0.3480713742112405,-0.018575740358229065,-0.021573414211240483,0.20366061296923274,-0.015257764211240532,0.0007664559290787097
2024-10-15 00:00:00+00:00,0.5785,0.05010083840015099,0.15252173545675415,0.3263328019737928,0.007244538779896836,0.00832944802620722,0.18214051454324584,0.016360358026207278,-0.001711410129859231
2024-10-16 00:00:00+00:00,0.5815,0.014736966496947815,0.15263887115677177,0.33831662121545436,-0.00014991293341937162,-0.00017437121545432754,0.18550337884322826,0.015232538784545668,0.0005869164011162394
2024-10-17 00:00:00+00:00,0.5744,0.00840490825883569,0.15058449089330805,0.3589396050266218,-0.024715685845915547,-0.0290042450266218,0.17935086910669196,-0.042083195026621834,0.0007384760121377246
2024-10-18 00:00:00+00:00,0.564,-0.0030953586965933796,0.13594878343013306,0.3591783182323993,-0.035314874029002685,-0.041082318232399384,0.18214721656986688,-0.036099758232399304,0.0008037338659549487
2024-10-19 00:00:00+00:00,0.5518,0.015221173264405762,0.1308660989797161,0.3570315930342233,-0.045721207183664236,-0.052548353034223394,0.17361714102028383,-0.02950430303422341,0.0005849115949572225
2024-10-20 00:00:00+00:00,0.547,-0.0010670409630605194,0.12674209080726603,0.3575645236671135,-0.05096699212173361,-0.05835552366711344,0.17246690919273402,-0.017675523667113557,0.0008189576299758451
2024-10-21 00:00:00+00:00,0.5666,0.01027216947378608,0.12787798971890732,0.36107793459620363,-0.0342976074142779,-0.040042374596203634,0.19315757028109268,-0.0217716845962036,0.0007172571653520458
2024-10-22 00:00:00+00:00,0.5569,-0.0249456011777372,0.1353920701193339,0.3589473608703304,-0.042222158553938405,-0.04880975087033046,0.17474553988066605,0.0032158791296695854,0.0002068416869041073
2024-10-23 00:00:00+00:00,0.5577000000000001,0.0006676211423952248,0.13521024644163873,0.3808458522496262,-0.05942709570203286,-0.06981656224962612,0.17581904355836134,-0.005199442249626207,0.0008332113568960717
2024-10-24 00:00:00+00:00,0.5629,-0.010361087643087082,0.13635665094639995,0.3799216273530423,-0.05347782840806525,-0.06306521735304232,0.18049975905360002,-0.010500787353042274,0.0007308347642221311
2024-10-25 00:00:00+00:00,0.573,0.021789614931763117,0.13951724799152437,0.3760318840052839,-0.04021438665876387,-0.047702884005283996,0.18881175200847555,-0.005272674005283917,0.00036909238249534877
2024-10-26 00:00:00+00:00,0.5808,-0.022269267193076318,0.14186184803782975,0.37009842762764716,-0.027557154661344674,-0.03276978762764721,0.1954667919621702,0.04065438237235286,0.00035370354598931086
2024-10-27 00:00:00+00:00,0.5536,0.005591618193082926,0.13009019068347533,0.40221425341329203,-0.0806036371807497,-0.09574129341329207,0.17638276931652463,-0.034372003413291996,0.0008265605712795877
2024-10-28 00:00:00+00:00,0.5718,0.014020201080525312,0.13160188882849702,0.40145457409119634,-0.061804430296376944,-0.07449933409119636,0.19535335117150296,-0.026543284091196384,0.0006641928292415454
2024-10-29 00:00:00+00:00,0.5778,0.02857917022491407,0.14152036051418135,0.4125079374494589,-0.06446780819955389,-0.07865509744945892,0.19233247948581864,-0.055740647449459,4.9240164415202355e-05
2024-10-30 00:00:00+00:00,0.5982999999999999,0.039513560885268646,0.16040389823549148,0.3935697345769881,-0.029051364529470103,-0.03560684457698815,0.19755899176450845,-0.062369484576988043,-0.0006900907294502708
2024-10-31 00:00:00+00:00,0.5911,-0.005660587369713224,0.1456108316144358,0.3974538668598461,-0.039339423624384584,-0.04805465685984617,0.20378837838556416,-0.0826206568598461,0.0008452293232325827
2024-11-01 00:00:00+00:00,0.5822999999999999,-0.028566366496707286,0.1351538068682041,0.3889481070124848,-0.0413570427827179,-0.04987481701248486,0.2039194831317958,-0.08457521701248483,6.630521841780859e-05
2024-11-02 00:00:00+00:00,0.5977,-0.011909242711884966,0.13676410649200343,0.3880315503779394,-0.02522178512068385,-0.03078626037793941,0.22048118350799656,-0.06084755037793932,0.0007421804266138897
2024-11-03 00:00:00+00:00,0.6026,-0.002419146990925386,0.13679536255011687,0.3903473324041027,-0.022177826434407577,-0.02722057240410264,0.22633139744988318,-0.07741897240410267,0.0008817849780646071
2024-11-04 00:00:00+00:00,0.6249,-0.00862973037738397,0.13226567253255872,0.3894413181964949,0.0008476638962923166,0.0010586918035050963,0.2582343374674413,-0.07021631819649499,0.0008161856896867156
2024-11-05 00:00:00+00:00,0.6496999999999999,-0.012835418247369399,0.13426972389528666,0.39719122865569967,0.019468908529815754,0.02491886134430027,0.2878403661047133,-0.07035033865569967,0.0007334115196936354
2024-11-06 00:00:00+00:00,0.6371,0.02217133789840715,0.1384860804558466,0.3943639016159016,0.009116002102042664,0.011532508384098361,0.2674103295441534,-0.0227517416159016,0.00041710114565766834
2024-11-07 00:00:00+00:00,0.5597,0.08593988739660187,0.2272469261706139,0.3138237137446278,-0.0004997088044832454,-0.000559623744627813,0.0860171638293861,0.027699646255372246,-0.0064697751936858144
2024-11-08 00:00:00+00:00,0.5355,0.0037607671415557935,0.22741175941414882,0.31366151537190223,-0.024554921745985836,-0.02690126537190224,0.05934849058585118,0.013522484628097853,0.00090109801954809
2024-11-09 00:00:00+00:00,0.4985,0.008080534044415416,0.2202699085777421,0.31489378338965685,-0.06265397476063278,-0.06639153338965684,0.028232341422257917,0.023248466610343188,0.000847872437136952
2024-11-10 00:00:00+00:00,0.5054,0.0029222621346345814,0.22004559555288025,0.3324993174193334,-0.0712275378607351,-0.07707015741933348,0.03538356444711968,0.024387442580666607,0.0008985702296785813
2024-11-11 00:00:00+00:00,0.5328,0.046986502030000724,0.2312126689000463,0.30638469630348997,-0.020720276325528975,-0.02250885630348992,0.05266317109995375,0.04384254369651003,-0.0013048901054353533
2024-11-12 00:00:00+00:00,0.6152000000000001,0.09838103405739947,0.34756383612790653,0.21373567246744435,0.15288444492160524,0.16473536753255574,0.030907203872093558,0.14554468753255556,-0.008780266427499997
2024-11-13 00:00:00+00:00,0.5769,-0.008325086540001624,0.3480713742112405,0.21429926117737735,0.11397531802962008,0.11851434882262263,-0.015257764211240532,0.14738269882262273,0.0008343130427772828
2024-11-14 00:00:00+00:00,0.5854,0.026895390751508163,0.3263328019737928,0.2078595776039146,0.12948380418774924,0.13483358239608545,0.016360358026207278,0.14024042239608536,0.00018083483668898583
2024-11-15 00:00:00+00:00,0.5946,-0.0346720294481344,0.33831662121545436,0.1932335939070277,0.15501656775189115,0.16031556609297232,0.015232538784545668,0.14409504609297225,-0.00029721932924864575
2024-11-16 00:00:00+00:00,0.5629,0.04202002199119932,0.3589396050266218,0.1830877444196401,0.13501246288348134,0.13376866558035988,-0.042083195026621834,0.18475450558035994,-0.0008593449275929293
2024-11-17 00:00:00+00:00,0.5684,-0.005403842054421602,0.3591783182323993,0.1852759258220601,0.13796309890756336,0.13780263417793992,-0.036099758232399304,0.15741723417793996,0.0008759413869412753
2024-11-18 00:00:00+00:00,0.5722999999999999,-0.007432425483763004,0.3570315930342233,0.18460407051483152,0.14264424184606628,0.1429232194851684,-0.02950430303422341,0.16953993948516843,0.0008503569756292235
2024-11-19 00:00:00+00:00,0.583,0.006703811914772905,0.3575645236671135,0.22360745912735527,0.11012849617749715,0.11628154087264467,-0.017675523667113557,0.14229655087264473,0.0008627613094643168
2024-11-20 00:00:00+00:00,0.5825,0.019856761234382757,0.36107793459620363,0.22883292113830758,0.10413515896513931,0.11047332886169245,-0.0217716845962036,0.1263830788616924,0.0005171265054268328
2024-11-21 00:00:00+00:00,0.6018,0.021146332292310496,0.3589473608703304,0.22363604136326382,0.12889827515300412,0.13852719863673618,0.0032158791296695854,0.12293164863673617,0.00046591865889368864
2024-11-22 00:00:00+00:00,0.6129,0.04243019822917999,0.3808458522496262,0.2021199437114528,0.1633224830894534,0.17352646628854718,-0.005199442249626207,0.13277374628854716,-0.0008824844943702483
2024-11-23 00:00:00+00:00,0.6078,0.005602539336546744,0.3799216273530423,0.20768512901151429,0.15207516085743772,0.16173571098848574,-0.010500787353042274,0.16967936098848566,0.0008923498872290218
2024-11-24 00:00:00+00:00,0.6089,-0.012453207867133631,0.3760318840052839,0.20590538757957655,0.15513201128817322,0.16485382242042346,-0.005272674005283917,0.15661902242042341,0.0007734563526307465
2024-11-25 00:00:00+00:00,0.6409,0.002870351060322388,0.37009842762764716,0.2236379233500781,0.1679962853285269,0.18711488664992193,0.04065438237235286,0.14639096664992185,0.0009241747286261226
2024-11-26 00:00:00+00:00,0.6065,-0.05168097433200968,0.40221425341329203,0.19199230144958598,0.1683307388125156,0.17584994855041405,-0.034372003413291996,0.17682098855041398,-0.001731804060417259
2024-11-27 00:00:00+00:00,0.6123,-0.011581305712298894,0.40145457409119634,0.20653100245359604,0.15784317866974856,0.1683802875464039,-0.026543284091196384,0.17378788754640398,0.0008105969068567206
2024-11-28 00:00:00+00:00,0.5972999999999999,0.041536304472496635,0.4125079374494589,0.18873013527756002,0.1628691824035039,0.16803715472243988,-0.055740647449459,0.17862707472243997,-0.000776161492428291
2024-11-29 00:00:00+00:00,0.5755,-0.002181025946360226,0.3935697345769881,0.19010684066262443,0.13948756822468422,0.1410934093373756,-0.062369484576988043,0.17507164933737548,0.0009464388664605729
2024-11-30 00:00:00+00:00,0.5611,0.018742625180218644,0.3974538668598461,0.18943513036489448,0.12585853786100015,0.12539807963510555,-0.0826206568598461,0.17634790963510552,0.0005974656652807745
2024-12-01 00:00:00+00:00,0.5517,-0.010813590787800538,0.3889481070124848,0.18919069433087324,0.11673943359095956,0.11518219566912671,-0.08457521701248483,0.18327539566912684,0.0008286612058721688
2024-12-02 00:00:00+00:00,0.5720000000000001,0.00815454719485753,0.3880315503779394,0.18926426771512495,0.13695486703662013,0.13791973228487514,-0.06084755037793932,0.17109582228487513,0.0008759293253436448
2024-12-03 00:00:00+00:00,0.5594,-0.01400680266475734,0.3903473324041027,0.18830592807589025,0.12545769038282262,0.12462243192410977,-0.07741897240410267,0.1850150719241097,0.000743490121119679
2024-12-04 00:00:00+00:00,0.565,7.297405775484469e-05,0.3894413181964949,0.19562540466975217,0.1227043922106481,0.12359959533024775,-0.07021631819649499,0.16257684533024788,0.0009350909880289041
2024-12-05 00:00:00+00:00,0.5717,0.028314782419035844,0.39719122865569967,0.18756438357838318,0.13861296073608576,0.13927650642161682,-0.07035033865569967,0.15747437642161688,0.00012686027647133456
2024-12-06 00:00:00+00:00,0.6096,-0.016099229169074747,0.3943639016159016,0.18443036227581688,0.18014643757931537,0.18718179772418314,-0.0227517416159016,0.17401132772418315,0.0006607016165086448
2024-12-07 00:00:00+00:00,0.5844,0.027675309878460026,0.3138237137446278,0.17512886291579755,0.16591599443252608,0.1663944970842025,0.027699646255372246,0.17949138708420237,0.00015083303774308487
2024-12-08 00:00:00+00:00,0.5720000000000001,0.0009011084242615762,0.31366151537190223,0.19318451113726087,0.13247240002786992,0.1339994888627392,0.013522484628097853,0.1530300488627392,0.0009185245734707384
2024-12-09 00:00:00+00:00,0.5815,0.012906484156117124,0.31489378338965685,0.2247779453398028,0.10739247491755333,0.11336430466019723,0.023248466610343188,0.11861805466019718,0.0007564509032575782
2024-12-10 00:00:00+00:00,0.5974,-0.03815193062223079,0.3324993174193334,0.21168297737035366,0.13730981604651288,0.14520378262964637,0.024387442580666607,0.13019111262964636,-0.000524355272303968
2024-12-11 00:00:00+00:00,0.5918,-0.007830974269810453,0.30638469630348997,0.22028525107837152,0.12245444384934084,0.12994198892162848,0.04384254369651003,0.13338283892162847,0.0008791559141316854
2024-12-12 00:00:00+00:00,0.5993999999999999,0.04542950144681633,0.21373567246744435,0.20206782878985574,0.14988044671020617,0.15721253121014417,0.14554468753255556,0.1250017812101442,-0.0011173000409756936
2024-12-13 00:00:00+00:00,0.6014,-0.010753112368939357,0.21429926117737735,0.20068953065161482,0.1534161491173875,0.16099242934838526,0.14738269882262273,0.14176950934838523,0.0008291575615955752
2024-12-14 00:00:00+00:00,0.59,0.013931007962231514,0.2078595776039146,0.19833184568936707,0.14465536301717175,0.1497681543106329,0.14024042239608536,0.15652664431063296,0.0007533503833662879
2024-12-15 00:00:00+00:00,0.5808,0.0001182359202102111,0.1932335939070277,0.1983367406828928,0.13544986731461184,0.13899189931710715,0.14409504609297225,0.17681950931710727,0.0009479031618196835
2024-12-16 00:00:00+00:00,0.6065,0.030525019423766866,0.1830877444196401,0.19240424818011048,0.1678609135290034,0.17543800181988956,0.18475450558035994,0.17811144181988953,1.4659004703769583e-05
2024-12-17 00:00:00+00:00,0.5854,0.01445863185697168,0.1852759258220601,0.20959749463458105,0.12758181050270512,0.133095665365419,0.15741723417793996,0.1653137953654189,0.0007420400214455682
2024-12-18 00:00:00+00:00,0.5951,-0.00014129549149594377,0.18460407051483152,0.20983581611536842,0.13702160483671744,0.14430819388463154,0.16953993948516843,0.18153954388463164,0.0009528633798763204
2024-12-19 00:00:00+00:00,0.6049,-0.057014902107618226,0.22360745912735527,0.1893801848393106,0.16972166317782933,0.1765238251606894,0.14229655087264473,0.20991742516068942,-0.0022953849673641204
2024-12-20 00:00:00+00:00,0.596,-0.02870158523525724,0.22883292113830758,0.179661969724596,0.17213449099437683,0.17555403027540398,0.1263830788616924,0.2433581902754041,0.00013390889996043275
2024-12-21 00:00:00+00:00,0.5887,0.0044751051371514335,0.22363604136326382,0.19151400399553348,0.15107686990341396,0.1550536860044665,0.12293164863673617,0.24435003600446653,0.0009391162741940893
2024-12-22 00:00:00+00:00,0.5787,-0.005645824955387437,0.2021199437114528,0.19215190570843632,0.140348650385976,0.14274178429156364,0.13277374628854716,0.20563058429156372,0.0009258432496142203
2024-12-23 00:00:00+00:00,0.6143,-0.022108842969128083,0.20768512901151429,0.20372822872807614,0.16293736449715274,0.1736362612719238,0.16967936098848566,0.17968041127192383,0.0004651959420184904
2024-12-24 00:00:00+00:00,0.6021,-0.0029668617238640493,0.20590538757957655,0.21073759686065296,0.14303835178632818,0.151786813139347,0.15661902242042341,0.16185056313934698,0.0009459200584521096
2024-12-25 00:00:00+00:00,0.6083,0.038284560970127016,0.2236379233500781,0.19294643715921136,0.1690433129032508,0.17708245284078858,0.14639096664992185,0.16801420284078863,-0.0005117373182644139
2024-12-26 00:00:00+00:00,0.6073,0.00836140470778165,0.19199230144958598,0.19306176819304718,0.16791205274490378,0.17575152180695278,0.17682098855041398,0.1360699218069528,0.0008803381222715909
2024-12-27 00:00:00+00:00,0.6167,-0.03645666425166626,0.20653100245359604,0.17689725883866847,0.19610844178862974,0.20342163116133155,0.17378788754640398,0.14857299116133155,-0.0003787484779477616
2024-12-28 00:00:00+00:00,0.6061,-0.016191961458054453,0.18873013527756002,0.17906720032439224,0.18293667417367998,0.18829000967560774,0.17862707472243997,0.14287555967560775,0.0006886541193006964
2024-12-29 00:00:00+00:00,0.6043,0.010858671255925583,0.19010684066262443,0.17787940455616624,0.18254248132823253,0.18729908544383367,0.17507164933737548,0.1708108454438338,0.000833890109697288
2024-12-30 00:00:00+00:00,0.6048,-0.01720688621102954,0.18943513036489448,0.17506201548746475,0.1863958706137513,0.19072102451253525,0.17634790963510552,0.14078198451253532,0.0006588269536786724
2024-12-31 00:00:00+00:00,0.6103000000000001,-0.00984088983744628,0.18919069433087324,0.1804436976669526,0.18551335041346634,0.1920223923330475,0.18327539566912684,0.1348385523330474,0.000862713726476653
2025-01-01 00:00:00+00:00,0.6003000000000001,0.008517262906937986,0.18926426771512495,0.18059436229422707,0.1753360458883283,0.179765727705773,0.17109582228487513,0.11795859770577291,0.0008932316289211303
2025-01-02 00:00:00+00:00,0.611,0.010836183798206734,0.18830592807589025,0.18441825427714706,0.181560534793148,0.1889027457228529,0.1850150719241097,0.09988398572285292,0.0008513822969471896
2025-01-03 00:00:00+00:00,0.5985,0.02452766073532005,0.19562540466975217,0.18129944465483325,0.17270727500950273,0.1769028053451668,0.16257684533024788,0.10782184534516684,0.0003727143446977879
2025-01-04 00:00:00+00:00,0.5874,0.011797339729561263,0.18756438357838318,0.18970247498880682,0.15185152395076984,0.15533628501119323,0.15747437642161688,0.13565368501119318,0.0008387028273601099
2025-01-05 00:00:00+00:00,0.5987,0.0012626907169368542,0.18443036227581688,0.20569114580041561,0.145168142463602,0.15275054419958442,0.17401132772418315,0.11852521419958442,0.000977947570144229
2025-01-06 00:00:00+00:00,0.5954999999999999,0.0011899496438370263,0.17512886291579755,0.2212516313426663,0.1251260728498375,0.13336861865733363,0.17949138708420237,0.07067245865733374,0.000976923195187598
2025-01-07 00:00:00+00:00,0.5884,0.0385335941434022,0.19318451113726087,0.2049211213666585,0.13571785835239925,0.14129343863334157,0.1530300488627392,0.09243096863334152,-0.0005053026392522755
2025-01-08 00:00:00+00:00,0.586,-0.05256708050347772,0.2247779453398028,0.17130584653204436,0.17210889532143314,0.17209015346795561,0.11861805466019718,0.11932296346795554,-0.0017820247636180116
2025-01-09 00:00:00+00:00,0.5847,-0.019474883131575325,0.21168297737035366,0.16669932361683398,0.1764117150629546,0.17517476638316604,0.13019111262964636,0.12673956638316608,0.0006024819105731269
2025-01-10 00:00:00+00:00,0.5947,-0.0277193137215549,0.22028525107837152,0.15736106542633632,0.19801238306907498,0.19630702457366367,0.13338283892162847,0.1287569445736637,0.00021202161027633777
2025-01-11 00:00:00+00:00,0.5719,0.023801622252028896,0.20206782878985574,0.1504736304636281,0.18399069299174048,0.17659597953637185,0.1250017812101442,0.14339877953637192,0.0004141789745187547
2025-01-12 00:00:00+00:00,0.5852,-0.001531224063774401,0.20068953065161482,0.15162059545179515,0.19581510628711452,0.1908384445482049,0.14176950934838523,0.12295540454820489,0.0009754099282089841
2025-01-13 00:00:00+00:00,0.5957,-0.0005391263113221177,0.19833184568936707,0.15515769206296232,0.2017993880901398,0.1997007979370377,0.15652664431063296,0.1389315979370377,0.0009757084003546866
2025-01-14 00:00:00+00:00,0.6125,-0.0006452193176142518,0.1983367406828928,0.161180972298583,0.21102649863461354,0.21397527770141708,0.17681950931710727,0.10394103770141702,0.0009761999632650541
2025-01-15 00:00:00+00:00,0.6087,0.021075452244376285,0.19240424818011048,0.15783635315089667,0.21141376420659042,0.21267933684910334,0.17811144181988953,0.11007340684910327,0.0005358961601835994
2025-01-16 00:00:00+00:00,0.6123,0.04027648916400855,0.20959749463458105,0.1389803134688467,0.23949936498331076,0.23593097653115325,0.1653137953654189,0.1272756865311533,-0.0006418805821182239
2025-01-17 00:00:00+00:00,0.6256,-0.004428095677596486,0.20983581611536842,0.1387460519760419,0.2531136888742865,0.25262930802395817,0.18153954388463164,0.11739115802395811,0.0009636492609074943
2025-01-18 00:00:00+00:00,0.6319,0.039615833954690094,0.1893801848393106,0.12242158349259101,0.28201204151530024,0.276876026507409,0.20991742516068942,0.13604897650740905,-0.0005827568844004626
2025-01-19 00:00:00+00:00,0.6504000000000001,0.00500235827663969,0.179661969724596,0.12225590389514306,0.30074888260561355,0.300764256104857,0.2433581902754041,0.14534338610485692,0.000964683471032865
2025-01-20 00:00:00+00:00,0.6602,-0.03153040388385961,0.19151400399553348,0.11016653277321663,0.3282865583119349,0.32569750722678337,0.24435003600446653,0.15701907722678338,1.7328510120149295e-06
2025-01-21 00:00:00+00:00,0.6307,0.009181809037423709,0.19215190570843632,0.11035788089474483,0.2984984333349031,0.28742460910525525,0.20563058429156372,0.13121436910525516,0.0009197485206998275
2025-01-22 00:00:00+00:00,0.6192,0.0379510150297396,0.20372822872807614,0.09613371096639137,0.30914563224106745,0.28727492903360863,0.17968041127192383,0.14455464903360868,-0.00043048213448158477
2025-01-23 00:00:00+00:00,0.6103999999999999,-0.024185010186919875,0.21073759686065296,0.09401159126975975,0.3037869029709269,0.27857656873024017,0.16185056313934698,0.1432548187302403,0.0004254346667334676
2025-01-24 00:00:00+00:00,0.6008,0.001849462064154742,0.19294643715921136,0.09403565093843379,0.29414767090655614,0.2669249890615662,0.16801420284078863,0.14216034906156622,0.001007847938475079
2025-01-25 00:00:00+00:00,0.5737,0.008910238590650186,0.19306176819304718,0.09314574688337056,0.26850211848151606,0.2359859431166294,0.1360699218069528,0.1417883431166294,0.0009310479459745832
2025-01-26 00:00:00+00:00,0.5705,-0.0007060866871601267,0.17689725883866847,0.12379892802933017,0.21864928161316743,0.20167132197066984,0.14857299116133155,0.09775956197066983,0.0010063178488961511
2025-01-27 00:00:00+00:00,0.5674,-0.020988829668424087,0.17906720032439224,0.1308818197907124,0.2056240751643189,0.1910609402092876,0.14287555967560775,0.10521699020928765,0.000561276428236639
2025-01-28 00:00:00+00:00,0.5905,-0.00450374199982978,0.17787940455616624,0.16222702456167604,0.1877258392576852,0.186463225438324,0.1708108454438338,0.10094197543832395,0.000977376268729563
2025-01-29 00:00:00+00:00,0.562,-0.008031855841244691,0.17506201548746475,0.16178867881541795,0.1597703655678539,0.15405532118458212,0.14078198451253532,0.10529356118458208,0.0009316434771335915
2025-01-30 00:00:00+00:00,0.5615,0.023220102388715653,0.1804436976669526,0.15554514499277705,0.16710787914465502,0.15973710500722293,0.1348385523330474,0.1021126150072229,0.00045242038752331523
2025-01-31 00:00:00+00:00,0.5464,0.009215593385586243,0.18059436229422707,0.1595785973293234,0.14692710063219133,0.1389743626706766,0.11795859770577291,0.10947109267067656,0.000901444112524142
2025-02-01 00:00:00+00:00,0.5332,-0.020777761454386028,0.18441825427714706,0.2542374340932128,0.028980371174214592,0.030064805906787173,0.09988398572285292,0.05345465590678716,0.000549011416159242
2025-02-02 00:00:00+00:00,0.5377000000000001,-0.018581324609522717,0.18129944465483325,0.34649566501845996,-0.050938823913662556,-0.05737437501845988,0.10782184534516684,0.007291374981540033,0.0006273315958468695
2025-02-03 00:00:00+00:00,0.5704,-0.028806895913037315,0.18970247498880682,0.3382554837667661,-0.011197355364315653,-0.012899323766766113,0.13565368501119318,0.0470130062332339,0.00013645120447643882
2025-02-04 00:00:00+00:00,0.5694,0.03627301634587593,0.20569114580041561,0.33930802570990404,-0.013101524212515647,-0.015091665709904,0.11852521419958442,-0.007532025709903967,-0.00035124075592407275
2025-02-05 00:00:00+00:00,0.5403,-0.03578211840187996,0.2212516313426663,0.3244151514925554,-0.029274535502207488,-0.03249106149255537,0.07067245865733374,0.03738709850744465,-0.000318994639335289
2025-02-06 00:00:00+00:00,0.5453,-0.011941699248861775,0.2049211213666585,0.33813892618801084,-0.03619714202909963,-0.04078683618801082,0.09243096863334152,-0.0430726861880108,0.0008130355003282729
2025-02-07 00:00:00+00:00,0.5390999999999999,-0.0006313882988896105,0.17130584653204436,0.3385962039103013,-0.04279019918735649,-0.047967393910301415,0.11932296346795554,-0.061288643910301366,0.000950778704067167
2025-02-08 00:00:00+00:00,0.5417000000000001,-0.0008079301890647615,0.16669932361683398,0.39153443509502234,-0.0840271251072805,-0.09809554509502227,0.12673956638316608,-0.042253435095022385,0.000945705682599552
2025-02-09 00:00:00+00:00,0.5349,-0.0009122953151918448,0.15736106542633632,0.40044326891725274,-0.09790586985050376,-0.1143252589172527,0.1287569445736637,-0.04558477891725271,0.0009411028451117603
2025-02-10 00:00:00+00:00,0.5421,0.0006532051348148386,0.1504736304636281,0.4356834209537804,-0.11796319466682914,-0.14181101095378035,0.14339877953637192,-0.0768824209537804,0.0009353394938281074
2025-02-11 00:00:00+00:00,0.524,0.00982933070210383,0.15162059545179515,0.4354636102885648,-0.13589666637176212,-0.16088761028856474,0.12295540454820489,-0.11181640028856482,0.0008361187209623776
2025-02-12 00:00:00+00:00,0.5423,-0.017059042370266876,0.15515769206296232,0.44354054128051446,-0.12368839425361944,-0.14945125128051445,0.1389315979370377,-0.1364029012805144,0.0006355241720395765
2025-02-13 00:00:00+00:00,0.5149,0.022259389859628886,0.161180972298583,0.4516400016202486,-0.1571416665804648,-0.18651799162024857,0.10394103770141702,-0.16787071162024852,0.0004255049630770509
2025-02-14 00:00:00+00:00,0.5176,-0.013010552770177018,0.15783635315089667,0.44985159327054475,-0.15310976828323053,-0.1819418332705448,0.11007340684910327,-0.1640544332705448,0.0007416621275733431
2025-02-15 00:00:00+00:00,0.516,0.008507884499807246,0.1389803134688467,0.4543619368738925,-0.1580637483753985,-0.1881059368738925,0.1272756865311533,-0.1488846468738924,0.0008291821077306336
2025-02-16 00:00:00+00:00,0.5061,0.0005946949287839536,0.1387460519760419,0.4578233425712585,-0.17052644241210269,-0.2016861325712585,0.11739115802395811,-0.17840538257125854,0.0008912896868001262
2025-02-17 00:00:00+00:00,0.5084000000000001,-0.015088974925404107,0.12242158349259101,0.4577825342666747,-0.16819628602784586,-0.19931197426667463,0.13604897650740905,-0.18738253426667467,0.0006516156685772384
2025-02-18 00:00:00+00:00,0.5173,-0.0033772899146744155,0.12225590389514306,0.4861276041381596,-0.17992851644074315,-0.2185283141381596,0.14534338610485692,-0.1943115641381596,0.0008550258279007316
2025-02-19 00:00:00+00:00,0.5169,-0.0007207132239037935,0.11016653277321663,0.4975850335732428,-0.18849707510964542,-0.23039942357324278,0.15701907722678338,-0.25738702357324283,0.0008517188007593925
2025-02-20 00:00:00+00:00,0.4915,0.010001642868301576,0.11035788089474483,0.4963957020442867,-0.213053548031863,-0.2548234520442867,0.13121436910525516,-0.27020034204428667,0.0007368009454144042
2025-02-21 00:00:00+00:00,0.49060000000000004,0.01646723063124394,0.09613371096639137,0.49320270447023634,-0.21168392012791826,-0.2525143444702363,0.14455464903360868,-0.25427726447023635,0.0005513983454744077
2025-02-22 00:00:00+00:00,0.48710000000000003,-0.020260649564068697,0.09401159126975975,0.49661437417412013,-0.21760871583521663,-0.2593479641741201,0.1432548187302403,-0.26946681417412016,0.00039904029385387523
2025-02-23 00:00:00+00:00,0.486,0.002323363282194968,0.09403565093843379,0.49988235831443134,-0.22102359105933045,-0.2636863583144313,0.14216034906156622,-0.27596411831443135,0.000791778046985889
2025-02-24 00:00:00+00:00,0.48469999999999996,-0.0024999105376033175,0.09314574688337056,0.4998238743755249,-0.222282230593899,-0.2648897843755249,0.1417883431166294,-0.2790178643755249,0.0007795324801806923
2025-02-25 00:00:00+00:00,0.4707,-0.05019898509584671,0.12379892802933017,0.46955741126134015,-0.2145425929999828,-0.24799892126134016,0.09775956197066983,-0.24611212126134013,-0.0017427585923242726
2025-02-26 00:00:00+00:00,0.48590000000000005,-0.03197946932153527,0.1308818197907124,0.45727512764571504,-0.1903212120643029,-0.221176317645715,0.10521699020928765,-0.24002591764571501,-0.0002549966042057366
2025-02-27 00:00:00+00:00,0.513,-0.05095686305449155,0.16222702456167604,0.43873117514573245,-0.14936785485539106,-0.17556217514573247,0.10094197543832395,-0.18943068514573244,-0.0018367516686099133
2025-02-28 00:00:00+00:00,0.5168,0.005336880245412229,0.16178867881541795,0.4437905225475141,-0.14937604471154176,-0.17670828254751408,0.10529356118458208,-0.1661669125475142,0.0007235577731730692
2025-03-01 00:00:00+00:00,0.5075999999999999,-0.005099606988553926,0.15554514499277705,0.4436224749501338,-0.15844990424902383,-0.18596471495013384,0.1021126150072229,-0.1549311849501338,0.0007215809437221093
2025-03-02 00:00:00+00:00,0.5186999999999999,0.020406954497169064,0.1595785973293234,0.43861971157003615,-0.14358370927423258,-0.1695700215700362,0.10947109267067656,-0.17831567157003614,0.0003258806328080057
2025-03-03 00:00:00+00:00,0.5547,0.09061949975149203,0.2542374340932128,0.35045210392914444,-0.03728995255759571,-0.04276001392914447,0.05345465590678716,-0.10493185392914445,-0.007472263673110206
2025-03-04 00:00:00+00:00,0.5948,-0.08904006917938825,0.34649566501845996,0.2660691051334832,0.0789811314681449,0.0877179348665168,0.007291374981540033,0.010712104866516803,-0.00718636779800906
2025-03-05 00:00:00+00:00,0.6207,0.01235160235647466,0.3382554837667661,0.2650092134807937,0.10590954410479436,0.12025927651920632,0.0470130062332339,0.0120877465192063,0.0005951095886339223
2025-03-06 00:00:00+00:00,0.5760000000000001,0.037446522021737205,0.33930802570990404,0.24884792943677964,0.0771534008968493,0.08292807056322044,-0.007532025709903967,0.05729296056322036,-0.0006490988964559563
2025-03-07 00:00:00+00:00,0.6015,-0.007502542492078851,0.3244151514925554,0.24839963033595175,0.10310293907773521,0.1134026196640483,0.03738709850744465,0.07764136966404833,0.0006975453493052361
2025-03-08 00:00:00+00:00,0.5432,-0.0356452754620935,0.33813892618801084,0.28179119765806776,0.012359913290200253,0.013275042341932275,-0.0430726861880108,0.07330561234193222,-0.0005103706024945524
2025-03-09 00:00:00+00:00,0.5266,-0.0061630448245338695,0.3385962039103013,0.2825963752536864,-0.0049979451180059975,-0.005288815253686463,-0.061288643910301366,-0.003917965253686373,0.0007220231853401014
2025-03-10 00:00:00+00:00,0.591,-0.06596772124171794,0.39153443509502234,0.24649424583298682,0.09451813141567106,0.10278675416701313,-0.042253435095022385,0.0765843141670132,-0.0035929504914871055
2025-03-11 00:00:00+00:00,0.5957,-0.02707517681637134,0.40044326891725274,0.31514062130535997,0.03432613054635325,0.03971786869464006,-0.04558477891725271,-0.03381646130535998,3.082429077318671e-05
2025-03-12 00:00:00+00:00,0.599,0.053822648850325894,0.4356834209537804,0.2967851568952848,0.054220083983187894,0.062015843104715196,-0.0768824209537804,-0.009917796895284714,-0.0021267103694481357
2025-03-13 00:00:00+00:00,0.5689,0.008862793692374932,0.4354636102885648,0.3221485167463414,0.001318713534051219,0.0014986932536585895,-0.11181640028856482,-0.006866266746341387,0.0006975475993819243
2025-03-14 00:00:00+00:00,0.5542,-0.030900942839898055,0.44354054128051446,0.31689935348481263,-0.008738143568911672,-0.009761713484812584,-0.1364029012805144,0.01315089651518736,-0.00017429016793802602
2025-03-15 00:00:00+00:00,0.5327000000000001,0.03407623080597677,0.4516400016202486,0.3071091700635154,-0.02147431378900566,-0.02333988006351534,-0.16787071162024852,0.009747239936484575,-0.0003794197753485929
2025-03-16 00:00:00+00:00,0.5346,0.004720383065664296,0.44985159327054475,0.3079796462492901,-0.020359139260982095,-0.022182486249290145,-0.1640544332705448,-0.02378403624929004,0.0007611906622522026
2025-03-17 00:00:00+00:00,0.5527000000000001,-0.02104987580818347,0.4543619368738925,0.3040835803220988,0.0012622607019912024,0.0013937096779012559,-0.1488846468738924,-0.05016837032209881,0.0003420089595102806
2025-03-18 00:00:00+00:00,0.5286,0.01687758159429143,0.4578233425712585,0.30083137667003335,-0.01988097202185002,-0.02141341667003338,-0.17840538257125854,-0.05501373667003337,0.0005038353235463
2025-03-19 00:00:00+00:00,0.52,-0.014977418237914606,0.4577825342666747,0.2996100778473311,-0.027366493171925077,-0.029210077847331095,-0.18738253426667467,-0.06525726784733116,0.0005664911228352588
2025-03-20 00:00:00+00:00,0.5402,0.04838530621404382,0.4861276041381596,0.27153715458899164,0.019107729294521536,0.020278885411008363,-0.1943115641381596,-0.051576154588991674,-0.0015492342309427693
2025-03-21 00:00:00+00:00,0.4901,-0.030695699315409972,0.4975850335732428,0.2607718475435604,-0.02055824926614125,-0.02057383754356043,-0.25738702357324283,-0.02757943754356043,-0.00014811075463557616
2025-03-22 00:00:00+00:00,0.4756,-0.0015098290341922299,0.4963957020442867,0.26076749741385835,-0.0350539899127964,-0.03457213741385834,-0.27020034204428667,-0.02844349741385832,0.0007893709971094281
2025-03-23 00:00:00+00:00,0.4888,-0.002954915885658538,0.49320270447023634,0.26944090370113744,-0.030276972809560654,-0.03051546370113742,-0.25427726447023635,-0.027770343701137457,0.0007815147707388199
2025-03-24 00:00:00+00:00,0.47659999999999997,0.02628507426842072,0.49661437417412013,0.3133597242744583,-0.08318542699364578,-0.08621216427445832,-0.26946681417412016,-0.035736114274458386,9.918017207346988e-05
2025-03-25 00:00:00+00:00,0.4732,0.01655292883845691,0.49988235831443134,0.31008740324224565,-0.08365492117987577,-0.08616916324224563,-0.27596411831443135,-0.06585376324224562,0.0005151617523484336
2025-03-26 00:00:00+00:00,0.46990000000000004,-0.0012011051610134958,0.4998238743755249,0.31022319580928737,-0.08707683597191668,-0.08941718580928734,-0.2790178643755249,-0.08969903580928734,0.0007865972952506342
2025-03-27 00:00:00+00:00,0.4727,-0.005681866077030669,0.46955741126134015,0.31032661269912065,-0.08436966592978357,-0.08688132269912063,-0.24611212126134013,-0.09456636269912064,0.0007544661111246972
2025-03-28 00:00:00+00:00,0.4661,0.003630935851666911,0.45727512764571504,0.31016621243515347,-0.09082567945386882,-0.09291700243515344,-0.24002591764571501,-0.08530057243515346,0.0007737383285853721
2025-03-29 00:00:00+00:00,0.4993,-0.03274815128986041,0.43873117514573245,0.2981767463844743,-0.04675562572367503,-0.048876256384474265,-0.18943068514573244,-0.0666233063844743,-0.00028724081381682797
2025-03-30 00:00:00+00:00,0.5268999999999999,-0.02107887718791124,0.4437905225475141,0.2950111594372578,-0.016249297557548115,-0.0173875494372579,-0.1661669125475142,-0.07364090943725785,0.0003396150049901058
2025-03-31 00:00:00+00:00,0.5373,-0.0034919708111862424,0.4436224749501338,0.29557927832983205,-0.006372031954773316,-0.006887988329832062,-0.1549311849501338,-0.08241238832983205,0.0007727028905387548
2025-04-01 00:00:00+00:00,0.5102,0.002292980725742951,0.43861971157003615,0.2955168929949806,-0.033414654875105976,-0.03521285299498056,-0.17831567157003614,-0.09238640299498058,0.0007824731024050701
2025-04-02 00:00:00+00:00,0.4955,0.031068328767374177,0.35045210392914444,0.29070633431544196,-0.04367189681533107,-0.045186084315441966,-0.10493185392914445,-0.07809312431544196,-0.00017830887888166814
2025-04-03 00:00:00+00:00,0.5261,-0.03150468183240541,0.2660691051334832,0.27883140102144427,-0.0019448854230521562,-0.00205019102144427,0.010712104866516803,-0.08045024102144424,-0.00021129059745241961
2025-04-04 00:00:00+00:00,0.5264,0.008089975176700652,0.2650092134807937,0.27941161797252917,-0.002194001075049301,-0.002314657972529166,0.0120877465192063,-0.07781061797252917,0.0007087741856586319
2025-04-05 00:00:00+00:00,0.5533,0.0085975168262755,0.24884792943677964,0.2819466631738031,0.022313500007953957,0.024194226826196874,0.05729296056322036,-0.0671144131738031,0.0006904259099013615
2025-04-06 00:00:00+00:00,0.5710000000000001,-0.004409267785873717,0.24839963033595175,0.28196101475853236,0.03999998610307709,0.04407998524146772,0.07764136966404833,-0.07946101475853234,0.0007425604571358352
2025-04-07 00:00:00+00:00,0.5959,-0.06336480131278087,0.28179119765806776,0.23910388837798355,0.10691749685905572,0.11599292162201644,0.07330561234193222,-0.021388328377983573,-0.003256361813444726
2025-04-08 00:00:00+00:00,0.5279,0.01020598363564349,0.2825963752536864,0.2379004140326256,0.04014963963865126,0.04077799596737444,-0.003917965253686373,-0.037196414032625635,0.000660056373828064
2025-04-09 00:00:00+00:00,0.5684,-0.037208089675154724,0.24649424583298682,0.2697211232547747,0.04905317633129336,0.053357436745225306,0.0765843141670132,-0.05922368325477467,-0.0006200982696944467
2025-04-10 00:00:00+00:00,0.5304,0.07984505649495238,0.31514062130535997,0.19229735605649256,0.09188277564445363,0.08902680394350743,-0.03381646130535998,0.017283483943507427,-0.005613282295997206
2025-04-11 00:00:00+00:00,0.5356000000000001,-0.037258679815421185,0.2967851568952848,0.17947964659158921,0.11194961750095261,0.10738771340841086,-0.009917796895284714,0.042644043408410826,-0.0006329739348300831
2025-04-12 00:00:00+00:00,0.5615,0.04651030881233837,0.3221485167463414,0.15373593204147978,0.16940826068191672,0.1615463179585202,-0.006866266746341387,0.06838775795852026,-0.0014145428212528704
2025-04-13 00:00:00+00:00,0.5745,0.02287859681240544,0.31689935348481263,0.14941810367792466,0.18795362027574924,0.18063214632207533,0.01315089651518736,0.057061256322075316,0.00022447188917393052
2025-04-14 00:00:00+00:00,0.5629,-0.018881655011480314,0.3071091700635154,0.14704703281958603,0.17943287908924177,0.16980937718041395,0.009747239936484575,0.06189337718041396,0.00039347766110506586
2025-04-15 00:00:00+00:00,0.5331,0.009686485645398072,0.3079796462492901,0.1464104999220487,0.15046374985889188,0.13778511007795136,-0.02378403624929004,0.05420391007795128,0.0006591882077136433
2025-04-16 00:00:00+00:00,0.5039,-0.011084794756083887,0.3040835803220988,0.14499812811093762,0.12311380262549221,0.10891708188906238,-0.05016837032209881,0.04483636188906234,0.0006299972768136688
2025-04-17 00:00:00+00:00,0.49579999999999996,0.004189075162032385,0.30083137667003335,0.14486904997402175,0.11518332935350589,0.10094859002597822,-0.05501373667003337,0.03677739002597821,0.0007306127351315922
2025-04-18 00:00:00+00:00,0.4841,0.01113293905129325,0.2996100778473311,0.14348896313636644,0.10530062944037716,0.09086384686363352,-0.06525726784733116,0.04253072686363357,0.0006211502315505093
2025-04-19 00:00:00+00:00,0.469,-0.005811566221495618,0.27153715458899164,0.15581129459570345,0.07427060586307555,0.06414970540429651,-0.051576154588991674,0.04605919540429654,0.000708026280701573
2025-04-20 00:00:00+00:00,0.4829,0.007576687884777283,0.2607718475435604,0.1560137841666703,0.08791419751253043,0.07717862583332968,-0.02757943754356043,0.03776225583332973,0.0006778322792354818
2025-04-21 00:00:00+00:00,0.48200000000000004,0.0013863761414108682,0.26076749741385835,0.1576339064901579,0.08496863286365158,0.07469009350984213,-0.02844349741385832,0.06609509350984208,0.0007326766589114217
2025-04-22 00:00:00+00:00,0.4916,0.026862878409336585,0.26944090370113744,0.1582947797012185,0.09373723509076837,0.08337578029878148,-0.027770343701137457,0.08308091029878151,1.3544154432778188e-05
2025-04-23 00:00:00+00:00,0.5268999999999999,0.06557950292443451,0.3133597242744583,0.10993524551875439,0.19533515638904891,0.16768836448124552,-0.035736114274458386,0.1301647544812456,-0.0035652621170579237
2025-04-24 00:00:00+00:00,0.49420000000000003,0.002245341860930895,0.31008740324224565,0.13062369285862782,0.13278100097168688,0.11360994714137221,-0.06585376324224562,0.09671454714137218,0.000734977211617049
2025-04-25 00:00:00+00:00,0.4696,0.0035501671109049926,0.31022319580928737,0.13061277713208624,0.10819610249461031,0.08991138286791378,-0.08969903580928734,0.09529731286791376,0.000729270372845379
2025-04-26 00:00:00+00:00,0.4645,0.006386205482113435,0.31032661269912065,0.13176134324376934,0.10151054664939735,0.08399890675623067,-0.09456636269912064,0.10794681675623069,0.0007010646991749276
2025-04-27 00:00:00+00:00,0.4742,1.0574457398331956e-05,0.31016621243515347,0.1319991857608822,0.11088307806973507,0.0928664542391178,-0.08530057243515346,0.09012450423911783,0.0007411463776785676
2025-04-28 00:00:00+00:00,0.48119999999999996,-0.009327692484978967,0.2981767463844743,0.13123916884429884,0.11893053006870857,0.10031427115570113,-0.0666233063844743,0.08183539115570113,0.0006548362067869454
2025-04-29 00:00:00+00:00,0.4705,0.013569592291764238,0.2950111594372578,0.1303074943664109,0.10951870634836086,0.09106275563358907,-0.07364090943725785,0.07435826563358913,0.0005560874837567535
2025-04-30 00:00:00+00:00,0.4617,-0.007673888430608787,0.29557927832983205,0.13495859982801128,0.09433288140061952,0.07820829017198871,-0.08241238832983205,0.0640466101719887,0.0006761954619253449
2025-05-01 00:00:00+00:00,0.4507,-0.0003608307636759619,0.2955168929949806,0.13769508867994704,0.07962711136496775,0.06543540132005296,-0.09238640299498058,0.053361321320052946,0.0007280566212513093
2025-05-02 00:00:00+00:00,0.4611,0.023871587039366236,0.29070633431544196,0.131138154050857,0.09896997631947585,0.081475055949143,-0.07809312431544196,0.07935928594914304,0.00015311282354616275
2025-05-03 00:00:00+00:00,0.4454,0.0040648570437272855,0.27883140102144427,0.13227867256656745,0.08169864920986691,0.06610248743343258,-0.08045024102144424,0.0713930174334326,0.0007034372194058415
2025-05-04 00:00:00+00:00,0.449,-0.010636576650048935,0.27941161797252917,0.1309492063375272,0.08713095415948158,0.07065179366247279,-0.07781061797252917,0.05369288366247277,0.0005996636974416064
2025-05-05 00:00:00+00:00,0.4635,-0.016801106366392878,0.2819466631738031,0.1278630298031021,0.10592059650603186,0.08696922019689793,-0.0671144131738031,0.055577860196897866,0.00042362867691994735
2025-05-06 00:00:00+00:00,0.45,0.004541059866822644,0.28196101475853236,0.12809722432227907,0.09209327427068509,0.07440277567772094,-0.07946101475853234,0.04981801567772093,0.0006769459387562523
2025-05-07 00:00:00+00:00,0.46659999999999996,0.022194470195994583,0.23910388837798355,0.1335304055327203,0.10118187574680926,0.08418515446727967,-0.021388328377983573,0.04931135446727969,0.000193690373084405
2025-05-08 00:00:00+00:00,0.44799999999999995,0.0022905026419020864,0.2379004140326256,0.1420665382029314,0.07108284968320766,0.05863746179706858,-0.037196414032625635,0.02220155179706862,0.000668492245136024
2025-05-09 00:00:00+00:00,0.45880000000000004,0.06324430958797173,0.2697211232547747,0.09507855675209259,0.15045189030562783,0.11541888324790744,-0.05922368325477467,0.0812374532479074,-0.003333224998455559
2025-05-10 00:00:00+00:00,0.4578,-0.0034111204484364066,0.19229735605649256,0.09497354916746908,0.14962221175518003,0.1146072908325309,0.017283483943507427,0.08582149083253093,0.0006447005732679942
2025-05-11 00:00:00+00:00,0.47130000000000005,0.01829477670292036,0.17947964659158921,0.11376481098318832,0.1340096043715619,0.10835887901681172,0.042644043408410826,0.06779639901681166,0.00031508556000215456
2025-05-12 00:00:00+00:00,0.47130000000000005,-0.0068765603301702,0.15373593204147978,0.11319057275594638,0.1348619332537616,0.10893311724405366,0.06838775795852026,0.0675194372440536,0.000596584668710461
2025-05-13 00:00:00+00:00,0.45439999999999997,-0.012982302939795578,0.14941810367792466,0.11408881243833303,0.11662964541225196,0.09239054756166694,0.057061256322075316,0.05360143756166698,0.0004668239300140782
2025-05-14 00:00:00+00:00,0.4571,0.012713550238653074,0.14704703281958603,0.12192389942202136,0.10792397072247162,0.08701651057797863,0.06189337718041396,0.03624139057797868,0.00046244474717855937
2025-05-15 00:00:00+00:00,0.44789999999999996,-0.0064428434528688355,0.1464104999220487,0.12159616532134168,0.09919358290771058,0.07901824467865828,0.05420391007795128,0.044215674678658334,0.0005727135326253867
2025-05-16 00:00:00+00:00,0.4357,0.002605248634316726,0.14499812811093762,0.12196656092182892,0.0864628872501822,0.06786792907817105,0.04483636188906234,0.04613343907817105,0.0005998034576355825
2025-05-17 00:00:00+00:00,0.42619999999999997,-0.0026342340015393048,0.14486904997402175,0.12194198549046871,0.07699807347256982,0.059704454509531255,0.03677739002597821,0.05715625450953131,0.0005937994687593807
2025-05-18 00:00:00+00:00,0.4313,-0.003241995842691802,0.14348896313636644,0.12342408943692318,0.07998235251140151,0.06259560056307684,0.04253072686363357,0.05071520056307677,0.0005843677369285719
2025-05-19 00:00:00+00:00,0.4493,0.03235071356968311,0.15581129459570345,0.1166779719810171,0.10771842558326256,0.08519251801898288,0.04605919540429654,0.05654446801898287,-0.00045610437805671997
2025-05-20 00:00:00+00:00,0.44020000000000004,-0.00860518319031961,0.1560137841666703,0.11590769360182578,0.09974781010863543,0.07786834639817426,0.03776225583332973,0.04162191639817421,0.0005147630113021366
2025-05-21 00:00:00+00:00,0.473,0.011622511678732168,0.1576339064901579,0.11430766356848247,0.13490583624013486,0.10942133643151751,0.06609509350984208,0.04737674643151753,0.0004501297428256795
2025-05-22 00:00:00+00:00,0.4913,0.027855566455367072,0.1582947797012185,0.10702076148267893,0.1641597220110631,0.13435492851732106,0.08308091029878151,0.05838412851732107,-0.00019150499350827543
2025-05-23 00:00:00+00:00,0.49,0.018053115233686995,0.10993524551875439,0.10462991234512026,0.16653452681140718,0.13547008765487972,0.1301647544812456,0.06355209765487971,0.00025848569063319124
2025-05-24 00:00:00+00:00,0.4768,-0.04129723827784511,0.13062369285862782,0.08550770703904398,0.18438299119400736,0.14183053296095602,0.09671454714137218,0.08879854296095602,-0.0011244880428017729
2025-05-25 00:00:00+00:00,0.4753,0.003421476802776059,0.13061277713208624,0.10763233867538292,0.14722632127007973,0.11827775132461708,0.09529731286791376,0.05124962132461709,0.000567724384159298
2025-05-26 00:00:00+00:00,0.48960000000000004,0.011626964976756108,0.13176134324376934,0.10655692232216304,0.1631694218946959,0.133151237677837,0.10794681675623069,0.04593332767783692,0.00044473643885394433
2025-05-27 00:00:00+00:00,0.47130000000000005,0.00442140383315336,0.1319991857608822,0.10793428807248513,0.14276645822308326,0.11418940192751491,0.09012450423911783,0.03952171192751487,0.0005625609653131266
2025-05-28 00:00:00+00:00,0.46159999999999995,-0.0049536555457121035,0.13123916884429884,0.10780806748816966,0.13325861136894468,0.1052664925118303,0.08183539115570113,0.038498182511830334,0.0005573206675106914
2025-05-29 00:00:00+00:00,0.4524,-0.0103710100993474,0.1303074943664109,0.106520895377414,0.12602460972460872,0.09814486462258604,0.07435826563358913,0.03864010462258602,0.0004726139513457182
2025-05-30 00:00:00+00:00,0.4461,-0.021004075897904078,0.13495859982801128,0.10122276424096868,0.1279447482109266,0.0977824457590313,0.0640466101719887,0.04098164575903132,0.00013747507330065582
2025-05-31 00:00:00+00:00,0.4371,-0.015001569610542071,0.13769508867994704,0.09962805805003365,0.12146087370220776,0.09142835194996633,0.053361321320052946,0.05513550194996637,0.0003523058827360424
2025-06-01 00:00:00+00:00,0.45880000000000004,0.005561162997092007,0.131138154050857,0.10071397166371754,0.14144535348648585,0.1097834683362825,0.07935928594914304,0.04171678833628248,0.0005453237839279939
2025-06-02 00:00:00+00:00,0.45130000000000003,0.010500681437533188,0.13227867256656745,0.10185643398979334,0.1321504519981372,0.1018152560102067,0.0713930174334326,0.03959477601020665,0.000465792786151099
2025-06-03 00:00:00+00:00,0.42969999999999997,0.0019661042507835937,0.1309492063375272,0.11256833687713365,0.09418794823861593,0.07207375312286633,0.05369288366247277,0.04424766312286636,0.0005726746843033613
2025-06-04 00:00:00+00:00,0.42829999999999996,-0.0053496569833617865,0.1278630298031021,0.11278361058060256,0.09246728780447461,0.07065727941939741,0.055577860196897866,0.039941029419397436,0.0005463726614845694
2025-06-05 00:00:00+00:00,0.4218,-0.00631427662554914,0.12809722432227907,0.11479476909732063,0.0829862324265429,0.06312047090267937,0.04981801567772093,0.03894764090267937,0.0005322546111526647
2025-06-06 00:00:00+00:00,0.4276,-0.030645674188949416,0.1335304055327203,0.10340917867479381,0.10602702434005151,0.07943258132520618,0.04931135446727969,0.04512398132520616,-0.00036927782960026337
2025-06-07 00:00:00+00:00,0.4053,0.02658658210167983,0.1420665382029314,0.09586385369337286,0.09568111541223318,0.06840423630662715,0.02220155179706862,0.05608018630662712,-0.0001401516528721932
2025-06-08 00:00:00+00:00,0.4199,0.011739540987088428,0.09507855675209259,0.09505604515842853,0.11158839600425591,0.08125996484157147,0.0812374532479074,0.05479036484157149,0.000425550392024343
2025-06-09 00:00:00+00:00,0.4252,0.0017334884867594462,0.09497354916746908,0.09544993539175306,0.11625027044557384,0.08534510460824696,0.08582149083253093,0.04720735460824696,0.0005572406404973227
2025-06-10 00:00:00+00:00,0.4261,0.043349580472417326,0.11376481098318832,0.07787547704232758,0.14703822002587386,0.10368573295767239,0.06779639901681166,0.07243581295767246,-0.0013215693444861838
2025-06-11 00:00:00+00:00,0.4251,0.0002990308703693049,0.11319057275594638,0.09988652709470251,0.1090517013260433,0.08082348290529746,0.0675194372440536,0.04926391290529748,0.0005538230271139087
2025-06-12 00:00:00+00:00,0.40950000000000003,-0.015568176152680774,0.11408881243833303,0.09906550511341104,0.09475326830384556,0.06862474488658897,0.05360143756166698,0.04487885488658892,0.00030776226662156743
2025-06-13 00:00:00+00:00,0.39770000000000005,-0.028383342152655835,0.12192389942202136,0.0892757156893013,0.09890957898670633,0.06888957431069874,0.03624139057797868,0.056648284310698696,-0.00025902612088714967
2025-06-14 00:00:00+00:00,0.4072,0.0038174837769452893,0.12159616532134168,0.09145347079131282,0.10478725094448677,0.0743583692086872,0.044215674678658334,0.0625242892086872,0.0005273778112200655
2025-06-15 00:00:00+00:00,0.41,-0.006101704225809289,0.12196656092182892,0.09159402970992774,0.10735494434911425,0.07650597029007224,0.04613343907817105,0.06553893029007228,0.0005015418822530699
2025-06-16 00:00:00+00:00,0.4232,0.0022179473183336017,0.12194198549046871,0.09546464376946785,0.11422646752599042,0.08363359623053217,0.05715625450953131,0.06397584623053214,0.0005318685014739187
2025-06-17 00:00:00+00:00,0.41729999999999995,0.011503360368445204,0.12342408943692318,0.09454203013778847,0.10982312259653004,0.07959725986221147,0.05071520056307677,0.05810445986221152,0.00040422777968573904
2025-06-18 00:00:00+00:00,0.41619999999999996,-0.022183175181495846,0.1166779719810171,0.08882241467202304,0.11816910450085372,0.08440002532797694,0.05654446801898287,0.06696567532797695,4.3376850282591866e-05
2025-06-19 00:00:00+00:00,0.3969,0.0032769842881229224,0.11590769360182578,0.09022382188980282,0.09652719515608132,0.06730578811019716,0.04162191639817421,0.05877217811019719,0.000522115225116948
2025-06-20 00:00:00+00:00,0.4021,-0.001890359731168784,0.11430766356848247,0.0901842729994919,0.10179303537964374,0.0715001370005081,0.04737674643151753,0.060747977000508116,0.0005259702149726202
2025-06-21 00:00:00+00:00,0.4067,-0.01330447757118747,0.10702076148267893,0.08831350837318218,0.10952411205957141,0.07709138162681782,0.05838412851732107,0.06558578162681782,0.00034686837884087465
2025-06-22 00:00:00+00:00,0.41009999999999996,-0.011375711905120076,0.10462991234512026,0.08675114848502134,0.11556452083828445,0.08143086151497862,0.06355209765487971,0.0675406915149787,0.0003875327083320747
2025-06-23 00:00:00+00:00,0.4175,-0.011566061647266916,0.08550770703904398,0.09126415828128276,0.11540041661517841,0.08304209171871724,0.08879854296095602,0.06777728171871727,0.0003765978946839501
2025-06-24 00:00:00+00:00,0.3986,0.042780478932938265,0.10763233867538292,0.07037869238013411,0.13331017286723168,0.0885032676198659,0.05124962132461709,0.08627894761986588,-0.0013246408051288349
2025-06-25 00:00:00+00:00,0.39049999999999996,0.006840755029567835,0.10655692232216304,0.06998216720656932,0.1259585718520267,0.08250808279343065,0.04593332767783692,0.09178267279343068,0.00045261135281722314
2025-06-26 00:00:00+00:00,0.384,0.01152202047029571,0.10793428807248513,0.06873808437339052,0.12182051115048964,0.07871791562660949,0.03952171192751487,0.0917422756266095,0.0003586852205377945
2025-06-27 00:00:00+00:00,0.3825,-0.003763563293515,0.10780806748816966,0.06861372364095022,0.1205577856836546,0.07769252635904977,0.038498182511830334,0.0830965263590498,0.00047045880046812667
2025-06-28 00:00:00+00:00,0.381,0.0013277358447557586,0.106520895377414,0.07065774092616738,0.11518476167426484,0.07450325907383264,0.03864010462258602,0.08434194907383262,0.0004767627641018932
2025-06-29 00:00:00+00:00,0.3771,0.002389219787383494,0.10122276424096868,0.07225117219976873,0.10830421841150717,0.06995323780023127,0.04098164575903132,0.07420811780023129,0.0004673830507253833
2025-06-30 00:00:00+00:00,0.3934,0.009694088356274161,0.09962805805003365,0.07112166483954513,0.12671354582666722,0.0836418951604549,0.05513550194996637,0.05264157516045487,0.00037392878518732503
2025-07-01 00:00:00+00:00,0.3774,-0.01096265057400211,0.10071397166371754,0.06966466319004018,0.11345935669162249,0.07276609680995984,0.04171678833628248,0.06087302680995983,0.0003444100111137924
2025-07-02 00:00:00+00:00,0.3761,-0.014288643174027215,0.10185643398979334,0.07146072440651033,0.10877861214165757,0.06999048559348967,0.03959477601020665,0.06344856559348963,0.0002542082598069693
2025-07-03 00:00:00+00:00,0.396,0.02973711385166508,0.11256833687713365,0.06652854853949439,0.13806871353111433,0.09028745146050562,0.04424766312286636,0.08108109146050566,-0.0004316045922816858
2025-07-04 00:00:00+00:00,0.3908,0.00680533312130068,0.11278361058060256,0.06645613267664084,0.13300912995871855,0.08626850732335915,0.039941029419397436,0.07544675732335919,0.0004038375936195435
2025-07-05 00:00:00+00:00,0.3921,-0.01432378404291899,0.11479476909732063,0.06657023487068234,0.1340879172002165,0.08717217512931766,0.03894764090267937,0.07805785512931768,0.0002421742262169334
2025-07-06 00:00:00+00:00,0.38539999999999996,0.0018317734463605875,0.10340917867479381,0.06722104987421328,0.12612977441631812,0.0813121101257867,0.04512398132520616,0.06886616012578674,0.0004417820571827608
2025-07-07 00:00:00+00:00,0.3898,0.009310351805719715,0.09586385369337286,0.0670174319076767,0.13092274741168025,0.08492660809232327,0.05608018630662712,0.06265457809232328,0.000355321594915832
2025-07-08 00:00:00+00:00,0.3871,-0.008451130133734237,0.09505604515842853,0.06686866767959866,0.12851023284051116,0.08297774232040135,0.05479036484157149,0.054792772320401334,0.0003694571611065248
2025-07-09 00:00:00+00:00,0.37770000000000004,0.005948068767174149,0.09544993539175306,0.07223204024998106,0.1089398090304648,0.07042524975001896,0.04720735460824696,0.05493151975001892,0.0004030819245163099
2025-07-10 00:00:00+00:00,0.38770000000000004,0.020849702597751436,0.07787547704232758,0.0674913008171515,0.1279091209893013,0.08281998918284854,0.07243581295767246,0.05084469918284848,2.684486172804682e-07
2025-07-11 00:00:00+00:00,0.3862,0.042534889455910135,0.09988652709470251,0.045500378276018646,0.17289182323216334,0.10365006172398135,0.04926391290529748,0.07749011172398136,-0.0013770921479671345
2025-07-12 00:00:00+00:00,0.37939999999999996,0.013224479195212668,0.09906550511341104,0.050351680116780415,0.1550081995330925,0.09359267988321955,0.04487885488658892,0.07517680988321958,0.00025435567056333245
2025-07-13 00:00:00+00:00,0.382,-0.0009868561777551228,0.0892757156893013,0.05066128266067233,0.15691938630643393,0.09526271733932767,0.056648284310698696,0.08300207733932771,0.000426100061003148
2025-07-14 00:00:00+00:00,0.3924,0.013912826902379832,0.09145347079131282,0.05012026542370152,0.16852444210298098,0.1038574945762985,0.0625242892086872,0.08633609457629846,0.00023238926767574013
2025-07-15 00:00:00+00:00,0.39640000000000003,0.006984524485648416,0.09159402970992774,0.05802206797040895,0.15552229665158102,0.09911089202959106,0.06553893029007228,0.09407793202959105,0.00037609169990115846
2025-07-16 00:00:00+00:00,0.3993,-0.017973646061243607,0.09546464376946785,0.0758486671193379,0.12389363275454596,0.0835918228806621,0.06397584623053214,0.06068158288066215,0.0001008217732925394
2025-07-17 00:00:00+00:00,0.3907,0.007516384926812351,0.09454203013778847,0.07599940339213432,0.11502010702241211,0.07664708660786568,0.05810445986221152,0.049104286607865644,0.000365582455348883
2025-07-18 00:00:00+00:00,0.3947,0.004689123626552013,0.08882241467202304,0.07573197252754081,0.11950557322587213,0.08005611747245918,0.06696567532797695,0.04944246747245919,0.00039812780454641855
2025-07-19 00:00:00+00:00,0.386,-0.011221532021547466,0.09022382188980282,0.07420037924942127,0.11360253442915208,0.07479562075057875,0.05877217811019719,0.05417851075057872,0.00029260072593869984
2025-07-20 00:00:00+00:00,0.3885,-0.0005682131545808227,0.0901842729994919,0.07551582884208115,0.11369856470156287,0.07541642115791887,0.060747977000508116,0.05401218115791885,0.0004174213155461211
2025-07-21 00:00:00+00:00,0.3923,-0.004821581411444255,0.08831350837318218,0.08556308227751681,0.09978832112628933,0.06833620772248318,0.06558578162681782,0.05785060772248317,0.00039351460200788373
2025-07-22 00:00:00+00:00,0.39280000000000004,0.0009968349189401126,0.08675114848502134,0.08745682531524841,0.09706899838662775,0.06683501468475163,0.0675406915149787,0.04228721468475159,0.00041471782973342286
2025-07-23 00:00:00+00:00,0.39880000000000004,0.022465664780946658,0.09126415828128276,0.0843914230955322,0.10829798090971521,0.07465001690446783,0.06777728171871727,0.0543648269044678,-9.026309313662497e-05
2025-07-24 00:00:00+00:00,0.3958,-0.01065625365786331,0.07037869238013411,0.10187353306971095,0.07662366461513637,0.05478410693028904,0.08627894761986588,0.01735855693028905,0.0002994932123171743
2025-07-25 00:00:00+00:00,0.4022,-0.003768928125946051,0.06998216720656932,0.10364162164651061,0.0802658116221413,0.05812321835348938,0.09178267279343068,0.018648468353489392,0.0003986410008727771
2025-07-26 00:00:00+00:00,0.4006,-0.005523003908107527,0.06873808437339052,0.10668964338638179,0.07396619374843977,0.05379071661361823,0.0917422756266095,0.01630084661361822,0.00038318924244290113
2025-07-27 00:00:00+00:00,0.3895,0.001985693481055944,0.06861372364095022,0.11808982288577548,0.04585800185982003,0.03362042711422454,0.0830965263590498,0.02577866711422451,0.00041093927528057045
2025-07-28 00:00:00+00:00,0.3937,0.013029363114758469,0.07065774092616738,0.11878930276862663,0.049041759465080215,0.03621038723137336,0.08434194907383262,0.017519337231373375,0.00024561146668678526
2025-07-29 00:00:00+00:00,0.38270000000000004,-0.011690822263085602,0.07225117219976873,0.11741580124654566,0.0400401084945225,0.02904348875345436,0.07420811780023129,0.02630100875345434,0.0002795989551782389
2025-07-30 00:00:00+00:00,0.3518,-0.001067299241547095,0.07112166483954513,0.11912471250398451,0.006655519377776364,0.004638527496015482,0.05264157516045487,0.017405537496015533,0.00041552372621027155
2025-07-31 00:00:00+00:00,0.3613,-0.000652799643371678,0.06966466319004018,0.13734518568939513,-0.00930111398833533,-0.006807495689395121,0.06087302680995983,0.014598854310604842,0.00041340562705483757
2025-08-01 00:00:00+00:00,0.36729999999999996,-0.01875598020903028,0.07146072440651033,0.13329217425701773,0.0022079920663590213,0.0016171157429822336,0.06344856559348963,0.017640075742982292,6.095885571353292e-05
2025-08-02 00:00:00+00:00,0.38420000000000004,-0.02188404949706441,0.06652854853949439,0.12780348268497302,0.02670387039161809,0.019806157315027023,0.08108109146050566,0.029170957315026974,-6.676340869133491e-05
2025-08-03 00:00:00+00:00,0.37670000000000003,-0.006352996943505022,0.06645613267664084,0.12833141690662866,0.018466253813758327,0.013571473093371367,0.07544675732335919,0.02769358309337136,0.0003709468800641263
2025-08-04 00:00:00+00:00,0.3803,0.014647493022088766,0.06657023487068234,0.12973906164161203,0.020106910613748696,0.014889028358387985,0.07805785512931768,0.020804938358387925,0.0001957701107249386
2025-08-05 00:00:00+00:00,0.3689,0.007539697479648779,0.06722104987421328,0.129241400520529,0.009398399835927052,0.006845809479471027,0.06886616012578674,0.02169084947947103,0.0003526397664815879
2025-08-06 00:00:00+00:00,0.3601,-0.008363427973581722,0.0670174319076767,0.12923947314527098,0.0006010804671716663,0.00043253685472899317,0.06265457809232328,0.018831566854729004,0.00033840326065856464
2025-08-07 00:00:00+00:00,0.3488,0.007693789944427869,0.06686866767959866,0.12852823594146556,-0.0097083484961899,-0.006866795941465567,0.054792772320401334,0.01202177405853444,0.00034712180907640883
2025-08-08 00:00:00+00:00,0.3566,0.021822114123755038,0.07223204024998106,0.12299104399300559,0.0058992101619878,0.004172516006994392,0.05493151975001892,0.019590716006994413,-7.24624219078147e-05
2025-08-09 00:00:00+00:00,0.344,-0.006712695585063543,0.0674913008171515,0.12336486897581807,-0.00723335401954367,-0.005028868975818085,0.05084469918284848,0.020276131024181923,0.0003572670083932274
2025-08-10 00:00:00+00:00,0.3507,-0.001320505756872092,0.045500378276018646,0.12419451090916354,-0.0017124159407037043,-0.0012040209091635362,0.07749011172398136,0.013298129090836427,0.00039766343714880736
2025-08-11 00:00:00+00:00,0.3543,0.02395044858831397,0.050351680116780415,0.11743227986208961,0.011616064190208053,0.008096210137910384,0.07517680988321958,0.02214468013791039,-0.00017660585150841118
2025-08-12 00:00:00+00:00,0.36560000000000004,-0.005140104040293873,0.05066128266067233,0.12258180337219433,0.015483157542807824,0.011081556627805703,0.08300207733932771,0.013948446627805713,0.0003689156519161419
2025-08-13 00:00:00+00:00,0.36939999999999995,0.012210633982459727,0.05012026542370152,0.12294602837647597,0.018763395555347062,0.013510331623523997,0.08633609457629846,0.0013807316235240064,0.0002451170460569021
2025-08-14 00:00:00+00:00,0.39,0.02642436007375905,0.05802206797040895,0.11470961405977137,0.051311922176508595,0.03739038594022864,0.09407793202959105,0.005421945940228601,-0.00030563030485105026
2025-08-15 00:00:00+00:00,0.36950000000000005,-0.04228772733056025,0.0758486671193379,0.09296451440460017,0.06459917283713357,0.043565735595399877,0.06068158288066215,0.02454732559539982,-0.0013960950133774196
2025-08-16 00:00:00+00:00,0.35369999999999996,-0.00829971837254784,0.07599940339213432,0.09249011721450806,0.04957812111834492,0.0326135727854919,0.049104286607865644,0.02591469278549191,0.000321179284982054
2025-08-17 00:00:00+00:00,0.3538,8.52137160512486e-05,0.07573197252754081,0.09249811229440137,0.04966497686980975,0.032676327705598626,0.04944246747245919,0.03395324770559864,0.00038754202446734563
2025-08-18 00:00:00+00:00,0.3583,0.0001959639943733764,0.07420037924942127,0.0942451965302687,0.05130619463860725,0.0341336934697313,0.05417851075057872,0.03912584346973133,0.00038471511683437046
2025-08-19 00:00:00+00:00,0.3599,-0.010413549384874493,0.07551582884208115,0.09300367945747551,0.05493495371194501,0.03652433054252449,0.05401218115791885,0.03337657054252449,0.0002744286668343508
2025-08-20 00:00:00+00:00,0.3787,-0.02913845053421293,0.08556308227751681,0.08304353481834986,0.09052724830694026,0.06037015518165012,0.05785060772248317,0.031268075181650146,-0.0004681333470233582
2025-08-21 00:00:00+00:00,0.3602,0.012515741789677794,0.08745682531524841,0.08298972019019847,0.07212063560504989,0.046754319809801534,0.04228721468475159,0.03797511980980153,0.00022331457092443244
2025-08-22 00:00:00+00:00,0.3725,-0.01589827747512075,0.0843914230955322,0.07991466252245528,0.08980818454993206,0.05884158747754471,0.0543648269044678,0.038972377477544715,0.00012496132857520967
2025-08-23 00:00:00+00:00,0.3453,0.039375645941661555,0.10187353306971095,0.06120282497799707,0.09790795288045925,0.05802926502200293,0.01735855693028905,0.057891185022002904,-0.00117457746683907
2025-08-24 00:00:00+00:00,0.3497,-0.01263040648580246,0.10364162164651061,0.06579214406561243,0.09320020649986399,0.056497945934387575,0.018648468353489392,0.057900745934387585,0.00021291900003992875
2025-08-25 00:00:00+00:00,0.3507,-0.016763827336050228,0.10668964338638179,0.06279573855626258,0.10010922092730035,0.060194751443737426,0.01630084661361822,0.07514222144373742,8.781526108362476e-05
2025-08-26 00:00:00+00:00,0.37929999999999997,-0.03067481105639272,0.11808982288577548,0.05297109509335593,0.14914549734285895,0.09089739490664406,0.02577866711422451,0.0778557949066441,-0.0005755265977289547
2025-08-27 00:00:00+00:00,0.36920000000000003,0.015075005817473905,0.11878930276862663,0.06855723753538533,0.10736562957589907,0.06775140246461468,0.017519337231373375,0.07349637246461464,0.00013744549275381283
2025-08-28 00:00:00+00:00,0.3791,-0.004876965155258832,0.11741580124654566,0.06870089235144569,0.11699144929734612,0.07501591764855431,0.02630100875345434,0.0648893576485543,0.00033920955881959665
2025-08-29 00:00:00+00:00,0.36950000000000005,0.011899478441785918,0.11912471250398451,0.06697834957438216,0.11069824271388318,0.06955190042561789,0.017405537496015533,0.06566329042561785,0.00022114630596415709
2025-08-30 00:00:00+00:00,0.3898,-0.038703995735599274,0.13734518568939513,0.05509443436104659,0.1550779636228277,0.09684960563895338,0.014598854310604842,0.07349952563895339,-0.0011340894557643004
2025-08-31 00:00:00+00:00,0.3885,0.004320019245656572,0.13329217425701773,0.05923191775314437,0.14512391704782418,0.09170033224685564,0.017640075742982292,0.07319129224685564,0.0003472021816623623
2025-09-01 00:00:00+00:00,0.3962,-0.0052712700273616605,0.12780348268497302,0.05894673667326167,0.15341050954940066,0.09802770332673832,0.029170957315026974,0.07508247332673831,0.0003395417442621089
2025-09-02 00:00:00+00:00,0.395,0.00915163504511052,0.12833141690662866,0.07643911696454621,0.11852374972785418,0.07958588303545382,0.02769358309337136,0.06135032303545378,0.00028443084084128767
2025-09-03 00:00:00+00:00,0.38799999999999996,0.018172668471224007,0.12973906164161203,0.0756386932231492,0.11297510435753416,0.07490530677685076,0.020804938358387925,0.06416251677685081,3.922707588612244e-05
2025-09-04 00:00:00+00:00,0.3885,0.003992916765595248,0.129241400520529,0.07797337150126417,0.10926287585411543,0.07295887849873585,0.02169084947947103,0.06665471849873585,0.00035406983670759464
2025-09-05 00:00:00+00:00,0.3848,-0.008353951942914457,0.12923947314527098,0.07715330564428194,0.10703516125275692,0.07091773435571805,0.018831566854729004,0.06747478435571808,0.0003015804193555671
2025-09-06 00:00:00+00:00,0.3749,-0.0008582256937492577,0.12852823594146556,0.07814395014875616,0.09535760581128994,0.06240605985124384,0.01202177405853444,0.06587629985124385,0.0003723126577910087
2025-09-07 00:00:00+00:00,0.3776,-0.0045927113814692696,0.12299104399300559,0.07891515043414109,0.0966815947038338,0.06366660956585891,0.019590716006994413,0.07521960956585892,0.00035368119486058655
2025-09-08 00:00:00+00:00,0.379,0.008705493844166074,0.12336486897581807,0.0867969774761261,0.08438673234878558,0.0568440225238739,0.020276131024181923,0.06749486252387395,0.0003003966244177711
2025-09-09 00:00:00+00:00,0.37079999999999996,0.00836262419340573,0.12419451090916354,0.08914325384862515,0.07223132473646005,0.048349386151374824,0.013298129090836427,0.06640810615137482,0.0003085597229925592
2025-09-10 00:00:00+00:00,0.3736,-0.004221868720507593,0.11743227986208961,0.09146655307021337,0.0711656218777148,0.04811040692978663,0.02214468013791039,0.06638073692978663,0.00036199342815976764
2025-09-11 00:00:00+00:00,0.36950000000000005,0.021205404434362644,0.12258180337219433,0.15551366339959058,-0.024852207296460482,-0.018983413399590532,0.013948446627805713,0.03905554660040941,-6.85686082751152e-05
2025-09-12 00:00:00+00:00,0.35259999999999997,0.013380429140180042,0.12294602837647597,0.15792520054240808,-0.04479803791967585,-0.0335984405424081,0.0013807316235240064,0.05505704945759188,0.0002023265014127486
2025-09-13 00:00:00+00:00,0.34659999999999996,0.004613159983198104,0.11470961405977137,0.1757589193827767,-0.07263611412040438,-0.05562735938277674,0.005421945940228601,0.03805484061722331,0.0003589734143301502
2025-09-14 00:00:00+00:00,0.3428,-0.000991674329213648,0.09296451440460017,0.1757780838174545,-0.07645896987119372,-0.0582662438174545,0.02454732559539982,0.012404356182545512,0.0003763517491480664
2025-09-15 00:00:00+00:00,0.34409999999999996,-0.005467520022187615,0.09249011721450806,0.179553701863325,-0.07963777488362428,-0.06114889186332503,0.02591469278549191,0.023036308136674982,0.00034570455083437476
2025-09-16 00:00:00+00:00,0.3556,0.0008151019762267321,0.09249811229440137,0.18464370032100919,-0.07410187376948818,-0.05819234032100917,0.03395324770559864,0.020112549678990815,0.0003743221649327348
2025-09-17 00:00:00+00:00,0.3652,0.011984755586949863,0.0942451965302687,0.18928727043339535,-0.06987156932324978,-0.05591623043339533,0.03912584346973133,0.03900556956660464,0.00023146880338408772
2025-09-18 00:00:00+00:00,0.3555,-0.002529725609138866,0.09300367945747551,0.19272865902912678,-0.0835087231811309,-0.06634840902912678,0.03337657054252449,0.05727134097087322,0.00036915956231506976
2025-09-19 00:00:00+00:00,0.3381,0.005514279137036708,0.08304353481834986,0.19295425894427295,-0.10116559043962564,-0.07864264894427295,0.031268075181650146,0.047930381055727,0.00034486433290477787
2025-09-20 00:00:00+00:00,0.3478,-0.01233777420865915,0.08298972019019847,0.19329476587691694,-0.091853006218446,-0.07232992587691693,0.03797511980980153,0.03404347412308306,0.00022039321068116795
2025-09-21 00:00:00+00:00,0.3448,0.00010373443992707225,0.07991466252245528,0.196909493185717,-0.0989448514469965,-0.07802245318571699,0.038972377477544715,0.014230756814283041,0.00037180136884633835
2025-09-22 00:00:00+00:00,0.34509999999999996,-0.0035330218076945444,0.06120282497799707,0.20183495441794796,-0.10416045276426011,-0.08274094441794799,0.057891185022002904,0.04091833558205207,0.00035751534686069276
2025-09-23 00:00:00+00:00,0.3517,-0.02316746590733926,0.06579214406561243,0.19584209824918367,-0.09084050464243798,-0.07214920824918365,0.057900745934387585,0.06120690175081636,-0.00016674649665905113
2025-09-24 00:00:00+00:00,0.3714,-0.005894573951935371,0.06279573855626258,0.20202545261753777,-0.07807241585834579,-0.06408749261753777,0.07514222144373742,0.001646237382462279,0.0003353670874228819
2025-09-25 00:00:00+00:00,0.3617,0.011551583925535153,0.05297109509335593,0.201391316478089,-0.08706643867170927,-0.07056442647808897,0.0778557949066441,-0.01786475647808894,0.00023803906406245947
2025-09-26 00:00:00+00:00,0.37689999999999996,-0.038836948951370305,0.06855723753538533,0.18342094507925674,-0.051376715546452234,-0.04136733507925677,0.07349637246461464,0.0006200549207432404,-0.0011380214622988315
2025-09-27 00:00:00+00:00,0.3655,0.0059659059899779855,0.06870089235144569,0.19108152532211117,-0.0716287285481374,-0.05749127532211118,0.0648893576485543,0.001727284677888824,0.00033521976206577674
2025-09-28 00:00:00+00:00,0.3642,-0.00013685319778855096,0.06697834957438216,0.19130467894678155,-0.07318390339241054,-0.05866303894678154,0.06566329042561785,-0.007949438946781517,0.00036986826754928706
2025-09-29 00:00:00+00:00,0.3586,0.022830662088090106,0.05509443436104659,0.18643192062890737,-0.07317762868044403,-0.05783796062890739,0.07349952563895339,-0.0067407106289073815,-0.00015170725923443617
2025-09-30 00:00:00+00:00,0.3639,0.018940160886340658,0.05923191775314437,0.18953609459630869,-0.0714574331469588,-0.05711288459630867,0.07319129224685564,0.013594395403691312,8.669750348389862e-06
2025-10-01 00:00:00+00:00,0.3661,-0.002084885341951486,0.05894673667326167,0.1925777377819004,-0.07273680085186612,-0.05854852778190042,0.07508247332673831,0.0085745122180996,0.00036136237457210294
2025-10-02 00:00:00+00:00,0.3712,0.039006182983647456,0.07643911696454621,0.17560888010632367,-0.04785713226996113,-0.03781944010632368,0.06135032303545378,0.011966729893676364,-0.0011578686442871217
2025-10-03 00:00:00+00:00,0.3739,0.0162621531983762,0.0756386932231492,0.17267773006958484,-0.04164509992248111,-0.03287652006958483,0.06416251677685081,0.016460279930415156,9.749069207400394e-05
2025-10-04 00:00:00+00:00,0.3803,0.014416474937427998,0.07797337150126417,0.1703162889690742,-0.03239394103751292,-0.025688198969074177,0.06665471849873585,0.024341151030925795,0.00015313249238764286
2025-10-05 00:00:00+00:00,0.3803,0.0015446164209609236,0.07715330564428194,0.18683507476567057,-0.05194423045966795,-0.04220698476567056,0.06747478435571808,0.022288215234329417,0.000358005679746801
2025-10-06 00:00:00+00:00,0.3795,0.009064181558507911,0.07814395014875616,0.21473114839340893,-0.083890923943714,-0.07071089839340891,0.06587629985124385,0.013657261606591059,0.0002779177076515741
2025-10-07 00:00:00+00:00,0.3926,0.00919126338756731,0.07891515043414109,0.2207141510730197,-0.07720224677306481,-0.06657939107301969,0.07521960956585892,-0.0040239010730197255,0.0002759146892125109
2025-10-08 00:00:00+00:00,0.39280000000000004,-0.026899944679904256,0.0867969774761261,0.21979358817024372,-0.07602148859693247,-0.06550174817024368,0.06749486252387395,0.0005427718297562611,-0.00036215794341661246
2025-10-09 00:00:00+00:00,0.3944,0.01621043234328502,0.08914325384862515,0.22118619557820024,-0.0759043648300537,-0.06563483557820027,0.06640810615137482,-0.022180985578200252,9.964364306113061e-05
2025-10-10 00:00:00+00:00,0.3973,-0.01444923097945742,0.09146655307021337,0.21987020340033364,-0.0716031919280713,-0.06202291340033364,0.06638073692978663,-0.018448763400333607,0.00015529068209315557
2025-10-11 00:00:00+00:00,0.4411,-0.07558978258795462,0.15551366339959058,0.15735930125194433,0.044414606707098014,0.03720990874805566,0.03905554660040941,0.04613190874805567,-0.005348075750415709
2025-10-12 00:00:00+00:00,0.46149999999999997,-0.019422780858099276,0.15792520054240808,0.15451431704596227,0.06841690821664398,0.05846793295403768,0.05505704945759188,0.04173468295403768,-6.204573339373262e-06
2025-10-13 00:00:00+00:00,0.46240000000000003,0.03856249933805982,0.1757589193827767,0.14631901077176085,0.07988331961630635,0.06749474922823917,0.03805484061722331,0.07093019922823918,-0.001107930120494668
2025-10-14 00:00:00+00:00,0.4338,0.0015995552475094202,0.1757780838174545,0.14860125719588482,0.04831166399502462,0.039581182804115184,0.012404356182545512,0.06364323280411519,0.00038513310976815595
2025-10-15 00:00:00+00:00,0.4501,-0.018445014125407676,0.179553701863325,0.14874074407611243,0.06443078412179121,0.05384926592388756,0.023036308136674982,0.06767029592388762,5.39270767445615e-05
2025-10-16 00:00:00+00:00,0.4525,-0.02046998849168036,0.18464370032100919,0.1771768442927029,0.03157620132296762,0.02757940570729711,0.020112549678990815,0.06993156570729708,-1.718665989975472e-05
2025-10-17 00:00:00+00:00,0.4778,-0.022919373101971625,0.18928727043339535,0.17202004966995668,0.06304700161426596,0.056272790330043315,0.03900556956660464,0.06320495033004331,-0.00011631276293075951
2025-10-18 00:00:00+00:00,0.5,-0.017007450392135165,0.19272865902912678,0.17078549211768385,0.0867379861181482,0.07921450788231615,0.05727134097087322,0.07562746788231617,0.00012840018914992893
2025-10-19 00:00:00+00:00,0.49079999999999996,0.006996408591577158,0.19295425894427295,0.1758900979485157,0.07140746555462418,0.06499454205148425,0.047930381055727,0.08034834205148425,0.00037999329969641766
2025-10-20 00:00:00+00:00,0.4768,0.013424140330020162,0.19329476587691694,0.1743925067622583,0.059196711265035284,0.05294573323774171,0.03404347412308306,0.08083453323774167,0.0002602946700985563
2025-10-21 00:00:00+00:00,0.4595,0.01723692651054472,0.196909493185717,0.1736516436439414,0.04278469713251304,0.037488606356058635,0.014230756814283041,0.0868565163560586,0.0001531050439221354
2025-10-22 00:00:00+00:00,0.4927,-0.02042828120865844,0.20183495441794796,0.20544803564901307,0.03943624052985106,0.03730525435098697,0.04091833558205207,0.0932142143509869,4.132695699695873e-05
2025-10-23 00:00:00+00:00,0.507,-0.006645897670546516,0.19584209824918367,0.2088180147140298,0.05003390200800478,0.048230985285970224,0.06120690175081636,0.12042842528597017,0.0004257667592211175
2025-10-24 00:00:00+00:00,0.45130000000000003,0.02330165035062621,0.20202545261753777,0.2024819182674695,0.0013200912624325989,0.0011897717325305424,0.001646237382462279,0.1475086417325305,-6.085355381169706e-05
2025-10-25 00:00:00+00:00,0.42840000000000006,0.00901766669398771,0.201391316478089,0.20876093157333095,-0.02850363488741353,-0.025234371573330888,-0.01786475647808894,0.11046406842666898,0.00040679812301258313
2025-10-26 00:00:00+00:00,0.429,0.005593905303994956,0.18342094507925674,0.2116058176461733,-0.03100632348498572,-0.02756481764617333,0.0006200549207432404,0.07258979235382673,0.000461637414317517
2025-10-27 00:00:00+00:00,0.4391,0.02579202912860213,0.19108152532211117,0.20479115018570065,-0.013438562097972673,-0.011982340185700657,0.001727284677888824,0.0714642098142994,-0.0001684651108628981
2025-10-28 00:00:00+00:00,0.4282,-0.004284871364027952,0.19130467894678155,0.2192585395670978,-0.04005050941466981,-0.03590329956709776,-0.007949438946781517,0.02994210043290224,0.0004838116207727287
2025-10-29 00:00:00+00:00,0.4239,-0.01098810482838887,0.18643192062890737,0.2189568089439274,-0.044028209177356004,-0.03926559894392742,-0.0067407106289073815,0.02419080105607263,0.0003860646746547664
2025-10-30 00:00:00+00:00,0.4507,-0.024776345185725503,0.18953609459630869,0.21180935086083383,-0.00952749902720268,-0.008678860860833831,0.013594395403691312,0.025359649139166218,-0.00010239774286267996
2025-10-31 00:00:00+00:00,0.4485,-0.015948191651021595,0.1925777377819004,0.20872290233310353,-0.008362016732736843,-0.007570652333103528,0.0085745122180996,0.03265278766689647,0.0002635820068065773
2025-11-01 00:00:00+00:00,0.43310000000000004,0.011259737123240025,0.17560888010632367,0.20747030626154134,-0.02238908467881129,-0.019894696261541306,0.011966729893676364,0.030478533738458685,0.0003972751016506903
2025-11-02 00:00:00+00:00,0.4349,0.004851925934272221,0.17267773006958484,0.2335700440330581,-0.04839084828192025,-0.04443203403305809,0.016460279930415156,0.048709645966941884,0.0005050622786552773
2025-11-03 00:00:00+00:00,0.4412,0.003707249690059812,0.1703162889690742,0.27238600594018547,-0.08070612751737788,-0.07772856594018548,0.024341151030925795,-0.029928245940185477,0.0005193654074981085
2025-11-04 00:00:00+00:00,0.4573,-0.036879455819276444,0.18683507476567057,0.2624872499304108,-0.05503509535304213,-0.05336395993041079,0.022288215234329417,-0.0374318899304108,-0.000822416263352447
2025-11-05 00:00:00+00:00,0.4779,-0.0487338420066461,0.21473114839340893,0.23621342220722133,-0.008117923750988132,-0.007825012207221343,0.013657261606591059,-0.005525332207221317,-0.0018314193859524882
2025-11-06 00:00:00+00:00,0.46549999999999997,0.024004853000157148,0.2207141510730197,0.24031655469329874,-0.024720924373183795,-0.023626304693298766,-0.0040239010730197255,-0.0008041946932987321,-2.4960141988377414e-05
2025-11-07 00:00:00+00:00,0.4694,-0.025454750429814838,0.21979358817024372,0.2324527410867898,-0.012733530348999711,-0.012116381086789807,0.0005427718297562611,0.007647258913210192,-9.095866373639606e-05
2025-11-08 00:00:00+00:00,0.4461,0.019422641416706504,0.22118619557820024,0.22990545875259377,-0.033384576136285926,-0.030900248752593784,-0.022180985578200252,0.016606791247406216,0.00018577811911949844
2025-11-09 00:00:00+00:00,0.44880000000000003,-0.010030779394002234,0.21987020340033364,0.2287741987976823,-0.029503458902068014,-0.02735275879768226,-0.018448763400333607,0.011423811202317696,0.0004663689715981753
2025-11-10 00:00:00+00:00,0.4511,0.023998601278688785,0.15735930125194433,0.2279177099773252,-0.026307278932071965,-0.024426499977325183,0.04613190874805567,-0.012250349977325214,-4.967982054944128e-06
2025-11-11 00:00:00+00:00,0.44299999999999995,0.011975395524234336,0.15451431704596227,0.22685864085228324,-0.03329679912034189,-0.030609640852283293,0.04173468295403768,-0.025078000852283205,0.00042836957783723493
2025-11-12 00:00:00+00:00,0.4661,-0.02852156268755648,0.14631901077176085,0.21734813718078022,-0.00010611019245576614,-9.892718078019502e-05,0.07093019922823918,-0.01967897718078024,-0.0002432280130260587
2025-11-13 00:00:00+00:00,0.4607,-0.013789143369442368,0.14860125719588482,0.22243555224877812,-0.01093073717557691,-0.01019106224877811,0.06364323280411519,-0.026894712248778124,0.00038042478997714634
2025-11-14 00:00:00+00:00,0.46520000000000006,-0.01875321895498716,0.14874074407611243,0.2181567935292125,-0.0018725784385253963,-0.0017457535292124404,0.06767029592388762,-0.018794543529212476,0.00022107949115507739
2025-11-15 00:00:00+00:00,0.4971,-0.05249984900246494,0.1771768442927029,0.19133193353708175,0.0596849413462292,0.05577647646291822,0.06993156570729708,0.027130826462918284,-0.002182209238432304
2025-11-16 00:00:00+00:00,0.485,0.010072315027389707,0.17202004966995668,0.19471932132896125,0.043729877139907336,0.04050567867103874,0.06320495033004331,0.02318291867103875,0.00047644115400728433
2025-11-17 00:00:00+00:00,0.4964,-0.013703389547571308,0.17078549211768385,0.19551854286104045,0.054225212318657345,0.05089441713895956,0.07562746788231617,0.013239067138959532,0.0003907428728983811
2025-11-18 00:00:00+00:00,0.5062,-0.021645008126824704,0.1758900979485157,0.1939531069744386,0.06579892487138655,0.06228533302556136,0.08034834205148425,0.026946893025561386,0.00010969179761891637
2025-11-19 00:00:00+00:00,0.5052,0.007557635679124075,0.1743925067622583,0.19414526778645327,0.06458081318847075,0.06108177221354669,0.08083453323774167,0.031289772213546674,0.0005224824908868363
2025-11-20 00:00:00+00:00,0.5104,-0.015369410414527234,0.1736516436439414,0.20231959638505673,0.06060049312492932,0.05818856361494326,0.0868565163560586,0.0007207636149432761,0.0003459284938294565
2025-11-21 00:00:00+00:00,0.5465,-0.05505194597603844,0.20544803564901307,0.1655250449429602,0.139652307438078,0.13313720505703977,0.0932142143509869,0.037966165057039813,-0.0024440610004975135
2025-11-22 00:00:00+00:00,0.5738,-0.017920729241124065,0.2088180147140298,0.1617484430492783,0.17162038459255757,0.16749799695072168,0.12042842528597017,0.0413820469507217,0.0002706090598133529
2025-11-23 00:00:00+00:00,0.5916,-0.004710823565007454,0.2024819182674695,0.16148023419320898,0.18975396705552888,0.18851032580679103,0.1475086417325305,0.04183057580679103,0.0005761631112023841
2025-11-24 00:00:00+00:00,0.565,0.02444180022046493,0.20876093157333095,0.1561609310754321,0.16982797280749723,0.16306406892456782,0.11046406842666898,0.03219506892456789,1.4315825727172714e-05
2025-11-25 00:00:00+00:00,0.5331,0.016282445427897137,0.2116058176461733,0.15299505991247966,0.14195417052909837,0.13120055008752038,0.07258979235382673,0.030274550087520363,0.0003589919462300173
2025-11-26 00:00:00+00:00,0.5256000000000001,-0.010252761202975627,0.20479115018570065,0.1520427615477741,0.13567338953621794,0.12421259845222596,0.0714642098142994,0.029007488452225894,0.0005281374027832509
2025-11-27 00:00:00+00:00,0.49920000000000003,0.03474853406558898,0.2192585395670978,0.1373828563951121,0.12854806570704086,0.11181778360488792,0.02994210043290224,0.031045303604887886,-0.000566583415141188
2025-11-28 00:00:00+00:00,0.49310000000000004,0.009794828761789677,0.2189568089439274,0.13662002277566868,0.12347854124027291,0.10652758722433137,0.02419080105607263,0.03835486722433132,0.0005509518126322405
2025-11-29 00:00:00+00:00,0.48700000000000004,-0.005138576900538897,0.21180935086083383,0.13630987679971238,0.11779832503127463,0.10085912320028767,0.025359649139166218,0.04101533320028761,0.0006262806155651019
2025-11-30 00:00:00+00:00,0.4913,-0.0008149331434985395,0.20872290233310353,0.13707908526702087,0.1210580719758757,0.10429660473297914,0.03265278766689647,0.04142716473297911,0.0006551300118255089
2025-12-01 00:00:00+00:00,0.4878,-0.004881452479768719,0.20747030626154134,0.13920559637044985,0.11469733802819115,0.09874324362955017,0.030478533738458685,0.04389281362955014,0.0006356389230576229
2025-12-02 00:00:00+00:00,0.5313,-0.046569572809912016,0.2335700440330581,0.11391103537118358,0.1937929106356674,0.1683686546288164,0.048709645966941884,0.0710749746288164,-0.0015046573153506644
2025-12-03 00:00:00+00:00,0.4924,0.05660474126543618,0.27238600594018547,0.07709355890942882,0.21474273121449022,0.16536420109057118,-0.029928245940185477,0.10115928109057115,-0.0025315228478822245
2025-12-04 00:00:00+00:00,0.4744,0.023377294051299468,0.2624872499304108,0.07236562000034942,0.20539141277581968,0.15268973999965058,-0.0374318899304108,0.1162508699996506,0.00013044133471122458
2025-12-05 00:00:00+00:00,0.4803,-0.014679736617239553,0.23621342220722133,0.07041008400375383,0.214951014692436,0.1602780059962462,-0.005525332207221317,0.12672591599624616,0.00046289952828226615
2025-12-06 00:00:00+00:00,0.4894,-0.03022377761859226,0.24031655469329874,0.060513993555590215,0.24340407817284812,0.1789983664444098,-0.0008041946932987321,0.1365332164444098,-0.00023487252166597226
2025-12-07 00:00:00+00:00,0.49,-0.001266283962452881,0.2324527410867898,0.06812712694797214,0.2289882628156884,0.17197287305202785,0.007647258913210192,0.12494523305202783,0.000679084947757485
2025-12-08 00:00:00+00:00,0.4965,0.012956594008387385,0.22990545875259377,0.06608599654385068,0.23942803236476623,0.18042625345614932,0.016606791247406216,0.1283068134561493,0.0005146199931630074
2025-12-09 00:00:00+00:00,0.4901,0.00276337926901855,0.2287741987976823,0.07436103199099975,0.21740780724230524,0.16583697800900024,0.011423811202317696,0.12491192800900028,0.0006791955989424991
2025-12-10 00:00:00+00:00,0.4644,0.022484139341639654,0.2279177099773252,0.06833670350067345,0.20298710150286492,0.14733065649932653,-0.012250349977325214,0.11863305649932657,0.00018483658126207901
2025-12-11 00:00:00+00:00,0.44920000000000004,-0.007507550903000391,0.22685864085228324,0.06792215578711551,0.18858120599788764,0.13385848421288454,-0.025078000852283205,0.0962648842128845,0.0006351217598041548
2025-12-12 00:00:00+00:00,0.4446,0.005638643885367547,0.21734813718078022,0.06757570774315849,0.18464672007616734,0.1300934522568415,-0.01967897718078024,0.10077038225684151,0.0006601959481020436
2025-12-13 00:00:00+00:00,0.4422,-0.024663417830504387,0.22243555224877812,0.06056226971051639,0.19610597384228035,0.1349785702894836,-0.026894712248778124,0.1131599702894836,8.191794146590343e-05
2025-12-14 00:00:00+00:00,0.4465,-6.650041565214277e-05,0.2181567935292125,0.06065526608763002,0.2002171015120416,0.13870698391237,-0.018794543529212476,0.10966602391236999,0.0006886722507540787
2025-12-15 00:00:00+00:00,0.46740000000000004,-0.023482996662048443,0.19133193353708175,0.07773025942914909,0.188598530439402,0.14073250057085096,0.027130826462918284,0.09607535057085091,0.00013566857370629463
2025-12-16 00:00:00+00:00,0.4668,-0.019490176114134557,0.19471932132896125,0.07624229348688426,0.19067992922120952,0.14165994651311575,0.02318291867103875,0.09030331651311575,0.0003046366998802014
2025-12-17 00:00:00+00:00,0.4569,0.01592081424065048,0.19551854286104045,0.07547797075584509,0.18216745595789874,0.1332796392441549,0.013239067138959532,0.08943923924415492,0.0004294493515402717
2025-12-18 00:00:00+00:00,0.47,-0.01843476101087189,0.1939531069744386,0.0713432510509902,0.2028984255924533,0.14955674894900978,0.026946893025561386,0.07511603894900983,0.00033964241934874987
2025-12-19 00:00:00+00:00,0.47479999999999994,-0.00853884631563549,0.19414526778645327,0.07071751664581626,0.20887234697042828,0.1547175233541837,0.031289772213546674,0.08200712335418374,0.00060334368168015
2025-12-20 00:00:00+00:00,0.4506,0.030134389010446606,0.20231959638505673,0.06283735442416608,0.1999261991667935,0.14020300557583393,0.0007207636149432761,0.09900793557583393,-0.00023454655354434087
2025-12-21 00:00:00+00:00,0.4511,0.002550891643931382,0.1655250449429602,0.06427641904460485,0.1975720547067743,0.13921479095539516,0.037966165057039813,0.09333258095539518,0.0006617795983962635
2025-12-22 00:00:00+00:00,0.4507,0.003278246701597808,0.1617484430492783,0.09007728464293634,0.15057121990229538,0.11305320535706366,0.0413820469507217,0.08826000535706362,0.0006488483259607234
2025-12-23 00:00:00+00:00,0.4509,-0.0003837905002521256,0.16148023419320898,0.09160567452795679,0.1482357065526943,0.11170513547204322,0.04183057580679103,0.0695162854720432,0.0006479304938930121
2025-12-24 00:00:00+00:00,0.434,-0.012656958640821118,0.1561609310754321,0.08967149463402214,0.13454800946725676,0.09868450536597785,0.03219506892456789,0.061493945365977895,0.0004744837760467354
2025-12-25 00:00:00+00:00,0.42810000000000004,0.0022157256997725134,0.15299505991247966,0.08961586779562712,0.12874090493918994,0.0936537422043729,0.030274550087520363,0.055240492204372924,0.0006178214308562443
2025-12-26 00:00:00+00:00,0.4255,-0.005181506905938963,0.1520427615477741,0.08951038480092173,0.1263171381898326,0.09153986519907827,0.029007488452225894,0.05694890519907829,0.0005866658711152137
2025-12-27 00:00:00+00:00,0.4104,0.0015927675692637444,0.1373828563951121,0.09959130135447734,0.09481910489626061,0.06883685864552265,0.031045303604887886,0.06982325864552262,0.0006022824458082012
2025-12-28 00:00:00+00:00,0.4183,0.005765415580849035,0.13662002277566868,0.10357988304427249,0.09646171289874089,0.07139500695572751,0.03835486722433132,0.04657636695572753,0.0005642028553262219
2025-12-29 00:00:00+00:00,0.4211,0.0009557837015526943,0.13630987679971238,0.10486464926707426,0.09727188314311824,0.07246056073292573,0.04101533320028761,0.04105935073292574,0.0005903035304838828
2025-12-30 00:00:00+00:00,0.4225,-0.00799291747610055,0.13707908526702087,0.10409304478149767,0.09986546250982725,0.07441320521850231,0.04142716473297911,0.04030695521850233,0.0005218651368869131
2025-12-31 00:00:00+00:00,0.4279,0.014092917116078156,0.13920559637044985,0.13625882670040487,0.05876746729608773,0.04683958329959512,0.04389281362955014,0.03638142329959512,0.00038140005245615503
2026-01-01 00:00:00+00:00,0.4301,-0.00947206936521134,0.11391103537118358,0.1354402471565579,0.06207792572108134,0.04954576284344209,0.0710749746288164,0.02818000284344213,0.00048528109554793074
2026-01-02 00:00:00+00:00,0.42219999999999996,0.013341768172409051,0.07709355890942882,0.1890096843085965,-0.012552440256057118,-0.010756844308596525,0.10115928109057115,0.037375955691403506,0.0003881131480610901
2026-01-03 00:00:00+00:00,0.4343,0.01256583298498152,0.07236562000034942,0.19359710602513572,-0.005696711379909847,-0.004980616025135692,0.1162508699996506,0.03940218397486431,0.000402352304407249
2026-01-04 00:00:00+00:00,0.444,0.007400383850177636,0.07041008400375383,0.19912850130348125,-0.0022381665696931674,-0.0019925013034812478,0.12672591599624616,0.01514790869651872,0.0005021590311987972
2026-01-05 00:00:00+00:00,0.4439,0.010004970586102654,0.060513993555590215,0.2157133065192503,-0.02054946605551211,-0.018666096519250275,0.1365332164444098,0.05198945348074968,0.00045376115809176863
2026-01-06 00:00:00+00:00,0.43939999999999996,0.02504676558416765,0.06812712694797214,0.22274433826522244,-0.03255798358034212,-0.02967197826522247,0.12494523305202783,0.0631597517347775,-7.73579675981081e-05
2026-01-07 00:00:00+00:00,0.4409,-0.00033043228304254803,0.06608599654385068,0.5002299371635778,-0.26636935262570066,-0.3058371271635778,0.1283068134561493,0.18237650283642226,0.0005455785514926246
2026-01-08 00:00:00+00:00,0.4464,-0.02622548693065809,0.07436103199099975,0.6510605445015927,-0.3604832285415236,-0.4517875845015926,0.12491192800900028,-0.30472829450159267,-0.00014684819397386257
2026-01-09 00:00:00+00:00,0.4324,-0.0032227682290434673,0.06833670350067345,0.6550169942454687,-0.37693120182374573,-0.4680472342454687,0.11863305649932657,-0.30277474424546863,0.0005268042882295394
2026-01-10 00:00:00+00:00,0.4052,-0.004721324575599731,0.06792215578711551,0.6575597956974734,-0.40570060777969164,-0.49337275569747335,0.0962648842128845,-0.3293453856974734,0.0005122788321513813
2026-01-11 00:00:00+00:00,0.4103,-0.0018218460886955934,0.06757570774315849,0.6576221721102872,-0.40063906806263017,-0.48927608211028717,0.10077038225684151,-0.3610330121102872,0.0005278174092491958
2026-01-12 00:00:00+00:00,0.4168,0.005642447828293979,0.06056226971051639,0.6614461050515994,-0.396493369610007,-0.48772386505159937,0.1131599702894836,-0.3607035450515994,0.0004966214089889987
2026-01-13 00:00:00+00:00,0.4127,0.0027654945579837177,0.06065526608763002,0.6693549394943609,-0.40544114888224564,-0.49903364949436085,0.10966602391236999,-0.36365652949436095,0.000518818100123735
2026-01-14 00:00:00+00:00,0.4169,0.04421397112329563,0.07773025942914909,0.6473898129316578,-0.38770537714562764,-0.47358420293165776,0.09607535057085091,-0.3418019729316578,-0.0014310613246834006
2026-01-15 00:00:00+00:00,0.4081,0.016048937483923123,0.07624229348688426,0.6619902332732666,-0.4055278223323404,-0.49544462327326655,0.09030331651311575,-0.3911740732732666,0.00026216724490653375
2026-01-16 00:00:00+00:00,0.4061,-0.013807652939530256,0.07547797075584509,0.6620539226337088,-0.40756696051499397,-0.49713671263370873,0.08943923924415492,-0.4131527126337088,0.00032439425637454083
2026-01-17 00:00:00+00:00,0.38270000000000004,-2.0923347317869458e-05,0.0713432510509902,0.6645574627240953,-0.43250393934529985,-0.5180981727240953,0.07511603894900983,-0.40159362272409527,0.0005110414087888794
2026-01-18 00:00:00+00:00,0.3908,-0.004634832393868581,0.07071751664581626,0.6643094140022097,-0.4242517860861417,-0.5115847740022097,0.08200712335418374,-0.3919298040022096,0.0004827619368999245
2026-01-19 00:00:00+00:00,0.4023,-0.016136816131749655,0.06283735442416608,0.6661992779319328,-0.4139103147669312,-0.5043539879319328,0.09900793557583393,-0.39569526793193277,0.00023720655417119998
2026-01-20 00:00:00+00:00,0.397,-0.011170780279405742,0.06427641904460485,0.6676389562852518,-0.4200917673586314,-0.5100299562852518,0.09333258095539518,-0.3795920662852518,0.0003690549501410206
2026-01-21 00:00:00+00:00,0.42229999999999995,-0.04616671952511199,0.09007728464293634,0.6425194322028331,-0.3792730984775083,-0.46418214220283316,0.08826000535706362,-0.3652118722028332,-0.0016417148656829594
2026-01-22 00:00:00+00:00,0.4014,0.01121465031055897,0.09160567452795679,0.6436558747374523,-0.40088166795549574,-0.48253391473745233,0.0695162854720432,-0.37915138473745236,0.00036161852526119475
2026-01-23 00:00:00+00:00,0.38880000000000003,0.0011067574815737775,0.08967149463402214,0.6436463064858843,-0.41347570478351403,-0.49248086648588424,0.061493945365977895,-0.3763573064858843,0.0004823091317125969
2026-01-24 00:00:00+00:00,0.38060000000000005,0.0005808368681941416,0.08961586779562712,0.6439359708765059,-0.4218562111894367,-0.4990796108765059,0.055240492204372924,-0.37353597087650586,0.00047980027419464687
2026-01-25 00:00:00+00:00,0.38270000000000004,-0.004263587531061998,0.08951038480092173,0.6682903612557115,-0.4347902820558245,-0.5218310712557115,0.05694890519907829,-0.3535693612557114,0.00045845140766634254
2026-01-26 00:00:00+00:00,0.41159999999999997,-0.028828898563482863,0.09959130135447734,0.659294432249051,-0.4003694774122061,-0.48987987224905105,0.06982325864552262,-0.3255571422490511,-0.0003576347978630364
2026-01-27 00:00:00+00:00,0.3875,0.019001806463014338,0.10357988304427249,0.6980706698842574,-0.4480062356944186,-0.5479144198842574,0.04657636695572753,-0.4108818598842573,0.00011249202785447524
2026-01-28 00:00:00+00:00,0.382,0.01032040436591899,0.10486464926707426,0.6974147896320168,-0.45311363875344335,-0.5514907896320167,0.04105935073292574,-0.4250351796320167,0.0003647833879704956
2026-01-29 00:00:00+00:00,0.38,0.0006835078785468816,0.10409304478149767,0.7045633164726725,-0.4593826996505661,-0.5601633164726725,0.04030695521850233,-0.42841306647267247,0.00046795926081558077
2026-01-30 00:00:00+00:00,0.4155,-0.053313911976941596,0.13625882670040487,0.6732855582630168,-0.4050397968794791,-0.5006453082630169,0.03638142329959512,-0.3684711482630168,-0.0023770614924768577
2026-01-31 00:00:00+00:00,0.4045,-0.004737044184530902,0.1354402471565579,0.6769746917965583,-0.41828471777042525,-0.5133544417965583,0.02818000284344213,-0.3737042017965584,0.00044191704709699834
2026-02-01 00:00:00+00:00,0.4758,-0.0676828650037819,0.1890096843085965,0.6461069588854683,-0.3280077872759559,-0.4197213188854683,0.037375955691403506,-0.36116451888546824,-0.004118564791375873
2026-02-02 00:00:00+00:00,0.4827,-0.023128954123996726,0.19359710602513572,0.6401828296795171,-0.3174142603900503,-0.4071835396795171,0.03940218397486431,-0.3331560196795172,-6.814740562793604e-05
2026-02-03 00:00:00+00:00,0.4629,0.022569911596794934,0.19912850130348125,0.6800387741708749,-0.3617446350828185,-0.4657623641708749,0.01514790869651872,-0.37201377417087483,-3.8546572500837136e-05
2026-02-04 00:00:00+00:00,0.5174,-0.03825224322438444,0.2157133065192503,0.6699409416645512,-0.30109920077209074,-0.4022381816645512,0.05198945348074968,-0.37062253166455117,-0.0009908144404645884
2026-02-05 00:00:00+00:00,0.5347,-0.034716472839923386,0.22274433826522244,0.6743002587464209,-0.28645787687047175,-0.3883961687464209,0.0631597517347775,-0.3660532187464208,-0.0007263612535684257
2026-02-06 00:00:00+00:00,0.8262,-0.1510203453558026,0.5002299371635778,0.39874285301809953,0.1947391120440638,0.2838635869819005,0.18237650283642226,-0.05499516301809948,-0.022319794694947537
2026-02-07 00:00:00+00:00,0.5885,0.11438886477412466,0.6510605445015927,0.2441614299699744,0.09437306289782749,0.10217082003002562,-0.30472829450159267,0.12125882003002567,-0.012552876648239918
2026-02-08 00:00:00+00:00,0.5935,-0.018318675859344682,0.6550169942454687,0.25635248413732226,0.08718736522053672,0.09588976586267778,-0.30277474424546863,0.051561525862677815,0.0002097919229794404
2026-02-09 00:00:00+00:00,0.5729,0.015208165088694462,0.6575597956974734,0.2593338557284571,0.06365167577255881,0.06888055427154288,-0.3293453856974734,0.04360630427154294,0.0003291709009363848
2026-02-10 00:00:00+00:00,0.5446,-0.0029061919450268712,0.6576221721102872,0.25937049843589416,0.03531569979441329,0.037218661564105804,-0.3610330121102872,0.03147399156410585,0.0005669929031731814
2026-02-11 00:00:00+00:00,0.5484,-0.018604651990431494,0.6614461050515994,0.25548703041666393,0.042942751148364766,0.04525552958333606,-0.3607035450515994,0.03892772958333601,0.00024101747499986496
2026-02-12 00:00:00+00:00,0.5529,-0.025645450809578623,0.6693549394943609,0.24787654299088974,0.055027985330677764,0.057821867009110184,-0.36365652949436095,0.03281149700911018,-5.893856731784095e-05
2026-02-13 00:00:00+00:00,0.5528,-0.012227934180565326,0.6473898129316578,0.24624501298060064,0.05656919384161496,0.0593428270193993,-0.3418019729316578,0.03741774701939932,0.0004615914128903741
2026-02-14 00:00:00+00:00,0.5204,0.03817856653920181,0.6619902332732666,0.2345080533376748,0.03613968432497505,0.036308106662325174,-0.3911740732732666,0.04522715666232521,-0.0008344542489243334
2026-02-15 00:00:00+00:00,0.4989,0.01399592875277237,0.6620539226337088,0.24174937030650268,0.007219849590709371,0.007151839693497336,-0.4131527126337088,0.037140239693497334,0.00043678509706878083
2026-02-16 00:00:00+00:00,0.5128,-0.01434471526989636,0.6645574627240953,0.241402515006809,0.021472700731163363,0.02156132499319105,-0.40159362272409527,0.022999124993190984,0.00043457003423656113
2026-02-17 00:00:00+00:00,0.5219,0.0010459948072845495,0.6643094140022097,0.25764284252112035,0.014314694340822776,0.014736767478879698,-0.3919298040022096,0.031478447478879734,0.0006498864702055995
2026-02-18 00:00:00+00:00,0.5201,-0.02038941187883929,0.6661992779319328,0.2566762318081521,0.013467754867347526,0.01382777819184794,-0.39569526793193277,0.037847058191848026,0.00024617985309806107
2026-02-19 00:00:00+00:00,0.5367000000000001,-0.015592179441015108,0.6676389562852518,0.2544788757244238,0.03224100689508591,0.03356801427557626,-0.3795920662852518,0.04189248427557618,0.0004287150809184552
2026-02-20 00:00:00+00:00,0.5266,0.008169918847657186,0.6425194322028331,0.26008342889030966,0.016616246444742355,0.01722413110969029,-0.3652118722028332,0.044841411109690366,0.0006169957027350246
2026-02-21 00:00:00+00:00,0.5143,0.014804547183560217,0.6436558747374523,0.2602498154625426,0.004153143239573942,0.00425467453745737,-0.37915138473745236,0.061692944537457384,0.00047360704022398573
2026-02-22 00:00:00+00:00,0.517,-0.0006621785916830839,0.6436463064858843,0.28346498866766434,-0.015414301712176282,-0.016175988667664343,-0.3763573064858843,0.003081101332335634,0.0007017845039876025
2026-02-23 00:00:00+00:00,0.52,-0.004913797266202972,0.6439359708765059,0.283400586649437,-0.012353817164333813,-0.013000586649436985,-0.37353597087650586,-0.005882346649436987,0.0006886824722257429
2026-02-24 00:00:00+00:00,0.561,-0.044943396564279724,0.6682903612557115,0.2601854289897661,0.050916252964509745,0.054535571010233985,-0.3535693612557114,0.00032273101023388984,-0.0012956158463322842
2026-02-25 00:00:00+00:00,0.5777,-0.00957674094766178,0.659294432249051,0.27453025572508555,0.05374365093541855,0.059207034274914416,-0.3255571422490511,0.0015149042749144082,0.0006479454474332502
2026-02-26 00:00:00+00:00,0.5359,0.05956640557956584,0.6980706698842574,0.2468274953691004,0.039082633788732835,0.040361314630899675,-0.4108818598842573,0.04164891463089962,-0.0027934906170483283
2026-02-27 00:00:00+00:00,0.5219,-0.007252777422373373,0.6974147896320168,0.24619260117145164,0.02572200656271384,0.026187008828548408,-0.4250351796320167,0.042606158828548346,0.0007145776653236115
2026-02-28 00:00:00+00:00,0.5255,-0.024249068730712264,0.7045633164726725,0.23944610922109624,0.03616769039731671,0.03670414077890374,-0.42841306647267247,0.058233250778903706,0.00019071156888953973
2026-03-01 00:00:00+00:00,0.5521,0.016480247659429532,0.6732855582630168,0.23789187219868368,0.06435839607566418,0.06692253780131635,-0.3684711482630168,0.06791712780131626,0.0005191623265815844
2026-03-02 00:00:00+00:00,0.5507,-0.01804594254722677,0.6769746917965583,0.23976260708234326,0.06104439951906676,0.06350788291765669,-0.3737042017965584,0.03324364291765669,0.0004771755466232866
2026-03-03 00:00:00+00:00,0.5338,0.045209471100891685,0.6461069588854683,0.21496223741080378,0.07015979746056994,0.0699802025891963,-0.36116451888546824,0.05015977258919624,-0.001228311241605922
2026-03-04 00:00:00+00:00,0.5540999999999999,-0.006930641356590788,0.6401828296795171,0.21834246838245724,0.08682869938069454,0.08868434161754268,-0.3331560196795172,0.040229781617542815,0.0007728988989707884
2026-03-05 00:00:00+00:00,0.555,0.061524238829678654,0.6800387741708749,0.17230451264736948,0.1399042126841451,0.13572048735263056,-0.37201377417087483,0.052466297352630475,-0.0029575387708772748
2026-03-06 00:00:00+00:00,0.5471,-0.02516496126683445,0.6699409416645512,0.16487982024725575,0.14104603776436841,0.13443858975274428,-0.37062253166455117,0.059511869752744195,0.00020297943220127905
2026-03-07 00:00:00+00:00,0.5552,-0.039541541707063005,0.6743002587464209,0.15364914782326017,0.16321894456076053,0.15459789217673986,-0.3660532187464208,0.07226094217673984,-0.0007243915388362432
2026-03-08 00:00:00+00:00,0.5863,-0.012593284555962076,0.39874285301809953,0.15179368792187728,0.1966929057089986,0.19195400207812277,-0.05499516301809948,0.08820832207812274,0.0006825916178825214
2026-03-09 00:00:00+00:00,0.6045,-0.019480501584951952,0.2441614299699744,0.17081175316309585,0.1912062144634935,0.1946084968369042,0.12125882003002567,0.053579936836904096,0.0004307464872224289
2026-03-10 00:00:00+00:00,0.5549000000000001,0.036572918086345274,0.25635248413732226,0.15639468436467982,0.15943232197222518,0.15151932563532025,0.051561525862677815,0.04029756563532019,-0.000525598711779745
2026-03-11 00:00:00+00:00,0.5504,0.02182504354479582,0.2593338557284571,0.15184351470552204,0.16072896604248083,0.15109664529447797,0.04360630427154294,0.04635952529447798,0.00033159885874265213
2026-03-12 00:00:00+00:00,0.5393,0.00338491964450033,0.25937049843589416,0.15487583511829345,0.14575732744936865,0.13596865488170656,0.03147399156410585,0.031230124881706567,0.0007941655527902301
2026-03-13 00:00:00+00:00,0.5426,0.005190753646588205,0.25548703041666393,0.15456611648781263,0.1494510250708866,0.13984864351218732,0.03892772958333601,0.04443909351218736,0.0007781546829731253
2026-03-14 00:00:00+00:00,0.5297999999999999,0.005671827992748493,0.24787654299088974,0.16674937053533095,0.12145043095978292,0.11393866946466896,0.03281149700911018,0.039639119464669026,0.0007723510923348299
2026-03-15 00:00:00+00:00,0.5326,0.003927342271074991,0.24624501298060064,0.19791612951725399,0.08772234320292727,0.08574663048274597,0.03741774701939932,-0.004228119517253992,0.0007868126557451883
2026-03-16 00:00:00+00:00,0.5289,0.02220183164743867,0.2345080533376748,0.19210327854207362,0.09060411986641537,0.08763193145792639,0.04522715666232521,0.0023777214579263906,0.0003073130541471925
2026-03-17 00:00:00+00:00,0.5281,0.028125837922035574,0.24174937030650268,0.183482152853464,0.09975183220484768,0.095407457146536,0.037140239693497334,0.009414487146536032,9.986148945942733e-06
2026-03-18 00:00:00+00:00,0.5142,-0.013313985181194084,0.241402515006809,0.18159994025994974,0.08805455504024245,0.08280169974005025,0.022999124993190984,-0.0024170502599497323,0.000626525373024168
2026-03-19 00:00:00+00:00,0.5377000000000001,-0.03655017844921285,0.25764284252112035,0.1728644299402968,0.12193031623229583,0.11625686005970329,0.031478447478879734,0.010576460059703169,-0.0005319966643040065
2026-03-20 00:00:00+00:00,0.5427000000000001,-0.01833795683560593,0.2566762318081521,0.17274416414942312,0.12707497169994314,0.12177912585057699,0.037847058191848026,0.021736835850576897,0.00046916714000869576
2026-03-21 00:00:00+00:00,0.5444,0.00790641828512193,0.2544788757244238,0.17986567969709602,0.12029425882558953,0.11650568030290395,0.04189248427557618,0.008837680302903939,0.0007451298923664431
2026-03-22 00:00:00+00:00,0.5522,-0.02296509915921513,0.26008342889030966,0.1826941053451438,0.12477268998677238,0.12223073465485623,0.044841411109690366,-0.006042015345143786,0.0002810057886439461
2026-03-23 00:00:00+00:00,0.5674,-0.015259430722898645,0.2602498154625426,0.1803580363454892,0.14271419102412997,0.1415847236545108,0.061692944537457384,-0.0028643463454891827,0.0005780734680769839
2026-03-24 00:00:00+00:00,0.5353,0.0436867818488099,0.28346498866766434,0.16411521898407033,0.13018863384981366,0.12243087101592964,0.003081101332335634,0.022336021015929686,-0.00109236571013199
2026-03-25 00:00:00+00:00,0.5268,-0.004341899009271799,0.283400586649437,0.16390161873133127,0.12195235120933301,0.11361662126866875,-0.005882346649436987,0.019539271268668695,0.000799075749522965
2026-03-26 00:00:00+00:00,0.5104,0.01057420184336255,0.2601854289897661,0.16390554578313501,0.10554750120181416,0.09660261421686497,0.00032273101023388984,-0.002622985783135051,0.0007067641594854171
2026-03-27 00:00:00+00:00,0.5254,-0.0356474518323033,0.27453025572508555,0.14851051102507695,0.14002938484482635,0.127534648974923,0.0015149042749144082,0.01770877897492304,-0.00045711386231903235
2026-03-28 00:00:00+00:00,0.5371,-0.03565413673514038,0.2468274953691004,0.13517265867726103,0.16944165496039532,0.153303751322739,0.04164891463089962,0.027558901322739,-0.00046285919418196807
2026-03-29 00:00:00+00:00,0.5374,-0.0006478391777551055,0.24619260117145164,0.13852418567327632,0.16521162609066314,0.15027457432672367,0.042606158828548346,0.02647425432672365,0.0008080561655869802
2026-03-30 00:00:00+00:00,0.5456,-0.005788881291438351,0.23944610922109624,0.14027479325643427,0.17106723340082208,0.15740456674356568,0.058233250778903706,0.02439884674356571,0.0007764641803342744
2026-03-31 00:00:00+00:00,0.5529999999999999,0.011993875696566323,0.23789187219868368,0.13920874644148887,0.17989311659862273,0.16660025355851107,0.06791712780131626,0.017765693558511125,0.0006680884014830783
2026-04-01 00:00:00+00:00,0.5225,0.021895549181317083,0.23976260708234326,0.13406722186064288,0.15634808909327963,0.13893902813935707,0.03324364291765669,0.017098218139357163,0.0003326172118932736
2026-04-02 00:00:00+00:00,0.5149,-0.0023472811669363208,0.21496223741080378,0.1412770411882535,0.13903161720057716,0.12384496881174653,0.05015977258919624,0.007101998811746557,0.0008037586994338483
2026-04-03 00:00:00+00:00,0.5085000000000001,-0.018051620225433662,0.21834246838245724,0.1377346828864938,0.13737376421695308,0.12083756711350627,0.040229781617542815,0.016792927113506217,0.00048159735061570975
2026-04-04 00:00:00+00:00,0.47409999999999997,0.0011359561188047456,0.17230451264736948,0.1377464101152827,0.10295796503860849,0.08702439988471725,0.052466297352630475,0.014743839884717252,0.0008017428731025429
2026-04-05 00:00:00+00:00,0.47369999999999995,0.004798602415388328,0.16487982024725575,0.1405973633773237,0.09873685064086135,0.08379432662267625,0.059511869752744195,0.02750263662267627,0.0007724035618909926
2026-04-06 00:00:00+00:00,0.4753,0.02530740117466833,0.15364914782326017,0.13491947576215854,0.10798613453592781,0.09099061423784147,0.07226094217673984,0.027328364237841463,0.0001481229699853093
2026-04-07 00:00:00+00:00,0.4899,-0.0024672378014920157,0.15179368792187728,0.13538241288065278,0.12195650857685664,0.10461959711934724,0.08820832207812274,0.01993239711934719,0.0007749809056674185
2026-04-08 00:00:00+00:00,0.47369999999999995,0.04407514710088312,0.17081175316309585,0.11545664220778015,0.133910885683811,0.1089350477922198,0.053579936836904096,0.035475607792219865,-0.0011710249152521572
2026-04-09 00:00:00+00:00,0.4435,-0.012353694936196325,0.15639468436467982,0.113648420452211,0.10638218609481492,0.08304382954778901,0.04029756563532019,0.028179139547788987,0.0006061005775877808
2026-04-10 00:00:00+00:00,0.44520000000000004,0.010112555889752704,0.15184351470552204,0.11281659801558676,0.10931817849787295,0.08538644198441327,0.04635952529447798,0.03625661198441325,0.0006462933311848472
2026-04-11 00:00:00+00:00,0.4314,0.016145881696211645,0.15487583511829345,0.11402341065559174,0.09372647326805178,0.07208254934440828,0.031230124881706567,0.03590042934440826,0.0004783025882702025
2026-04-12 00:00:00+00:00,0.4461,0.0012196711141216378,0.15456611648781263,0.11439048180290705,0.10788338035674971,0.08461472819709294,0.04443909351218736,0.03252840819709292,0.0007279393238345645
2026-04-13 00:00:00+00:00,0.4543,-0.03214860773269497,0.16674937053533095,0.10467995060195794,0.13075718891936733,0.10170853939804204,0.039639119464669026,0.043930299398042036,-0.00031281925860274945
2026-04-14 00:00:00+00:00,0.4401,0.05076490362923904,0.19791612951725399,0.07596322243045911,0.1644857361629135,0.11772478756954088,-0.004228119517253992,0.08267966756954087,-0.001863147066969946
2026-04-15 00:00:00+00:00,0.441,-0.003892654004495549,0.19210327854207362,0.08165067280173302,0.15525418147988057,0.112830327198267,0.0023777214579263906,0.07060536719826702,0.0006905587461711477
2026-04-16 00:00:00+00:00,0.43920000000000003,0.009081689588408447,0.183482152853464,0.08809836759828883,0.14238630827017296,0.1047982724017112,0.009414487146536032,0.06439188240171113,0.000615448642986917
2026-04-17 00:00:00+00:00,0.4233,0.004749715408177439,0.18159994025994974,0.08963588454674458,0.12390747413012365,0.08954700545325543,-0.0024170502599497323,0.07204852545325542,0.0006675126930390388
2026-04-18 00:00:00+00:00,0.42829999999999996,0.02485816556201979,0.1728644299402968,0.08302894980668901,0.1401525554395996,0.10041194019331096,0.010576460059703169,0.07889681019331102,6.436156014235489e-05
2026-04-19 00:00:00+00:00,0.441,-0.018066427465901577,0.17274416414942312,0.07946562237517531,0.1591035254296796,0.11501537762482471,0.021736835850576897,0.07997486762482468,0.0003462429757882669
2026-04-20 00:00:00+00:00,0.43439999999999995,-0.02545273060230518,0.17986567969709602,0.07164874607797297,0.16672716596940024,0.11705461392202698,0.008837680302903939,0.08643701392202699,1.566099986364622e-05
2026-04-21 00:00:00+00:00,0.4203,0.027565723649634458,0.1826941053451438,0.06348350201420655,0.16834067388920382,0.11316858798579346,-0.006042015345143786,0.08451058798579344,-0.00010619931941477443
2026-04-22 00:00:00+00:00,0.4213,0.006390974478313468,0.1803580363454892,0.06299245764305543,0.1703170172241643,0.11450123235694458,-0.0028643463454891827,0.07110998235694456,0.0006011108397380939
2026-04-23 00:00:00+00:00,0.4318,0.023948044258463485,0.16411521898407033,0.06506070665563732,0.17672999655851862,0.1213905333443627,0.022336021015929686,0.0725061033443627,5.525487482481103e-05
2026-04-24 00:00:00+00:00,0.42829999999999996,0.0011383768488872203,0.16390161873133127,0.06813066622964427,0.16728148297554774,0.1153102237703557,0.019539271268668695,0.06655833377035576,0.0006183267145882739
2026-04-25 00:00:00+00:00,0.40159999999999996,-0.010589453055059143,0.16390554578313501,0.06695540646535005,0.142842572154247,0.09432715353464992,-0.002622985783135051,0.06286068353464995,0.0004988945616202693
2026-04-26 00:00:00+00:00,0.4077,0.0023228214645704417,0.14851051102507695,0.06703548822143503,0.14878787548391054,0.09918380177856496,0.01770877897492304,0.05157587177856496,0.0005965738794391647
2026-04-27 00:00:00+00:00,0.40340000000000004,0.013227079402547547,0.13517265867726103,0.06890311332492709,0.14090597468718058,0.09382844667507294,0.027558901322739,0.05969084667507289,0.0004169839896567846
2026-04-28 00:00:00+00:00,0.40619999999999995,-0.016609866582109126,0.13852418567327632,0.07022658449255603,0.14119701040826715,0.09477185550744394,0.02647425432672365,0.06808302550744394,0.00030456840335741123
2026-04-29 00:00:00+00:00,0.4058,-0.01331903530239599,0.14027479325643427,0.06960983865488032,0.1419632348309275,0.09506380134511966,0.02439884674356571,0.06929545134511969,0.0003917534045496025
2026-04-30 00:00:00+00:00,0.3962,-0.007498851116323502,0.13920874644148887,0.0689804682055825,0.13355867003538363,0.0879939717944175,0.017765693558511125,0.0605475417944175,0.0005007706967753964
2026-05-01 00:00:00+00:00,0.38880000000000003,0.0075381703690006316,0.13406722186064288,0.06868863786305004,0.12671482708277826,0.08247680213695,0.017098218139357163,0.05577920213694995,0.00048658725506782956
2026-05-02 00:00:00+00:00,0.38520000000000004,0.024456034404973605,0.1412770411882535,0.06149682923118306,0.13721445761661216,0.08688221076881698,0.007101998811746557,0.07099917076881694,-6.581336584921612e-05
2026-05-03 00:00:00+00:00,0.3931,0.005891371286241579,0.1377346828864938,0.07275226338432887,0.12337372507608962,0.08177534661567114,0.016792927113506217,0.06615302661567114,0.00048691453888819613
2026-05-04 00:00:00+00:00,0.39049999999999996,-0.0015014253634857107,0.1377464101152827,0.128599155694829,0.031892755657628946,0.023891094305170973,0.014743839884717252,0.05871668430517102,0.0005098667227911239
2026-05-05 00:00:00+00:00,0.41,0.016042179115948487,0.1405973633773237,0.1448952755681596,0.029348879460260102,0.02320472443184038,0.02750263662267627,0.08454572443184039,0.00024816852574150664
2026-05-06 00:00:00+00:00,0.4028,0.013182900280987774,0.13491947576215854,0.14298638977266856,0.02466458804725974,0.019261450227331445,0.027328364237841463,0.07018050022733144,0.00032659038310390686
2026-05-07 00:00:00+00:00,0.39409999999999995,0.006643559930242274,0.13538241288065278,0.16730658269620421,-0.014931273494098785,-0.011991772696204245,0.01993239711934719,0.0741673773037958,0.00045042845026606456
2026-05-08 00:00:00+00:00,0.3885,-0.01746092827177128,0.11545664220778015,0.1636940606422275,-0.01609122660066109,-0.012761810642227478,0.035475607792219865,0.07269637935777248,0.00018194733183326384
2026-05-09 00:00:00+00:00,0.3766,0.0019982022834135076,0.113648420452211,0.18256602539931455,-0.05067745716257316,-0.040738465399314555,0.028179139547788987,0.061173664600685435,0.00047612991092223233
2026-05-10 00:00:00+00:00,0.3861,0.005821925732057863,0.11281659801558676,0.18234564356350594,-0.040919488505508306,-0.033272433563505927,0.03625661198441325,0.025955316436494097,0.0004412174300854709
2026-05-11 00:00:00+00:00,0.3872,0.018970492237906526,0.11402341065559174,0.18377683778117096,-0.04149200806776299,-0.03385299778117096,0.03590042934440826,0.03003692221882906,0.00011074593110084327
2026-05-12 00:00:00+00:00,0.3833,-0.005626529028878536,0.11439048180290705,0.1835385628049223,-0.045114008646918946,-0.03661967280492234,0.03252840819709292,0.03698559719507771,0.0004356633747401552
2026-05-13 00:00:00+00:00,0.38549999999999995,-0.015342982989558804,0.10467995060195794,0.19491789862169778,-0.055995072024250137,-0.04630764862169781,0.043930299398042036,-0.007688608621697762,0.0002271573350825657
2026-05-14 00:00:00+00:00,0.3983,-0.014724008037606586,0.07596322243045911,0.19229104029083946,-0.040210023022096364,-0.03364815029083948,0.08267966756954087,-0.02850895029083947,0.0002404914978107797
2026-05-15 00:00:00+00:00,0.39020000000000005,0.021968487193022558,0.08165067280173302,0.18864736965453685,-0.04413554960944288,-0.036391329654536814,0.07060536719826702,-0.02242807965453686,-2.8526986627621742e-05
2026-05-16 00:00:00+00:00,0.39049999999999996,-0.02474721405139055,0.08809836759828883,0.18600004776161178,-0.04077722842924575,-0.03350979776161181,0.06439188240171113,-0.023349157761611783,-0.00016219332111356113
2026-05-17 00:00:00+00:00,0.4021,-0.012203731089143813,0.08963588454674458,0.1851081233080511,-0.02814193578503138,-0.023423713308051097,0.07204852545325542,-0.035184283308051095,0.00029761014841710675
2026-05-18 00:00:00+00:00,0.40240000000000004,-0.008654054717265488,0.08302894980668901,0.1853964684868852,-0.02817690194306194,-0.023470708486885178,0.07889681019331102,-0.043493578486885176,0.0003700505031606206
2026-05-19 00:00:00+00:00,0.3993,-0.005789609152005206,0.07946562237517531,0.18891753201870828,-0.03534644484765809,-0.029477042018708294,0.07997486762482468,-0.032576372018708305,0.0004094587400222687
2026-05-20 00:00:00+00:00,0.39759999999999995,-0.0023148459520720703,0.07164874607797297,0.1959174226959795,-0.0450256010399529,-0.03783166269597954,0.08643701392202699,-0.015547332695979521,0.0004344197557980842
2026-05-21 00:00:00+00:00,0.3847,0.009420890079045667,0.06348350201420655,0.19585097215284927,-0.057850530620910334,-0.04785688215284928,0.08451058798579344,-0.03150181215284928,0.0003482289698445663
2026-05-22 00:00:00+00:00,0.36619999999999997,0.0006962352008941815,0.06299245764305543,0.19758467092490728,-0.07830497289108851,-0.06348223092490729,0.07110998235694456,-0.038782420924907274,0.0004338802273212915
2026-05-23 00:00:00+00:00,0.3709,-0.027267231126988395,0.06506070665563732,0.19156642458285467,-0.06678301838528605,-0.053999614582854655,0.0725061033443627,-0.01717666458285469,-0.0003130995937892259
2026-05-24 00:00:00+00:00,0.36700000000000005,0.015925493596400976,0.06813066622964427,0.19013462113750162,-0.06904428804595247,-0.055445621137501594,0.06655833377035576,-0.026837811137501666,0.0001723166217475212
2026-05-25 00:00:00+00:00,0.3603,0.00394205822504081,0.06695540646535005,0.19511533363281497,-0.0814186136363454,-0.06529924363281497,0.06286068353464995,-0.02239197363281495,0.0004059459175896575
2026-05-26 00:00:00+00:00,0.3444,0.0034608614101465356,0.06703548822143503,0.20371672367948518,-0.10694989052783116,-0.0851053636794852,0.05157587177856496,-0.0001352836794851764,0.0004066345287107174
2026-05-27 00:00:00+00:00,0.3586,-0.018123439593107808,0.06890311332492709,0.20525294383012405,-0.09444850052739834,-0.07665898383012407,0.05969084667507289,0.011530416169875962,8.580527156154766e-05
2026-05-28 00:00:00+00:00,0.37189999999999995,-0.019612906974983357,0.07022658449255603,0.20090911999458533,-0.07632887010386263,-0.06259950999458536,0.06808302550744394,0.006115880005414687,2.6480625196128595e-05
2026-05-29 00:00:00+00:00,0.37270000000000003,-0.011256343219420784,0.06960983865488032,0.19938807700353298,-0.07382892067987373,-0.06048278700353296,0.06929545134511969,0.004644812996467018,0.0002820041464590198
2026-05-30 00:00:00+00:00,0.3599,-0.002122189916173074,0.0689804682055825,0.20001371901647,-0.08732893356363919,-0.07048570901647,0.0605475417944175,0.027133840983529972,0.00040185244511951065
2026-05-31 00:00:00+00:00,0.3528,0.005730441253644084,0.06868863786305004,0.20117360176196147,-0.09572380289340437,-0.07670576176196148,0.05577920213694995,-0.019271351761961486,0.00037101165491068013
2026-06-01 00:00:00+00:00,0.364,-0.0026438721666649833,0.06149682923118306,0.210179427929554,-0.09445329961682464,-0.07768342792955399,0.07099917076881694,-0.011798267929553963,0.000394421414852179
2026-06-02 00:00:00+00:00,0.37270000000000003,-0.030980839765946303,0.07275226338432887,0.20535021783966778,-0.08045584277339707,-0.06644492783966777,0.06615302661567114,-0.021223407839667807,-0.000559851463653468
2026-06-03 00:00:00+00:00,0.4328,-0.06776732111048799,0.128599155694829,0.15766239287006256,0.03573276026589334,0.02965344712993745,0.05871668430517102,0.0059578571299374605,-0.00419387553743263
2026-06-04 00:00:00+00:00,0.479,-0.039959462254448117,0.1448952755681596,0.1413230269161195,0.10307044953060751,0.08811797308388047,0.08454572443184039,0.014465063083880486,-0.0011950439314272207
2026-06-05 00:00:00+00:00,0.4617,-0.004110247790753679,0.14298638977266856,0.1420525622478826,0.08480138996292041,0.0711143277521174,0.07018050022733144,0.011454677752117393,0.00039042247314426663
2026-06-06 00:00:00+00:00,0.4914,-0.04520018644723404,0.16730658269620421,0.11797697224041498,0.1479222390890278,0.12349698775958504,0.0741673773037958,0.031559917759585054,-0.001631090103266546
2026-06-07 00:00:00+00:00,0.48619999999999997,-0.0028221260136892692,0.1636940606422275,0.11840410166702629,0.14210102925607826,0.11798633833297369,0.07269637935777248,0.020426658332973704,0.000411870771886146
2026-06-08 00:00:00+00:00,0.49369999999999997,0.039434923650983444,0.18256602539931455,0.100948412070046,0.175976201599493,0.142791277929954,0.061173664600685435,0.050139277929954,-0.0011274736353223637
2026-06-09 00:00:00+00:00,0.45640000000000003,-0.003972561350525486,0.18234564356350594,0.10429964410079662,0.13344544576551237,0.10400131589920342,0.025955316436494097,0.051962445899203374,0.00042116536818845725
2026-06-10 00:00:00+00:00,0.46240000000000003,-0.02185204743726291,0.18377683778117096,0.10123153276778558,0.14423096824520215,0.11258222723221444,0.03003692221882906,0.03782287723221443,-3.515643838760313e-05
2026-06-11 00:00:00+00:00,0.4696,-0.0034747063602034497,0.1835385628049223,0.1036788792323879,0.14760795160068335,0.11684528076761212,0.03698559719507771,0.027582410767612073,0.000436116650413558
2026-06-12 00:00:00+00:00,0.43270000000000003,0.03421542053474281,0.19491789862169778,0.08976294431586047,0.1330953533139707,0.09746634568413955,-0.007688608621697762,0.045513895684139535,-0.0007157828252003501
2026-06-13 00:00:00+00:00,0.4047,-0.0009435298147732533,0.19229104029083946,0.08975763941571728,0.10510420661211334,0.07402445058428271,-0.02850895029083947,0.048626360584282755,0.0004575487816256203
2026-06-14 00:00:00+00:00,0.4077,0.013532725195752479,0.18864736965453685,0.09395490839782346,0.10117935078069623,0.07226438160217653,-0.02242807965453686,0.04877793160217657,0.00027577371224656564
2026-06-15 00:00:00+00:00,0.4033,0.019870493263051583,0.18600004776161178,0.11053992652689902,0.07082454748222533,0.05211096347310097,-0.023349157761611783,0.02253911347310096,6.534704360174303e-05
2026-06-16 00:00:00+00:00,0.3872,0.008696102190025635,0.1851081233080511,0.10981832929490645,0.05581151303205106,0.04010551070509355,-0.035184283308051095,0.019637710705093514,0.00038548926514811997
2026-06-17 00:00:00+00:00,0.37670000000000003,-0.009929363866291533,0.1853964684868852,0.11112770244275416,0.04334178059817673,0.03077518755724587,-0.043493578486885176,0.021149987557245814,0.0003614451670007384
2026-06-18 00:00:00+00:00,0.3954,-0.017970032170272605,0.18891753201870828,0.10723689896472198,0.0679295448979832,0.049104261035278,-0.032576372018708305,0.024749991035277988,0.0001352868049865822
2026-06-19 00:00:00+00:00,0.42469999999999997,-0.02409755157906053,0.1959174226959795,0.10254448062673795,0.10447432859507039,0.07782560937326204,-0.015547332695979521,0.025047359373262038,-0.0001227661747538844
2026-06-20 00:00:00+00:00,0.4054,0.009126416679343935,0.19585097215284927,0.10156555524109862,0.08670648697989064,0.06278360475890138,-0.03150181215284928,0.028827654758901367,0.00037666943457672795
2026-06-21 00:00:00+00:00,0.3985,0.011957446756694528,0.19758467092490728,0.10056974987516029,0.08137265984283176,0.058232500124839714,-0.038782420924907274,0.03090901012483968,0.0003184739967411808
2026-06-22 00:00:00+00:00,0.41759999999999997,-0.01577502802071386,0.19156642458285467,0.10228768133493346,0.09777554606482408,0.07210207866506652,-0.01717666458285469,0.03699055866506651,0.00021485871103701676
2026-06-23 00:00:00+00:00,0.40409999999999996,0.011659282624950987,0.19013462113750162,0.10117195355334051,0.08602461026772201,0.06212485644665945,-0.026837811137501666,0.04330405644665948,0.0003311341752468585
2026-06-24 00:00:00+00:00,0.4156,-0.020613428943322194,0.19511533363281497,0.09892848914753152,0.10107100428174909,0.0737948708524685,-0.02239197363281495,0.04906560085246847,4.477217916207721e-05
2026-06-25 00:00:00+00:00,0.4512,-0.026813077540259817,0.20371672367948518,0.09279087723151494,0.14658404961080101,0.11079056276848506,-0.0001352836794851764,0.04425716276848507,-0.00024533702307039644
2026-06-26 00:00:00+00:00,0.4656,-0.021324252216679256,0.20525294383012405,0.0874253943619466,0.1699221442820809,0.1293579656380534,0.011530416169875962,0.0547790156380534,2.6640196166573087e-05
2026-06-27 00:00:00+00:00,0.455,0.005257328541163581,0.20090911999458533,0.09001003837367334,0.15498326984370797,0.11701496162632667,0.006115880005414687,0.04941752162632666,0.0004617782518614083
2026-06-28 00:00:00+00:00,0.4517,-0.001299242291533221,0.19938807700353298,0.0977481661210655,0.13905296879537538,0.10628472387893449,0.004644812996467018,0.042502083878934546,0.0004940051028012248
2026-06-29 00:00:00+00:00,0.47659999999999997,-0.007478390284052494,0.20001371901647,0.09715405543895402,0.1649045469709992,0.12999350456104597,0.027133840983529972,0.041527704561046,0.00044571453812011986
2026-06-30 00:00:00+00:00,0.4265,0.011321253700806475,0.20117360176196147,0.09560397856462072,0.11730106959334297,0.08629827143537927,-0.019271351761961486,0.04464627143537933,0.0003823851013999665
2026-07-01 00:00:00+00:00,0.4454,-0.02733486693804674,0.210179427929554,0.08835569304374112,0.14815314460243467,0.11002546695625891,-0.011798267929553963,0.03802455695625888,-0.00023139391216455633
2026-07-02 00:00:00+00:00,0.4291,0.02372532518960108,0.20535021783966778,0.09227477880189743,0.12533236050906044,0.09185203119810255,-0.021223407839667807,0.03474618119810256,-4.1073107407114105e-05
2026-07-03 00:00:00+00:00,0.4045,0.025939594305158645,0.15766239287006256,0.08410171274707877,0.11449704700283009,0.07951853725292125,0.0059578571299374605,0.04227853725292123,-0.00014691478559293114
2026-07-04 00:00:00+00:00,0.3947,0.015931008706578174,0.1413230269161195,0.08280271057283091,0.1069453986939029,0.07298537942716908,0.014465063083880486,0.04004753942716907,0.00026998674789230023
2026-07-05 00:00:00+00:00,0.3918,0.008766752248781465,0.1420525622478826,0.08187997959594893,0.10565322018944728,0.07162726040405105,0.011454677752117393,0.03894578040405104,0.00044020154815917006
2026-07-06 00:00:00+00:00,0.38670000000000004,0.008015063182070683,0.11797697224041498,0.08209070176672205,0.10018525035048892,0.06744618823327798,0.031559917759585054,0.03378145823327794,0.0004473678854750863
2026-07-07 00:00:00+00:00,0.3726,0.006562844158729414,0.11840410166702629,0.08247834199096585,0.08540957190225534,0.05635241800903415,0.020426658332973704,0.03765321800903412,0.0004601421203838476
2026-07-08 00:00:00+00:00,0.3887,-0.010972647351868217,0.100948412070046,0.08133624974158883,0.10350489179933531,0.06975144025841117,0.050139277929954,0.04102379025841113,0.0003739044941098043
2026-07-09 00:00:00+00:00,0.3953,-0.017065314888349795,0.10429964410079662,0.07881513751347283,0.1145596617629151,0.07744695248652717,0.051962445899203374,0.03637722248652715,0.00019461714191671797
2026-07-10 00:00:00+00:00,0.3729,0.015011277193507028,0.10123153276778558,0.07608017320055724,0.09707365390420508,0.06297423679944278,0.03782287723221443,0.04108911679944276,0.00025575126295576884
2026-07-11 00:00:00+00:00,0.36229999999999996,0.014602237790952707,0.1036788792323879,0.07349813546355954,0.09119460451042372,0.05776315453644043,0.027582410767612073,0.048512354536440455,0.00026103701953300227
2026-07-12 00:00:00+00:00,0.3678,-0.005188403393916476,0.08976294431586047,0.07563138210838842,0.09278839641137249,0.05964545789161159,0.045513895684139535,0.05635550789161155,0.00043919097798455315
2026-07-13 00:00:00+00:00,0.37200000000000005,-0.0006739653711536022,0.08975763941571728,0.07608579901444924,0.09616345598443776,0.06229820098555079,0.048626360584282755,0.05445189098555077,0.0004609117624593077
2026-07-14 00:00:00+00:00,0.3778,-0.022980767251152848,0.09395490839782346,0.06968591928766239,0.11381909294863318,0.07304692071233763,0.04877793160217657,0.058621320712337624,-6.906913194480984e-05
2026-07-15 00:00:00+00:00,0.36479999999999996,0.0419283755648784,0.11053992652689902,0.04829749189752894,0.14503309644641904,0.08478154810247104,0.02253911347310096,0.07287611810247108,-0.0013010870272811815
2026-07-16 00:00:00+00:00,0.35979999999999995,-0.004038914676708444,0.10981832929490645,0.04871752739228464,0.13907952656745987,0.08073851260771533,0.019637710705093514,0.0719692326077154,0.0004378881928918034
2026-07-17 00:00:00+00:00,0.36369999999999997,-0.01436008278427459,0.11112770244275416,0.04621084668043229,0.14873291721653684,0.08606684331956768,0.021149987557245814,0.07642919331956771,0.0002461198416068627
2026-07-18 00:00:00+00:00,0.36329999999999996,0.0017691776375076984,0.10723689896472198,0.04627553905211885,0.14818249942852427,0.08571135094788113,0.024749991035277988,0.07734702094788112,0.00044832281596639473
2026-07-19 00:00:00+00:00,0.35719999999999996,0.013964733171283618,0.10254448062673795,0.051786582419883403,0.12963334510547592,0.07580525758011658,0.025047359373262038,0.0687612575801166,0.00025421489868772764
2026-07-20 00:00:00+00:00,0.3611,-0.0016828133192749403,0.10156555524109862,0.051871109015540706,0.13334770250216857,0.07852210098445928,0.028827654758901367,0.06992989098445927,0.0004415768790584983
2026-07-21 00:00:00+00:00,0.3626,0.007818792525747971,0.10056974987516029,0.1091827876816204,0.032171811611629575,0.02229597231837957,0.03090901012483968,0.034003772318379616,0.00038017422316533506
2026-07-22 00:00:00+00:00,0.3732,0.019749717847682303,0.10228768133493346,0.13686668817312878,0.0032450187210222303,0.0024115518268711944,0.03699055866506651,0.018684671826871196,4.8761088772555526e-05
2026-07-23 00:00:00+00:00,0.3801,-0.006650956175383524,0.10117195355334051,0.19801087592387656,-0.0648841299685603,-0.05353486592387657,0.04330405644665948,-0.010608465923876542,0.0003913706942818949
2026-07-24 00:00:00+00:00,0.3847,-0.015508678798574907,0.09892848914753152,0.19822883249341575,-0.06052896636833477,-0.05023474249341575,0.04906560085246847,-0.019553542493415732,0.00019336799973085234
2026-07-25 00:00:00+00:00,0.37020000000000003,-0.014645131402918815,0.09279087723151494,0.1965321192811068,-0.07311943255524767,-0.0594840792811068,0.04425716276848507,-0.010080879281106792,0.00021714886317754256
2026-07-26 00:00:00+00:00,0.3771,0.0037047456837461298,0.0874253943619466,0.19917773496276422,-0.06919332838701975,-0.05697332496276422,0.0547790156380534,-0.010734924962764236,0.0004118274868160247
2026-07-27 00:00:00+00:00,0.3734,0.015494385999588979,0.09001003837367334,0.19675127584443516,-0.0701665404924442,-0.05732371584443516,0.04941752162632666,-0.009435435844435153,0.0001786657668793028
2026-07-28 00:00:00+00:00,0.37450000000000006,-0.025252693525993714,0.0977481661210655,0.1895477302483663,-0.06087079627412567,-0.04929748024836625,0.042502083878934546,-0.02657404024836635,-0.00022513004812598397
2026-07-29 00:00:00+00:00,0.3724,0.0026637016110186373,0.09715405543895402,0.19220197589789986,-0.06600845783116438,-0.05352021589789985,0.041527704561046,-0.01981093589789984,0.0003996482772891006
2026-07-30 00:00:00+00:00,0.37450000000000006,0.000875903331252511,0.09560397856462072,0.20331314805387243,-0.07640259264487753,-0.06306289805387238,0.04464627143537933,-0.05631758805387241,0.00039789730842279395
2026-07-31 00:00:00+00:00,0.3555,0.012306317713024654,0.08835569304374112,0.2017839195651436,-0.0937036504361286,-0.0754036695651436,0.03802455695625888,-0.06168342956514358,0.00024341522379815048
2026-08-01 00:00:00+00:00,0.3564,-0.029749078859840385,0.09227477880189743,0.19166472176650506,-0.08139529664730877,-0.06464376176650508,0.03474618119810256,-0.054838711766505066,-0.0004967224391277236
2026-08-02 00:00:00+00:00,0.3555,-0.001050570747502442,0.08410171274707877,0.19332060796873232,-0.0841823944266274,-0.06694035796873232,0.04227853725292123,-0.05171891796873229,0.0003819664088670493
2026-08-03 00:00:00+00:00,0.3505,0.012125581900102562,0.08280271057283091,0.1941998407627331,-0.09018111005888729,-0.07134959076273313,0.04004753942716907,-0.050331350762733124,0.00023263945810445306
2026-08-04 00:00:00+00:00,0.34759999999999996,-0.001007493316125626,0.08187997959594893,0.19420781641294435,-0.09309015919684932,-0.07338205641294437,0.03894578040405104,-0.05589820641294438,0.00037564612982070187
2026-08-05 00:00:00+00:00,0.3404,0.009031105596054542,0.08209070176672205,0.22304765037189386,-0.1318792080664719,-0.10717549037189388,0.03378145823327794,-0.06480281037189387,0.00029211569426999
2026-08-06 00:00:00+00:00,0.34659999999999996,0.008656313522543719,0.08247834199096585,0.22707787092822898,-0.12992688374133626,-0.10694631092822901,0.03765321800903412,-0.08298171092822898,0.0002956703941902944
2026-08-07 00:00:00+00:00,0.34979999999999994,-0.005150572207944807,0.08133624974158883,0.22681783736880037,-0.12645396310036144,-0.10445779736880041,0.04102379025841113,-0.07735827736880041,0.0003423660744238972
2026-08-08 00:00:00+00:00,0.3394,0.009165711568545318,0.07881513751347283,0.2262894481876908,-0.1362989049679333,-0.11109708818769083,0.03637722248652715,-0.0716832081876908,0.00028226067025501994
2026-08-09 00:00:00+00:00,0.3423,0.0007394968677290986,0.07608017320055724,0.22923802983957117,-0.13648808447952332,-0.11206873983957118,0.04108911679944276,-0.0787716198395712,0.0003619734229214316
2026-08-10 00:00:00+00:00,0.3493,-0.0010015331997949223,0.07349813546355954,0.23006764490391862,-0.13035367183408347,-0.10805715490391862,0.048512354536440455,-0.07070700490391862,0.00035951856869263093
2026-08-11 00:00:00+00:00,0.36329999999999996,-0.014221633888160298,0.07563138210838842,0.22764684554014153,-0.11382351182910866,-0.09565995554014156,0.05635550789161155,-0.0660428455401415,0.00015742194507624476
2026-08-12 00:00:00+00:00,0.3613,-0.0061484603004524595,0.07608579901444924,0.23334969779994522,-0.12176283007487254,-0.1028120077999452,0.05445189098555077,-0.07142393779994519,0.00032157279940407967
2026-08-13 00:00:00+00:00,0.3582,-0.0014484997966720684,0.06968591928766239,0.2341864022042337,-0.12572809610957048,-0.10587916220423368,0.058621320712337624,-0.09913015220423371,0.00035656165381849303
2026-08-14 00:00:00+00:00,0.3481,0.00018905378636521763,0.04829749189752894,0.23419540355680152,-0.13583739631981478,-0.1130217935568015,0.07287611810247108,-0.09744336355680155,0.00035730665775261886
2026-08-15 00:00:00+00:00,0.34740000000000004,-0.0071299577199389706,0.04871752739228464,0.23397027652138916,-0.13630474105738216,-0.11328351652138913,0.0719692326077154,-0.08272706652138914,0.00030541884811736216
2026-08-16 00:00:00+00:00,0.3502,0.000428282514378482,0.04621084668043229,0.23778172218597488,-0.13742867244038764,-0.11514168218597487,0.07642919331956771,-0.08901723218597488,0.0003552708718047726
2026-08-17 00:00:00+00:00,0.35159999999999997,-0.0029064016837954143,0.04627553905211885,0.25131452804395366,-0.14971280458806718,-0.12769196804395366,0.07734702094788112,-0.09913651804395365,0.0003461269762843947
2026-08-18 00:00:00+00:00,0.3472,0.025455377450129022,0.051786582419883403,0.24412193620637418,-0.14688697230991038,-0.12357409620637418,0.0687612575801166,-0.11315032620637419,-0.00029416595984999835
2026-08-19 00:00:00+00:00,0.349,0.0031271795745394797,0.051871109015540706,0.24410049182080054,-0.14506527081024484,-0.12229949182080056,0.06992989098445927,-0.1312716818208005,0.00034338774151588896
2026-08-20 00:00:00+00:00,0.3784,0.06907736567081361,0.1091827876816204,0.2262448206808455,-0.09725199535043,-0.08305826068084549,0.034003772318379616,-0.10050366068084549,-0.004419300131124322
2026-08-21 00:00:00+00:00,0.3944,0.05162790366223386,0.13686668817312878,0.19407679092233585,-0.046141474690335915,-0.038525430922335874,0.018684671826871196,-0.06216255092233583,-0.0023119889141824715
2026-08-22 00:00:00+00:00,0.4329,0.07120242198261603,0.19801087592387656,0.1324036970866135,0.0690268118057975,0.05499871291338651,-0.010608465923876542,-0.005311447086613519,-0.0047148472441357284
2026-08-23 00:00:00+00:00,0.4227,-0.016075862548231328,0.19822883249341575,0.1804134556941752,-0.0020510514338665797,-0.0017381656941751755,-0.019553542493415732,-0.034947495694175185,0.00010042451456325008
2026-08-24 00:00:00+00:00,0.4318,0.00866163918349247,0.1965321192811068,0.17979471720382884,0.007777928400149403,0.006656522796171183,-0.010080879281106792,-0.039918717203828835,0.00028663581396092403
2026-08-25 00:00:00+00:00,0.4341,0.015204374529294322,0.19917773496276422,0.1828359499582955,0.006506793835197255,0.005606860041704492,-0.010734924962764236,-0.05460033995829547,0.00013499851024143924
2026-08-26 00:00:00+00:00,0.4328,-0.006375029527556111,0.19675127584443516,0.18234210138482215,0.0057846590755524785,0.004973738615177858,-0.009435435844435153,-0.05245394138482215,0.0003297531985227877
2026-08-27 00:00:00+00:00,0.40369999999999995,0.0067547234987805835,0.1895477302483663,0.18196151021451107,-0.022869467044362102,-0.01898782021451112,-0.02657404024836635,-0.062107070214511104,0.000329141269359131
2026-08-28 00:00:00+00:00,0.4152,0.01500841373851799,0.19220197589789986,0.17942738136958356,-0.008388693628127386,-0.007036341369583532,-0.01981093589789984,-0.05748674136958355,0.0001515902759575741
2026-08-29 00:00:00+00:00,0.3834,-0.030232668310355832,0.20331314805387243,0.16830785808893248,-0.026853407163100196,-0.021312298088932452,-0.05631758805387241,-0.04531736808893247,-0.0005340930012005235
2026-08-30 00:00:00+00:00,0.3743,0.005074982057275999,0.2017839195651436,0.16965264809919672,-0.03758912112265933,-0.0295521580991967,-0.06168342956514358,-0.040556158099196715,0.0003547817991274591
2026-08-31 00:00:00+00:00,0.3699,-0.007300192151557788,0.19166472176650506,0.1690505728539166,-0.041257600992510635,-0.03222456285391659,-0.054838711766505066,-0.04570913285391662,0.0003284974265138044
2026-09-01 00:00:00+00:00,0.3763,0.011713408329560263,0.19332060796873232,0.16738155242222802,-0.03282290625462175,-0.02577986242222799,-0.05171891796873229,-0.04326626242222806,0.00024548173562462293
2026-09-02 00:00:00+00:00,0.37929999999999997,-0.014808627401351205,0.1941998407627331,0.16730851046675324,-0.02973362999483703,-0.023440020466753253,-0.050331350762733124,-0.03452115046675325,0.00016478031065233386
2026-09-03 00:00:00+00:00,0.37189999999999995,-0.0012925075149150893,0.19420781641294435,0.1675021183307517,-0.037370226538349316,-0.029192508330751737,-0.05589820641294438,-0.04625887833075171,0.00038432465446087434
2026-09-04 00:00:00+00:00,0.3978,0.04951725133710033,0.22304765037189386,0.1377630441274822,0.026635556488121825,0.020481795872517805,-0.06480281037189387,-0.012730084127482222,-0.0020643662512144414
2026-09-05 00:00:00+00:00,0.3796,-0.020153976491771034,0.22707787092822898,0.13282116055918886,0.015153624576689118,0.011274999440811145,-0.08298171092822898,0.00040383944081112677,-1.4721188522183741e-05
2026-09-06 00:00:00+00:00,0.38659999999999994,0.002270632675346561,0.22681783736880037,,,,-0.07735827736880041,,0.0003884943551075299
2026-09-07 00:00:00+00:00,0.3932,0.006370323445111906,0.2262894481876908,,,,-0.0716832081876908,,0.0003555439490676713
2026-09-08 00:00:00+00:00,0.38789999999999997,-0.015585122151727162,0.22923802983957117,,,,-0.0787716198395712,,0.00015682837847464745
2026-09-09 00:00:00+00:00,0.3992,-0.008318089220830376,0.23006764490391862,,,,-0.07070700490391862,,0.00033357463554992194
2026-09-10 00:00:00+00:00,0.402,-0.0018124733728998106,0.22764684554014153,,,,-0.0660428455401415,,0.0004028911567108854
2026-09-11 00:00:00+00:00,0.40240000000000004,-0.02250624684534941,0.23334969779994522,,,,-0.07142393779994519,,-9.765017172133438e-05
2026-09-12 00:00:00+00:00,0.3675,0.00841833574235265,0.2341864022042337,,,,-0.09913015220423371,,0.00034087908908245256
2026-09-13 00:00:00+00:00,0.36979999999999996,0.000880669365593705,0.23419540355680152,,,,-0.09744336355680155,,0.000411588235167135
2026-09-14 00:00:00+00:00,0.3889,-0.005686185464475709,0.23397027652138916,,,,-0.08272706652138914,,0.00038145379623344823
2026-09-15 00:00:00+00:00,0.3857,0.017704602017283525,0.23778172218597488,,,,-0.08901723218597488,,0.00010312411215845858
2026-09-16 00:00:00+00:00,0.3901,-0.0334773443351191,0.25131452804395366,,,,-0.09913651804395365,,-0.0007017697444627244
2026-09-17 00:00:00+00:00,0.3619,0.007536863357703006,0.24412193620637418,,,,-0.11315032620637419,,0.0003647663336496882
2026-09-18 00:00:00+00:00,0.33590000000000003,0.0028313777304501734,0.24410049182080054,,,,-0.1312716818208005,,0.00041450588553563865
2026-09-19 00:00:00+00:00,0.3546,0.057481240759537096,0.2262448206808455,,,,-0.10050366068084549,,-0.0028823898319499325
2026-09-20 00:00:00+00:00,0.3632,0.004636031187615493,0.19407679092233585,,,,-0.06216255092233583,,0.00039861723491878075
2026-09-21 00:00:00+00:00,0.3565,-0.0008737763073389694,0.1324036970866135,,,,-0.005311447086613519,,0.00041718789396016687
2026-09-22 00:00:00+00:00,0.3814,0.0648416603230941,0.1804134556941752,,,,-0.034947495694175185,,-0.003791997311629032
2026-09-23 00:00:00+00:00,0.374,-0.0049161748301274726,0.17979471720382884,,,,-0.039918717203828835,,0.00038524201134099097
2026-09-24 00:00:00+00:00,0.35810000000000003,-0.021934843076954466,0.1828359499582955,,,,-0.05460033995829547,,-7.598000108458995e-05
2026-09-25 00:00:00+00:00,0.3604,0.00022518385171383775,0.18234210138482215,,,,-0.05245394138482215,,0.0003996082575297309
2026-09-26 00:00:00+00:00,0.34619999999999995,-0.003787456071298253,0.18196151021451107,,,,-0.062107070214511104,,0.00038006960481848823
2026-09-27 00:00:00+00:00,0.3492,0.004119213559619496,0.17942738136958356,,,,-0.05748674136958355,,0.0003735086769105209
2026-09-28 00:00:00+00:00,0.3507,0.0002842759865162435,0.16830785808893248,,,,-0.04531736808893247,,0.0003857884419580108
2026-09-29 00:00:00+00:00,0.3593,-0.011674165008976663,0.16965264809919672,,,,-0.040556158099196715,,0.00024739088230208903
2026-09-30 00:00:00+00:00,0.35119999999999996,0.0019511967741105238,0.1690505728539166,,,,-0.04570913285391662,,0.0003788649106007554
2026-10-01 00:00:00+00:00,0.35229999999999995,-0.0001554772856797983,0.16738155242222802,,,,-0.04326626242222806,,0.0003814164386857837
2026-10-02 00:00:00+00:00,0.3644,0.014604519749613938,0.16730851046675324,,,,-0.03452115046675325,,0.00016655168324843323
2026-10-03 00:00:00+00:00,0.3482,-0.004193274472207947,0.1675021183307517,,,,-0.04625887833075171,,0.00036124815422356024
2026-10-04 00:00:00+00:00,0.35359999999999997,0.0027659919052099493,0.1377630441274822,,,,-0.012730084127482222,,0.00036962242120040437
2026-10-05 00:00:00+00:00,0.365,2.3608012560614266e-05,0.13282116055918886,,,,0.00040383944081112677,,0.0003742395266800077
2026-10-06 00:00:00+00:00,0.361,,,,,,,,
2026-10-07 00:00:00+00:00,0.3613,,,,,,,,
