timestamp_observable,iv,r,pastvar,futurevar,vol_gap,var_gap,past_gap,future_gap,daily_variance_proxy
2021-03-25 00:00:00+00:00,1.0673000000000001,,,,,,,,
2021-03-26 00:00:00+00:00,1.0539,,,,,,,,
2021-03-27 00:00:00+00:00,0.9027,,,,,,,,
2021-03-28 00:00:00+00:00,0.8745999999999999,,,,,,,,
2021-03-29 00:00:00+00:00,0.8422,,,,,,,,
2021-03-30 00:00:00+00:00,0.8824,,,,,,,,
2021-03-31 00:00:00+00:00,0.8919,,,,,,,,
2021-04-01 00:00:00+00:00,0.9388,,,,,,,,
2021-04-02 00:00:00+00:00,0.8909,,,,,,,,
2021-04-03 00:00:00+00:00,0.9481,,,,,,,,
2021-04-04 00:00:00+00:00,0.9517,,,,,,,,
2021-04-05 00:00:00+00:00,0.9372,,,,,,,,
2021-04-06 00:00:00+00:00,0.9194,,,,,,,,
2021-04-07 00:00:00+00:00,0.9231,,,,,,,,
2021-04-08 00:00:00+00:00,0.8832,,,,,,,,
2021-04-09 00:00:00+00:00,0.8621,,,,,,,,
2021-04-10 00:00:00+00:00,0.8458,,,,,,,,
2021-04-11 00:00:00+00:00,0.9053,,,,,,,,
2021-04-12 00:00:00+00:00,0.9335,,,,,,,,
2021-04-13 00:00:00+00:00,0.9681000000000001,,,,,,,,
2021-04-14 00:00:00+00:00,1.022,,,,,,,,
2021-04-15 00:00:00+00:00,0.9457,,,,,,,,
2021-04-16 00:00:00+00:00,0.8972,,,,,,,,
2021-04-17 00:00:00+00:00,0.8547,,,,,,,,
2021-04-18 00:00:00+00:00,0.8347,,,,,,,,
2021-04-19 00:00:00+00:00,0.9712000000000001,,,,,,,,
2021-04-20 00:00:00+00:00,0.9387000000000001,,,,,,,,
2021-04-21 00:00:00+00:00,0.9436,,,,,,,,
2021-04-22 00:00:00+00:00,0.9270999999999999,,,,,,,,
2021-04-23 00:00:00+00:00,0.9192,,,,,,,,
2021-04-24 00:00:00+00:00,0.9438,,,,,,,,
2021-04-25 00:00:00+00:00,1.0044,,,,,,,,
2021-04-26 00:00:00+00:00,1.0164,,,,,,,,
2021-04-27 00:00:00+00:00,0.9139,,,,,,,,
2021-04-28 00:00:00+00:00,0.9229,,,,,,,,
2021-04-29 00:00:00+00:00,0.8895000000000001,,,,,,,,
2021-04-30 00:00:00+00:00,0.9420000000000001,,,,,,,,
2021-05-01 00:00:00+00:00,0.9597,,,,,,,,
2021-05-02 00:00:00+00:00,0.98,,,,,,,,
2021-05-03 00:00:00+00:00,0.9595,,,,,,,,
2021-05-04 00:00:00+00:00,1.1148,,,,,,,,
2021-05-05 00:00:00+00:00,1.1677,,,,,,,,
2021-05-06 00:00:00+00:00,1.1782,,,,,,,,
2021-05-07 00:00:00+00:00,1.1584999999999999,,,,,,,,
2021-05-08 00:00:00+00:00,1.0935,,,,,,,,
2021-05-09 00:00:00+00:00,1.1349,,,,,,,,
2021-05-10 00:00:00+00:00,1.1512,,,,,,,,
2021-05-11 00:00:00+00:00,1.2428,,,,,,,,
2021-05-12 00:00:00+00:00,1.2751000000000001,,,,,,,,
2021-05-13 00:00:00+00:00,1.3293000000000001,,,,,,,,
2021-05-14 00:00:00+00:00,1.2453,,,,,,,,
2021-05-15 00:00:00+00:00,1.253,,,,,,,,
2021-05-16 00:00:00+00:00,1.2869,,,,,,,,
2021-05-17 00:00:00+00:00,1.2927000000000002,,,,,,,,
2021-05-18 00:00:00+00:00,1.3111000000000002,,,,,,,,
2021-05-19 00:00:00+00:00,1.2927000000000002,,,,,,,,
2021-05-20 00:00:00+00:00,1.5827,,,,,,,,
2021-05-21 00:00:00+00:00,1.8168,,,,,,,,
2021-05-22 00:00:00+00:00,1.8512,,,,,,,,
2021-05-23 00:00:00+00:00,1.8676,,,,,,,,
2021-05-24 00:00:00+00:00,1.9334,,,,,,,,
2021-05-25 00:00:00+00:00,1.6551,,,,,,,,
2021-05-26 00:00:00+00:00,1.6701,,,,,,,,
2021-05-27 00:00:00+00:00,1.6234,,,,,,,,
2021-05-28 00:00:00+00:00,1.6107,,,,,,,,
2021-05-29 00:00:00+00:00,1.702,,,,,,,,
2021-05-30 00:00:00+00:00,1.7312,,,,,,,,
2021-05-31 00:00:00+00:00,1.5615999999999999,,,,,,,,
2021-06-01 00:00:00+00:00,1.4859,,,,,,,,
2021-06-02 00:00:00+00:00,1.4988,,,,,,,,
2021-06-03 00:00:00+00:00,1.4509999999999998,,,,,,,,
2021-06-04 00:00:00+00:00,1.4076,,,,,,,,
2021-06-05 00:00:00+00:00,1.3863999999999999,,,,,,,,
2021-06-06 00:00:00+00:00,1.4087,,,,,,,,
2021-06-07 00:00:00+00:00,1.3832,,,,,,,,
2021-06-08 00:00:00+00:00,1.3824,,,,,,,,
2021-06-09 00:00:00+00:00,1.4121000000000001,,,,,,,,
2021-06-10 00:00:00+00:00,1.3327,,,,,,,,
2021-06-11 00:00:00+00:00,1.2564,,,,,,,,
2021-06-12 00:00:00+00:00,1.2264,,,,,,,,
2021-06-13 00:00:00+00:00,1.2226000000000001,,,,,,,,
2021-06-14 00:00:00+00:00,1.2311,,,,,,,,
2021-06-15 00:00:00+00:00,1.1931,,,,,,,,
2021-06-16 00:00:00+00:00,1.1035,,,,,,,,
2021-06-17 00:00:00+00:00,1.0916,,,,,,,,
2021-06-18 00:00:00+00:00,1.0666,,,,,,,,
2021-06-19 00:00:00+00:00,1.0892,,,,,,,,
2021-06-20 00:00:00+00:00,1.0376,,,,,,,,
2021-06-21 00:00:00+00:00,1.0678,,,,,,,,
2021-06-22 00:00:00+00:00,1.2443,,,,,,,,
2021-06-23 00:00:00+00:00,1.2372,,,,,,,,
2021-06-24 00:00:00+00:00,1.1816,,,,,,,,
2021-06-25 00:00:00+00:00,1.1628,,,,,,,,
2021-06-26 00:00:00+00:00,1.1858,,,,,,,,
2021-06-27 00:00:00+00:00,1.1948999999999999,,,,,,,,
2021-06-28 00:00:00+00:00,1.1759,,,,,,,,
2021-06-29 00:00:00+00:00,1.1406999999999998,,,,,,,,
2021-06-30 00:00:00+00:00,1.0967,,,,,,,,
2021-07-01 00:00:00+00:00,1.1441,,,,,,,,
2021-07-02 00:00:00+00:00,1.1377,,,,,,,,
2021-07-03 00:00:00+00:00,1.0895000000000001,,,,,,,,
2021-07-04 00:00:00+00:00,1.0732,,,,,,,,
2021-07-05 00:00:00+00:00,1.0495999999999999,,,,,,,,
2021-07-06 00:00:00+00:00,1.0279,,,,,,,,
2021-07-07 00:00:00+00:00,1.0633,,,,,,,,
2021-07-08 00:00:00+00:00,1.055,,,,,,,,
2021-07-09 00:00:00+00:00,1.0788,,,,,,,,
2021-07-10 00:00:00+00:00,1.0392000000000001,,,,,,,,
2021-07-11 00:00:00+00:00,1.0472,,,,,,,,
2021-07-12 00:00:00+00:00,1.036,,,,,,,,
2021-07-13 00:00:00+00:00,1.0341,,,,,,,,
2021-07-14 00:00:00+00:00,1.053,,,,,,,,
2021-07-15 00:00:00+00:00,1.0134,,,,,,,,
2021-07-16 00:00:00+00:00,1.0170000000000001,,,,,,,,
2021-07-17 00:00:00+00:00,1.0098,,,,,,,,
2021-07-18 00:00:00+00:00,1.0089,,,,,,,,
2021-07-19 00:00:00+00:00,1.0143,,,,,,,,
2021-07-20 00:00:00+00:00,1.0648,,,,,,,,
2021-07-21 00:00:00+00:00,1.0845,,,,,,,,
2021-07-22 00:00:00+00:00,1.0834000000000001,,,,,,,,
2021-07-23 00:00:00+00:00,1.0524,,,,,,,,
2021-07-24 00:00:00+00:00,1.0197,,,,,,,,
2021-07-25 00:00:00+00:00,1.0241,,,,,,,,
2021-07-26 00:00:00+00:00,1.0305,,,,,,,,
2021-07-27 00:00:00+00:00,1.0534999999999999,,,,,,,,
2021-07-28 00:00:00+00:00,1.0834000000000001,,,,,,,,
2021-07-29 00:00:00+00:00,1.073,,,,,,,,
2021-07-30 00:00:00+00:00,1.0681,,,,,,,,
2021-07-31 00:00:00+00:00,1.0384,,,,,,,,
2021-08-01 00:00:00+00:00,1.0222,,,,,,,,
2021-08-02 00:00:00+00:00,1.0395,,,,,,,,
2021-08-03 00:00:00+00:00,1.0298,,,,,,,,
2021-08-04 00:00:00+00:00,1.0579,,,,,,,,
2021-08-05 00:00:00+00:00,1.0975,,,,,,,,
2021-08-06 00:00:00+00:00,1.1491,,,,,,,,
2021-08-07 00:00:00+00:00,1.1107,,,,,,,,
2021-08-08 00:00:00+00:00,1.1874,,,,,,,,
2021-08-09 00:00:00+00:00,1.1571,,,,,,,,
2021-08-10 00:00:00+00:00,1.2777,,,,,,,,
2021-08-11 00:00:00+00:00,1.2158,,,,,,,,
2021-08-12 00:00:00+00:00,1.2003,,,,,,,,
2021-08-13 00:00:00+00:00,1.1536,,,,,,,,
2021-08-14 00:00:00+00:00,1.1706999999999999,,,,,,,,
2021-08-15 00:00:00+00:00,1.1240999999999999,,,,,,,,
2021-08-16 00:00:00+00:00,1.1183,,,,,,,,
2021-08-17 00:00:00+00:00,1.1198000000000001,,,,,,,,
2021-08-18 00:00:00+00:00,1.1303,,,,,,,,
2021-08-19 00:00:00+00:00,1.1293,,,,,,,,
2021-08-20 00:00:00+00:00,1.1214,,,,,,,,
2021-08-21 00:00:00+00:00,1.102,,,,,,,,
2021-08-22 00:00:00+00:00,1.0820999999999998,,,,,,,,
2021-08-23 00:00:00+00:00,1.0713,,,,,,,,
2021-08-24 00:00:00+00:00,1.0708,,,,,,,,
2021-08-25 00:00:00+00:00,1.0613,,,,,,,,
2021-08-26 00:00:00+00:00,1.0362,,,,,,,,
2021-08-27 00:00:00+00:00,1.0292000000000001,,,,,,,,
2021-08-28 00:00:00+00:00,1.0206,,,,,,,,
2021-08-29 00:00:00+00:00,0.9826999999999999,,,,,,,,
2021-08-30 00:00:00+00:00,0.9954000000000001,,,,,,,,
2021-08-31 00:00:00+00:00,1.0379,,,,,,,,
2021-09-01 00:00:00+00:00,1.0464,,,,,,,,
2021-09-02 00:00:00+00:00,1.1362999999999999,,,,,,,,
2021-09-03 00:00:00+00:00,1.1075,,,,,,,,
2021-09-04 00:00:00+00:00,1.0648,,,,,,,,
2021-09-05 00:00:00+00:00,1.0759999999999998,,,,,,,,
2021-09-06 00:00:00+00:00,1.0920999999999998,,,,,,,,
2021-09-07 00:00:00+00:00,1.0756000000000001,,,,,,,,
2021-09-08 00:00:00+00:00,1.1040999999999999,,,,,,,,
2021-09-09 00:00:00+00:00,1.077,,,,,,,,
2021-09-10 00:00:00+00:00,1.0628,,,,,,,,
2021-09-11 00:00:00+00:00,1.0456,,,,,,,,
2021-09-12 00:00:00+00:00,1.0508,,,,,,,,
2021-09-13 00:00:00+00:00,1.061,,,,,,,,
2021-09-14 00:00:00+00:00,1.0625,,,,,,,,
2021-09-15 00:00:00+00:00,1.0664,,,,,,,,
2021-09-16 00:00:00+00:00,1.0359,,,,,,,,
2021-09-17 00:00:00+00:00,0.9861,,,,,,,,
2021-09-18 00:00:00+00:00,0.9852,,,,,,,,
2021-09-19 00:00:00+00:00,0.9754,,,,,,,,
2021-09-20 00:00:00+00:00,0.9698,,,,,,,,
2021-09-21 00:00:00+00:00,1.0464,,,,,,,,
2021-09-22 00:00:00+00:00,1.1120999999999999,,,,,,,,
2021-09-23 00:00:00+00:00,1.0077,,,,,,,,
2021-09-24 00:00:00+00:00,0.9782,,,,,,,,
2021-09-25 00:00:00+00:00,1.0181,,,,,,,,
2021-09-26 00:00:00+00:00,1.0044,,,,,,,,
2021-09-27 00:00:00+00:00,1.0062,,,,,,,,
2021-09-28 00:00:00+00:00,1.0471,,,,,,,,
2021-09-29 00:00:00+00:00,1.0977,,,,,,,,
2021-09-30 00:00:00+00:00,1.0462,,,,,,,,
2021-10-01 00:00:00+00:00,1.0319,,,,,,,,
2021-10-02 00:00:00+00:00,0.9612,,,,,,,,
2021-10-03 00:00:00+00:00,0.9417,,,,,,,,
2021-10-04 00:00:00+00:00,0.9623999999999999,,,,,,,,
2021-10-05 00:00:00+00:00,0.9976,,,,,,,,
2021-10-06 00:00:00+00:00,1.0090999999999999,,,,,,,,
2021-10-07 00:00:00+00:00,1.0165,,,,,,,,
2021-10-08 00:00:00+00:00,1.0156999999999998,,,,,,,,
2021-10-09 00:00:00+00:00,0.9901000000000001,,,,,,,,
2021-10-10 00:00:00+00:00,0.9763,,,,,,,,
2021-10-11 00:00:00+00:00,0.985,,,,,,,,
2021-10-12 00:00:00+00:00,0.9899,,,,,,,,
2021-10-13 00:00:00+00:00,1.0129000000000001,,,,,,,,
2021-10-14 00:00:00+00:00,1.0107,,,,,,,,
2021-10-15 00:00:00+00:00,1.0276,,,,,,,,
2021-10-16 00:00:00+00:00,1.0070999999999999,,,,,,,,
2021-10-17 00:00:00+00:00,0.9225,,,,,,,,
2021-10-18 00:00:00+00:00,0.978,,,,,,,,
2021-10-19 00:00:00+00:00,1.0318,,,,,,,,
2021-10-20 00:00:00+00:00,1.0373999999999999,,,,,,,,
2021-10-21 00:00:00+00:00,1.1360999999999999,,,,,,,,
2021-10-22 00:00:00+00:00,1.1013,,,,,,,,
2021-10-23 00:00:00+00:00,1.035,,,,,,,,
2021-10-24 00:00:00+00:00,1.0373999999999999,,,,,,,,
2021-10-25 00:00:00+00:00,1.0565,,,,,,,,
2021-10-26 00:00:00+00:00,1.031,,,,,,,,
2021-10-27 00:00:00+00:00,1.0318,,,,,,,,
2021-10-28 00:00:00+00:00,1.0902,,,,,,,,
2021-10-29 00:00:00+00:00,1.1039,,,,,,,,
2021-10-30 00:00:00+00:00,1.0713,,,,,,,,
2021-10-31 00:00:00+00:00,1.0737,,,,,,,,
2021-11-01 00:00:00+00:00,1.0841,,,,,,,,
2021-11-02 00:00:00+00:00,1.0767,,,,,,,,
2021-11-03 00:00:00+00:00,1.1184,,,,,,,,
2021-11-04 00:00:00+00:00,1.0918999999999999,,,,,,,,
2021-11-05 00:00:00+00:00,1.0717,,,,,,,,
2021-11-06 00:00:00+00:00,1.0382,,,,,,,,
2021-11-07 00:00:00+00:00,1.0648,,,,,,,,
2021-11-08 00:00:00+00:00,1.0402,,,,,,,,
2021-11-09 00:00:00+00:00,1.0513,,,,,,,,
2021-11-10 00:00:00+00:00,1.0451000000000001,,,,,,,,
2021-11-11 00:00:00+00:00,1.0505,,,,,,,,
2021-11-12 00:00:00+00:00,1.0392000000000001,,,,,,,,
2021-11-13 00:00:00+00:00,1.0706,,,,,,,,
2021-11-14 00:00:00+00:00,1.0593000000000001,,,,,,,,
2021-11-15 00:00:00+00:00,1.0324,,,,,,,,
2021-11-16 00:00:00+00:00,1.0278,,,,,,,,
2021-11-17 00:00:00+00:00,1.1064,,,,,,,,
2021-11-18 00:00:00+00:00,1.0974,,,,,,,,
2021-11-19 00:00:00+00:00,1.1249,,,,,,,,
2021-11-20 00:00:00+00:00,1.0659,,,,,,,,
2021-11-21 00:00:00+00:00,1.0676999999999999,,,,,,,,
2021-11-22 00:00:00+00:00,1.0626,,,,,,,,
2021-11-23 00:00:00+00:00,1.1204,,,,,,,,
2021-11-24 00:00:00+00:00,1.109,,,,,,,,
2021-11-25 00:00:00+00:00,1.0953,,,,,,,,
2021-11-26 00:00:00+00:00,1.0662,,,,,,,,
2021-11-27 00:00:00+00:00,1.0726,,,,,,,,
2021-11-28 00:00:00+00:00,1.0351000000000001,,,,,,,,
2021-11-29 00:00:00+00:00,1.0558,,,,,,,,
2021-11-30 00:00:00+00:00,1.0475,,,,,,,,
2021-12-01 00:00:00+00:00,1.0595,,,,,,,,
2021-12-02 00:00:00+00:00,1.0636,,,,,,,,
2021-12-03 00:00:00+00:00,1.0691,,,,,,,,
2021-12-04 00:00:00+00:00,1.0688,,,,,,,,
2021-12-05 00:00:00+00:00,1.0671,,,,,,,,
2021-12-06 00:00:00+00:00,1.0905,,,,,,,,
2021-12-07 00:00:00+00:00,1.0737999999999999,,,,,,,,
2021-12-08 00:00:00+00:00,1.0656,,,,,,,,
2021-12-09 00:00:00+00:00,1.0708,,,,,,,,
2021-12-10 00:00:00+00:00,1.0956000000000001,,,,,,,,
2021-12-11 00:00:00+00:00,1.1223,,,,,,,,
2021-12-12 00:00:00+00:00,1.0869,,,,,,,,
2021-12-13 00:00:00+00:00,1.1255,,,,,,,,
2021-12-14 00:00:00+00:00,1.1245,,,,,,,,
2021-12-15 00:00:00+00:00,1.1034,,,,,,,,
2021-12-16 00:00:00+00:00,1.0905,,,,,,,,
2021-12-17 00:00:00+00:00,1.0339,,,,,,,,
2021-12-18 00:00:00+00:00,1.0011,,,,,,,,
2021-12-19 00:00:00+00:00,1.0048000000000001,,,,,,,,
2021-12-20 00:00:00+00:00,1.0247,,,,,,,,
2021-12-21 00:00:00+00:00,1.0237,,,,,,,,
2021-12-22 00:00:00+00:00,1.0221,,,,,,,,
2021-12-23 00:00:00+00:00,0.997,,,,,,,,
2021-12-24 00:00:00+00:00,0.9393,,,,,,,,
2021-12-25 00:00:00+00:00,0.9403,,,,,,,,
2021-12-26 00:00:00+00:00,0.9173,,,,,,,,
2021-12-27 00:00:00+00:00,0.8858,,,,,,,,
2021-12-28 00:00:00+00:00,0.9217,,,,,,,,
2021-12-29 00:00:00+00:00,0.888,,,,,,,,
2021-12-30 00:00:00+00:00,0.9337000000000001,,,,,,,,
2021-12-31 00:00:00+00:00,0.9262,,,,,,,,
2022-01-01 00:00:00+00:00,0.831,,,,,,,,
2022-01-02 00:00:00+00:00,0.7938,,,,,,,,
2022-01-03 00:00:00+00:00,0.809,,,,,,,,
2022-01-04 00:00:00+00:00,0.8004000000000001,,,,,,,,
2022-01-05 00:00:00+00:00,0.7912,,,,,,,,
2022-01-06 00:00:00+00:00,0.8543999999999999,,,,,,,,
2022-01-07 00:00:00+00:00,0.8089,,,,,,,,
2022-01-08 00:00:00+00:00,0.8484999999999999,,,,,,,,
2022-01-09 00:00:00+00:00,0.8321,,,,,,,,
2022-01-10 00:00:00+00:00,0.8436,,,,,,,,
2022-01-11 00:00:00+00:00,0.8576999999999999,,,,,,,,
2022-01-12 00:00:00+00:00,0.8217,,,,,,,,
2022-01-13 00:00:00+00:00,0.7985,,,,,,,,
2022-01-14 00:00:00+00:00,0.755,,,,,,,,
2022-01-15 00:00:00+00:00,0.7208,,,,,,,,
2022-01-16 00:00:00+00:00,0.7071999999999999,,,,,,,,
2022-01-17 00:00:00+00:00,0.718,,,,,,,,
2022-01-18 00:00:00+00:00,0.7273999999999999,,,,,,,,
2022-01-19 00:00:00+00:00,0.7393000000000001,,,,,,,,
2022-01-20 00:00:00+00:00,0.7375,,,,,,,,
2022-01-21 00:00:00+00:00,0.7465999999999999,,,,,,,,
2022-01-22 00:00:00+00:00,0.9274,,,,,,,,
2022-01-23 00:00:00+00:00,0.9529000000000001,,,,,,,,
2022-01-24 00:00:00+00:00,0.9179999999999999,,,,,,,,
2022-01-25 00:00:00+00:00,0.9478,,,,,,,,
2022-01-26 00:00:00+00:00,0.9184,,,,,,,,
2022-01-27 00:00:00+00:00,0.9582999999999999,,,,,,,,
2022-01-28 00:00:00+00:00,0.9776,,,,,,,,
2022-01-29 00:00:00+00:00,0.8495999999999999,,,,,,,,
2022-01-30 00:00:00+00:00,0.8381000000000001,,,,,,,,
2022-01-31 00:00:00+00:00,0.8379000000000001,,,,,,,,
2022-02-01 00:00:00+00:00,0.8283,,,,,,,,
2022-02-02 00:00:00+00:00,0.8443999999999999,,,,,,,,
2022-02-03 00:00:00+00:00,0.8739,,,,,,,,
2022-02-04 00:00:00+00:00,0.8801000000000001,,,,,,,,
2022-02-05 00:00:00+00:00,0.823,,,,,,,,
2022-02-06 00:00:00+00:00,0.8006,,,,,,,,
2022-02-07 00:00:00+00:00,0.8146,,,,,,,,
2022-02-08 00:00:00+00:00,0.8086,,,,,,,,
2022-02-09 00:00:00+00:00,0.8116,,,,,,,,
2022-02-10 00:00:00+00:00,0.8195,,,,,,,,
2022-02-11 00:00:00+00:00,0.8244,,,,,,,,
2022-02-12 00:00:00+00:00,0.8514,,,,,,,,
2022-02-13 00:00:00+00:00,0.8255,,,,,,,,
2022-02-14 00:00:00+00:00,0.8590000000000001,,,,,,,,
2022-02-15 00:00:00+00:00,0.8212999999999999,,,,,,,,
2022-02-16 00:00:00+00:00,0.7842,,,,,,,,
2022-02-17 00:00:00+00:00,0.7526,,,,,,,,
2022-02-18 00:00:00+00:00,0.8273,,,,,,,,
2022-02-19 00:00:00+00:00,0.7827,,,,,,,,
2022-02-20 00:00:00+00:00,0.7689,,,,,,,,
2022-02-21 00:00:00+00:00,0.927,,,,,,,,
2022-02-22 00:00:00+00:00,0.9526,,,,,,,,
2022-02-23 00:00:00+00:00,0.8993000000000001,,,,,,,,
2022-02-24 00:00:00+00:00,0.9024,,,,,,,,
2022-02-25 00:00:00+00:00,0.9377,,,,,,,,
2022-02-26 00:00:00+00:00,0.8364,,,,,,,,
2022-02-27 00:00:00+00:00,0.8220999999999999,,,,,,,,
2022-02-28 00:00:00+00:00,0.9248000000000001,,,,,,,,
2022-03-01 00:00:00+00:00,0.8584999999999999,,,,,,,,
2022-03-02 00:00:00+00:00,0.8601000000000001,,,,,,,,
2022-03-03 00:00:00+00:00,0.816,,,,,,,,
2022-03-04 00:00:00+00:00,0.8411,,,,,,,,
2022-03-05 00:00:00+00:00,0.884,,,,,,,,
2022-03-06 00:00:00+00:00,0.8513,,,,,,,,
2022-03-07 00:00:00+00:00,0.8773000000000001,,,,,,,,
2022-03-08 00:00:00+00:00,0.9258,,,,,,,,
2022-03-09 00:00:00+00:00,0.9062,,,,,,,,
2022-03-10 00:00:00+00:00,0.8959,,,,,,,,
2022-03-11 00:00:00+00:00,0.8879,,,,,,,,
2022-03-12 00:00:00+00:00,0.9127,,,,,,,,
2022-03-13 00:00:00+00:00,0.9033,,,,,,,,
2022-03-14 00:00:00+00:00,0.9224,,,,,,,,
2022-03-15 00:00:00+00:00,0.9101,,,,,,,,
2022-03-16 00:00:00+00:00,0.9159,,,,,,,,
2022-03-17 00:00:00+00:00,0.8732,,,,,,,,
2022-03-18 00:00:00+00:00,0.8311,,,,,,,,
2022-03-19 00:00:00+00:00,0.7888,,,,,,,,
2022-03-20 00:00:00+00:00,0.8018000000000001,,,,,,,,
2022-03-21 00:00:00+00:00,0.8187000000000001,,,,,,,,
2022-03-22 00:00:00+00:00,0.8266,,,,,,,,
2022-03-23 00:00:00+00:00,0.8085,,,,,,,,
2022-03-24 00:00:00+00:00,0.777,,,,,,,,
2022-03-25 00:00:00+00:00,0.7606,,,,,,,,
2022-03-26 00:00:00+00:00,0.7071,,,,,,,,
2022-03-27 00:00:00+00:00,0.7132999999999999,,,,,,,,
2022-03-28 00:00:00+00:00,0.7165,,,,,,,,
2022-03-29 00:00:00+00:00,0.726,,,,,,,,
2022-03-30 00:00:00+00:00,0.7114,,,,,,,,
2022-03-31 00:00:00+00:00,0.708,,,,,,,,
2022-04-01 00:00:00+00:00,0.7503,,,,,,,,
2022-04-02 00:00:00+00:00,0.7062,,,,,,,,
2022-04-03 00:00:00+00:00,0.6877,,,,,,,,
2022-04-04 00:00:00+00:00,0.6933,,,,,,,,
2022-04-05 00:00:00+00:00,0.6869,,,,,,,,
2022-04-06 00:00:00+00:00,0.7089,,,,,,,,
2022-04-07 00:00:00+00:00,0.7704000000000001,,,,,,,,
2022-04-08 00:00:00+00:00,0.7268000000000001,,,,,,,,
2022-04-09 00:00:00+00:00,0.7066,,,,,,,,
2022-04-10 00:00:00+00:00,0.6675,,,,,,,,
2022-04-11 00:00:00+00:00,0.7045,,,,,,,,
2022-04-12 00:00:00+00:00,0.7372,,,,,,,,
2022-04-13 00:00:00+00:00,0.6988,,,,,,,,
2022-04-14 00:00:00+00:00,0.6925,,,,,,,,
2022-04-15 00:00:00+00:00,0.6683,,,,,,,,
2022-04-16 00:00:00+00:00,0.6537999999999999,,,,,,,,
2022-04-17 00:00:00+00:00,0.6507,,,,,,,,
2022-04-18 00:00:00+00:00,0.6690999999999999,,,,,,,,
2022-04-19 00:00:00+00:00,0.6849,,,,,,,,
2022-04-20 00:00:00+00:00,0.6678000000000001,,,,,,,,
2022-04-21 00:00:00+00:00,0.6734,,,,,,,,
2022-04-22 00:00:00+00:00,0.6808,,,,,,,,
2022-04-23 00:00:00+00:00,0.6525,,,,,,,,
2022-04-24 00:00:00+00:00,0.6559,,,,,,,,
2022-04-25 00:00:00+00:00,0.6651,,,,,,,,
2022-04-26 00:00:00+00:00,0.7283,,,,,,,,
2022-04-27 00:00:00+00:00,0.7236,,,,,,,,
2022-04-28 00:00:00+00:00,0.7166,,,,,,,,
2022-04-29 00:00:00+00:00,0.7127,,,,,,,,
2022-04-30 00:00:00+00:00,0.6673,,,,,,,,
2022-05-01 00:00:00+00:00,0.6972,,,,,,,,
2022-05-02 00:00:00+00:00,0.6808,,,,,,,,
2022-05-03 00:00:00+00:00,0.6968000000000001,,,,,,,,
2022-05-04 00:00:00+00:00,0.7262000000000001,,,,,,,,
2022-05-05 00:00:00+00:00,0.6855,,,,,,,,
2022-05-06 00:00:00+00:00,0.7094,,,,,,,,
2022-05-07 00:00:00+00:00,0.6853,,,,,,,,
2022-05-08 00:00:00+00:00,0.7054,,,,,,,,
2022-05-09 00:00:00+00:00,0.7252,,,,,,,,
2022-05-10 00:00:00+00:00,0.8908,,,,,,,,
2022-05-11 00:00:00+00:00,0.8771,,,,,,,,
2022-05-12 00:00:00+00:00,1.1036,,,,,,,,
2022-05-13 00:00:00+00:00,1.3218,,,,,,,,
2022-05-14 00:00:00+00:00,1.088,,,,,,,,
2022-05-15 00:00:00+00:00,1.036,,,,,,,,
2022-05-16 00:00:00+00:00,1.0432,,,,,,,,
2022-05-17 00:00:00+00:00,1.0533,,,,,,,,
2022-05-18 00:00:00+00:00,0.9729000000000001,,,,,,,,
2022-05-19 00:00:00+00:00,1.079,,,,,,,,
2022-05-20 00:00:00+00:00,0.9901000000000001,,,,,,,,
2022-05-21 00:00:00+00:00,0.9859,,,,,,,,
2022-05-22 00:00:00+00:00,0.914,,,,,,,,
2022-05-23 00:00:00+00:00,0.9222,,,,,,,,
2022-05-24 00:00:00+00:00,0.9217,,,,,,,,
2022-05-25 00:00:00+00:00,0.9161,,,,,,,,
2022-05-26 00:00:00+00:00,0.9334,,,,,,,,
2022-05-27 00:00:00+00:00,0.9591,,,,,,,,
2022-05-28 00:00:00+00:00,0.987,,,,,,,,
2022-05-29 00:00:00+00:00,0.9445,,,,,,,,
2022-05-30 00:00:00+00:00,0.9531999999999999,,,,,,,,
2022-05-31 00:00:00+00:00,0.9014,,,,,,,,
2022-06-01 00:00:00+00:00,0.8886,,,,,,,,
2022-06-02 00:00:00+00:00,0.9086,,,,,,,,
2022-06-03 00:00:00+00:00,0.879,,,,,,,,
2022-06-04 00:00:00+00:00,0.867,,,,,,,,
2022-06-05 00:00:00+00:00,0.8597,,,,,,,,
2022-06-06 00:00:00+00:00,0.8621,,,,,,,,
2022-06-07 00:00:00+00:00,0.8181999999999999,,,,,,,,
2022-06-08 00:00:00+00:00,0.8734000000000001,,,,,,,,
2022-06-09 00:00:00+00:00,0.8826999999999999,,,,,,,,
2022-06-10 00:00:00+00:00,0.8733,,,,,,,,
2022-06-11 00:00:00+00:00,0.9246,,,,,,,,
2022-06-12 00:00:00+00:00,0.9784999999999999,,,,,,,,
2022-06-13 00:00:00+00:00,1.0581,,,,,,,,
2022-06-14 00:00:00+00:00,1.3462,,,,,,,,
2022-06-15 00:00:00+00:00,1.3025,,,,,,,,
2022-06-16 00:00:00+00:00,1.1875,,,,,,,,
2022-06-17 00:00:00+00:00,1.3581999999999999,,,,,,,,
2022-06-18 00:00:00+00:00,1.2309999999999999,,,,,,,,
2022-06-19 00:00:00+00:00,1.3759000000000001,,,,,,,,
2022-06-20 00:00:00+00:00,1.3005000000000002,,,,,,,,
2022-06-21 00:00:00+00:00,1.1912,,,,,,,,
2022-06-22 00:00:00+00:00,1.1837,,,,,,,,
2022-06-23 00:00:00+00:00,1.1859,,,,,,,,
2022-06-24 00:00:00+00:00,1.1157,,,,,,,,
2022-06-25 00:00:00+00:00,1.1498,,,,,,,,
2022-06-26 00:00:00+00:00,1.1120999999999999,,,,,,,,
2022-06-27 00:00:00+00:00,1.1125,,,,,,,,
2022-06-28 00:00:00+00:00,1.1169,,,,,,,,
2022-06-29 00:00:00+00:00,1.1142,,,,,,,,
2022-06-30 00:00:00+00:00,1.1629,,,,,,,,
2022-07-01 00:00:00+00:00,1.2004000000000001,,,,,,,,
2022-07-02 00:00:00+00:00,1.19,,,,,,,,
2022-07-03 00:00:00+00:00,1.1459000000000001,,,,,,,,
2022-07-04 00:00:00+00:00,1.1447,,,,,,,,
2022-07-05 00:00:00+00:00,1.0735,,,,,,,,
2022-07-06 00:00:00+00:00,1.0879,,,,,,,,
2022-07-07 00:00:00+00:00,1.0527,,,,,,,,
2022-07-08 00:00:00+00:00,1.0464,,,,,,,,
2022-07-09 00:00:00+00:00,1.0002,,,,,,,,
2022-07-10 00:00:00+00:00,0.9675,,,,,,,,
2022-07-11 00:00:00+00:00,1.0004,,,,,,,,
2022-07-12 00:00:00+00:00,1.0686,,,,,,,,
2022-07-13 00:00:00+00:00,1.1072,,,,,,,,
2022-07-14 00:00:00+00:00,1.0341,,,,,,,,
2022-07-15 00:00:00+00:00,1.0056,,,,,,,,
2022-07-16 00:00:00+00:00,1.0112999999999999,,,,,,,,
2022-07-17 00:00:00+00:00,1.08,,,,,,,,
2022-07-18 00:00:00+00:00,1.0594,,,,,,,,
2022-07-19 00:00:00+00:00,1.161,,,,,,,,
2022-07-20 00:00:00+00:00,1.1262,,,,,,,,
2022-07-21 00:00:00+00:00,1.1291,,,,,,,,
2022-07-22 00:00:00+00:00,1.0923,,,,,,,,
2022-07-23 00:00:00+00:00,1.1338,,,,,,,,
2022-07-24 00:00:00+00:00,1.1335,,,,,,,,
2022-07-25 00:00:00+00:00,1.1523999999999999,,,,,,,,
2022-07-26 00:00:00+00:00,1.1406,,,,,,,,
2022-07-27 00:00:00+00:00,1.125,,,,,,,,
2022-07-28 00:00:00+00:00,1.0571,,,,,,,,
2022-07-29 00:00:00+00:00,1.1059,,,,,,,,
2022-07-30 00:00:00+00:00,1.0944,,,,,,,,
2022-07-31 00:00:00+00:00,1.0912,,,,,,,,
2022-08-01 00:00:00+00:00,1.1375,,,,,,,,
2022-08-02 00:00:00+00:00,1.1297,,,,,,,,
2022-08-03 00:00:00+00:00,1.089,,,,,,,,
2022-08-04 00:00:00+00:00,1.0922,,,,,,,,
2022-08-05 00:00:00+00:00,1.0852,,,,,,,,
2022-08-06 00:00:00+00:00,1.0758,,,,,,,,
2022-08-07 00:00:00+00:00,1.0846,,,,,,,,
2022-08-08 00:00:00+00:00,1.0862,,,,,,,,
2022-08-09 00:00:00+00:00,1.0954000000000002,,,,,,,,
2022-08-10 00:00:00+00:00,1.103,,,,,,,,
2022-08-11 00:00:00+00:00,1.0568,,,,,,,,
2022-08-12 00:00:00+00:00,1.0266,,,,,,,,
2022-08-13 00:00:00+00:00,1.0095999999999998,,,,,,,,
2022-08-14 00:00:00+00:00,1.0433,,,,,,,,
2022-08-15 00:00:00+00:00,1.0565,,,,,,,,
2022-08-16 00:00:00+00:00,1.0462,,,,,,,,
2022-08-17 00:00:00+00:00,1.0383,,,,,,,,
2022-08-18 00:00:00+00:00,1.0897,,,,,,,,
2022-08-19 00:00:00+00:00,1.0675,,,,,,,,
2022-08-20 00:00:00+00:00,1.1732,,,,,,,,
2022-08-21 00:00:00+00:00,1.1174,,,,,,,,
2022-08-22 00:00:00+00:00,1.1419,,,,,,,,
2022-08-23 00:00:00+00:00,1.1419,,,,,,,,
2022-08-24 00:00:00+00:00,1.1138,,,,,,,,
2022-08-25 00:00:00+00:00,1.1074,,,,,,,,
2022-08-26 00:00:00+00:00,1.1179999999999999,,,,,,,,
2022-08-27 00:00:00+00:00,1.1206,,,,,,,,
2022-08-28 00:00:00+00:00,1.1192,,,,,,,,
2022-08-29 00:00:00+00:00,1.1748,,,,,,,,
2022-08-30 00:00:00+00:00,1.1291,,,,,,,,
2022-08-31 00:00:00+00:00,1.1433,,,,,,,,
2022-09-01 00:00:00+00:00,1.1545,,,,,,,,
2022-09-02 00:00:00+00:00,1.1494,,,,,,,,
2022-09-03 00:00:00+00:00,1.114,,,,,,,,
2022-09-04 00:00:00+00:00,1.1328,,,,,,,,
2022-09-05 00:00:00+00:00,1.1156,,,,,,,,
2022-09-06 00:00:00+00:00,1.0975,,,,,,,,
2022-09-07 00:00:00+00:00,1.1206,,,,,,,,
2022-09-08 00:00:00+00:00,1.1216,,,,,,,,
2022-09-09 00:00:00+00:00,1.149,,,,,,,,
2022-09-10 00:00:00+00:00,1.1311,,,,,,,,
2022-09-11 00:00:00+00:00,1.1335,,,,,,,,
2022-09-12 00:00:00+00:00,1.1545,,,,,,,,
2022-09-13 00:00:00+00:00,1.151,,,,,,,,
2022-09-14 00:00:00+00:00,1.1561,,,,,,,,
2022-09-15 00:00:00+00:00,1.1601000000000001,,,,,,,,
2022-09-16 00:00:00+00:00,1.0325,,,,,,,,
2022-09-17 00:00:00+00:00,1.0095,,,,,,,,
2022-09-18 00:00:00+00:00,0.9551999999999999,,,,,,,,
2022-09-19 00:00:00+00:00,1.0332999999999999,,,,,,,,
2022-09-20 00:00:00+00:00,0.9469,,,,,,,,
2022-09-21 00:00:00+00:00,0.9995999999999999,,,,,,,,
2022-09-22 00:00:00+00:00,1.033,,,,,,,,
2022-09-23 00:00:00+00:00,1.0003,,,,,,,,
2022-09-24 00:00:00+00:00,1.0073999999999999,,,,,,,,
2022-09-25 00:00:00+00:00,0.9626,,,,,,,,
2022-09-26 00:00:00+00:00,0.986,,,,,,,,
2022-09-27 00:00:00+00:00,0.9897,,,,,,,,
2022-09-28 00:00:00+00:00,0.9865,,,,,,,,
2022-09-29 00:00:00+00:00,1.0048000000000001,,,,,,,,
2022-09-30 00:00:00+00:00,0.9987,,,,,,,,
2022-10-01 00:00:00+00:00,0.9340999999999999,,,,,,,,
2022-10-02 00:00:00+00:00,0.9509000000000001,,,,,,,,
2022-10-03 00:00:00+00:00,0.9697,,,,,,,,
2022-10-04 00:00:00+00:00,0.8881999999999999,,,,,,,,
2022-10-05 00:00:00+00:00,0.8929,,,,,,,,
2022-10-06 00:00:00+00:00,0.8908,,,,,,,,
2022-10-07 00:00:00+00:00,0.8473,,,,,,,,
2022-10-08 00:00:00+00:00,0.8201999999999999,,,,,,,,
2022-10-09 00:00:00+00:00,0.804,,,,,,,,
2022-10-10 00:00:00+00:00,0.8240999999999999,,,,,,,,
2022-10-11 00:00:00+00:00,0.8287,,,,,,,,
2022-10-12 00:00:00+00:00,0.8506999999999999,,,,,,,,
2022-10-13 00:00:00+00:00,0.8506,,,,,,,,
2022-10-14 00:00:00+00:00,0.836,,,,,,,,
2022-10-15 00:00:00+00:00,0.7974,,,,,,,,
2022-10-16 00:00:00+00:00,0.7964,,,,,,,,
2022-10-17 00:00:00+00:00,0.7979999999999999,,,,,,,,
2022-10-18 00:00:00+00:00,0.74,,,,,,,,
2022-10-19 00:00:00+00:00,0.7681999999999999,,,,,,,,
2022-10-20 00:00:00+00:00,0.7598,,,,,,,,
2022-10-21 00:00:00+00:00,0.7662,,,,,,,,
2022-10-22 00:00:00+00:00,0.7503,,,,,,,,
2022-10-23 00:00:00+00:00,0.731,,,,,,,,
2022-10-24 00:00:00+00:00,0.7293999999999999,,,,,,,,
2022-10-25 00:00:00+00:00,0.762,,,,,,,,
2022-10-26 00:00:00+00:00,0.7951999999999999,,,,,,,,
2022-10-27 00:00:00+00:00,0.8834000000000001,,,,,,,,
2022-10-28 00:00:00+00:00,0.8209000000000001,,,,,,,,
2022-10-29 00:00:00+00:00,0.7857,,,,,,,,
2022-10-30 00:00:00+00:00,0.8362,,,,,,,,
2022-10-31 00:00:00+00:00,0.8606999999999999,,,,,,,,
2022-11-01 00:00:00+00:00,0.8737999999999999,,,,,,,,
2022-11-02 00:00:00+00:00,0.8623999999999999,,,,,,,,
2022-11-03 00:00:00+00:00,0.7984,,,,,,,,
2022-11-04 00:00:00+00:00,0.7401000000000001,,,,,,,,
2022-11-05 00:00:00+00:00,0.7820999999999999,,,,,,,,
2022-11-06 00:00:00+00:00,0.7792,,,,,,,,
2022-11-07 00:00:00+00:00,0.8067,,,,,,,,
2022-11-08 00:00:00+00:00,0.8929,,,,,,,,
2022-11-09 00:00:00+00:00,1.0485,,,,,,,,
2022-11-10 00:00:00+00:00,1.5393000000000001,,,,,,,,
2022-11-11 00:00:00+00:00,1.2499,,,,,,,,
2022-11-12 00:00:00+00:00,1.2463,,,,,,,,
2022-11-13 00:00:00+00:00,1.255,,,,,,,,
2022-11-14 00:00:00+00:00,1.3634,,,,,,,,
2022-11-15 00:00:00+00:00,1.2594,,,,,,,,
2022-11-16 00:00:00+00:00,1.1049,,,,,,,,
2022-11-17 00:00:00+00:00,1.2298,,,,,,,,
2022-11-18 00:00:00+00:00,1.0293999999999999,,,,,,,,
2022-11-19 00:00:00+00:00,0.9921,,,,,,,,
2022-11-20 00:00:00+00:00,0.9318000000000001,,,,,,,,
2022-11-21 00:00:00+00:00,1.0884,,,,,,,,
2022-11-22 00:00:00+00:00,1.0562,,,,,,,,
2022-11-23 00:00:00+00:00,1.0272,,,,,,,,
2022-11-24 00:00:00+00:00,0.9364,,,,,,,,
2022-11-25 00:00:00+00:00,0.9116,,,,,,,,
2022-11-26 00:00:00+00:00,0.8558,,,,,,,,
2022-11-27 00:00:00+00:00,0.8481000000000001,,,,,,,,
2022-11-28 00:00:00+00:00,0.8626,,,,,,,,
2022-11-29 00:00:00+00:00,0.8996999999999999,,,,,,,,
2022-11-30 00:00:00+00:00,0.8538,,,,,,,,
2022-12-01 00:00:00+00:00,0.8259000000000001,,,,,,,,
2022-12-02 00:00:00+00:00,0.8283,,,,,,,,
2022-12-03 00:00:00+00:00,0.7634000000000001,,,,,,,,
2022-12-04 00:00:00+00:00,0.8137000000000001,,,,,,,,
2022-12-05 00:00:00+00:00,0.8038,,,,,,,,
2022-12-06 00:00:00+00:00,0.8084,,,,,,,,
2022-12-07 00:00:00+00:00,0.7868999999999999,,,,,,,,
2022-12-08 00:00:00+00:00,0.8197,,,,,,,,
2022-12-09 00:00:00+00:00,0.7286,,,,,,,,
2022-12-10 00:00:00+00:00,0.7864,,,,,,,,
2022-12-11 00:00:00+00:00,0.7970999999999999,,,,,,,,
2022-12-12 00:00:00+00:00,0.8237000000000001,,,,,,,,
2022-12-13 00:00:00+00:00,0.797,,,,,,,,
2022-12-14 00:00:00+00:00,0.792,,,,,,,,
2022-12-15 00:00:00+00:00,0.7319,,,,,,,,
2022-12-16 00:00:00+00:00,0.7198,,,,,,,,
2022-12-17 00:00:00+00:00,0.7805,,,,,,,,
2022-12-18 00:00:00+00:00,0.7663,,,,,,,,
2022-12-19 00:00:00+00:00,0.7637,,,,,,,,
2022-12-20 00:00:00+00:00,0.7739,,,,,,,,
2022-12-21 00:00:00+00:00,0.7245,,,,,,,,
2022-12-22 00:00:00+00:00,0.7211,,,,,,,,
2022-12-23 00:00:00+00:00,0.6992,,,,,,,,
2022-12-24 00:00:00+00:00,0.67,,,,,,,,
2022-12-25 00:00:00+00:00,0.6829999999999999,,,,,,,,
2022-12-26 00:00:00+00:00,0.7138,,,,,,,,
2022-12-27 00:00:00+00:00,0.6881,,,,,,,,
2022-12-28 00:00:00+00:00,0.6916,,,,,,,,
2022-12-29 00:00:00+00:00,0.7006999999999999,,,,,,,,
2022-12-30 00:00:00+00:00,0.6858,,,,,,,,
2022-12-31 00:00:00+00:00,0.6392,,,,,,,,
2023-01-01 00:00:00+00:00,0.639,,,,,,,,
2023-01-02 00:00:00+00:00,0.6164000000000001,,,,,,,,
2023-01-03 00:00:00+00:00,0.624,,,,,,,,
2023-01-04 00:00:00+00:00,0.6224000000000001,,,,,,,,
2023-01-05 00:00:00+00:00,0.6053000000000001,,,,,,,,
2023-01-06 00:00:00+00:00,0.5885,,,,,,,,
2023-01-07 00:00:00+00:00,0.5976,,,,,,,,
2023-01-08 00:00:00+00:00,0.5876,,,,,,,,
2023-01-09 00:00:00+00:00,0.5815,,,,,,,,
2023-01-10 00:00:00+00:00,0.6197,,,,,,,,
2023-01-11 00:00:00+00:00,0.6211,,,,,,,,
2023-01-12 00:00:00+00:00,0.6336999999999999,,,,,,,,
2023-01-13 00:00:00+00:00,0.6643000000000001,,,,,,,,
2023-01-14 00:00:00+00:00,0.7029000000000001,,,,,,,,
2023-01-15 00:00:00+00:00,0.8169,,,,,,,,
2023-01-16 00:00:00+00:00,0.7881,,,,,,,,
2023-01-17 00:00:00+00:00,0.7693000000000001,,,,,,,,
2023-01-18 00:00:00+00:00,0.7565999999999999,,,,,,,,
2023-01-19 00:00:00+00:00,0.7535,,,,,,,,
2023-01-20 00:00:00+00:00,0.6899,,,,,,,,
2023-01-21 00:00:00+00:00,0.6758,,,,,,,,
2023-01-22 00:00:00+00:00,0.7116,,,,,,,,
2023-01-23 00:00:00+00:00,0.7066,,,,,,,,
2023-01-24 00:00:00+00:00,0.7112999999999999,,,,,,,,
2023-01-25 00:00:00+00:00,0.6954,,,,,,,,
2023-01-26 00:00:00+00:00,0.6684,,,,,,,,
2023-01-27 00:00:00+00:00,0.6515000000000001,,,,,,,,
2023-01-28 00:00:00+00:00,0.6291,,,,,,,,
2023-01-29 00:00:00+00:00,0.6231,,,,,,,,
2023-01-30 00:00:00+00:00,0.677,,,,,,,,
2023-01-31 00:00:00+00:00,0.6717,,,,,,,,
2023-02-01 00:00:00+00:00,0.6595,,,,,,,,
2023-02-02 00:00:00+00:00,0.6838,,,,,,,,
2023-02-03 00:00:00+00:00,0.6988,,,,,,,,
2023-02-04 00:00:00+00:00,0.6801,,,,,,,,
2023-02-05 00:00:00+00:00,0.6855,,,,,,,,
2023-02-06 00:00:00+00:00,0.7016,,,,,,,,
2023-02-07 00:00:00+00:00,0.6884999999999999,,,,,,,,
2023-02-08 00:00:00+00:00,0.6734,,,,,,,,
2023-02-09 00:00:00+00:00,0.6606000000000001,,,,,,,,
2023-02-10 00:00:00+00:00,0.6526000000000001,,,,,,,,
2023-02-11 00:00:00+00:00,0.6504000000000001,,,,,,,,
2023-02-12 00:00:00+00:00,0.6357,,,,,,,,
2023-02-13 00:00:00+00:00,0.6365999999999999,,,,,,,,
2023-02-14 00:00:00+00:00,0.6656,,,,,,,,
2023-02-15 00:00:00+00:00,0.6252,,,,,,,,
2023-02-16 00:00:00+00:00,0.6406999999999999,,,,,,,,
2023-02-17 00:00:00+00:00,0.6854,,,,,,,,
2023-02-18 00:00:00+00:00,0.6926000000000001,,,,,,,,
2023-02-19 00:00:00+00:00,0.6651,,,,,,,,
2023-02-20 00:00:00+00:00,0.6843,,,,,,,,
2023-02-21 00:00:00+00:00,0.6739,,,,,,,,
2023-02-22 00:00:00+00:00,0.6787000000000001,,,,,,,,
2023-02-23 00:00:00+00:00,0.6297,,,,,,,,
2023-02-24 00:00:00+00:00,0.6135,,,,,,,,
2023-02-25 00:00:00+00:00,0.5539999999999999,,,,,,,,
2023-02-26 00:00:00+00:00,0.5726,,,,,,,,
2023-02-27 00:00:00+00:00,0.5768,,,,,,,,
2023-02-28 00:00:00+00:00,0.574,,,,,,,,
2023-03-01 00:00:00+00:00,0.5625,,,,,,,,
2023-03-02 00:00:00+00:00,0.6015999999999999,,,,,,,,
2023-03-03 00:00:00+00:00,0.6001,,,,,,,,
2023-03-04 00:00:00+00:00,0.5776,,,,,,,,
2023-03-05 00:00:00+00:00,0.5688,,,,,,,,
2023-03-06 00:00:00+00:00,0.5704,,,,,,,,
2023-03-07 00:00:00+00:00,0.5761,,,,,,,,
2023-03-08 00:00:00+00:00,0.5707,,,,,,,,
2023-03-09 00:00:00+00:00,0.5731,,,,,,,,
2023-03-10 00:00:00+00:00,0.6078,,,,,,,,
2023-03-11 00:00:00+00:00,0.6361,,,,,,,,
2023-03-12 00:00:00+00:00,0.6847,,,,,,,,
2023-03-13 00:00:00+00:00,0.6583,,,,,,,,
2023-03-14 00:00:00+00:00,0.688,,,,,,,,
2023-03-15 00:00:00+00:00,0.669,,,,,,,,
2023-03-16 00:00:00+00:00,0.6506000000000001,,,,,,,,
2023-03-17 00:00:00+00:00,0.6278,,,,,,,,
2023-03-18 00:00:00+00:00,0.6656,,,,,,,,
2023-03-19 00:00:00+00:00,0.6953,,,,,,,,
2023-03-20 00:00:00+00:00,0.7518,,,,,,,,
2023-03-21 00:00:00+00:00,0.6772,,,,,,,,
2023-03-22 00:00:00+00:00,0.7031000000000001,,,,,,,,
2023-03-23 00:00:00+00:00,0.6554000000000001,,,,,,,,
2023-03-24 00:00:00+00:00,0.6975,,,,,,,,
2023-03-25 00:00:00+00:00,0.6690999999999999,,,,,,,,
2023-03-26 00:00:00+00:00,0.6424,,,,,,,,
2023-03-27 00:00:00+00:00,0.6496999999999999,,,,,,,,
2023-03-28 00:00:00+00:00,0.6505,,,,,,,,
2023-03-29 00:00:00+00:00,0.6526000000000001,,,,,,,,
2023-03-30 00:00:00+00:00,0.6675,,,,,,,,
2023-03-31 00:00:00+00:00,0.6554000000000001,,,,,,,,
2023-04-01 00:00:00+00:00,0.6274000000000001,,,,,,,,
2023-04-02 00:00:00+00:00,0.6233,,,,,,,,
2023-04-03 00:00:00+00:00,0.631,,,,,,,,
2023-04-04 00:00:00+00:00,0.6373,,,,,,,,
2023-04-05 00:00:00+00:00,0.6542,,,,,,,,
2023-04-06 00:00:00+00:00,0.6424,,,,,,,,
2023-04-07 00:00:00+00:00,0.6265999999999999,,,,,,,,
2023-04-08 00:00:00+00:00,0.596,,,,,,,,
2023-04-09 00:00:00+00:00,0.5746,,,,,,,,
2023-04-10 00:00:00+00:00,0.6036,,,,,,,,
2023-04-11 00:00:00+00:00,0.6404000000000001,,,,,,,,
2023-04-12 00:00:00+00:00,0.6261,,,,,,,,
2023-04-13 00:00:00+00:00,0.6148,,,,,,,,
2023-04-14 00:00:00+00:00,0.6218,,,,,,,,
2023-04-15 00:00:00+00:00,0.5952000000000001,,,,,,,,
2023-04-16 00:00:00+00:00,0.6156,,,,,,,,
2023-04-17 00:00:00+00:00,0.6434000000000001,,,,,,,,
2023-04-18 00:00:00+00:00,0.6152000000000001,,,,,,,,
2023-04-19 00:00:00+00:00,0.6122,,,,,,,,
2023-04-20 00:00:00+00:00,0.6002000000000001,,,,,,,,
2023-04-21 00:00:00+00:00,0.5899,,,,,,,,
2023-04-22 00:00:00+00:00,0.6049,,,,,,,,
2023-04-23 00:00:00+00:00,0.5932999999999999,,,,,,,,
2023-04-24 00:00:00+00:00,0.5722,,,,,,,,
2023-04-25 00:00:00+00:00,0.5981000000000001,,,,,,,,
2023-04-26 00:00:00+00:00,0.5654,,,,,,,,
2023-04-27 00:00:00+00:00,0.5756,,,,,,,,
2023-04-28 00:00:00+00:00,0.5574,,,,,,,,
2023-04-29 00:00:00+00:00,0.5307999999999999,,,,,,,,
2023-04-30 00:00:00+00:00,0.534,,,,,,,,
2023-05-01 00:00:00+00:00,0.5356000000000001,,,,,,,,
2023-05-02 00:00:00+00:00,0.5379999999999999,,,,,,,,
2023-05-03 00:00:00+00:00,0.5425,,,,,,,,
2023-05-04 00:00:00+00:00,0.5436,,,,,,,,
2023-05-05 00:00:00+00:00,0.5257000000000001,,,,,,,,
2023-05-06 00:00:00+00:00,0.5354,,,,,,,,
2023-05-07 00:00:00+00:00,0.5174,,,,,,,,
2023-05-08 00:00:00+00:00,0.544,,,,,,,,
2023-05-09 00:00:00+00:00,0.5322,,,,,,,,
2023-05-10 00:00:00+00:00,0.5453,,,,,,,,
2023-05-11 00:00:00+00:00,0.5155,,,,,,,,
2023-05-12 00:00:00+00:00,0.5297999999999999,,,,,,,,
2023-05-13 00:00:00+00:00,0.5196999999999999,,,,,,,,
2023-05-14 00:00:00+00:00,0.5132,,,,,,,,
2023-05-15 00:00:00+00:00,0.5101,,,,,,,,
2023-05-16 00:00:00+00:00,0.5264,,,,,,,,
2023-05-17 00:00:00+00:00,0.5118,,,,,,,,
2023-05-18 00:00:00+00:00,0.4947,,,,,,,,
2023-05-19 00:00:00+00:00,0.4715,,,,,,,,
2023-05-20 00:00:00+00:00,0.46490000000000004,,,,,,,,
2023-05-21 00:00:00+00:00,0.4717,,,,,,,,
2023-05-22 00:00:00+00:00,0.46130000000000004,,,,,,,,
2023-05-23 00:00:00+00:00,0.4808,,,,,,,,
2023-05-24 00:00:00+00:00,0.5059,,,,,,,,
2023-05-25 00:00:00+00:00,0.5045000000000001,,,,,,,,
2023-05-26 00:00:00+00:00,0.4677,,,,,,,,
2023-05-27 00:00:00+00:00,0.46240000000000003,,,,,,,,
2023-05-28 00:00:00+00:00,0.4437,,,,,,,,
2023-05-29 00:00:00+00:00,0.4802,,,,,,,,
2023-05-30 00:00:00+00:00,0.4571,,,,,,,,
2023-05-31 00:00:00+00:00,0.4357,,,,,,,,
2023-06-01 00:00:00+00:00,0.4228,,,,,,,,
2023-06-02 00:00:00+00:00,0.423,,,,,,,,
2023-06-03 00:00:00+00:00,0.4277,,,,,,,,
2023-06-04 00:00:00+00:00,0.4202,,,,,,,,
2023-06-05 00:00:00+00:00,0.41590000000000005,,,,,,,,
2023-06-06 00:00:00+00:00,0.4035,,,,,,,,
2023-06-07 00:00:00+00:00,0.4253,,,,,,,,
2023-06-08 00:00:00+00:00,0.4164,,,,,,,,
2023-06-09 00:00:00+00:00,0.4094,,,,,,,,
2023-06-10 00:00:00+00:00,0.4086,,,,,,,,
2023-06-11 00:00:00+00:00,0.4556,,,,,,,,
2023-06-12 00:00:00+00:00,0.4496,,,,,,,,
2023-06-13 00:00:00+00:00,0.4838,,,,,,,,
2023-06-14 00:00:00+00:00,0.4727,,,,,,,,
2023-06-15 00:00:00+00:00,0.47950000000000004,,,,,,,,
2023-06-16 00:00:00+00:00,0.47740000000000005,,,,,,,,
2023-06-17 00:00:00+00:00,0.46880000000000005,,,,,,,,
2023-06-18 00:00:00+00:00,0.4489,,,,,,,,
2023-06-19 00:00:00+00:00,0.4594,,,,,,,,
2023-06-20 00:00:00+00:00,0.45399999999999996,,,,,,,,
2023-06-21 00:00:00+00:00,0.4799,,,,,,,,
2023-06-22 00:00:00+00:00,0.5121,,,,,,,,
2023-06-23 00:00:00+00:00,0.4806,,,,,,,,
2023-06-24 00:00:00+00:00,0.5028,,,,,,,,
2023-06-25 00:00:00+00:00,0.4914,,,,,,,,
2023-06-26 00:00:00+00:00,0.485,,,,,,,,
2023-06-27 00:00:00+00:00,0.46869999999999995,,,,,,,,
2023-06-28 00:00:00+00:00,0.4792,,,,,,,,
2023-06-29 00:00:00+00:00,0.4675,,,,,,,,
2023-06-30 00:00:00+00:00,0.43270000000000003,,,0.13053973415654607,0.0713971711202,0.05668955584345395,,-0.015075694156546082,
2023-07-01 00:00:00+00:00,0.4549,0.04340119294565994,,0.10883766918882302,0.124994454140548,0.098096340811177,,0.015136740811176996,-0.0013162268988780915
2023-07-02 00:00:00+00:00,0.4428,-0.004303088787252754,,0.10871893315365391,0.11307445783856251,0.08735290684634611,,0.017803556846346102,0.0005514930606789741
2023-07-03 00:00:00+00:00,0.4667,0.007299113550142684,,0.1092168955926779,0.13622020395691675,0.1085919944073221,,0.028127464407322125,0.0005182981313364614
2023-07-04 00:00:00+00:00,0.4807,0.008576690224347892,,0.11244971530343385,0.1453647717530503,0.11862277469656617,,0.029076724696566122,0.0005012011089964885
2023-07-05 00:00:00+00:00,0.4692,-0.010228559276405414,,0.11125640997161239,0.13564878958155108,0.10889223002838762,,0.021968590028387594,0.0004751148746724398
2023-07-06 00:00:00+00:00,0.4412,-0.013104711720880423,,0.10925756440053767,0.11065867973801263,0.08539987559946231,,0.014646435599462354,0.00041231312523316724
2023-07-07 00:00:00+00:00,0.461,-0.03380408631641731,,0.0954721873273468,0.15201426031716803,0.11704881267265321,,0.03012717267265319,-0.0005557614206375637
2023-07-08 00:00:00+00:00,0.4413,0.012697216906335147,,0.09363252795783603,0.13530567332410226,0.101113162042164,,0.02795916204216395,0.0004286250947056231
2023-07-09 00:00:00+00:00,0.4154,-0.003320127286784971,,0.09350135633500753,0.10962008513473692,0.07905580366499246,,0.02573073366499247,0.000580771552973062
2023-07-10 00:00:00+00:00,0.42840000000000006,-0.0006438804751076854,,0.09603277955831092,0.11850843903340819,0.08749378044168914,,0.024029470441689058,0.0005918321613127706
2023-07-11 00:00:00+00:00,0.4236,0.008657600036247009,,0.09512310116175081,0.11517966804740187,0.08431385883824917,,0.023970908838249164,0.0005188061844434262
2023-07-12 00:00:00+00:00,0.41590000000000005,-0.0006919862943469556,,0.09514706400627991,0.10744082278803913,0.07782574599372012,,0.016877025993720082,0.0005907120262013127
2023-07-13 00:00:00+00:00,0.4045,-0.003413700776147092,,0.09503943128728355,0.09621534049310282,0.06858081871271647,,-0.0008518212872835468,0.0005768738333123027
2023-07-14 00:00:00+00:00,0.4689,0.0689999954909268,,0.03711521987037964,0.27624689239366096,0.18275199012962035,,0.05719519012962034,-0.004178905268158877
2023-07-15 00:00:00+00:00,0.45399999999999996,-0.03455004395391375,,0.022887831348418042,0.3027127521949783,0.18322816865158192,,0.08886865865158194,-0.0006119381929251344
2023-07-16 00:00:00+00:00,0.449,-0.003568200295244636,,0.02280875199907012,0.2979743333102942,0.17879224800092988,,0.08093965800092988,0.0005668613868356645
2023-07-17 00:00:00+00:00,0.43200000000000005,-0.004673390996173845,,0.02352498204420616,0.27862144203244654,0.16309901795579387,,0.07538526795579384,0.0005553501389713106
2023-07-18 00:00:00+00:00,0.4302,-0.005375374997382678,,0.024859846628129473,0.2725299437809149,0.16021219337187054,,0.08877656337187054,0.000545268719893221
2023-07-19 00:00:00+00:00,0.4238,-0.006931344700614904,,0.08555785437552793,0.13129725749058707,0.09404858562447208,,0.12393143562447212,0.0005246185428330384
2023-07-20 00:00:00+00:00,0.4155,-0.004912457387146576,,0.0875272536711955,0.11964994731926187,0.0851129963288045,,0.0942044363288045,0.0005456584363920718
2023-07-21 00:00:00+00:00,0.40380000000000005,0.0010055837201865744,,0.08783966286406525,0.10742243191485423,0.0752147771359348,,0.08613274713593477,0.000565722329235577
2023-07-22 00:00:00+00:00,0.3837,0.000264459314476065,,0.08878711112900688,0.08572833837929,0.058438578870993116,,0.06401569887099313,0.0005605220758828591
2023-07-23 00:00:00+00:00,0.38439999999999996,-0.013202214647748269,,0.08791930852579884,0.0878880971599979,0.059844051474201146,,0.07457030147420117,0.0003757893676641875
2023-07-24 00:00:00+00:00,0.3715,0.01172034086506061,,0.09099485087409993,0.06984647213384038,0.04701739912590007,,0.09701410912590004,0.0004051220885456031
2023-07-25 00:00:00+00:00,0.3701,-0.02092608001736156,,0.0945661406446538,0.06258391807150343,0.042407869355346184,,0.06639529935534622,9.410403812067992e-05
2023-07-26 00:00:00+00:00,0.376,0.004317329965580898,,0.09578460895803098,0.06650911328759457,0.04559139104196902,,0.07577703104196903,0.0005038221505527722
2023-07-27 00:00:00+00:00,0.3616,0.007991675454577732,,0.09526351205774339,0.05295212286856177,0.035491047942256604,,0.05043137794225663,0.0004500239270816678
2023-07-28 00:00:00+00:00,0.35590000000000005,-0.006054941472825273,,0.09500050177996243,0.047678485858040076,0.031664308220037615,,0.05913425822003758,0.00046910747097527237
2023-07-29 00:00:00+00:00,0.3427,0.007122804247161874,,0.09490310663164163,0.034636521749751015,0.022540183368358377,,0.058682503368358355,0.00044563199207670403
2023-07-30 00:00:00+00:00,0.3398,0.0032499562423747076,0.13053973415654607,0.09487691807489179,0.03177902981307945,0.0205871219251082,-0.015075694156546082,0.050131721925108175,0.0004765700565687684
2023-07-31 00:00:00+00:00,0.3521,-0.009996608519707496,0.10883766918882302,0.11863225920160574,0.0076696598706703645,0.005342150798394285,0.015136740811176996,0.02660495079839427,0.0003806461861402413
2023-08-01 00:00:00+00:00,0.3557,-0.0029592983852084653,0.10871893315365391,0.12118929228495785,0.00757747518300711,0.005333197715042162,0.017803556846346102,0.01240095771504214,0.00046424470192575016
2023-08-02 00:00:00+00:00,0.37060000000000004,0.009705950662541225,0.1092168955926779,0.13509863739686392,0.0030423345965100435,0.002245722603136102,0.028127464407322125,0.0012838526031360986,0.0003724451317819777
2023-08-03 00:00:00+00:00,0.3762,-0.0184193057498825,0.11244971530343385,0.13219214213464506,0.012617626754754419,0.009334297865354918,0.029076724696566122,0.009560107865354939,0.00012003142683389808
2023-08-04 00:00:00+00:00,0.365,-0.0025580333430670244,0.11125640997161239,0.13240463516977646,0.0011255227832316361,0.0008203648302235189,0.021968590028387594,-0.0023001451697764463,0.00044458099509612256
2023-08-05 00:00:00+00:00,0.35200000000000004,-0.0027285146532040625,0.10925756440053767,0.13232060193686881,-0.011758988805594728,-0.008416601936868787,0.014646435599462354,0.02157868806313118,0.00043574150550414566
2023-08-06 00:00:00+00:00,0.3544,0.003109913301137956,0.0954721873273468,0.1323360055037575,-0.009380160954054084,-0.0067366455037574935,0.03012717267265319,0.017975284496242555,0.0004270532356064372
2023-08-07 00:00:00+00:00,0.34869999999999995,-0.0031645596029630254,0.09363252795783603,0.13228363910285046,-0.015008178493212454,-0.010691949102850484,0.02795916204216395,0.0063236508971495076,0.000418772309551258
2023-08-08 00:00:00+00:00,0.3453,-0.0004919511427758052,0.09350135633500753,0.1322923716193462,-0.018420183134434,-0.013060281619346206,0.02573073366499247,0.02373262838065382,0.0004218640005114777
2023-08-09 00:00:00+00:00,0.3465,0.014438724486722884,0.09603277955831092,0.13097170147382947,-0.015400126379957912,-0.01090945147382949,0.024029470441689058,0.0092036585261705,0.0002087593822284725
2023-08-10 00:00:00+00:00,0.34509999999999996,-0.00043122036028279514,0.09512310116175081,0.13156547065820584,-0.017619548216257386,-0.012471460658205868,0.023970908838249164,0.00489088934179413,0.00041125436863558083
2023-08-11 00:00:00+00:00,0.3347,-0.0015647344493457823,0.09514706400627991,0.1315459029185925,-0.027992573564158463,-0.019521812918592507,0.016877025993720082,-0.000719012918592471,0.00040348115404823605
2023-08-12 00:00:00+00:00,0.3069,-0.0016753591077889735,0.09503943128728355,0.13317243857552777,-0.05802799094551209,-0.038984828575527763,-0.0008518212872835468,0.017061321424472226,0.0003975566266544691
2023-08-13 00:00:00+00:00,0.3071,0.0003244821833673803,0.03711521987037964,0.15397963099465278,-0.08530238403283535,-0.0596692209946528,0.05719519012962034,0.019159579005347205,0.0003939172857419008
2023-08-14 00:00:00+00:00,0.3343,-0.004932660352389448,0.022887831348418042,0.16240707165236906,-0.06869760750204096,-0.050650581652369076,0.08886865865158194,-0.005828581652369075,0.0003582250618479652
2023-08-15 00:00:00+00:00,0.3221,0.002496473672570955,0.02280875199907012,0.1633296816504067,-0.08204067062151355,-0.059581271650406706,0.08093965800092988,-0.010213991650406679,0.00036770651235284497
2023-08-16 00:00:00+00:00,0.3145,-0.008983808006130358,0.02352498204420616,0.16388908248903675,-0.09033216582805859,-0.06497883248903674,0.07538526795579384,-0.019716992489036772,0.000284293777270632
2023-08-17 00:00:00+00:00,0.3371,-0.01177325586536081,0.024859846628129473,0.1631615253762944,-0.06683257528490366,-0.04952511537629438,0.08877656337187054,-0.025965365376294375,0.00021838264176253722
2023-08-18 00:00:00+00:00,0.45770000000000005,-0.0709712680488378,0.08555785437552793,0.10207072953023345,0.1382148993611229,0.1074185604697666,0.12393143562447212,0.03144643046976654,-0.004686452494852679
2023-08-19 00:00:00+00:00,0.4263,-0.013638206364507015,0.0875272536711955,0.10046868241513542,0.10933204828384396,0.08126300758486459,0.0942044363288045,0.026908927584864586,0.00016719674816368657
2023-08-20 00:00:00+00:00,0.4171,0.005166107482951404,0.08783966286406525,0.10120237011076276,0.09897680042039886,0.07277003988923726,0.08613274713593477,0.03867362988923724,0.00032733902297231036
2023-08-21 00:00:00+00:00,0.3909,0.008828499241728582,0.08878711112900688,0.10043351444486133,0.07398752873252001,0.05236929555513868,0.06401569887099313,0.0422993255551387,0.00027708236552235945
2023-08-22 00:00:00+00:00,0.4031,-0.010147523355265252,0.08791930852579884,0.10107851924947374,0.08517151865635925,0.06141109075052627,0.07457030147420117,0.027372040750526308,0.00025256186016530514
2023-08-23 00:00:00+00:00,0.4336,-0.019752232597691325,0.09099485087409993,0.10349048305590469,0.11190063249066728,0.08451847694409528,0.09701410912590004,0.023245516944095324,-3.327173916864228e-05
2023-08-24 00:00:00+00:00,0.4012,0.027044990126933646,0.0945661406446538,0.09500819205913505,0.09296601086328093,0.06595324794086496,0.06639529935534622,0.016014047940864945,-0.00036998662795223973
2023-08-25 00:00:00+00:00,0.4142,-0.01089896410597136,0.09578460895803098,0.09356371147737493,0.10831814130717898,0.07799792852262509,0.07577703104196903,0.024978778522625075,0.0002448480773071589
2023-08-26 00:00:00+00:00,0.38170000000000004,-0.00458661033399211,0.09526351205774339,0.09424107057294565,0.07471291464795199,0.051453819427054376,0.05043137794225663,0.030650489427054395,0.00034535518098658254
2023-08-27 00:00:00+00:00,0.3926,-0.003878792741827688,0.09500050177996243,0.09437611334394802,0.08539304476632043,0.05975864665605199,0.05913425822003758,0.03472037665605199,0.0003527115559070408
2023-08-28 00:00:00+00:00,0.39189999999999997,0.0065367621694142905,0.09490310663164163,0.0940654819992742,0.08519903489021391,0.059520128000725786,0.058682503368358355,0.027108128000725817,0.0003275360006144868
2023-08-29 00:00:00+00:00,0.38079999999999997,-0.0028999536997897602,0.09487691807489179,0.09403207523613986,0.07415350118395303,0.0509765647638601,0.050131721925108175,0.011527934763860145,0.000365156197306199
2023-08-30 00:00:00+00:00,0.3811,0.04530370816095578,0.11863225920160574,0.08239124137912585,0.09406125456808823,0.06284596862087416,0.02660495079839427,0.06637324862087415,-0.001676161907379627
2023-08-31 00:00:00+00:00,0.3655,-0.014796099137068813,0.12118929228495785,0.0807882472292793,0.08126726573232401,0.052802002770720696,0.01240095771504214,0.039898512770720734,0.00015928132429863422
2023-09-01 00:00:00+00:00,0.3693,-0.035177255763886424,0.13509863739686392,0.06576225447115906,0.1128584774823721,0.07062023552884096,0.0012838526031360986,0.057860305528840916,-0.0008585879915710313
2023-09-02 00:00:00+00:00,0.3765,-0.010019022045859567,0.13219214213464506,0.08121468549547221,0.09151809619649143,0.06053756450452778,0.009560107865354939,0.0506995545045278,0.00027838268674229685
2023-09-03 00:00:00+00:00,0.3607,0.004899868932323147,0.13240463516977646,0.10269362431961197,0.040241540414967414,0.027410865680388044,-0.0023001451697764463,0.030020865680388045,0.0003547753958615795
2023-09-04 00:00:00+00:00,0.3923,-0.0007334515333996006,0.13232060193686881,0.10277654747337572,0.07171218445896022,0.05112274252662427,0.02157868806313118,0.03345826252662426,0.00037796118218148714
2023-09-05 00:00:00+00:00,0.38770000000000004,-0.0033072053661945527,0.1323360055037575,0.10303715630630422,0.06670598711766573,0.04727413369369582,0.017975284496242555,0.018136453693695792,0.00037030082188955826
2023-09-06 00:00:00+00:00,0.37229999999999996,0.002389633807704264,0.13228363910285046,0.10914014176611922,0.041936349205728696,0.029467148233880747,0.0063236508971495076,0.01287034823388078,0.00037778487674909513
2023-09-07 00:00:00+00:00,0.395,-0.00097967188829749,0.1322923716193462,0.11449680773870452,0.05662623071711881,0.041528192261295505,0.02373262838065382,0.0034267522612955043,0.00038408940554835727
2023-09-08 00:00:00+00:00,0.37439999999999996,0.009996426044598501,0.13097170147382947,0.11392211087383458,0.03687650322705738,0.02625324912616539,0.0092036585261705,-8.33508738345562e-05,0.00028848071199697324
2023-09-09 00:00:00+00:00,0.36939999999999995,-0.006999206930802665,0.13156547065820584,0.11332977510618947,0.03275512018420734,0.023126584893810503,0.00489088934179413,0.014476474893810515,0.00034125716170053456
2023-09-10 00:00:00+00:00,0.3617,-0.0009165623445728881,0.1315459029185925,0.12616891899893198,0.006497355022612505,0.004657971001068045,-0.000719012918592471,0.012810921001068037,0.00039099157556896763
2023-09-11 00:00:00+00:00,0.3876,-0.011683094211462417,0.13317243857552777,0.12533839812515643,0.033568365643469045,0.024895361874843563,0.017061321424472226,0.008251851874843563,0.00025705412243148145
2023-09-12 00:00:00+00:00,0.41609999999999997,-0.04135559801912575,0.15397963099465278,0.1045323527425562,0.09278536571544393,0.06860685725744378,0.019159579005347205,0.030744487257443803,-0.0013116183048711158
2023-09-13 00:00:00+00:00,0.3957,0.026776808875980176,0.16240707165236906,0.09940416388197645,0.08041574114463557,0.05717432611802353,-0.005828581652369075,0.03389384611802354,-0.0003111313337634192
2023-09-14 00:00:00+00:00,0.39130000000000004,0.00905888180410027,0.1633296816504067,0.09921367971618873,0.07631796921699058,0.053902010283811294,-0.010213991650406679,0.037094960283811276,0.000327896153610026
2023-09-15 00:00:00+00:00,0.3797,0.011255530081310704,0.16388908248903675,0.09771469517955096,0.06710650169980986,0.04645739482044901,-0.019716992489036772,0.037415064820449026,0.000287780963136655
2023-09-16 00:00:00+00:00,0.3704,0.008877518736972722,0.1631615253762944,0.09678721727872439,0.05929355956726906,0.040408942721275626,-0.025965365376294375,0.04353794272127562,0.0003397910829925065
2023-09-17 00:00:00+00:00,0.3654,-0.003969834510911043,0.10207072953023345,0.10476619331867472,0.04172393768047239,0.028750966681325277,0.03144643046976654,0.031468616681325265,0.0004049934112162536
2023-09-18 00:00:00+00:00,0.3569,-0.00737058800166959,0.10046868241513542,0.10989522995832712,0.025395505372359795,0.01748238004167288,0.026908927584864586,0.015349980041672873,0.00035948933570599127
2023-09-19 00:00:00+00:00,0.374,0.009326937589377748,0.10120237011076276,0.10885295800423941,0.044071283450137666,0.031023041995760586,0.03867362988923724,0.011903291995760568,0.000321859295477825
2023-09-20 00:00:00+00:00,0.3778,0.0038404143638079676,0.10043351444486133,0.10874530112217626,0.04803447554030721,0.03398753887782377,0.0422993255551387,0.011178388877823783,0.00039098845039096974
2023-09-21 00:00:00+00:00,0.35840000000000005,-0.012489448497649614,0.10107851924947374,0.11351527063225529,0.02147972659358227,0.014935289367744756,0.027372040750526308,0.034171219367744685,0.0002488312771377998
2023-09-22 00:00:00+00:00,0.35600000000000004,-0.024256840130607867,0.10349048305590469,0.10924572529818634,0.025476588880324058,0.017490274701813677,0.023245516944095324,0.06389348470181365,-0.0001866852812497221
2023-09-23 00:00:00+00:00,0.3332,0.005852938449336582,0.09500819205913505,0.11396461558969258,-0.0043864564666251105,-0.0029423755896925835,0.016014047940864945,0.09324242441030746,0.00036185641927083455
2023-09-24 00:00:00+00:00,0.3443,0.0002509725198266755,0.09356371147737493,0.15970405711629462,-0.055329900178020475,-0.04116156711629462,0.024978778522625075,0.07532698288370532,0.0003914896630226024
2023-09-25 00:00:00+00:00,0.35340000000000005,-0.008758444192707009,0.09424107057294565,0.1599791597172571,-0.04657394879823995,-0.035087599717257056,0.030650489427054395,0.09666440028274284,0.0003100003740446981
2023-09-26 00:00:00+00:00,0.3593,0.005113163303657217,0.09437611334394802,0.15968303664670755,-0.04030359939158146,-0.03058654664670754,0.03472037665605199,0.08623377335329246,0.0003586664322630099
2023-09-27 00:00:00+00:00,0.3481,0.004147037046089338,0.0940654819992742,0.16055140053526096,-0.052588657857021104,-0.03937779053526094,0.027108128000725817,0.09842780946473906,0.0003653263549712393
2023-09-28 00:00:00+00:00,0.3249,0.0023799096847187118,0.09403207523613986,0.1625917886130911,-0.078326721105002,-0.05703177861309108,0.011527934763860145,0.02960277138690892,0.0003739003011254588
2023-09-29 00:00:00+00:00,0.3857,0.033100530330691005,0.08239124137912585,0.14929157251531008,-0.0006826762619024374,-0.0005270825153100844,0.06637324862087415,0.0627686774846899,-0.0007196834515519906
2023-09-30 00:00:00+00:00,0.34740000000000004,0.009336573560518032,0.0807882472292793,0.1495630966328651,-0.039333883481736165,-0.02887633663286507,0.039898512770720734,0.09973739336713491,0.0002891121767974375
2023-10-01 00:00:00+00:00,0.35159999999999997,0.0015576327136836792,0.06576225447115906,0.15029837027125956,-0.03608333762396804,-0.02667581027125958,0.057860305528840916,0.10281123972874043,0.00037267916206442227
2023-10-02 00:00:00+00:00,0.3632,0.037019503328266985,0.08121468549547221,0.13377139787656564,-0.002547724362798487,-0.0018571578765656238,0.0506995545045278,0.1333108421234344,-0.0009965035353473694
2023-10-03 00:00:00+00:00,0.3643,-0.04230131141791023,0.10269362431961197,0.11557161737135929,0.024341741722076593,0.017142872628640726,0.030020865680388045,0.19657407262864068,-0.0014163593047526479
2023-10-04 00:00:00+00:00,0.3691,-0.0027117435039211947,0.10277654747337572,0.12390417269953327,0.017099754688248425,0.012330637300466712,0.03345826252662426,0.19486898730046673,0.0003659264462556992
2023-10-05 00:00:00+00:00,0.3481,-0.005688366321757131,0.10303715630630422,0.12762088447066236,-0.009140653440593671,-0.006447274470662345,0.018136453693695792,0.1791843255293377,0.0003393092931557093
2023-10-06 00:00:00+00:00,0.3493,-0.022523889384548756,0.10914014176611922,0.12362612010052274,-0.002305062677605274,-0.0016156301005227358,0.01287034823388078,0.22200028989947726,-0.00013831976378364384
2023-10-07 00:00:00+00:00,0.34340000000000004,0.021005562895663528,0.11449680773870452,0.1225164674257693,-0.006623524103408329,-0.004592907425769274,0.0034267522612955043,0.2503158925742307,-7.374353283764887e-05
2023-10-08 00:00:00+00:00,0.33740000000000003,-0.007259006468429005,0.11392211087383458,0.12212515858857474,-0.012064102002730337,-0.008286398588574717,-8.33508738345562e-05,0.2154358414114252,0.0003113173812556895
2023-10-09 00:00:00+00:00,0.3575,-0.0005511497735892416,0.11332977510618947,0.12295708423978187,0.006847630494556778,0.004849165760218113,0.014476474893810515,0.1871805257602181,0.00036130162114168444
2023-10-10 00:00:00+00:00,0.3728,-0.03249787973552805,0.12616891899893198,0.1101678843866139,0.040884522224988895,0.02881195561338612,0.012810921001068037,0.20500207561338613,-0.0006952967644737943
2023-10-11 00:00:00+00:00,0.3655,-0.00826030875503567,0.12533839812515643,0.27403661032331655,-0.15798506217782043,-0.14044636032331656,0.008251851874843563,0.14302102967668334,0.00029332728374636697
2023-10-12 00:00:00+00:00,0.3678,-0.0004467277268843189,0.1045323527425562,0.27956283205235927,-0.16093701596574383,-0.14428599205235926,0.030744487257443803,0.05706920794764081,0.0003598404635617771
2023-10-13 00:00:00+00:00,0.3651,-0.017190186698770853,0.09940416388197645,0.27780551594352965,-0.1619725907723999,-0.14450750594352965,0.03389384611802354,0.0701764940564703,6.107975980021446e-05
2023-10-14 00:00:00+00:00,0.36920000000000003,0.008149055573266662,0.09921367971618873,0.2771603888400851,-0.15726024431108282,-0.14085174884008508,0.037094960283811276,0.07805561115991488,0.0002880491005697477
2023-10-15 00:00:00+00:00,0.3676,0.0018662124532092454,0.09771469517955096,0.2773471471026879,-0.15903758610897484,-0.1422173871026879,0.037415064820449026,0.11290294289731218,0.0003494385679744639
2023-10-16 00:00:00+00:00,0.3746,0.0016060132575399153,0.09678721727872439,0.29376512075377037,-0.16740103390470612,-0.15343996075377037,0.04353794272127562,0.08163616924622968,0.00034951625474993937
2023-10-17 00:00:00+00:00,0.3691,0.025914587318785345,0.10476619331867472,0.30405878178420875,-0.18231525349250977,-0.16782397178420877,0.031468616681325265,0.09967437821579123,-0.00031918454914495935
2023-10-18 00:00:00+00:00,0.3539,-0.02181490826944387,0.10989522995832712,0.325924323697025,-0.21699782246652943,-0.200679113697025,0.015349980041672873,0.015014886302974984,-0.00012326074883164782
2023-10-19 00:00:00+00:00,0.3475,-0.0011513369571680122,0.10885295800423941,0.32590974211053747,-0.2233850515739027,-0.2051534921105375,0.011903291995760568,0.001503097889462568,0.0003511091574576345
2023-10-20 00:00:00+00:00,0.34630000000000005,0.0024290474740597994,0.10874530112217626,0.32583874446314176,-0.22452286610045824,-0.20591505446314173,0.011178388877823783,-0.02957625446314177,0.0003447883667249281
2023-10-21 00:00:00+00:00,0.3843,0.023410224524234885,0.11351527063225529,0.3267415153592089,-0.18731308186500506,-0.17905502535920895,0.034171219367744685,0.0004424846407911631,-0.00019943300131618425
2023-10-22 00:00:00+00:00,0.41609999999999997,0.015410151161323146,0.10924572529818634,0.3240631769463121,-0.15316547141585196,-0.1509239669463121,0.06389348470181365,0.0061019830536879205,0.00011288955808014806
2023-10-23 00:00:00+00:00,0.45520000000000005,0.020545337306889868,0.11396461558969258,0.34353107529730764,-0.1309152406287586,-0.1363240352973076,0.09324242441030746,-0.03694738529730768,-6.751083208584408e-05
2023-10-24 00:00:00+00:00,0.48479999999999995,0.06131451002884316,0.15970405711629462,0.3503474455116443,-0.10710155052309528,-0.11531640551164438,0.07532698288370532,-0.04927575551164437,-0.0033960850871090718
2023-10-25 00:00:00+00:00,0.5065999999999999,0.009966018129554628,0.1599791597172571,0.3491528699734002,-0.08429158901900125,-0.09250930997340029,0.09666440028274284,-0.0572287799734002,0.00027470075935371723
2023-10-26 00:00:00+00:00,0.4959,0.0013437099608707556,0.15968303664670755,0.35024215536327474,-0.09591260155836046,-0.10432534536327473,0.08623377335329246,-0.05593590536327475,0.000384248866372107
2023-10-27 00:00:00+00:00,0.5089,0.009411179026205465,0.16055140053526096,0.34917812459995107,-0.08201295856492352,-0.09019891459995105,0.09842780946473906,-0.0537858745999511,0.0003081526545421898
2023-10-28 00:00:00+00:00,0.4384,-0.0131668940829676,0.1625917886130911,0.3482579169860861,-0.15173381277985254,-0.1560633569860861,0.02960277138690892,-0.06117627698608619,0.00023594083171476208
2023-10-29 00:00:00+00:00,0.46049999999999996,-0.0015737413319962604,0.14929157251531008,0.3519758316179234,-0.1327755107181851,-0.13991558161792342,0.0627686774846899,-0.09946958161792346,0.00041474310077704423
2023-10-30 00:00:00+00:00,0.4993,0.010463682745998869,0.1495630966328651,0.3519233506081412,-0.0939312791889359,-0.10262286060814121,0.09973739336713491,-0.11192134060814121,0.00031351154065135955
2023-10-31 00:00:00+00:00,0.5031,0.00792840900823005,0.15029837027125956,0.3521169670596531,-0.09029444474957227,-0.09900735705965313,0.10281123972874043,-0.1004140770596531,0.00037188607397721203
2023-11-01 00:00:00+00:00,0.5168,0.003473087093207632,0.13377139787656564,0.3535274544516259,-0.07778174749282862,-0.0864452144516259,0.1333108421234344,-0.09850245445162592,0.00043450871079185296
2023-11-02 00:00:00+00:00,0.5587,0.017132675721675494,0.11557161737135929,0.35331446353089974,-0.03570261063600633,-0.04116877353089976,0.19657407262864068,-0.08850130353089969,0.00016538657695381074
2023-11-03 00:00:00+00:00,0.5646,-0.026310095287756685,0.12390417269953327,0.36171711821882063,-0.03682922960130619,-0.04294395821882063,0.19486898730046673,-0.05734422821882068,-0.00021691954875403287
2023-11-04 00:00:00+00:00,0.5539000000000001,0.01838044261385957,0.12762088447066236,0.35978663983239195,-0.0459221735084423,-0.0529814298323919,0.1791843255293377,-0.050205679832391936,0.0001541310635651905
2023-11-05 00:00:00+00:00,0.5879,0.013378669420449336,0.12362612010052274,0.3634619944636807,-0.014978092539180587,-0.01783558446368072,0.22200028989947726,-0.04446295446368076,0.0003299355963191558
2023-11-06 00:00:00+00:00,0.6106,0.018709071145620433,0.1225164674257693,0.36568126697139036,0.005884143608429704,0.0071510930286096674,0.2503158925742307,-0.03540117697139039,0.00017931659385441427
2023-11-07 00:00:00+00:00,0.581,0.004531093105236232,0.12212515858857474,0.374991675357376,-0.03136563861583219,-0.03743067535737604,0.2154358414114252,-0.07249167535737594,0.0005320944747237356
2023-11-08 00:00:00+00:00,0.5569,-0.008287413158342846,0.12295708423978187,0.41034186038820264,-0.08367931623508007,-0.10020425038820269,0.1871805257602181,-0.08828561038820265,0.0005043753173895012
2023-11-09 00:00:00+00:00,0.5614,0.002223752703328431,0.1101678843866139,0.41028728898104966,-0.07913671946348999,-0.09511732898104963,0.20500207561338613,-0.07920212898104961,0.0005847627239144395
2023-11-10 00:00:00+00:00,0.6457999999999999,0.11634816331375798,0.27403661032331655,0.24628548852810575,0.14952841253190224,0.17077215147189415,0.14302102967668334,0.0730525214718942,-0.012931096884567091
2023-11-11 00:00:00+00:00,0.5802,-0.021316884640790502,0.27956283205235927,0.24104354613190954,0.0892381418766734,0.09558849386809054,0.05706920794764081,0.08499745386809054,0.00017727608400575057
2023-11-12 00:00:00+00:00,0.5899,-0.012290873780445669,0.27780551594352965,0.27638356365630984,0.06417805480814298,0.07159844634369011,0.0701764940564703,0.0913373963436902,0.0004990086792473998
2023-11-13 00:00:00+00:00,0.596,-0.0036582729870247746,0.2771603888400851,0.27746358542651534,0.0692518766748994,0.07775241457348464,0.07805561115991488,0.048920104573484724,0.0006562971410355099
2023-11-14 00:00:00+00:00,0.6247,0.0043396708523848315,0.2773471471026879,0.28554756870492276,0.09033348841368927,0.10470252129507729,0.11290294289731218,0.04484747129507721,0.0006708388989020939
2023-11-15 00:00:00+00:00,0.6127,-0.03676957669668221,0.29376512075377037,0.27588598148562066,0.08745150501346444,0.0995153085143794,0.08163616924622968,0.044809708514379376,-0.0006390314681700905
2023-11-16 00:00:00+00:00,0.6354,0.038956644711420615,0.30405878178420875,0.2787809933291582,0.10740284723385274,0.1249521666708418,0.09967437821579123,0.026917416670841743,-0.0007831817251627236
2023-11-17 00:00:00+00:00,0.5839,-0.047676598570524115,0.325924323697025,0.25124576823740985,0.08265577984638084,0.08969344176259014,0.015014886302974984,0.06336304176259022,-0.001514190536186409
2023-11-18 00:00:00+00:00,0.5722,-0.00035649716453041555,0.32590974211053747,0.25340285622077885,0.0688086450674994,0.07400998377922119,0.001503097889462568,0.07378114377922124,0.0007784385070319557
2023-11-19 00:00:00+00:00,0.5443,0.00025465379953757214,0.32583874446314176,0.2543985114257349,0.03992066713064568,0.041863978574265104,-0.02957625446314177,0.08339492857426506,0.0007973734966478605
2023-11-20 00:00:00+00:00,0.5720000000000001,0.0249447180761188,0.3267415153592089,0.2507895464149177,0.07121107598618193,0.0763944535850824,0.0004424846407911631,0.09884614358508237,0.0001913033853084314
2023-11-21 00:00:00+00:00,0.5746,0.004163574787977636,0.3240631769463121,0.25206105398192935,0.07254317654081288,0.07810410601807066,0.0061019830536879205,0.06761610601807067,0.0008125994568570633
2023-11-22 00:00:00+00:00,0.5537,-0.044969012879785226,0.34353107529730764,0.23086437613038405,0.07321651835845172,0.07571931386961592,-0.03694738529730768,0.11089278386961596,-0.0011779370381037506
2023-11-23 00:00:00+00:00,0.5487,0.06572456729971614,0.3503474455116443,0.1956295894401446,0.10639966149668773,0.10544210055985534,-0.04927575551164437,0.16991157055985542,-0.0034663681723056923
2023-11-24 00:00:00+00:00,0.5403,-0.0010664082445425603,0.3491528699734002,0.19623886400395604,0.09731144032384309,0.09568522599604398,-0.0572287799734002,0.18890549599604403,0.0008582444574742365
2023-11-25 00:00:00+00:00,0.5425,0.00955697977794353,0.35024215536327474,0.1999585127170078,0.0953327910982204,0.0943477372829922,-0.05593590536327475,0.1871743272829922,0.0007712677877522889
2023-11-26 00:00:00+00:00,0.5435,0.001056270503431245,0.34917812459995107,0.20009234214820923,0.0961831747539455,0.09529990785179074,-0.0537858745999511,0.1553620978517907,0.0008659070697925308
2023-11-27 00:00:00+00:00,0.5357999999999999,-0.009886030410768475,0.3482579169860861,0.2028337494298108,0.08542931997097009,0.08424789057018911,-0.06117627698608619,0.1802034605701892,0.0007726145716671327
2023-11-28 00:00:00+00:00,0.5025,-0.017551600676707572,0.3519758316179234,0.249516694659239,0.0029835391508713505,0.0029895553407609243,-0.09946958161792346,0.19884746534076095,0.0005709549693931608
2023-11-29 00:00:00+00:00,0.4899,0.010255493598827223,0.3519233506081412,0.2509501311113971,-0.011049230073664318,-0.010948121111397063,-0.11192134060814121,0.19114187888860285,0.0007775322053823134
2023-11-30 00:00:00+00:00,0.5017,-0.008875435220199743,0.3521169670596531,0.25449324919014077,-0.002773239320125631,-0.0027903591901407565,-0.1004140770596531,0.18428051080985924,0.0008030848277342296
2023-12-01 00:00:00+00:00,0.505,0.011313390496668916,0.3535274544516259,0.2530909882335325,0.0019185073633373184,0.0019340117664675138,-0.09850245445162592,0.2310466517664675,0.0007537369059721646
2023-12-02 00:00:00+00:00,0.5146000000000001,0.016613924109333603,0.35331446353089974,0.2499084669282007,0.014691541451636703,0.014904693071799341,-0.08850130353089969,0.2421937830717993,0.0006046061183833675
2023-12-03 00:00:00+00:00,0.5517,0.03718669475071282,0.36171711821882063,0.24441541196283303,0.05731612894145399,0.05995747803716692,-0.05734422821882068,0.2485289980371669,-0.0005065442792680804
2023-12-04 00:00:00+00:00,0.5564,0.013385485208336446,0.35978663983239195,0.24223814761100318,0.06422305254004107,0.06734281238899684,-0.050205679832391936,0.2276721023889968,0.000695819679801333
2023-12-05 00:00:00+00:00,0.5648,0.021933370414949277,0.3634619944636807,0.28558965045867557,0.03039411449846885,0.033409389541324386,-0.04446295446368076,0.18871803954132454,0.00039417164945523977
2023-12-06 00:00:00+00:00,0.5747,0.023074559641944752,0.36568126697139036,0.2872389698756919,0.03875320238321045,0.04304112012430805,-0.03540117697139039,0.1955080701243082,0.00034037736125727507
2023-12-07 00:00:00+00:00,0.55,-0.028031586650630273,0.374991675357376,0.27767898263688895,0.023047456940486044,0.024821017363111098,-0.07249167535737594,0.2213219773631111,8.315676172035262e-05
2023-12-08 00:00:00+00:00,0.5675,0.05453600532606898,0.41034186038820264,0.2435332991588614,0.07400906881801628,0.07852295084113858,-0.08828561038820265,0.29009695084113846,-0.0021084511828610973
2023-12-09 00:00:00+00:00,0.5754,0.0006780523207614178,0.41028728898104966,0.24451585703745227,0.08091455326020741,0.08656930296254778,-0.07920212898104961,0.3118509529625477,0.0008663533993882096
2023-12-10 00:00:00+00:00,0.5650999999999999,-0.007569350649602485,0.24628548852810575,0.27432034127711774,0.0413440059749981,0.04501766872288221,0.0730525214718942,0.21344221872288227,0.0008109715280036362
2023-12-11 00:00:00+00:00,0.5710000000000001,0.004854378464798143,0.24104354613190954,0.2743806565709593,0.04718642956586239,0.0516603434290408,0.08499745386809054,0.2061455834290406,0.0008357774398574904
2023-12-12 00:00:00+00:00,0.6064,-0.05527860845657281,0.27638356365630984,0.34999950293451143,0.014792441787200183,0.01772145706548861,0.0913373963436902,0.13399898706548857,-0.002197349341022937
2023-12-13 00:00:00+00:00,0.5713,-0.01010702101844211,0.27746358542651534,0.35151476541265836,-0.02158680657665024,-0.0251310754126583,0.048920104573484724,0.06463924458734166,0.0007580259818405319
2023-12-14 00:00:00+00:00,0.5748,0.026139428549491143,0.28554756870492276,0.3611342223686357,-0.02614444199828969,-0.03073918236863571,0.04484747129507721,0.04833778763136437,0.00017427504314257707
2023-12-15 00:00:00+00:00,0.5663,0.023619879579127277,0.27588598148562066,0.36022429543210793,-0.033886883755474884,-0.0395286054321079,0.044809708514379376,0.04490795456789198,0.00029417984209218395
2023-12-16 00:00:00+00:00,0.5529,-0.0418994790670809,0.2787809933291582,0.3606018527888612,-0.04760133454378035,-0.05490344278886128,0.026917416670841743,0.06293878721113871,-0.0009084837378735723
2023-12-17 00:00:00+00:00,0.5609000000000001,0.0031446566794717814,0.25124576823740985,0.36380115859958384,-0.042259314443193974,-0.04919234859958377,0.06336304176259022,0.02109500140041609,0.0008282407973819522
2023-12-18 00:00:00+00:00,0.5720000000000001,-0.013319984721124079,0.25340285622077885,0.37115162743552926,-0.037222149495181434,-0.04396762743552918,0.07378114377922124,0.008058012564470751,0.0006583030673029937
2023-12-19 00:00:00+00:00,0.5811999999999999,0.009049835519917856,0.2543985114257349,0.3758810042980779,-0.03189135069586324,-0.03808756429807797,0.08339492857426506,-0.0785289142980779,0.0007538046387062688
2023-12-20 00:00:00+00:00,0.5913,-0.01804471387232253,0.2507895464149177,0.37897148928392715,-0.024306602696825497,-0.0293357992839271,0.09884614358508237,-0.15514787928392715,0.0005138852437317643
2023-12-21 00:00:00+00:00,0.5654,0.011038243803989668,0.25206105398192935,0.37872247272282544,-0.050004316464245635,-0.05904531272282543,0.06761610601807067,-0.15508806272282546,0.0007197044988378389
2023-12-22 00:00:00+00:00,0.5846,0.016733780781857843,0.23086437613038405,0.3764998921679719,-0.02899587039677176,-0.03474273216797191,0.11089278386961596,-0.17101900216797195,0.0005605700976397025
2023-12-23 00:00:00+00:00,0.6046,0.03773206702241122,0.1956295894401446,0.35947127640216425,0.005040764892938809,0.006069883597835779,0.16991157055985542,-0.14750311640216426,-0.0005799071758476593
2023-12-24 00:00:00+00:00,0.6206,-0.007156436819618092,0.19623886400395604,0.40424249824984493,-0.015200674936606928,-0.019098138249844854,0.18890549599604403,-0.17709493824984496,0.0007984747408139377
2023-12-25 00:00:00+00:00,0.6222,-0.01992637483923513,0.1999585127170078,0.4113033920347503,-0.019129394332390137,-0.024170552034750326,0.1871743272829922,-0.1470045820347503,0.0004611421812000873
2023-12-26 00:00:00+00:00,0.5962,0.0034807163994277717,0.20009234214820923,0.4112554145266792,-0.04509198850966423,-0.05580097452667926,0.1553620978517907,-0.19623772452667917,0.0008545645229357957
2023-12-27 00:00:00+00:00,0.6189,-0.017973723701994657,0.2028337494298108,0.4080849596818101,-0.019915278215706156,-0.02504774968181006,0.1802034605701892,-0.1890609596818101,0.000549110297380246
2023-12-28 00:00:00+00:00,0.6696,0.06438177606072513,0.249516694659239,0.36421271617997114,0.06609961376982432,0.08415144382002882,0.19884746534076095,-0.1713160761799711,-0.0032640849818840454
2023-12-29 00:00:00+00:00,0.6648999999999999,-0.014932911425891069,0.2509501311113971,0.361500805957439,0.06365062914175201,0.08059120404256093,0.19114187888860285,-0.170094555957439,0.0006758228303190948
2023-12-30 00:00:00+00:00,0.6624,-0.019235086038337346,0.25449324919014077,0.35734126886634865,0.06461971522444077,0.08143249113365136,0.18428051080985924,-0.1501342288663486,0.0005472818468329197
2023-12-31 00:00:00+00:00,0.6958,-0.0035691006331341106,0.2530909882335325,0.3656136629489649,0.0911400435377212,0.11852397705103507,0.2310466517664675,-0.15493266294896493,0.0009216160001226165
2024-01-01 00:00:00+00:00,0.7015,-0.0038007079237669657,0.2499084669282007,0.36672924622754455,0.09591825801338383,0.12537300377245547,0.2421937830717993,-0.13227960622754453,0.0009408326274973932
2024-01-02 00:00:00+00:00,0.7021,0.03051829445965881,0.24441541196283303,0.363595426517852,0.09911125506536023,0.12934898348214796,0.2485289980371669,-0.146998266517852,4.466870601328439e-05
2024-01-03 00:00:00+00:00,0.6855,0.00046688313914453587,0.24223814761100318,0.36482740773112105,0.08149055658779547,0.10508284226887893,0.2276721023889968,-0.155338117731121,0.0009930381662531039
2024-01-04 00:00:00+00:00,0.6887000000000001,-0.06359410317093883,0.28558965045867557,0.3156492931732266,0.1268732534195025,0.15865839682677352,0.18871803954132454,-0.1274668531732266,-0.003036311867705054
2024-01-05 00:00:00+00:00,0.6948000000000001,0.025845614767275385,0.2872389698756919,0.30787506737705356,0.13993509087611833,0.17487197262294657,0.1955080701243082,-0.12835337737705357,0.00035408572606872
2024-01-06 00:00:00+00:00,0.7064,0.00013219061906478158,0.27767898263688895,0.3079259554842102,0.15148923646751078,0.19107500451578985,0.2213219773631111,-0.1165197054842102,0.001035987976781784
2024-01-07 00:00:00+00:00,0.7304999999999999,-0.012949183158964274,0.2435332991588614,0.30620153635751335,0.1771451984869803,0.2274287136424865,0.29009695084113846,-0.12735712635751334,0.0008862693998078336
2024-01-08 00:00:00+00:00,0.7459,-0.009012099464146824,0.24451585703745227,0.3153102369499211,0.1843750789591604,0.24105657305007888,0.3118509529625477,-0.11263019694992107,0.00099205463402458
2024-01-09 00:00:00+00:00,0.6984,0.050069738419463786,0.27432034127711774,0.2909388366624732,0.15901253568286067,0.1968237233375268,0.21344221872288227,-0.0808082766624732,-0.0014131324679506052
2024-01-10 00:00:00+00:00,0.6931999999999999,0.005340637760710678,0.2743806565709593,0.2905925593588591,0.15413362249268492,0.1899336806411408,0.2061455834290406,-0.0799115593588591,0.0010807050631947161
2024-01-11 00:00:00+00:00,0.6957,0.09628588785078757,0.34999950293451143,0.18610681301832432,0.2642990113382628,0.2978916769816757,0.13399898706548857,0.05783039698167569,-0.008147636483232705
2024-01-12 00:00:00+00:00,0.6451,0.015056360627945894,0.35151476541265836,0.18383603542868773,0.2163389529951587,0.23231797457131229,0.06463924458734166,0.06227917457131224,0.0009072606731343914
2024-01-13 00:00:00+00:00,0.6399,-0.03839153582035387,0.3611342223686357,0.1659518626533469,0.23252810276929153,0.24352014734665314,0.04833778763136437,0.09414813734665309,-0.00033175715141263765
2024-01-14 00:00:00+00:00,0.6365,0.021979767878697442,0.36022429543210793,0.20269118212410672,0.18628762553200878,0.2024410678758932,0.04490795456789198,0.11970565787589324,0.0006662643163273473
2024-01-15 00:00:00+00:00,0.6507999999999999,-0.04226817310467442,0.3606018527888612,0.18157831494183052,0.22467992896153016,0.2419623250581694,0.06293878721113871,0.1103457750581695,-0.0006295128439080921
2024-01-16 00:00:00+00:00,0.6204,0.016518035827814057,0.36380115859958384,0.20783594385813242,0.16450972388289253,0.1770602161418675,0.02109500140041609,0.13077166614186753,0.0008950019535782657
2024-01-17 00:00:00+00:00,0.6158,0.027956575549829804,0.37115162743552926,0.20206415894251892,0.16628452869504157,0.1771454810574811,0.008058012564470751,0.14733505105748104,0.00039269628078693233
2024-01-18 00:00:00+00:00,0.5453,-0.021693672567096946,0.3758810042980779,0.1971939165059162,0.10123478349918447,0.10015817349408382,-0.0785289142980779,0.1399024434940838,0.0007084021678118593
2024-01-19 00:00:00+00:00,0.4731,-0.024075385008849592,0.37897148928392715,0.19046921465951755,0.03667221140317206,0.03335439534048246,-0.15514787928392715,0.15822103534048249,0.0005957001599633316
2024-01-20 00:00:00+00:00,0.4729,0.010068550623859246,0.37872247272282544,0.20340913320711593,0.021890983230805072,0.02022527679288405,-0.15508806272282546,0.19968887679288408,0.0010624589239512218
2024-01-21 00:00:00+00:00,0.4533,-0.009866182921053832,0.3764998921679719,0.2074658996764885,-0.0021842474515321175,-0.0019850096764885417,-0.17101900216797195,0.17063611032351148,0.0010577220427874837
2024-01-22 00:00:00+00:00,0.4604,-0.0049088315371193575,0.35947127640216425,0.21398037874957337,-0.0021801322469150453,-0.0020122187495733856,-0.14750311640216426,0.1619112312504266,0.0011185216596981734
2024-01-23 00:00:00+00:00,0.47659999999999997,-0.061082248167427626,0.40424249824984493,0.17144787787905374,0.06253735029701873,0.055699682120946226,-0.17709493824984496,0.1916788821209463,-0.002602447685936074
2024-01-24 00:00:00+00:00,0.5141,-0.03126352265195786,0.4113033920347503,0.15955719935731652,0.11465388428811013,0.10474161064268347,-0.1470045820347503,0.2076788006426835,0.00013675657513481003
2024-01-25 00:00:00+00:00,0.4637,-0.0028586762365621276,0.4112554145266792,0.16253863467324933,0.06053919501860139,0.05247905532675068,-0.19623772452667917,0.1764182053267506,0.001094774674284104
2024-01-26 00:00:00+00:00,0.46799999999999997,-0.007903759485230736,0.4080849596818101,0.16864640389459393,0.05733419439330728,0.05037759610540604,-0.1890609596818101,0.19460088610540607,0.0010276520161366114
2024-01-27 00:00:00+00:00,0.43920000000000003,0.023217994458273217,0.36421271617997114,0.18215346892825232,0.012405589389630933,0.010743171071747715,-0.1713160761799711,0.2167650910717476,0.0005360677881301147
2024-01-28 00:00:00+00:00,0.4375,-0.0003084040116964899,0.361500805957439,0.18691340391460506,0.005165171522574341,0.004492846085394936,-0.170094555957439,0.19008259608539493,0.0010517175746368023
2024-01-29 00:00:00+00:00,0.45520000000000005,-0.005301770835363059,0.35734126886634865,0.19190567367091738,0.01712960192348384,0.01530136632908266,-0.1501342288663486,0.1990944163290826,0.0010008102369681976
2024-01-30 00:00:00+00:00,0.45899999999999996,0.02631845893361467,0.3656136629489649,0.20457461023125037,0.006700751458450449,0.006106389768749609,-0.15493266294896493,0.26123163976874963,0.00031511008465644175
2024-01-31 00:00:00+00:00,0.4842,0.010302288922535477,0.36672924622754455,0.20544167411726963,0.03094325805646353,0.029007965882730385,-0.13227960622754453,0.24829528588273034,0.0008766609991209861
2024-02-01 00:00:00+00:00,0.4654,-0.025957505157699238,0.363595426517852,0.20680720770294383,0.010639395172642674,0.009789952297056148,-0.146998266517852,0.2579076822970561,0.0002854761634309399
2024-02-02 00:00:00+00:00,0.45770000000000005,0.010073564896468146,0.36482740773112105,0.20572147488292844,0.004134707144684169,0.00376781511707161,-0.155338117731121,0.26035781511707157,0.0008325543359387451
2024-02-03 00:00:00+00:00,0.4338,0.0014741591292596534,0.3156492931732266,0.21041328694007086,-0.024908280871482447,-0.022230846940070853,-0.1274668531732266,0.353137203059929,0.0009080751644506614
2024-02-04 00:00:00+00:00,0.42369999999999997,-0.005386867364179019,0.30787506737705356,0.22828179697506554,-0.05408844374374061,-0.048760106975065554,-0.12835337737705357,0.3428006930249343,0.0008550998097724325
2024-02-05 00:00:00+00:00,0.4375,-0.0020494044280300137,0.3079259554842102,0.23255552638328572,-0.044740112789558084,-0.04114927638328572,-0.1165197054842102,0.3591131136167143,0.0008522262784766724
2024-02-06 00:00:00+00:00,0.4229,0.005093944010077971,0.30620153635751335,0.2935185128185413,-0.11887348847884877,-0.11467410281854129,-0.12735712635751334,0.32979173718145866,0.0008023872303126017
2024-02-07 00:00:00+00:00,0.45020000000000004,0.02880760766560337,0.3153102369499211,0.28531455993418103,-0.08394844372531962,-0.082634519934181,-0.11263019694992107,0.272395680065819,-3.3943296858252535e-05
2024-02-08 00:00:00+00:00,0.45840000000000003,0.02244660140521024,0.2909388366624732,0.27941240515737026,-0.07019474567703587,-0.06928184515737024,-0.0808082766624732,0.3018413548426297,0.0002597848862688557
2024-02-09 00:00:00+00:00,0.45899999999999996,0.0002475145427429111,0.2905925593588591,0.27977122947387467,-0.06993405021219301,-0.06909022947387469,-0.0799115593588591,0.3140531305261254,0.0007382190169164275
2024-02-10 00:00:00+00:00,0.4939,0.026136232264400844,0.18610681301832432,0.27216262549738696,-0.027792079197477282,-0.02822541549738694,0.05783039698167569,0.3740925845026131,3.05342424733472e-05
2024-02-11 00:00:00+00:00,0.4961,0.006328881529624578,0.18383603542868773,0.2991884805450471,-0.050881243321054925,-0.053073270545047124,0.06227917457131224,0.42637475945495307,0.0006516587334698215
2024-02-12 00:00:00+00:00,0.51,0.001994495854443954,0.1659518626533469,0.3045476492605302,-0.04185835978132124,-0.044447649260530186,0.09414813734665309,0.24943484073946992,0.0006722068036382041
2024-02-13 00:00:00+00:00,0.5678,0.059184290901290085,0.20269118212410672,0.26241401565054706,0.05553638070760181,0.0599828243494529,0.11970565787589324,0.2761951943494529,-0.002840236751588985
2024-02-14 00:00:00+00:00,0.5403,-0.007162004303183076,0.18157831494183052,0.2733654089744106,0.017456420165255726,0.01855868102558944,0.1103457750581695,0.24979748102558935,0.000603693487055251
2024-02-15 00:00:00+00:00,0.5819,0.049305240983093135,0.20783594385813242,0.2606529768848661,0.07135815363981557,0.07795463311513384,0.13077166614186753,0.309976183115134,-0.0017880387719625308
2024-02-16 00:00:00+00:00,0.5911,0.0175264610157895,0.20206415894251892,0.3008167464815556,0.042632365146715645,0.04858246351844436,0.14733505105748104,0.3199696635184445,0.00033156391586018445
2024-02-17 00:00:00+00:00,0.5806,-0.008385793376273959,0.1971939165059162,0.31393437132292207,0.02030153371357324,0.023161988677077916,0.1399024434940838,0.249165788677078,0.0005656968073499832
2024-02-18 00:00:00+00:00,0.5905,-0.005187383065900496,0.19046921465951755,0.32833857781833703,0.017491642453326017,0.020351672181663005,0.15822103534048249,0.23611311218166292,0.0006127390085257824
2024-02-19 00:00:00+00:00,0.6349,0.03413108056863849,0.20340913320711593,0.4564833311774473,-0.04073550171482798,-0.05338532117744732,0.19968887679288408,0.22331691882255267,-0.000513879363065997
2024-02-20 00:00:00+00:00,0.6149,0.020755106020641585,0.2074658996764885,0.5895536307262722,-0.1529239581611609,-0.21145162072627222,0.17063611032351148,0.021501259273727924,0.00023666624165183614
2024-02-21 00:00:00+00:00,0.6131,0.02365445546200071,0.21398037874957337,0.5832510114523635,-0.15060872160291816,-0.20735940145236348,0.1619112312504266,0.025148988547636586,0.00012367189022088215
2024-02-22 00:00:00+00:00,0.6026,-0.015336852735468278,0.17144787787905374,0.607425554731316,-0.17677510528070883,-0.24429879473131594,0.1916788821209463,-0.021282194731315873,0.0004629562796774085
2024-02-23 00:00:00+00:00,0.606,0.00030299459891444365,0.15955719935731652,0.6074456373917846,-0.17338798899635643,-0.24020963739178458,0.2076788006426835,-0.001383387391784674,0.0007105017175606999
2024-02-24 00:00:00+00:00,0.5821999999999999,-0.0159129352366985,0.16253863467324933,0.6210837131635495,-0.20588864549842967,-0.28212687316354956,0.1764182053267506,-0.04848882316354941,0.0004667726720613149
2024-02-25 00:00:00+00:00,0.6027,0.02375874245729314,0.16864640389459393,0.6325941966317503,-0.19265790473958977,-0.2693469066317503,0.19460088610540607,-0.03134903663175015,0.00016683498059230856
2024-02-26 00:00:00+00:00,0.6315999999999999,0.040610897496340156,0.18215346892825232,0.6125307950517765,-0.15104346611453712,-0.21361223505177662,0.2167650910717476,0.008413204948223285,-0.0009047610950016263
2024-02-27 00:00:00+00:00,0.614,0.019781876709739,0.18691340391460506,0.6149302684782412,-0.17017489661314789,-0.23793426847824117,0.19008259608539493,0.014711981521758788,0.0003719760415119185
2024-02-28 00:00:00+00:00,0.6253,0.020938775408447706,0.19190567367091738,0.6131220497133307,-0.1577211042579445,-0.22212195971333076,0.1990944163290826,0.03345476028666916,0.0003418152076822569
2024-02-29 00:00:00+00:00,0.6825,0.04164065006281761,0.20457461023125037,0.5947531891994515,-0.08870243075307505,-0.12894693919945155,0.26123163976874963,0.031086020800548564,-0.0009369114609417033
2024-03-01 00:00:00+00:00,0.6736,-0.013319259811329476,0.20544167411726963,0.5926105780466604,-0.09621204072595568,-0.13887361804666043,0.24829528588273034,0.04164238195333958,0.0006429287043796734
2024-03-02 00:00:00+00:00,0.6817,0.02803618574611543,0.20680720770294383,0.601716795756206,-0.0940040645479473,-0.13700190575620602,0.2579076822970561,0.05470724424379392,5.432991438008997e-05
2024-03-03 00:00:00+00:00,0.6827,-0.0034983418571492243,0.20572147488292844,0.6207021597951374,-0.10514653314915179,-0.15462286979513745,0.26035781511707157,-0.0016479197951373425,0.0008507783832459515
2024-03-04 00:00:00+00:00,0.7506999999999999,0.019692677151587703,0.21041328694007086,0.6698988504594128,-0.06777348793923244,-0.10634836045941287,0.353137203059929,-0.0661698504594127,0.0004986481223110981
2024-03-05 00:00:00+00:00,0.7556999999999999,0.03869965116651282,0.22828179697506554,0.6528660222198936,-0.052301251372727564,-0.08178353221989376,0.3428006930249343,-0.07632953221989347,-0.0005769331574874026
2024-03-06 00:00:00+00:00,0.7692,-0.018853792438717498,0.23255552638328572,0.6488485264102437,-0.036311344681279945,-0.05717988641024374,0.3591131136167143,-0.0967995264102437,0.0006010233307690831
2024-03-07 00:00:00+00:00,0.7895,0.07096904032684881,0.2935185128185413,0.5877128223606403,0.022875696732330142,0.03559742763935969,0.32979173718145866,-0.0561260123606403,-0.004043562221900193
2024-03-08 00:00:00+00:00,0.7468,0.012473201756992628,0.28531455993418103,0.5870980414443226,-0.01942323212254704,-0.029387801444322625,0.272395680065819,-0.06451363144432254,0.0008780521886142874
2024-03-09 00:00:00+00:00,0.7624,0.004329122642259212,0.27941240515737026,0.5980874206506608,-0.010961119174387246,-0.01683366065066083,0.3018413548426297,0.028543139349339164,0.0010473144971482784
2024-03-10 00:00:00+00:00,0.7706000000000001,0.0054363290026061654,0.27977122947387467,0.6532847834428833,-0.037660343851461775,-0.05946042344288327,0.3140531305261254,-0.020146293442883434,0.0010703946566557882
2024-03-11 00:00:00+00:00,0.8039000000000001,-0.007598547662708857,0.27216262549738696,0.6863764097033976,-0.024578370087836143,-0.04012119970339756,0.3740925845026131,-0.0971666497033975,0.0010772006642851216
2024-03-12 00:00:00+00:00,0.8518000000000001,0.04755373693011125,0.2991884805450471,0.6603268621104983,0.03919501471471509,0.06523637788950187,0.42637475945495307,-0.11198661211049843,-0.001089677935287633
2024-03-13 00:00:00+00:00,0.7443000000000001,-0.02108216388713589,0.3045476492605302,0.6566037305263269,-0.06601088510912079,-0.10262124052632682,0.24943484073946992,-0.14337477052632686,0.0007710075347857148
2024-03-14 00:00:00+00:00,0.7339,0.0063041185415412615,0.26241401565054706,0.7323262680996164,-0.12186063715247875,-0.19371705809961648,0.2761951943494529,-0.24777105809961653,0.0012025618419256113
2024-03-15 00:00:00+00:00,0.7232999999999999,-0.030844915714075476,0.2733654089744106,0.7877542860563491,-0.1642552298625417,-0.2645913960563492,0.24979748102558935,-0.14422944605634913,0.0003106403490208033
2024-03-16 00:00:00+00:00,0.7554000000000001,-0.037231026797330306,0.2606529768848661,0.7985541641172206,-0.13821857865490939,-0.2279250041172205,0.309976183115134,-0.22110615411722068,-0.00010298248332416687
2024-03-17 00:00:00+00:00,0.7879,-0.06006919829172932,0.3008167464815556,0.7580533119955508,-0.08276257068714665,-0.1372669019955507,0.3199696635184445,-0.20986115199555078,-0.002303952527703334
2024-03-18 00:00:00+00:00,0.7504000000000001,0.033889267864846286,0.31393437132292207,0.7445344183503089,-0.1124640787228941,-0.1814342583503088,0.249165788677078,-0.13488577835030902,0.0001806577984705415
2024-03-19 00:00:00+00:00,0.7513,-0.034796786148395764,0.32833857781833703,0.7430537054969222,-0.1107056296202028,-0.17860201549692223,0.23611311218166292,-0.1441324954969221,0.00013896356506701356
2024-03-20 00:00:00+00:00,0.8245,-0.1081544087975779,0.4564833311774473,0.6092971581147955,0.04392511050201242,0.07050309188520454,0.22331691882255267,-0.055165798114795495,-0.010327892009933505
2024-03-21 00:00:00+00:00,0.7817000000000001,0.10662110166543973,0.5895536307262722,0.47109343653660396,0.0953375326865521,0.13996145346339617,0.021501259273727924,0.1074189234633961,-0.009973305576973039
2024-03-22 00:00:00+00:00,0.78,-0.006442806937870721,0.5832510114523635,0.483996024892692,0.0843017716763309,0.12440397510730805,0.025148988547636586,0.08436918510730806,0.001374518217756759
2024-03-23 00:00:00+00:00,0.7656000000000001,-0.04713987499435136,0.607425554731316,0.45704598196891877,0.08954824017023766,0.12909737803108134,-0.021282194731315873,0.09753210803108125,-0.0007849061925652649
2024-03-24 00:00:00+00:00,0.7785,-0.0013200133918018534,0.6074456373917846,0.46016475059887096,0.10014555680760007,0.14589749940112895,-0.001383387391784674,0.08891624940112908,0.0014558859993486603
2024-03-25 00:00:00+00:00,0.7567,0.037069653930310184,0.6210837131635495,0.44390404280570367,0.09043875783916144,0.1286908471942964,-0.04848882316354941,0.04805791719429636,0.00010527980862859118
2024-03-26 00:00:00+00:00,0.7754000000000001,0.03886573011696356,0.6325941966317503,0.43366223829888273,0.11686963752695301,0.16758292170111744,-0.03134903663175015,0.05479897170111725,-9.76911816391742e-06
2024-03-27 00:00:00+00:00,0.7879999999999999,-0.0004452979395058344,0.6125307950517765,0.4341364340902634,0.12910969494895164,0.1868075659097364,0.008413204948223285,0.016373005909736615,0.001522312534402606
2024-03-28 00:00:00+00:00,0.7935,-0.024259835945762507,0.6149302684782412,0.42778855990253667,0.13944452842091692,0.2018536900974633,0.014711981521758788,0.006492440097463359,0.0009542474804326348
2024-03-29 00:00:00+00:00,0.8040999999999999,0.017023853711830746,0.6131220497133307,0.44369721612316465,0.13799399032649107,0.20287959387683524,0.03345476028666916,0.013955033876835499,0.001276048242241109
2024-03-30 00:00:00+00:00,0.7911,-0.014972454052321792,0.5947531891994515,0.44097635288730175,0.12703949606432574,0.18486285711269834,0.031086020800548564,-0.012606102887301629,0.0013650257968200624
2024-03-31 00:00:00+00:00,0.7964,-0.0011391469022475232,0.5926105780466604,0.4432459970688712,0.13063277561232323,0.1910069629311288,0.04164238195333958,-0.05187063706887113,0.0016025174036958306
2024-04-01 00:00:00+00:00,0.8101999999999999,0.0391724898530885,0.601716795756206,0.4764122017222888,0.11997380394374413,0.18001183827771106,0.05470724424379392,0.0379636382777111,8.581657752246372e-05
2024-04-02 00:00:00+00:00,0.7868,-0.03965702050913134,0.6207021597951374,0.4597782204626922,0.10873051944310896,0.1592760195373079,-0.0016479197951373425,0.07385202953730768,6.512894808262848e-05
2024-04-03 00:00:00+00:00,0.777,-0.06656849967994222,0.6698988504594128,0.4061636588076867,0.13969029600382932,0.1975653411923134,-0.0661698504594127,0.0035643511923132976,-0.0027795866108256814
2024-04-04 00:00:00+00:00,0.7593000000000001,0.00988455942214211,0.6528660222198936,0.42232024817450065,0.10943828534487388,0.15421624182549953,-0.07632953221989347,0.015658991825499402,0.0015577432941625618
2024-04-05 00:00:00+00:00,0.743,0.005025967994576102,0.6488485264102437,0.42224251620519065,0.09319809464330542,0.12980648379480936,-0.0967995264102437,0.04629773379480934,0.001630685537041698
2024-04-06 00:00:00+00:00,0.7291,-0.003428162375858591,0.5877128223606403,0.42259807141327627,0.07902456482860676,0.1089887385867237,-0.0561260123606403,0.05876036858672368,0.0016405753620854784
2024-04-07 00:00:00+00:00,0.7229000000000001,0.010249430410670078,0.5870980414443226,0.42731318040652755,0.06920803859422642,0.09527122959347256,-0.06451363144432254,0.01677577959347243,0.0015389002657545483
2024-04-08 00:00:00+00:00,0.7916,0.030364089809312742,0.5980874206506608,0.4209135101448254,0.14282152459809094,0.20571704985517453,0.028543139349339164,-0.005533260144825303,0.0007187653011935426
2024-04-09 00:00:00+00:00,0.7957,0.06757457523056151,0.6532847834428833,0.366548652597063,0.19026738393355203,0.2665898374029369,-0.020146293442883434,0.031107707402937057,-0.0029214359664492652
2024-04-10 00:00:00+00:00,0.7676000000000001,-0.052702918507683,0.6863764097033976,0.3375714653003176,0.1865909937872584,0.2516382946996825,-0.0971666497033975,0.04003878469968242,-0.0011291200365790735
2024-04-11 00:00:00+00:00,0.7404999999999999,0.010968098730068217,0.6603268621104983,0.3572039412441225,0.14283459089209238,0.19113630875587734,-0.11198661211049843,0.047419268755877486,0.0015229687627588916
2024-04-12 00:00:00+00:00,0.7164,-0.011766342635954781,0.6566037305263269,0.3555204237174412,0.12014466566961335,0.15770853628255888,-0.14337477052632686,0.02405878628255881,0.0014886363855395228
2024-04-13 00:00:00+00:00,0.6960999999999999,-0.07914235352887256,0.7323262680996164,0.27974653066206123,0.16718929802653715,0.20480867933793867,-0.24777105809961653,0.10688870933793881,-0.0046401507010844795
2024-04-14 00:00:00+00:00,0.8022,-0.07421008239249917,0.7877542860563491,0.21346858630853352,0.3401733922071874,0.4300562536914665,-0.14422944605634913,0.1938306536914665,-0.0038887113460531132
2024-04-15 00:00:00+00:00,0.7598999999999999,0.04768448979349689,0.7985541641172206,0.19265498877229476,0.32097519006976283,0.38479302122770515,-0.22110615411722068,0.2068954212277052,-0.0006443936253135976
2024-04-16 00:00:00+00:00,0.7404000000000001,-0.016717398802622203,0.7580533119955508,0.2201762460083094,0.2711705827547581,0.3280159139916906,-0.20986115199555078,0.16807736399169057,0.0013505682448539944
2024-04-17 00:00:00+00:00,0.7807999999999999,-0.00611069005683983,0.7445344183503089,0.22910346589015423,0.30215246173185606,0.3805451741098456,-0.13488577835030902,0.13970982410984573,0.0015860695227370015
2024-04-18 00:00:00+00:00,0.7739,-0.03300172571171743,0.7430537054969222,0.2445528996918801,0.27937709892070717,0.35436831030812,-0.1441324954969221,0.12559766030811997,0.0005385471584960573
2024-04-19 00:00:00+00:00,0.7444,0.026527105315608344,0.6092971581147955,0.23726320006160448,0.25730329495919957,0.31686815993839546,-0.055165798114795495,0.1386284099383955,0.0009271216433919752
2024-04-20 00:00:00+00:00,0.7606,-0.0029747819456168094,0.47109343653660396,0.2407262596792861,0.2699613756752471,0.337786100320714,0.1074189234633961,0.16491535032071394,0.00161048302123448
2024-04-21 00:00:00+00:00,0.7539,0.0331963322588157,0.483996024892692,0.6080799552886429,-0.025894816146300625,-0.03971474528864283,0.08436918510730806,0.01870893471135726,0.0005143639528728146
2024-04-22 00:00:00+00:00,0.7447,-0.0026637930383252993,0.45704598196891877,0.6219387480989824,-0.04393093275560933,-0.0673606580989824,0.09753210803108125,0.007544811901017523,0.0016056084897539927
2024-04-23 00:00:00+00:00,0.741,0.01606485552446212,0.46016475059887096,0.6211791409385213,-0.04714918698081605,-0.0720981409385213,0.08891624940112908,-0.016361850938521383,0.001351742027023821
2024-04-24 00:00:00+00:00,0.7014,0.006136995320814253,0.44390404280570367,0.622384040891609,-0.08751320238135762,-0.130422080891609,0.04805791719429636,-0.16702900089160894,0.0015669551313546785
2024-04-25 00:00:00+00:00,0.6989,-0.025860255727256323,0.43366223829888273,0.6168442958513732,-0.08649435690064222,-0.12838308585137326,0.05479897170111725,-0.19030468585137322,0.0009285012787437375
2024-04-26 00:00:00+00:00,0.6712,0.006258856669294339,0.4341364340902634,0.616839363632344,-0.11419121693099166,-0.166329923632344,0.016373005909736615,-0.191735363632344,0.001547780914106472
2024-04-27 00:00:00+00:00,0.659,-0.008172916015264126,0.42778855990253667,0.6209274812410118,-0.128989518484232,-0.1866464812410118,0.006492440097463359,-0.1423402412410117,0.0015045928447206811
2024-04-28 00:00:00+00:00,0.6765000000000001,0.03996714125952597,0.44369721612316465,0.6053163407460747,-0.10152078426355327,-0.1476640907460745,0.013955033876835499,-0.15762153074607477,-4.382418959132314e-05
2024-04-29 00:00:00+00:00,0.6545000000000001,0.0007360608809290595,0.44097635288730175,0.60757221583334,-0.12496918850801275,-0.17920196583333986,-0.012606102887301629,-0.16388300583333992,0.0015357530207722602
2024-04-30 00:00:00+00:00,0.6256,-0.013705610266609856,0.4432459970688712,0.6101990067866015,-0.15555235824172065,-0.2188236467866015,-0.05187063706887113,-0.15051500678660162,0.0013304173586353237
2024-05-01 00:00:00+00:00,0.7172,-0.06527230181982933,0.4764122017222888,0.5586973681634783,-0.03026061311849626,-0.04432152816347834,0.0379636382777111,-0.13463592816347825,-0.0027643928761830966
2024-05-02 00:00:00+00:00,0.7304999999999999,-0.014335366537936925,0.4597782204626922,0.5563783470928032,-0.01540773363252057,-0.022748097092803343,0.07385202953730768,-0.11042150709280313,0.0012776053365426332
2024-05-03 00:00:00+00:00,0.6401,0.004968787500694506,0.4061636588076867,0.5583684984028018,-0.10714058937051985,-0.1486404884028018,0.0035643511923132976,-0.09460749840280186,0.0014506179434670059
2024-05-04 00:00:00+00:00,0.6618,0.03775769281930184,0.42232024817450065,0.5418485259094347,-0.07430361085205561,-0.10386928590943462,0.015658991825499402,-0.0871680359094345,3.194644026917868e-05
2024-05-05 00:00:00+00:00,0.6845,0.004344125377808643,0.42224251620519065,0.5418238399842892,-0.051586842692008195,-0.07328358998428919,0.04629773379480934,-0.11906379998428918,0.0014260647518708287
2024-05-06 00:00:00+00:00,0.6938,0.0064012508940302255,0.42259807141327627,0.5431002090297979,-0.04315332893596324,-0.061741769029798,0.05876036858672368,-0.12280731902979797,0.0013963337942976134
2024-05-07 00:00:00+00:00,0.6664,-0.022194459413734973,0.42731318040652755,0.5394930388869897,-0.06810189849107251,-0.09540407888698976,0.01677577959347243,-0.07831622888698986,0.0009401287128845825
2024-05-08 00:00:00+00:00,0.6445000000000001,-0.019899187281535873,0.4209135101448254,0.5368518676700066,-0.08820175901932059,-0.12147161767000647,-0.005533260144825303,-0.14183961767000652,0.001029576552840297
2024-05-09 00:00:00+00:00,0.6306,-0.009898422177819182,0.366548652597063,0.5515282042782609,-0.11204944912001435,-0.15387184427826084,0.031107707402937057,-0.16613556427826087,0.0013082831799421687
2024-05-10 00:00:00+00:00,0.6145,0.019897512208759124,0.3375714653003176,0.546718829123435,-0.1249043745633609,-0.1691085791234349,0.04003878469968242,-0.1629385791234349,0.0009888457321031948
2024-05-11 00:00:00+00:00,0.6361,-0.04164045328184258,0.3572039412441225,0.526165756519047,-0.0892728396618162,-0.12154254651904695,0.047419268755877486,-0.12888766651904698,-0.0003684947814807846
2024-05-12 00:00:00+00:00,0.6161,-0.00027480077117142106,0.3555204237174412,0.5276165836983796,-0.11027220741048427,-0.1480373736983796,0.02405878628255881,-0.13649142369837963,0.001352232208737077
2024-05-13 00:00:00+00:00,0.6218,0.005959942286450339,0.27974653066206123,0.5545653212119699,-0.12289142684199728,-0.16793008121196984,0.10688870933793881,-0.13388336121196992,0.0013045813555220898
2024-05-14 00:00:00+00:00,0.6382,0.007722308791358688,0.21346858630853352,0.557473709853374,-0.10844162076150965,-0.15017446985337396,0.1938306536914665,-0.16497145985337403,0.0012715257514971144
2024-05-15 00:00:00+00:00,0.6321,-0.02372981078837259,0.19265498877229476,0.5584737874916096,-0.11521103798325472,-0.15892337749160962,0.2068954212277052,-0.1937785774916096,0.0007464827703589947
2024-05-16 00:00:00+00:00,0.6231,0.05041321816162954,0.2201762460083094,0.5277637468362577,-0.10337350043635984,-0.13951013683625774,0.16807736399169057,-0.15493138683625768,-0.0012481522311654789
2024-05-17 00:00:00+00:00,0.6073,-0.02776841070080204,0.22910346589015423,0.5254950486895877,-0.11761037286659637,-0.15668175868958778,0.13970982410984573,-0.12884700868958787,0.0005076494411241856
2024-05-18 00:00:00+00:00,0.6084,0.04856882103577983,0.2445528996918801,0.4998782794205789,-0.09862070650057964,-0.1297277194205788,0.12559766030811997,-0.10007498942057891,-0.0011021903987234176
2024-05-19 00:00:00+00:00,0.6131,0.01022418320239555,0.23726320006160448,0.5118627895389448,-0.10234586765103681,-0.13597117953894483,0.1386284099383955,-0.13129717953894482,0.0011313137591223914
2024-05-20 00:00:00+00:00,0.6369,-0.01713138536994863,0.2407262596792861,0.5089960630790811,-0.07653960016183647,-0.10335445307908103,0.16491535032071394,-0.096061303079081,0.000926085713845123
2024-05-21 00:00:00+00:00,0.7917000000000001,0.17690520317131278,0.6080799552886429,0.1339905921262478,0.42565274604738834,0.49279829787375234,0.01870893471135726,0.30094965787375216,-0.030091668113649668
2024-05-22 00:00:00+00:00,0.7934,0.03385520129130561,0.6219387480989824,0.12214843284523741,0.44390259965882806,0.5073351271547626,0.007544811901017523,0.28924552715476254,6.294363684937986e-05
2024-05-23 00:00:00+00:00,0.7777,-0.013987355639236124,0.6211791409385213,0.11980836308993217,0.43156655306091524,0.4850089269100678,-0.016361850938521383,0.2734460469100678,0.001020312855737511
2024-05-24 00:00:00+00:00,0.6748000000000001,0.011691688690014673,0.622384040891609,0.11858920537524296,0.3304321655914378,0.3367658346247571,-0.16702900089160894,0.276171684624757,0.0010843534612378835
2024-05-25 00:00:00+00:00,0.6531,-0.014609288693249756,0.6168442958513732,0.121859991480778,0.3040154952153018,0.304679618519222,-0.19030468585137322,0.31453236851922206,0.00100427463182249
2024-05-26 00:00:00+00:00,0.652,0.0062263873105805325,0.616839363632344,0.1264634817028002,0.2963829563943818,0.29864051829719984,-0.191735363632344,0.2832645282971998,0.001173283108364578
2024-05-27 00:00:00+00:00,0.6918000000000001,0.02007003295110456,0.6209274812410118,0.1233941015588415,0.3405250342554405,0.35519313844115863,-0.1423402412410117,0.2580356584411584,0.0008069246531406638
2024-05-28 00:00:00+00:00,0.6690999999999999,0.017727519356042293,0.6053163407460747,0.12019313462810509,0.32241118473751545,0.3275016753718948,-0.15762153074607477,0.23776975537189482,0.000899512165243703
2024-05-29 00:00:00+00:00,0.6661,-0.013636574949545508,0.60757221583334,0.12526704438427644,0.3121691531043438,0.3184221656157236,-0.16388300583333992,0.2511152056157236,0.0010269115761568435
2024-05-30 00:00:00+00:00,0.6779999999999999,-0.020093391427921475,0.6101990067866015,0.1261059578889543,0.3228859931107274,0.33357804211104564,-0.15051500678660162,0.2113388521110458,0.0008105223652165694
2024-05-31 00:00:00+00:00,0.6512,-0.005240418988738414,0.5586973681634783,0.12577797414062056,0.2965480944071771,0.2982834658593795,-0.13463592816347825,0.20049146585937935,0.0011930429850781777
2024-06-01 00:00:00+00:00,0.6678000000000001,0.0038598267078546952,0.5563783470928032,0.12966001913066552,0.30771664974527707,0.3162968208693345,-0.11042150709280313,0.21034559086933455,0.0011973588236300805
2024-06-02 00:00:00+00:00,0.6809999999999999,0.013720893903128908,0.5583684984028018,0.12737935668594327,0.3240975529840916,0.3363816433140566,-0.09460749840280186,0.23238068331405673,0.00101598745223424
2024-06-03 00:00:00+00:00,0.6743000000000001,-0.008236346804124607,0.5418485259094347,0.12696271481792504,0.3179817225879018,0.3277177751820751,-0.0871680359094345,0.19079497518207494,0.0011413474926920493
2024-06-04 00:00:00+00:00,0.6502,-0.004103954818120652,0.5418238399842892,0.14439604482691396,0.2702052042107498,0.2783639951730861,-0.11906379998428918,0.19119244517308606,0.0011938676845311895
2024-06-05 00:00:00+00:00,0.6483,0.012078205903388912,0.5431002090297979,0.2092048786012116,0.19091080183151288,0.21108801139878838,-0.12280731902979797,0.14185137139878842,0.001060646230739816
2024-06-06 00:00:00+00:00,0.6790999999999999,0.014004081223088933,0.5394930388869897,0.21535406505674617,0.2150374341139481,0.2458227449432537,-0.07831622888698986,0.1756460249432538,0.0010048382351245254
2024-06-07 00:00:00+00:00,0.6285000000000001,-0.013375166865732879,0.5368518676700066,0.22237768883119788,0.15693061079921883,0.1726345611688022,-0.14183961767000652,0.1636360011688022,0.0010236179715877739
2024-06-08 00:00:00+00:00,0.6208,-0.03611444314100207,0.5515282042782609,0.23136767839508954,0.13979305785145935,0.15402496160491047,-0.16613556427826087,0.16201216160491044,-0.00010360003443489951
2024-06-09 00:00:00+00:00,0.6195,0.000787326794848588,0.546718829123435,0.24282883313417716,0.12672334355797948,0.14095141686582288,-0.1629385791234349,0.1826664568658228,0.0011989131110386616
2024-06-10 00:00:00+00:00,0.6303,0.006680846563159791,0.526165756519047,0.24512719590395218,0.13519678257564088,0.1521508940960478,-0.12888766651904698,0.15265529409604786,0.0011554627540396986
2024-06-11 00:00:00+00:00,0.6254,-0.010923441994080189,0.5276165836983796,0.24519870705265523,0.13022456941740812,0.14592645294734474,-0.13649142369837963,0.1336415429473447,0.0010801040926275364
2024-06-12 00:00:00+00:00,0.6486,-0.047439283712997105,0.5545653212119699,0.21782845170111015,0.18187904300202012,0.20285350829888982,-0.13388336121196992,0.1508633882988898,-0.0010500055369191273
2024-06-13 00:00:00+00:00,0.6265,0.01728235212082927,0.557473709853374,0.2160316809216742,0.1617079164597634,0.17647056907832573,-0.16497145985337403,0.12013635907832579,0.0009049096969524898
2024-06-14 00:00:00+00:00,0.6039,-0.025402796737735985,0.5584737874916096,0.2102134240550194,0.14540962490471038,0.1544817859449806,-0.1937785774916096,0.13201157594498056,0.0005569359863944208
2024-06-15 00:00:00+00:00,0.6106,0.004168888920945432,0.5277637468362577,0.21536460335795046,0.14652607985585914,0.15746775664204957,-0.15493138683625768,0.14667828664204954,0.0011816753103702981
2024-06-16 00:00:00+00:00,0.6297999999999999,0.02417883975765238,0.5254950486895877,0.2697267697556961,0.11044774020353376,0.12692127024430377,-0.12884700868958787,0.14771844024430392,0.0006130303198459148
2024-06-17 00:00:00+00:00,0.6323,0.01591987725083301,0.4998782794205789,0.26816986608469107,0.11444879928237006,0.1316334239153089,-0.10007498942057891,0.150309743915309,0.0009467461064919258
2024-06-18 00:00:00+00:00,0.6169,-0.03300851634143747,0.5118627895389448,0.2584101887541033,0.10855937723402109,0.12215542124589668,-0.13129717953894482,0.19116006124589668,0.00011333445898271738
2024-06-19 00:00:00+00:00,0.6426000000000001,-0.007606774075005236,0.5089960630790811,0.2595111610746726,0.13317762016704393,0.15342359892532748,-0.096061303079081,0.16091139892532752,0.001145460447532559
2024-06-20 00:00:00+00:00,0.6595,0.021750481224748097,0.1339905921262478,0.2598517167040691,0.14974347311283098,0.17508853329593088,0.30094965787375216,0.18184144329593088,0.0007309060669485015
2024-06-21 00:00:00+00:00,0.6414,-0.013147109735290659,0.12214843284523741,0.2579589095403631,0.13350344602432762,0.15343505045963685,0.28924552715476254,0.20348958045963694,0.0010136225823205545
2024-06-22 00:00:00+00:00,0.6271,0.0018197849714792944,0.11980836308993217,0.2581879013245679,0.11897806451151127,0.13506650867543207,0.2734460469100678,0.24548618867543204,0.0011632406009224182
2024-06-23 00:00:00+00:00,0.6283,-0.006040764914407313,0.11858920537524296,0.26651524148400735,0.11204885812813214,0.12824564851599263,0.276171684624757,0.20421796851599272,0.0011107405665548016
2024-06-24 00:00:00+00:00,0.6606000000000001,-0.02196048840131346,0.121859991480778,0.2624617386186531,0.14828980234758848,0.17393062138134702,0.31453236851922206,0.16446982138134691,0.000659434644152946
2024-06-25 00:00:00+00:00,0.6401,-0.020423931019410743,0.1264634817028002,0.2798214695954005,0.1111184600617896,0.12990654040459948,0.2832645282971998,0.11406029040459942,0.0007254605312120685
2024-06-26 00:00:00+00:00,0.6175999999999999,0.012269001695615865,0.1233941015588415,0.30904607328595624,0.06168087522917842,0.07238368671404366,0.2580356584411584,0.11254441671404392,0.000990664886890692
2024-06-27 00:00:00+00:00,0.5982999999999999,-0.007153444633850071,0.12019313462810509,0.32042922571444005,0.03223531666916357,0.037533664285559876,0.23776975537189482,0.07496021428555999,0.0010811486901444141
2024-06-28 00:00:00+00:00,0.6135,0.024555851745439387,0.12526704438427644,0.31388952776592466,0.05324155270453568,0.06249272223407537,0.2511152056157236,0.06359783223407528,0.000521135909439563
2024-06-29 00:00:00+00:00,0.5809000000000001,-0.021741577081267532,0.1261059578889543,0.3086724883605111,0.0253169833764616,0.028772321639489007,0.2113388521110458,0.043569761639488946,0.0006452828360649645
2024-06-30 00:00:00+00:00,0.5711999999999999,-0.0007102273025819139,0.12577797414062056,0.31153358160487943,0.013048065841495537,0.014735858395120482,0.20049146585937935,0.023591628395120523,0.0011063111908772973
2024-07-01 00:00:00+00:00,0.5831000000000001,0.018274858499514227,0.12966001913066552,0.30943109876100744,0.02683468671774314,0.03057451123899263,0.21034559086933455,0.0067501912389925645,0.0007639143842656551
2024-07-02 00:00:00+00:00,0.5998,0.0009006784751123934,0.12737935668594327,0.3119130074795941,0.04130827447526664,0.0478470325204059,0.23238068331405673,-0.01084131747959416,0.0010873977043118664
2024-07-03 00:00:00+00:00,0.5637,-0.0057959357812543,0.12696271481792504,0.3125759289474192,0.004615096834640675,0.00518176105258078,0.19079497518207494,-0.01095528894741915,0.0010451182498807633
2024-07-04 00:00:00+00:00,0.5793,-0.03807517411968267,0.14439604482691396,0.35368559526325555,-0.015414717543845158,-0.01809710526325553,0.19119244517308606,-0.031515835263255576,-0.00038351212807976936
2024-07-05 00:00:00+00:00,0.5925,-0.07397727028449912,0.2092048786012116,0.29745549366301116,0.047105194686444474,0.05360075633698885,0.14185137139878842,0.05883411633698882,-0.004414390634727571
2024-07-06 00:00:00+00:00,0.6253,-0.02648635264224342,0.21535406505674617,0.36115391801922914,0.024339170977650815,0.02984617198077083,0.1756460249432538,0.10492537198077084,0.00035039602690707205
2024-07-07 00:00:00+00:00,0.6213000000000001,0.027498713325018402,0.22237768883119788,0.4883215538465381,-0.07750008145859422,-0.102307863846538,0.1636360011688022,0.09262728615346194,0.00028933483578809003
2024-07-08 00:00:00+00:00,0.6272,-0.04520128599068151,0.23136767839508954,0.4669899599424631,-0.056166636544734416,-0.07361011994246314,0.16201216160491044,0.06649420005753698,-0.000998463971193116
2024-07-09 00:00:00+00:00,0.6523,0.03070232241644055,0.24282883313417716,0.48491040003120706,-0.04405508185925311,-0.059415110031207086,0.1826664568658228,0.0929936399687929,0.00010278910691273132
2024-07-10 00:00:00+00:00,0.6307,0.015282023420446851,0.24512719590395218,0.7065437526284769,-0.2098615698022821,-0.30876126262847686,0.15265529409604786,-0.20641191262847702,0.0008156910615467769
2024-07-11 00:00:00+00:00,0.6154999999999999,0.011189245446345157,0.24519870705265523,0.7172313234796647,-0.23139510771976057,-0.33839107347966474,0.1336415429473447,-0.20814907347966483,0.0009240781516382478
2024-07-12 00:00:00+00:00,0.6072,-0.0009357405132393999,0.21782845170111015,0.7175011241050928,-0.23985438084286703,-0.3488092841050929,0.1508633882988898,-0.20369888410509263,0.0010472798453996447
2024-07-13 00:00:00+00:00,0.5798,0.012288201851276116,0.2160316809216742,0.7213471853291367,-0.26952160300391315,-0.38517914532913666,0.12013635907832579,-0.16989242532913662,0.0008924075948056733
2024-07-14 00:00:00+00:00,0.585,0.012926298346743258,0.2102134240550194,0.7696074923137297,-0.29227275821931786,-0.42738249231372977,0.13201157594498056,-0.23041100231372957,0.0008711736338820326
2024-07-15 00:00:00+00:00,0.6017,0.020994385798972375,0.21536460335795046,0.7650233922432702,-0.2729561565799844,-0.4029805022432702,0.14667828664204954,-0.24619130224327013,0.0005954465137823545
2024-07-16 00:00:00+00:00,0.6461,0.0710826248642688,0.2697267697556961,0.7062277856178841,-0.19427359883440176,-0.2887825756178841,0.14771844024430392,-0.2287467856178842,-0.004017514148461946
2024-07-17 00:00:00+00:00,0.6469,-0.011201687658272824,0.26816986608469107,0.7201869578463949,-0.20173829624074524,-0.3017073478463948,0.150309743915309,-0.27489766784639486,0.000911646887670425
2024-07-18 00:00:00+00:00,0.6705,-0.01695278416705178,0.2584101887541033,0.7176074315662343,-0.176617129779722,-0.2680371815662343,0.19116006124589668,-0.29938654156623423,0.0007514334030492855
2024-07-19 00:00:00+00:00,0.6484000000000001,0.01218006106271213,0.2595111610746726,0.7166564274944186,-0.19815562575321566,-0.2962338674944185,0.16091139892532752,-0.2985648674944187,0.0008967782001798369
2024-07-20 00:00:00+00:00,0.6646,0.022384689123531594,0.2598517167040691,0.7105678880944305,-0.1783518895491193,-0.2688747280944305,0.18184144329593088,-0.2646110480944304,0.0005447415978656774
2024-07-21 00:00:00+00:00,0.6793,0.004156116318667078,0.2579589095403631,0.7114981121781611,-0.1642034749058009,-0.250049622178161,0.20348958045963694,-0.296762112178161,0.0010291593062781294
2024-07-22 00:00:00+00:00,0.7097,0.004704557352164391,0.2581879013245679,0.7188589303991858,-0.13815548910128894,-0.21518484039918584,0.24548618867543204,-0.2975281203991858,0.001028870939206954
2024-07-23 00:00:00+00:00,0.6861,-0.026850135157301124,0.26651524148400735,0.7162875611107943,-0.16023773466081148,-0.2455543511107942,0.20421796851599272,-0.31242731111079436,0.00034015803016251595
2024-07-24 00:00:00+00:00,0.6534,0.01221058687180953,0.2624617386186531,0.7145624537233327,-0.1919179601329507,-0.2876308937233327,0.16446982138134691,-0.32718069372333264,0.0009189274677893718
2024-07-25 00:00:00+00:00,0.6275999999999999,-0.042941403817922955,0.2798214695954005,0.7247571815671826,-0.22372671846194436,-0.3308754215671827,0.11406029040459942,-0.3321296215671827,-0.0007768022623105492
2024-07-26 00:00:00+00:00,0.6493000000000001,-0.050522773318065144,0.30904607328595624,0.6937859091820098,-0.18363811845899425,-0.2721954191820096,0.11254441671404392,-0.3026607491820098,-0.0014868358703239376
2024-07-27 00:00:00+00:00,0.6288,0.03141294859757644,0.32042922571444005,0.6826865250950823,-0.19744846450391806,-0.2872970850950823,0.07496021428555999,-0.29393427509508224,8.260906040602044e-05
2024-07-28 00:00:00+00:00,0.6144,-0.008091998178328987,0.31388952776592466,0.6891817963913798,-0.2157697395059518,-0.31169443639137984,0.06359783223407528,-0.31659363639137983,0.0010073199152536099
2024-07-29 00:00:00+00:00,0.5935,0.006625587870644629,0.3086724883605111,0.7814812312009828,-0.29051427092608795,-0.42923898120098275,0.043569761639488946,-0.36816082120098276,0.0010290028584277273
2024-07-30 00:00:00+00:00,0.5789,0.015351311724850172,0.31153358160487943,0.7887235824707803,-0.3092011104996888,-0.4535983724707804,0.023591628395120523,-0.3958453424707803,0.0008385898657694
2024-07-31 00:00:00+00:00,0.5623,-0.012695024383273286,0.30943109876100744,0.7867632344003307,-0.32469674993786235,-0.4705819444003307,0.0067501912389925645,-0.3916252744003306,0.0009138977394697405
2024-08-01 00:00:00+00:00,0.5487,-0.01431096499658953,0.3119130074795941,0.7842806825341538,-0.33689622996834956,-0.4832089925341539,-0.01084131747959416,-0.3830851225341537,0.0008680819274417317
2024-08-02 00:00:00+00:00,0.5492,-0.009385071526954267,0.3125759289474192,0.7835183452034445,-0.33596571623817684,-0.4818977052034445,-0.01095528894741915,-0.40023353520344457,0.000979446412342628
2024-08-03 00:00:00+00:00,0.5676,-0.0694880965902618,0.35368559526325555,0.7403075385673599,-0.29281126129738677,-0.4181377785673599,-0.031515835263255576,-0.30970909856735984,-0.003762543291025224
2024-08-04 00:00:00+00:00,0.5969,-0.029171635751605994,0.29745549366301116,0.7551621892923451,-0.27210068428761613,-0.39887257929234515,0.05883411633698882,-0.33926617929234526,0.00021384248949343114
2024-08-05 00:00:00+00:00,0.6827,-0.0770520201531216,0.36115391801922914,0.7083199126508642,-0.15891743841894357,-0.24224062265086427,0.10492537198077084,-0.2662279026508643,-0.004871709055339157
2024-08-06 00:00:00+00:00,0.7622,-0.10586932363102723,0.4883215538465381,0.5732229584710967,0.0050851088037584535,0.0077258815289033,0.09262728615346194,-0.11962070847109674,-0.010136152383808076
2024-08-07 00:00:00+00:00,0.7304,0.017025703053486257,0.4669899599424631,0.5835312055283566,-0.03349214260153022,-0.05004704552835648,0.06649420005753698,-0.12898556552835655,0.0008000890346212668
2024-08-08 00:00:00+00:00,0.7602,-0.04914819921186758,0.48491040003120706,0.6015003094058117,-0.015364510151032906,-0.02359626940581172,0.0929936399687929,-0.06787005940581181,-0.00131278697161417
2024-08-09 00:00:00+00:00,0.7071999999999999,0.13583070411112766,0.7065437526284769,0.3826398319052628,0.08862111909210568,0.11749200809473709,-0.20641191262847702,0.13216641809473723,-0.017333303057863524
2024-08-10 00:00:00+00:00,0.7134999999999999,-0.03168011512886443,0.7172313234796647,0.37167327703334824,0.1038498732606149,0.1374089729666516,-0.20814907347966483,0.14098272296665176,0.0001223943994858221
2024-08-11 00:00:00+00:00,0.7168000000000001,0.004801146131802205,0.7175011241050928,0.38028155288585397,0.10013027244248984,0.13352068711414622,-0.20369888410509263,0.08552469711414601,0.0011148673364603503
2024-08-12 00:00:00+00:00,0.7426,-0.021612832435661894,0.7213471853291367,0.37636566048487496,0.12911352053621028,0.17508909951512508,-0.16989242532913662,0.05580909951512503,0.0006840559060714716
2024-08-13 00:00:00+00:00,0.7343000000000001,0.06429377701632684,0.7696074923137297,0.33102859156741443,0.15894915784591546,0.2081678984325857,-0.23041100231372957,0.06022165843258548,-0.002962858443390454
2024-08-14 00:00:00+00:00,0.7203,-0.007999305396042142,0.7650233922432702,0.3313449613825045,0.14467428707318464,0.18748712861749556,-0.24619130224327013,0.061533278617495524,0.001124830696742495
2024-08-15 00:00:00+00:00,0.691,-0.014839944223242184,0.7062277856178841,0.3410276415835722,0.10702427997084307,0.13645335841642775,-0.2287467856178842,0.03929124841642784,0.000982914287414531
2024-08-16 00:00:00+00:00,0.6673,-0.03567642121422297,0.7201869578463949,0.32638375017677956,0.09599994733347039,0.11890553982322044,-0.27489766784639486,0.051349409823220504,-6.418607814324311e-05
2024-08-17 00:00:00+00:00,0.6467,0.008682225081815329,0.7176074315662343,0.3481535137000289,0.05665465114956725,0.07006737629997117,-0.29938654156623423,0.06375372629997117,0.0011356882927428522
2024-08-18 00:00:00+00:00,0.6466,0.008377897663493011,0.7166564274944186,0.3481515479717013,0.05655631689534946,0.06994001202829864,-0.2985648674944187,0.039230212028298794,0.001138017200603052
2024-08-19 00:00:00+00:00,0.6678000000000001,-0.0008039970570347666,0.7105678880944305,0.3527447331136705,0.07387682894698377,0.09321210688632958,-0.2646110480944304,0.02326950688632945,0.0012073470818829643
2024-08-20 00:00:00+00:00,0.644,0.009681429484303861,0.7114981121781611,0.3539155959259798,0.04909194330049638,0.06082040407402023,-0.296762112178161,0.010417364074020219,0.0011146527934600865
2024-08-21 00:00:00+00:00,0.6491,-0.025042596066946712,0.7188589303991858,0.363311032658314,0.046347121401885016,0.05801977734168601,-0.2975281203991858,0.020841007341686035,0.0005769852717254619
2024-08-22 00:00:00+00:00,0.6355,0.022573974771883717,0.7162875611107943,0.3759414788873098,0.022359331892501277,0.027918771112690144,-0.31242731111079436,-0.0031091188873097475,0.0006870126182494992
2024-08-23 00:00:00+00:00,0.6224000000000001,-0.002703476182527671,0.7145624537233327,0.3805002350718182,0.005552988925278113,0.006881524928181892,-0.32718069372333264,-0.0007977950718182081,0.001183181052146944
2024-08-24 00:00:00+00:00,0.6265999999999999,0.05178693849161909,0.7247571815671826,0.34959064132055495,0.03533809414054501,0.04303691867944498,-0.3321296215671827,0.032333358679445035,-0.001495009016599579
2024-08-25 00:00:00+00:00,0.6254,0.0026394302587036834,0.6937859091820098,0.35701866232125795,0.02788961321056682,0.03410649767874202,-0.3026607491820098,0.006469747678742033,0.001179796850831814
2024-08-26 00:00:00+00:00,0.6235,-0.00863105992697046,0.6826865250950823,0.3561746092642906,0.02669633943457539,0.03257764073570946,-0.29393427509508224,0.009608430735709383,0.0011094860255416107
2024-08-27 00:00:00+00:00,0.6103999999999999,-0.02448138781364837,0.6891817963913798,0.3587160242581112,0.011470935537344906,0.013872135741888725,-0.31659363639137983,-0.033017534258111214,0.0005840367356492559
2024-08-28 00:00:00+00:00,0.6429,-0.08735074888339198,0.7814812312009828,0.2707086650010187,0.12260329137979487,0.14261174499898133,-0.36816082120098276,0.07987374499898126,-0.006447225661083012
2024-08-29 00:00:00+00:00,0.6268,0.02882576139282499,0.7887235824707803,0.2676875284706343,0.10941471950717974,0.12519071152936573,-0.3958453424707803,0.07864472152936569,0.00035758106368556425
2024-08-30 00:00:00+00:00,0.6286,0.00019785133515260985,0.7867632344003307,0.26848155239848526,0.11044794471266906,0.1266564076015148,-0.3916252744003306,0.08530548760151474,0.0011937406877258906
2024-08-31 00:00:00+00:00,0.6334000000000001,-0.0008708388311098746,0.7842806825341538,0.2689554291747719,0.11479087052504389,0.13224013082522823,-0.3830851225341537,0.11050057082522813,0.001200232127401464
2024-09-01 00:00:00+00:00,0.6191,-0.005041994126139256,0.7835183452034445,0.2736774746646536,0.0959580740710475,0.10960733533534639,-0.40023353520344457,0.11495008533534651,0.0011847125153233015
2024-09-02 00:00:00+00:00,0.6562,-0.03573545045981949,0.7403075385673599,0.30425994358702274,0.10460237166298225,0.12633849641297729,-0.30970909856735984,0.11008974641297731,-5.9430284406395426e-05
2024-09-03 00:00:00+00:00,0.6448999999999999,0.04551828785223034,0.7551621892923451,0.2940922851430524,0.10259723848845048,0.12180372485694746,-0.33926617929234526,0.09840996485694753,-0.0008444202312816052
2024-09-04 00:00:00+00:00,0.6648999999999999,-0.04568329754692428,0.7083199126508642,0.2692138036463554,0.14604182704099622,0.17287820635364454,-0.2662279026508643,0.14771468635364454,-0.000854025870194608
2024-09-05 00:00:00+00:00,0.6735,0.010220295418385013,0.5732229584710967,0.2767902664629108,0.14739139290170244,0.1768119835370892,-0.11962070847109674,0.12427862353708918,0.0011262927469490663
2024-09-06 00:00:00+00:00,0.6742,-0.03372132481463294,0.5835312055283566,0.2629565490863431,0.16140710897444854,0.19158909091365695,-0.12898556552835655,0.13507826091365693,8.198961256337218e-05
2024-09-07 00:00:00+00:00,0.7304999999999999,-0.06238956750316094,0.6015003094058117,0.21684923518847274,0.2648292631177338,0.3167810148115271,-0.06787005940581181,0.1986599248115272,-0.0026805497706743984
2024-09-08 00:00:00+00:00,0.7175,0.021481335666557664,0.3826398319052628,0.21184461857612566,0.2572341870439152,0.30296163142387433,0.13216641809473723,0.1795307414238744,0.0007464173120446047
2024-09-09 00:00:00+00:00,0.716,0.010112814651429762,0.37167327703334824,0.2112901725938799,0.2563368922853609,0.3013658274061201,0.14098272296665176,0.1719946374061201,0.0011069362026568776
2024-09-10 00:00:00+00:00,0.6825,0.027029253158433308,0.38028155288585397,0.2129246935850263,0.22106236219286762,0.2528815564149737,0.08552469711414601,0.17197146641497363,0.000478951066391387
2024-09-11 00:00:00+00:00,0.6574,0.01205240042267618,0.37636566048487496,0.21175068939621383,0.19723623632861548,0.22042407060378616,0.05580909951512503,0.16450887060378622,0.001059888041311749
2024-09-12 00:00:00+00:00,0.6255,-0.020183045643635104,0.33102859156741443,0.2124526696781211,0.1645741169362246,0.1787975803218788,0.06022165843258548,0.179799020321879,0.0007868999151222846
2024-09-13 00:00:00+00:00,0.6268,0.009486405289660582,0.3313449613825045,0.21426954431335166,0.1639074160095545,0.1786086956866484,0.061533278617495524,0.18401766568664835,0.0010907522891095234
2024-09-14 00:00:00+00:00,0.6167,0.03187570663379585,0.3410276415835722,0.20202556328685295,0.1672274610314297,0.17829332671314707,0.03929124841642784,0.20031092671314704,0.00015318086632221052
2024-09-15 00:00:00+00:00,0.6146,-0.008318624752180885,0.32638375017677956,0.25007759913093336,0.11452240688975746,0.1276555608690667,0.051349409823220504,0.1730726508690666,0.0010911687699036363
2024-09-16 00:00:00+00:00,0.6418,-0.0431819020472604,0.3481535137000289,0.22828140424359647,0.1640119672453103,0.1836258357564036,0.06375372629997117,0.18542483575640337,-0.000710477886337
2024-09-17 00:00:00+00:00,0.6224000000000001,-0.00836824967051669,0.3481515479717013,0.2274513050432065,0.14548144820818049,0.1599304549567936,0.039230212028298794,0.16517625495679344,0.0010835945864929933
2024-09-18 00:00:00+00:00,0.6132,0.01944655439225526,0.3527447331136705,0.2229043844822415,0.14107249128837923,0.15310985551775844,0.02326950688632945,0.14822025551775844,0.0007726491633649481
2024-09-19 00:00:00+00:00,0.6036,0.013782792768572433,0.3539155959259798,0.2230396266499512,0.13132928669040767,0.14129333335004884,0.010417364074020219,0.15518537335004878,0.0009544648125396835
2024-09-20 00:00:00+00:00,0.6198,0.03740801109926138,0.363311032658314,0.20608982591145647,0.16582882700389834,0.17806221408854356,0.020841007341686035,0.17657613408854356,-0.00025953212271296504
2024-09-21 00:00:00+00:00,0.6106,0.03934085923233353,0.3759414788873098,0.20370862742890164,0.15925907849065846,0.1691237325710984,-0.0031091188873097475,0.20755706257109832,-0.000411271354909972
2024-09-22 00:00:00+00:00,0.6162,0.019544847725351276,0.3805002350718182,0.2102837616423606,0.15763292568877058,0.16941867835763938,-0.0007977950718182081,0.18447712835763938,0.0007515971803608675
2024-09-23 00:00:00+00:00,0.618,-0.011890014442227936,0.34959064132055495,0.21187280880879547,0.15770356420150777,0.17005119119120451,0.032333358679445035,0.17937744119120444,0.0009915245017690906
2024-09-24 00:00:00+00:00,0.6029,0.024849323252775845,0.35701866232125795,0.22179464405029864,0.13194921270869642,0.14169376594970134,0.006469747678742033,0.17813511594970144,0.0005144305850206064
2024-09-25 00:00:00+00:00,0.6048,0.0022629563854890456,0.3561746092642906,0.22194996780407236,0.13368433712720573,0.14383307219592764,0.009608430735709383,0.1612110321959276,0.001124274575429338
2024-09-26 00:00:00+00:00,0.5707,-0.028429241520517023,0.3587160242581112,0.22982425532385886,0.09130010917412706,0.09587423467614115,-0.033017534258111214,0.19946278467614115,0.0003190761288512159
2024-09-27 00:00:00+00:00,0.5921,0.019916619886784864,0.2707086650010187,0.22849071608862292,0.1140929748543198,0.12209169391137703,0.07987374499898126,0.18021377391137705,0.0007263439929245949
2024-09-28 00:00:00+00:00,0.5885,0.024137355454515716,0.2676875284706343,0.222703272054237,0.11658552464007105,0.123628977945763,0.07864472152936569,0.1926769779457631,0.0005346743145847348
2024-09-29 00:00:00+00:00,0.5948,-0.0080809272856588,0.26848155239848526,0.22853158224017575,0.1167502303732636,0.12525545775982425,0.08530548760151474,0.1656012577598243,0.0010477340817838037
2024-09-30 00:00:00+00:00,0.616,-0.006301359885208521,0.2689554291747719,0.23769206040897348,0.12846327275888897,0.14176393959102654,0.11050057082522813,0.16553293959102652,0.001069551991450966
2024-10-01 00:00:00+00:00,0.6234000000000001,-0.020335560791468445,0.2736774746646536,0.23333297302816983,0.14035448141177237,0.15529458697183027,0.11495008533534651,0.1669763169718302,0.000693738747205167
2024-10-02 00:00:00+00:00,0.6437,-0.06156825482524812,0.30425994358702274,0.2232485034322679,0.1712081974972816,0.19110118656773215,0.11008974641297731,0.1673764965677321,-0.002682888299943584
2024-10-03 00:00:00+00:00,0.6265,-0.03515987165362767,0.2940922851430524,0.2082993925202876,0.17010171722465078,0.18420285747971235,0.09840996485694753,0.19874460747971243,-0.0001299387765260544
2024-10-04 00:00:00+00:00,0.6456999999999999,-0.006492840395555589,0.2692138036463554,0.20851006887898904,0.18907097236488668,0.2084184211210109,0.14771468635364454,0.20237093112101084,0.0010619844053330013
2024-10-05 00:00:00+00:00,0.6333,0.026966227204835214,0.2767902664629108,0.20232410906920936,0.1834954768244217,0.1987447809307906,0.12427862353708918,0.2489911309307907,0.00037466593371620054
2024-10-06 00:00:00+00:00,0.6309,0.00033148255876597123,0.2629565490863431,0.20971299191370146,0.17295568906940068,0.18832181808629855,0.13507826091365693,0.24997100808629846,0.0010969358955689415
2024-10-07 00:00:00+00:00,0.6446,0.010139817308529586,0.21684923518847274,0.20990038941166064,0.18645112745783093,0.2056087705883393,0.1986599248115272,0.24815785058833947,0.0009890690748126573
2024-10-08 00:00:00+00:00,0.6256,-0.007078801474795028,0.21184461857612566,0.3768696598271733,0.011702891497953671,0.014505700172826763,0.1795307414238744,0.01225678017282672,0.001030988225388202
2024-10-09 00:00:00+00:00,0.6191,0.00752981523835975,0.2112901725938799,0.4223955483564076,-0.030819647615309087,-0.039110738356407604,0.1719946374061201,-0.030895058356407545,0.0010131273107866676
2024-10-10 00:00:00+00:00,0.6204,-0.029409602468510314,0.2129246935850263,0.4180988626106283,-0.026205646905923863,-0.033202702610628354,0.17197146641497363,-0.05689786261062829,0.00019308599040674898
2024-10-11 00:00:00+00:00,0.6134000000000001,0.006983327357187197,0.21175068939621383,0.45338092235701677,-0.059935668412877674,-0.07712136235701672,0.16450887060378622,-0.061880432357016735,0.0010018547974698496
2024-10-12 00:00:00+00:00,0.6263000000000001,0.02156507224483342,0.2124526696781211,0.45171453397464717,-0.04579711647547413,-0.05946284397464707,0.179799020321879,-0.026480123974647274,0.0005804629065636998
2024-10-13 00:00:00+00:00,0.6311,0.015470101716519967,0.21426954431335166,0.4891118385174209,-0.06826531120539636,-0.0908246285174209,0.18401766568664835,-0.024124228517420965,0.0008062826560768731
2024-10-14 00:00:00+00:00,0.6343,-0.00311545638488398,0.20202556328685295,0.50709040784826,-0.07780280707792464,-0.10475391784825999,0.20031092671314704,-0.09505479784825993,0.0010363946045732464
2024-10-15 00:00:00+00:00,0.6505,0.06339307466838306,0.25007759913093336,0.4620245524601757,-0.02922387957182715,-0.03887430246017576,0.1730726508690666,-0.07464279246017563,-0.002970570503125802
2024-10-16 00:00:00+00:00,0.6431999999999999,-0.008556201931195688,0.22828140424359647,0.48208788608036274,-0.05112549001197042,-0.0683816460803629,0.18542483575640337,-0.0801318860803627,0.000979050500750046
2024-10-17 00:00:00+00:00,0.6265999999999999,0.0013417417818631485,0.2274513050432065,0.48333333221410546,-0.06862178634886407,-0.09070577221410553,0.16517625495679344,-0.08340357221410538,0.0010506231134656888
2024-10-18 00:00:00+00:00,0.6092,-0.0021092604318673097,0.2229043844822415,0.4852789743346982,-0.08741967696491193,-0.11415433433469824,0.14822025551775844,-0.06472672433469823,0.0010484534733985955
2024-10-19 00:00:00+00:00,0.615,0.01418030927404934,0.2230396266499512,0.4864983630680475,-0.08249434626242491,-0.10827336306804752,0.15518537335004878,-0.06295772306804759,0.0008513747430475614
2024-10-20 00:00:00+00:00,0.6186,0.002494992410593302,0.20608982591145647,0.5087387490270532,-0.09465924391279579,-0.12607278902705316,0.17657613408854356,-0.06264833902705313,0.0010474996064783878
2024-10-21 00:00:00+00:00,0.6413,0.03676939299698398,0.20370862742890164,0.505027995138045,-0.06935321721501053,-0.09376230513804501,0.20755706257109832,-0.08822863513804491,-0.0002983993828278419
2024-10-22 00:00:00+00:00,0.6283,-0.030371418517324392,0.2102837616423606,0.49575187007747584,-0.07579649202185057,-0.10099098007747587,0.18447712835763938,-0.07195087007747597,0.00013467570893502267
2024-10-23 00:00:00+00:00,0.6255,-0.016491787648878358,0.21187280880879547,0.5897156767693776,-0.14242947382515392,-0.19846542676937773,0.17937744119120444,-0.06944198676937774,0.000786494912747043
2024-10-24 00:00:00+00:00,0.6324000000000001,-0.037854751004883856,0.22179464405029864,0.5730618315036927,-0.12460847518617157,-0.17313207150369264,0.17813511594970144,-0.07617782150369279,-0.0003736564887102485
2024-10-25 00:00:00+00:00,0.619,0.004229338899785044,0.22194996780407236,0.5773300870615731,-0.1408224049484018,-0.1941690870615731,0.1612110321959276,0.037482722938426916,0.0010447663545712215
2024-10-26 00:00:00+00:00,0.6552,-0.038150012940848965,0.22982425532385886,0.5607891437491059,-0.09365856057676603,-0.13150210374910593,0.19946278467614115,0.021685096250893876,-0.0003911827969759847
2024-10-27 00:00:00+00:00,0.6393,0.016943015763869508,0.22849071608862292,0.5604168239935935,-0.1093099277952394,-0.15171233399359352,0.18021377391137705,0.0010336660064066416,0.0007866350487887396
2024-10-28 00:00:00+00:00,0.6445000000000001,0.010340773508025338,0.222703272054237,0.567682202856495,-0.10894688124412255,-0.15230195285649484,0.1926769779457631,-0.027163162856495005,0.0009720771877306072
2024-10-29 00:00:00+00:00,0.6278,0.023331107542526434,0.22853158224017575,0.6685976802758453,-0.18987822538933086,-0.2744648402758453,0.1656012577598243,-0.1063976402758453,0.0005409739587386094
2024-10-30 00:00:00+00:00,0.635,0.028153563722497044,0.23769206040897348,0.6641517190331422,-0.17995504111155858,-0.2609267190331422,0.16553293959102652,-0.15578271903314223,0.00029637593556804717
2024-10-31 00:00:00+00:00,0.6327,0.007433295239455148,0.23333297302816983,0.6636726310876359,-0.18196105288496256,-0.2633633410876358,0.1669763169718302,-0.210474391087636,0.001035915892659349
2024-11-01 00:00:00+00:00,0.625,-0.054422325267256134,0.2232485034322679,0.6388621227242199,-0.1742885103166565,-0.24823712272421994,0.1673764965677321,-0.13603931272421999,-0.0018695528920612357
2024-11-02 00:00:00+00:00,0.638,-0.0027427225779398244,0.2082993925202876,0.6387869511095544,-0.16124148485270362,-0.2317429511095544,0.19874460747971243,-0.07868439110955427,0.0010825474299380848
2024-11-03 00:00:00+00:00,0.6409999999999999,-0.007711863685317038,0.20851006887898904,0.6418033124727426,-0.16012627748235964,-0.2309223124727427,0.20237093112101084,-0.14280235247274253,0.0010319251292753443
2024-11-04 00:00:00+00:00,0.6718000000000001,-0.014789941068313639,0.20232410906920936,0.6399175380435184,-0.128148459616942,-0.1886022980435183,0.2489911309307907,-0.14416072804351843,0.0008721033317802844
2024-11-05 00:00:00+00:00,0.6779999999999999,-0.024645797206827982,0.20971299191370146,0.6765914311606174,-0.14455178023065363,-0.21690743116061745,0.24997100808629846,-0.13268518116061734,0.00048801907638694204
2024-11-06 00:00:00+00:00,0.6768000000000001,0.010872829858375998,0.20990038941166064,0.677317097576903,-0.1461927688484892,-0.21925885757690283,0.24815785058833947,-0.16437465757690284,0.0009828460302315379
2024-11-07 00:00:00+00:00,0.6238,0.11736102891636091,0.3768696598271733,0.545858153053788,-0.11502213898460567,-0.15673171305378802,0.01225678017282672,-0.04643326305378803,-0.012668660888215577
2024-11-08 00:00:00+00:00,0.6257,0.061632393830206834,0.4223955483564076,0.49965228405792916,-0.081160866124253,-0.10815179405792913,-0.030895058356407545,0.035586275942070755,-0.002693807129972311
2024-11-09 00:00:00+00:00,0.601,0.022622388562617647,0.4180988626106283,0.4934818416165735,-0.10148262727029311,-0.1322808416165735,-0.05689786261062829,0.03533799838342644,0.0005937226654023117
2024-11-10 00:00:00+00:00,0.6257,0.05430158545197935,0.45338092235701677,0.5275047232674095,-0.10059520394080079,-0.13600423326740946,-0.061880432357016735,0.03604576673259041,-0.0018453309944707614
2024-11-11 00:00:00+00:00,0.6520999999999999,0.018113224788451527,0.45171453397464717,0.5299969568188662,-0.075908898859668,-0.10476254681886626,-0.026480123974647274,-0.007557116818866172,0.0007766341416443037
2024-11-12 00:00:00+00:00,0.6819,0.05755931814597565,0.4891118385174209,0.5255887201413442,-0.04307497897606383,-0.06060111014134423,-0.024124228517420965,0.002504169858655869,-0.002205339931000418
2024-11-13 00:00:00+00:00,0.6419,-0.03856678231870125,0.50709040784826,0.509776952345591,-0.07208666118183948,-0.0977413423455909,-0.09505479784825993,0.01280745765440916,-0.0003735701632582697
2024-11-14 00:00:00+00:00,0.6224000000000001,-0.01773806661678563,0.4620245524601757,0.5063435205016598,-0.08917819001263638,-0.11896176050165969,-0.07464279246017563,0.028017479498340214,0.0008000732922418541
2024-11-15 00:00:00+00:00,0.634,-0.04149999651752793,0.48208788608036274,0.4864021767205885,-0.06342539150835946,-0.08444617672058846,-0.0801318860803627,0.039367833279411624,-0.0006108039401785744
2024-11-16 00:00:00+00:00,0.6324000000000001,0.010206160230923628,0.48333333221410546,0.492292842525927,-0.0692358332681754,-0.0923630825259269,-0.08340357221410538,0.04910879747407304,0.0010062069828384297
2024-11-17 00:00:00+00:00,0.6485,0.012820482452040751,0.4852789743346982,0.4906036099974056,-0.05193101730106564,-0.07005135999740564,-0.06472672433469823,0.017908000002594515,0.0009466747867745408
2024-11-18 00:00:00+00:00,0.6507999999999999,-0.017358136496060175,0.4864983630680475,0.4940078404358276,-0.052056913201988575,-0.07046720043582771,-0.06295772306804759,0.02065491956417226,0.0008142485914480707
2024-11-19 00:00:00+00:00,0.6679,0.042827583579585306,0.5087387490270532,0.5328525303529849,-0.06206748581904986,-0.0867621203529848,-0.06264833902705313,0.009137909647015219,-0.000714510006590566
2024-11-20 00:00:00+00:00,0.6456000000000001,-0.032357298883516405,0.505027995138045,0.564675870566957,-0.10584918029561852,-0.14787651056695694,-0.08822863513804491,-0.010395620566956976,7.848930485319905e-05
2024-11-21 00:00:00+00:00,0.6509999999999999,-0.012649182775953633,0.49575187007747584,0.5658590233174926,-0.10123601570085217,-0.14205802331749273,-0.07195087007747597,-0.05420493331749254,0.0009659876289817966
2024-11-22 00:00:00+00:00,0.7212999999999999,0.08941494094763773,0.5897156767693776,0.48726319548771585,0.023257597643441152,0.03301049451228405,-0.06944198676937774,0.047682764512284204,-0.006866390145948082
2024-11-23 00:00:00+00:00,0.7049,-0.008010803562842068,0.5730618315036927,0.48985720637903774,0.0050020028753919865,0.0070268036209621965,-0.07617782150369279,0.1266818336209623,0.0010762515075560958
2024-11-24 00:00:00+00:00,0.7841,0.019201636202013175,0.5773300870615731,0.5076979898469512,0.07157070948139177,0.10711482015304874,0.037482722938426916,0.04941497015304863,0.0007805759178504687
2024-11-25 00:00:00+00:00,0.7631999999999999,-0.00979254308445425,0.5607891437491059,0.5114426946654493,0.048047782171201314,0.07103154533455047,0.021685096250893876,0.02101939533455066,0.0010745402670623951
2024-11-26 00:00:00+00:00,0.7493000000000001,0.0160144984134369,0.5604168239935935,0.5083513970605564,0.03631234438417075,0.053099092939443704,0.0010336660064066416,0.03821309293944364,0.0009279597063194516
2024-11-27 00:00:00+00:00,0.7352,-0.026534619345904887,0.567682202856495,0.5278858283687321,0.008642481032140048,0.012633211631267849,-0.027163162856495005,0.03611517163126776,0.0004942872483140488
2024-11-28 00:00:00+00:00,0.7498,0.09401469768473109,0.6685976802758453,0.42034763901816236,0.10145777631087272,0.14185240098183766,-0.1063976402758453,0.12828885098183757,-0.007628961908605262
2024-11-29 00:00:00+00:00,0.713,-0.020668857691553605,0.6641517190331422,0.4203852510112696,0.06462877067896544,0.08798374898873035,-0.15578271903314223,0.15160443898873038,0.00079794839661215
2024-11-30 00:00:00+00:00,0.6731999999999999,0.003984568572058605,0.6636726310876359,0.42265500341691487,0.02308077753621607,0.030543236583085,-0.210474391087636,0.14014503658308508,0.0012188754799612295
2024-12-01 00:00:00+00:00,0.7091,0.030373831203995123,0.6388621227242199,0.41146301710156435,0.06764616915824373,0.0913597928984356,-0.13603931272421999,0.14177542289843553,0.00031701268575376907
2024-12-02 00:00:00+00:00,0.7484000000000001,0.0011593266420279109,0.6387869511095544,0.41214631850671846,0.10641377078108727,0.14795624149328168,-0.07868439110955427,0.08276593149328143,0.0012484846448421068
2024-12-03 00:00:00+00:00,0.7064,-0.017532625403623485,0.6418033124727426,0.40916197507288915,0.0667422985120174,0.0898389849271109,-0.14280235247274253,0.09650123492711077,0.0009564136802461707
2024-12-04 00:00:00+00:00,0.7041,-0.007984184256253937,0.6399175380435184,0.4177094858661794,0.057795516133317015,0.07804732413382054,-0.14416072804351843,0.09508972413382055,0.001208106920483648
2024-12-05 00:00:00+00:00,0.7375,0.0601806273224792,0.6765914311606174,0.3964265793443282,0.10787584278847107,0.14747967065567186,-0.13268518116061734,0.07981143065567187,-0.002345795195338088
2024-12-06 00:00:00+00:00,0.7162000000000001,-0.013336500446757287,0.677317097576903,0.3963236953132621,0.08665755082499638,0.116618744686738,-0.16437465757690284,0.1114750646867379,0.0011057419951030492
2024-12-07 00:00:00+00:00,0.7067,0.05448638685931009,0.545858153053788,0.36063845456811594,0.10616819021127955,0.13878643543188407,-0.04643326305378803,0.14716030543188408,-0.0016801498580052308
2024-12-08 00:00:00+00:00,0.7315999999999999,-0.0008996177231660505,0.49965228405792916,0.3628800872344961,0.12920470848910492,0.1723584727655038,0.035586275942070755,0.1119787227655038,0.0012978801007375537
2024-12-09 00:00:00+00:00,0.7272,0.0021477456934837613,0.4934818416165735,0.4533470872945307,0.0538894570151669,0.07547275270546921,0.03533799838342644,0.04466540270546909,0.0013072033656050717
2024-12-10 00:00:00+00:00,0.7506999999999999,-0.07579619656799536,0.5275047232674095,0.3863374610964979,0.12913949522472234,0.177213028903502,0.03604576673259041,0.09238814890350205,-0.004417939580384236
2024-12-11 00:00:00+00:00,0.7228,-0.023085277257493087,0.5299969568188662,0.3944109386284424,0.09477855241365973,0.1280289013715576,-0.007557116818866172,0.09544907137155756,0.0008099061365017501
2024-12-12 00:00:00+00:00,0.7267,0.05432084574654204,0.5255887201413442,0.36133682442764287,0.1255870119290028,0.16675606557235717,0.002504169858655869,0.09888973557235714,-0.001599040911843359
2024-12-13 00:00:00+00:00,0.7229000000000001,0.013703990124868117,0.509776952345591,0.35944017932117445,0.12336669873878203,0.16314423067882566,0.01280745765440916,0.11804082067882549,0.0011696770647031793
2024-12-14 00:00:00+00:00,0.731,0.005695535946523034,0.5063435205016598,0.35934300470832375,0.13154774609788666,0.17501799529167622,0.028017479498340214,0.1266054052916762,0.001335133061149444
2024-12-15 00:00:00+00:00,0.7251000000000001,-0.009123330181819772,0.4864021767205885,0.3785040847390038,0.1098731436786885,0.1472659252609963,0.039367833279411624,0.13186327526099612,0.0012977597989049117
2024-12-16 00:00:00+00:00,0.7358,0.024255515237298738,0.492292842525927,0.38020146711952785,0.11919520994438604,0.16120017288047217,0.04910879747407304,0.13173878288047214,0.0008039721486096984
2024-12-17 00:00:00+00:00,0.7131000000000001,0.00505210258819101,0.4906036099974056,0.4365745146279991,0.05236214379074733,0.07193709537200099,0.017908000002594515,0.07179448537200084,0.0013796982338676175
2024-12-18 00:00:00+00:00,0.7173999999999999,-0.024106112599876686,0.4940078404358276,0.4509218045666429,0.045892885691712904,0.063740955433357,0.02065491956417226,0.05830315543335718,0.0008321501280161304
2024-12-19 00:00:00+00:00,0.7362000000000001,-0.07090074862110216,0.5328525303529849,0.4184286711953142,0.0893393726657078,0.12356176880468589,0.009137909647015219,0.08283532880468575,-0.003605339707544135
2024-12-20 00:00:00+00:00,0.7445,-0.06051951581866248,0.564675870566957,0.4018606211961791,0.1105752243395286,0.15241962880382093,-0.010395620566956976,0.12594162880382093,-0.002232277353829448
2024-12-21 00:00:00+00:00,0.7153,0.01603892940474362,0.5658590233174926,0.4098493844759729,0.07510519802487237,0.10180470552402715,-0.05420493331749254,0.17216702552402713,0.001185642517065632
2024-12-22 00:00:00+00:00,0.7314,-0.03918036000558622,0.48726319548771585,0.3972316534813143,0.10113683791505457,0.13771430651868577,0.047682764512284204,0.13786059651868576,-8.418772340934967e-05
2024-12-23 00:00:00+00:00,0.7852,-0.01665470949466363,0.48985720637903774,0.3961189050227797,0.1558202219464152,0.22042013497722035,0.1266818336209623,0.10925990497722049,0.0011748734717396854
2024-12-24 00:00:00+00:00,0.7464,0.04283770065398608,0.5076979898469512,0.3828221107590222,0.127673799844372,0.17429084924097765,0.04941497015304863,0.0946588892409777,-0.00037188837722919505
2024-12-25 00:00:00+00:00,0.7297,0.020091736056041892,0.5114426946654493,0.3890155557939069,0.10598888434315457,0.1434465342060931,0.02101939533455066,0.07897725420609303,0.0010542329696516062
2024-12-26 00:00:00+00:00,0.7393000000000001,0.001544313516517553,0.5083513970605564,0.3900239162870178,0.11478105209928358,0.15654057371298224,0.03821309293944364,0.04465257371298231,0.0014509586035252584
2024-12-27 00:00:00+00:00,0.7509999999999999,-0.04805887764393236,0.5278858283687321,0.36199403082659243,0.14934060231174606,0.20200696917340744,0.03611517163126776,0.0879786091734075,-0.0008576716646866989
2024-12-28 00:00:00+00:00,0.7406999999999999,-8.99536739184907e-05,0.42034763901816236,0.3704868557363747,0.13202368557962207,0.17814963426362523,0.12828885098183757,0.08123155426362522,0.0014541204352771877
2024-12-29 00:00:00+00:00,0.7563,0.02074350681460196,0.4203852510112696,0.36814005082814033,0.14955454197980156,0.20384963917185966,0.15160443898873038,0.09140835917185974,0.0010225967716079045
2024-12-30 00:00:00+00:00,0.7502,-0.014227852225485532,0.42265500341691487,0.3795133398411859,0.13415345967923342,0.18328670015881404,0.14014503658308508,0.05952542015881418,0.001256268176300888
2024-12-31 00:00:00+00:00,0.7437999999999999,0.0016371731171730046,0.41146301710156435,0.3812295076658547,0.1263621426687097,0.17200893233414516,0.14177542289843553,0.044396252334145236,0.0014660289162392005
2025-01-01 00:00:00+00:00,0.7034999999999999,-0.007583257716222635,0.41214631850671846,0.4023284191135925,0.06920636207384778,0.09258383088640737,0.08276593149328143,0.029451990886407375,0.0014158076215874322
2025-01-02 00:00:00+00:00,0.7111,0.007880637799896398,0.40916197507288915,0.4049916192902371,0.07471048147362047,0.10067159070976284,0.09650123492711077,0.0075576707097630424,0.0014052555140768898
2025-01-03 00:00:00+00:00,0.7161,0.027681805069989657,0.4177094858661794,0.43750743491882915,0.054656551987375734,0.0752917750811708,0.09508972413382055,-0.004148544918829156,0.000701686058934675
2025-01-04 00:00:00+00:00,0.6901,0.04327156013861492,0.3964265793443282,0.49591137288315984,-0.014109750630563078,-0.019673362883159795,0.07981143065567187,-0.03568481288315983,-0.00040290314240054386
2025-01-05 00:00:00+00:00,0.7126,0.013015606879239082,0.3963236953132621,0.49395917045306503,0.009777710617353108,0.013839589546934983,0.1114750646867379,0.00886363954693492,0.0012939390040491226
2025-01-06 00:00:00+00:00,0.7126,-0.005977697473105886,0.36063845456811594,0.5275102086232935,-0.01369898018880178,-0.019711448623293437,0.14716030543188408,-0.022273568623293438,0.0014271424169382883
2025-01-07 00:00:00+00:00,0.6890999999999999,0.013603422100567432,0.3628800872344961,0.5305787072072594,-0.03930833823293067,-0.055719897207259506,0.1119787227655038,-0.04379341720725943,0.0012785869281583596
2025-01-08 00:00:00+00:00,0.7056999999999999,-0.08625692234316423,0.4533470872945307,0.45648410355755137,0.03006392669015112,0.04152838644244844,0.04466540270546909,0.030580306442448746,-0.005982130763530191
2025-01-09 00:00:00+00:00,0.6919,-0.015408533504095517,0.3863374610964979,0.46113951360686684,0.012827460718026873,0.017586096393133133,0.09238814890350205,0.025785326393133134,0.0012178895272166364
2025-01-10 00:00:00+00:00,0.6999,-0.03459051202037329,0.3944109386284424,0.4467249549897255,0.031525138870614366,0.04313505501027448,0.09544907137155756,0.040199885010274494,0.00025106234574831976
2025-01-11 00:00:00+00:00,0.6784,0.015242504300423204,0.36133682442764287,0.4439236501811064,0.012124043521675287,0.016302909818893596,0.09888973557235714,0.06188178981889364,0.0012122566032908492
2025-01-12 00:00:00+00:00,0.691,0.0056489562270098815,0.35944017932117445,0.4454317504723838,0.023593264588688823,0.03204924952761612,0.11804082067882549,0.033709089527616254,0.0014064819958284314
2025-01-13 00:00:00+00:00,0.6970999999999999,-0.004944914077843401,0.35934300470832375,0.45084396566560314,0.025650846552322193,0.0351044443343968,0.1266054052916762,0.042802794334396876,0.0014098214941691387
2025-01-14 00:00:00+00:00,0.7143999999999999,-0.04072000053781172,0.3785040847390038,0.4622767250726956,0.03449064937103874,0.04809063492730431,0.13186327526099612,0.020331364927304363,-0.00022826601548888445
2025-01-15 00:00:00+00:00,0.7155,0.026978526646535984,0.38020146711952785,0.46033116672594493,0.037022906262897504,0.051609083274055056,0.13173878288047214,0.018256073274055207,0.0007006048935894538
2025-01-16 00:00:00+00:00,0.713,0.06825631769764196,0.4365745146279991,0.40775613697667706,0.07444214281188499,0.1006128630233229,0.07179448537200084,0.03886875302332293,-0.0032331696499336674
2025-01-17 00:00:00+00:00,0.7136,-0.0419563341428139,0.4509218045666429,0.3881133081861803,0.09061259387835108,0.12111165181381978,0.05830315543335718,0.046299501813819754,-0.0003345917427399808
2025-01-18 00:00:00+00:00,0.708,0.04854119548135508,0.4184286711953142,0.3611106181640366,0.10707519757956685,0.14015338183596332,0.08283532880468575,0.08337827183596347,-0.000931002029535383
2025-01-19 00:00:00+00:00,0.7265,-0.04796722069027817,0.4018606211961791,0.3446033507463003,0.13947074114972746,0.18319889925369975,0.12594162880382093,0.11007713925369988,-0.0008793279411151472
2025-01-20 00:00:00+00:00,0.7629,-0.030230083310856814,0.4098493844759729,0.34197220037189957,0.1781161079750062,0.24004420962810047,0.17216702552402713,0.11513900962810047,0.0005052503004615787
2025-01-21 00:00:00+00:00,0.7315,0.022316514732019423,0.3972316534813143,0.3389864005704534,0.14927461359843353,0.19610584942954667,0.13786059651868576,0.08247423942954663,0.000927507190306884
2025-01-22 00:00:00+00:00,0.7109000000000001,0.013635269375331058,0.3961189050227797,0.33756826148328584,0.12989375090857613,0.16781054851671434,0.10925990497722049,0.054933988516714105,0.0012396268089708345
2025-01-23 00:00:00+00:00,0.691,-0.027243006397232143,0.3828221107590222,0.33733153762847795,0.11019750549048257,0.14014946237152198,0.0946588892409777,0.07111727237152204,0.0006732143631709622
2025-01-24 00:00:00+00:00,0.6840999999999999,0.030211390808526015,0.3890155557939069,0.34232431097097893,0.09901512498528986,0.125668499029021,0.07897725420609303,0.08656969902902095,0.0004953953010309483
2025-01-25 00:00:00+00:00,0.6593000000000001,-0.009233842584566172,0.3900239162870178,0.346030361829683,0.07105654544254991,0.08864612817031714,0.04465257371298231,0.100594528170317,0.0013169719812604385
2025-01-26 00:00:00+00:00,0.6708,0.0024144395141984204,0.36199403082659243,0.505361523666562,-0.04008784183340908,-0.05538888366656203,0.0879786091734075,-0.08429031366656192,0.0013861882297774826
2025-01-27 00:00:00+00:00,0.6720999999999999,-0.026420607396636413,0.3704868557363747,0.497621948942169,-0.03332324099945072,-0.045903538942169086,0.08123155426362522,-0.0746017889421689,0.0006835557038795592
2025-01-28 00:00:00+00:00,0.6779000000000001,-0.015407952502459141,0.36814005082814033,0.5471344776809114,-0.06178539101493097,-0.08758606768091132,0.09140835917185974,-0.10941991768091142,0.0011353482325586754
2025-01-29 00:00:00+00:00,0.6626000000000001,-0.033722732047312284,0.3795133398411859,0.5350685230037678,-0.06888378177767396,-0.09602976300376775,0.05952542015881418,-0.09669211300376795,0.00022526196609622714
2025-01-30 00:00:00+00:00,0.6524,0.011988962653807783,0.3812295076658547,0.5454445752485394,-0.08614219598377681,-0.11981881524853943,0.044396252334145236,-0.12463288524853933,0.0012074469973166523
2025-01-31 00:00:00+00:00,0.6570999999999999,0.04232803920434036,0.4023284191135925,0.5244234963669528,-0.06707090273425997,-0.09264308636695295,0.029451990886407375,-0.08564973636695283,-0.00045213480608052186
2025-02-01 00:00:00+00:00,0.6423000000000001,0.016762983545205164,0.4049916192902371,0.716838675177524,-0.20436325961241741,-0.30428938517752385,0.0075576707097630424,-0.25212378517752404,0.0010527650146266512
2025-02-02 00:00:00+00:00,0.6583,-0.05864141133468767,0.43750743491882915,0.982719003527868,-0.33302184659063583,-0.5493601135278681,-0.004148544918829156,-0.4314127535278679,-0.0021135560456984645
2025-02-03 00:00:00+00:00,0.6784,-0.08168691195736878,0.49591137288315984,0.9028907475226325,-0.27180563433534355,-0.44266418752263254,-0.03568481288315983,-0.3692604975226327,-0.0053547473312496405
2025-02-04 00:00:00+00:00,0.7091,0.002991826896817802,0.49395917045306503,0.9151101960237557,-0.24751392213565226,-0.4122873860237557,0.00886363954693492,-0.40216775602375554,0.0013075909928240439
2025-02-05 00:00:00+00:00,0.7108,-0.05285217538299808,0.5275102086232935,0.8848951852926306,-0.22988867607334929,-0.37965854529263054,-0.022273568623293438,-0.35709293529263053,-0.001477264846368156
2025-02-06 00:00:00+00:00,0.6977,0.020910725858083054,0.5305787072072594,0.8893421880167912,-0.24534940910685654,-0.40255689801679123,-0.04379341720725943,-0.4065951480167911,0.0008785951568734849
2025-02-07 00:00:00+00:00,0.6979000000000001,-0.036746281837091846,0.45648410355755137,0.8830280843589083,-0.2417957403111436,-0.3959636743589082,0.030580306442448746,-0.4036103243589085,-3.334643980989018e-05
2025-02-08 00:00:00+00:00,0.6978,-0.024900990887037552,0.46113951360686684,0.9674403911159608,-0.2857854772799163,-0.48051555111596084,0.025785326393133134,-0.3598201411159607,0.0006958836172272344
2025-02-09 00:00:00+00:00,0.6978,0.0034271386500732983,0.4467249549897255,1.0448058885167357,-0.3243574675737275,-0.5578810485167358,0.040199885010274494,-0.4830556385167356,0.0013049464731845894
2025-02-10 00:00:00+00:00,0.7112,-0.001445581717860554,0.4439236501811064,1.056277905842451,-0.31655381577615693,-0.5504724658424509,0.06188178981889364,-0.519282065842451,0.0013143339939536082
2025-02-11 00:00:00+00:00,0.6922,0.012484556662245277,0.4454317504723838,1.0551481627409585,-0.3350040511704374,-0.5760073227409583,0.033709089527616254,-0.4918979127409585,0.0011647220001983287
2025-02-12 00:00:00+00:00,0.7026,-0.02166314335823388,0.45084396566560314,1.055974916946706,-0.3250064017641706,-0.562328156946706,0.042802794334396876,-0.5033313569467059,0.0008514459586533928
2025-02-13 00:00:00+00:00,0.6947,0.05096859130069082,0.4622767250726956,1.031852904655421,-0.32110160693681766,-0.549244814655421,0.020331364927304363,-0.5101356146554209,-0.00127635651470197
2025-02-14 00:00:00+00:00,0.6918000000000001,-0.023831323815630977,0.46033116672594493,1.0271493809056622,-0.32168378423419386,-0.548562140905662,0.018256073274055207,-0.5026837409056621,0.0007509736965187406
2025-02-15 00:00:00+00:00,0.6683,0.018376332163514024,0.40775613697667706,1.0314696713592981,-0.34731295352082736,-0.5848447813592981,0.03886875302332293,-0.5033767813592981,0.0009781701705540995
2025-02-16 00:00:00+00:00,0.6591,-0.012077040036055328,0.3881133081861803,1.034740470367292,-0.35812193761602096,-0.600327660367292,0.046299501813819754,-0.5565682203672919,0.001164366126798567
2025-02-17 00:00:00+00:00,0.6667000000000001,-0.011698225457602846,0.3611106181640366,1.0332223868530352,-0.34977547282412824,-0.5887334968530351,0.08337827183596347,-0.5782721368530352,0.0011665403841567912
2025-02-18 00:00:00+00:00,0.6743000000000001,0.03072608916185849,0.3446033507463003,1.0689141438769845,-0.35958304168169053,-0.6142336538769844,0.11007713925369988,-0.6005107838769845,0.00035411136627870946
2025-02-19 00:00:00+00:00,0.6761,-0.02641209953977719,0.34197220037189957,1.0762011343155484,-0.36130114435812544,-0.6190899243155483,0.11513900962810047,-0.6475690443155485,0.000593927133060719
2025-02-20 00:00:00+00:00,0.6492,0.01589398083948268,0.3389864005704534,1.0741620689942584,-0.38721790267934786,-0.6527014289942583,0.08247423942954663,-0.6634092589942584,0.0010275006406540665
2025-02-21 00:00:00+00:00,0.6265,0.008328336803370473,0.33756826148328584,1.0740126682962283,-0.409845824662901,-0.6815104182962284,0.054933988516714105,-0.6320536282962282,0.0012003807576877986
2025-02-22 00:00:00+00:00,0.6391,-0.02688353850165464,0.33733153762847795,1.0672595012433488,-0.39398252392698474,-0.6588106912433488,0.07111727237152204,-0.6559938112433488,0.0005367089475843905
2025-02-23 00:00:00+00:00,0.6548999999999999,0.036374346273793545,0.34232431097097893,1.0674353019981189,-0.3782676059566129,-0.638541291998119,0.08656969902902095,-0.6768103019981189,-6.996378648054143e-05
2025-02-24 00:00:00+00:00,0.6683,0.019745145448186237,0.346030361829683,1.0633122086700568,-0.36287031021556115,-0.6166873186700568,0.100594528170317,-0.6803987686700568,0.0008596878449286004
2025-02-25 00:00:00+00:00,0.6489,-0.11446196507996007,0.505361523666562,0.9134059861738019,-0.3068227559150205,-0.49233477617380184,-0.08429031366656192,-0.5290059861738019,-0.011850891658185175
2025-02-26 00:00:00+00:00,0.6504000000000001,-0.00786886686919043,0.497621948942169,0.9127509152249321,-0.3049799847311707,-0.48973075522493204,-0.0746017889421689,-0.5368593052249322,0.0011860913259757794
2025-02-27 00:00:00+00:00,0.6616,-0.06562718880427271,0.5471344776809114,0.8969607997701418,-0.28548014432261315,-0.4592462397701418,-0.10941991768091142,-0.48479679977014173,-0.0030615383633196937
2025-02-28 00:00:00+00:00,0.6620999999999999,-0.01206235277646316,0.5350685230037678,0.9118650584722424,-0.2928162573085886,-0.47348864847224253,-0.09669211300376795,-0.40078304847224244,0.0010978952336240053
2025-03-01 00:00:00+00:00,0.6487,-0.03156836133557488,0.5454445752485394,0.9012145020424778,-0.3006231810308214,-0.4804028120424777,-0.12463288524853933,-0.3875556120424778,0.00024677366212996006
2025-03-02 00:00:00+00:00,0.6624,-0.007993934876427453,0.5244234963669528,0.901193064140619,-0.2869118898131525,-0.46241930414061894,-0.08564973636695283,-0.43004810414061895,0.0011789924636389254
2025-03-03 00:00:00+00:00,0.6817,0.1268697908130435,0.716838675177524,0.7295810028282746,-0.1724551397891806,-0.2648661128282747,-0.25212378517752404,-0.28669075282827466,-0.014852409700397471
2025-03-04 00:00:00+00:00,0.7425,-0.15903456478374461,0.982719003527868,0.46517652462151615,0.060461493300036584,0.08612972537848396,-0.4314127535278679,0.010785485378483783,-0.024043694693671958
2025-03-05 00:00:00+00:00,0.7304999999999999,0.010560542796307689,0.9028907475226325,0.4655945975519062,0.048155074356153627,0.06803565244809368,-0.3692604975226327,0.019099842448093873,0.0011475444865322853
2025-03-06 00:00:00+00:00,0.7162000000000001,0.03183220477990092,0.9151101960237557,0.45326657692677613,0.04294924661997146,0.05967586307322398,-0.40216775602375554,0.054959833073223996,0.000252483822868718
2025-03-07 00:00:00+00:00,0.7265,-0.017604740928814384,0.8848951852926306,0.44993671799268686,0.05572677603180465,0.07786553200731317,-0.35709293529263053,0.0826713220073132,0.0009567703479708803
2025-03-08 00:00:00+00:00,0.6948000000000001,-0.028333117179911316,0.8893421880167912,0.6576237193504397,-0.116140022042592,-0.1748766793504396,-0.4065951480167911,0.006275320649560379,0.0004659925083123367
2025-03-09 00:00:00+00:00,0.6923999999999999,0.02883265171494646,0.8830280843589083,0.6511814011900668,-0.11455811613123201,-0.17176364119006698,-0.4036103243589085,-0.0877810411900668,0.0004370674425731797
2025-03-10 00:00:00+00:00,0.7795000000000001,-0.08693708738394948,0.9674403911159608,0.5932966936277716,0.009242449808006481,0.014323556372228485,-0.3598201411159607,0.021202516372228475,-0.0062903662395167965
2025-03-11 00:00:00+00:00,0.7495,-0.07981574584547824,1.0448058885167357,0.7066081279961236,-0.09109986200101383,-0.14485787799612349,-0.4830556385167356,-0.1770608379961236,-0.005091839949710159
2025-03-12 00:00:00+00:00,0.7328,0.030740774878383254,1.056277905842451,0.7987486971436832,-0.16092741769718755,-0.26175285714368324,-0.519282065842451,-0.22902565714368317,0.00034055146581263415
2025-03-13 00:00:00+00:00,0.7505,-0.007937792997418126,1.0551481627409585,0.8080497382299646,-0.14841586827131092,-0.24479948822996467,-0.4918979127409585,-0.22496477822996475,0.0012253865866223774
2025-03-14 00:00:00+00:00,0.7434000000000001,-0.023178528439739315,1.055974916946706,0.8301229658672029,-0.16771084170215145,-0.27747940586720277,-0.5033313569467059,-0.2581332758672029,0.0007588321883179675
2025-03-15 00:00:00+00:00,0.7223,0.024802543255641244,1.031852904655421,0.8327034136654987,-0.19022584273843912,-0.3109861236654986,-0.5101356146554209,-0.21522177366549877,0.0006862980526182551
2025-03-16 00:00:00+00:00,0.7242000000000001,0.013466291311069604,1.0271493809056622,0.8336944683203552,-0.1888687095286724,-0.30922882832035514,-0.5026837409056621,-0.3058922183203552,0.0011236948193299777
2025-03-17 00:00:00+00:00,0.7267,-0.026320751315949756,1.0314696713592981,0.8311818752860355,-0.18499176550303198,-0.30308898528603545,-0.5033767813592981,-0.3292096252860356,0.0006164436793876736
2025-03-18 00:00:00+00:00,0.6915,0.0203638820270117,1.034740470367292,0.8267462466003461,-0.21775587520804407,-0.3485739966003461,-0.5565682203672919,-0.340937246600346,0.0009019779380136942
2025-03-19 00:00:00+00:00,0.6745,0.003474836885921651,1.0332223868530352,0.8267807938946096,-0.23477487257408014,-0.37183054389460957,-0.5782721368530352,-0.3328529538946096,0.0013085874337303936
2025-03-20 00:00:00+00:00,0.6844,0.062270873011738545,1.0689141438769845,0.7797188503557231,-0.19861690264440757,-0.3113154903557231,-0.6005107838769845,-0.31213641035572315,-0.002556044325187447
2025-03-21 00:00:00+00:00,0.6547,-0.036007356513314756,1.0762011343155484,0.7667981592929479,-0.22097012013254624,-0.338166069292948,-0.6475690443155485,-0.30792739929294793,2.634080751665697e-05
2025-03-22 00:00:00+00:00,0.6409,-0.009220857712642118,1.0741620689942584,0.7688816148226342,-0.23595894807696072,-0.35812880482263415,-0.6634092589942584,-0.2925055748226343,0.0012352454807601034
2025-03-23 00:00:00+00:00,0.6648000000000001,0.0075552421856134215,1.0740126682962283,0.7684459388448485,-0.21181048296540939,-0.3264868988448484,-0.6320536282962282,-0.30017944884484843,0.0012622101292153575
2025-03-24 00:00:00+00:00,0.6413,0.012948738012093971,1.0672595012433488,0.9021162794180719,-0.30849802032751783,-0.49085058941807197,-0.6559938112433488,-0.37373266941807193,0.001156138599419267
2025-03-25 00:00:00+00:00,0.625,0.036572427372957274,1.0674353019981189,0.8917202264934012,-0.31930939129789515,-0.5010952264934012,-0.6768103019981189,-0.3776312264934011,-1.347677911005176e-05
2025-03-26 00:00:00+00:00,0.6188,-0.007140475169178042,1.0633122086700568,0.8935346976700785,-0.32646964283747026,-0.5106212576700786,-0.6803987686700568,-0.40939705767007856,0.0012695843924405436
2025-03-27 00:00:00+00:00,0.62,-0.02793710913305388,0.9134059861738019,0.8848386951970746,-0.32065864966898305,-0.5004386951970745,-0.5290059861738019,-0.40403513519707457,0.0005342703141097553
2025-03-28 00:00:00+00:00,0.6131,-0.002842115049172545,0.9127509152249321,0.8898171081869624,-0.3302011757582848,-0.5139254981869623,-0.5368593052249322,-0.40079661818696233,0.001303325793919413
2025-03-29 00:00:00+00:00,0.642,-0.05485535709243675,0.8969607997701418,0.8565673539980687,-0.28350924036341674,-0.4444033539980687,-0.48479679977014173,-0.3695029439980686,-0.001702010767035555
2025-03-30 00:00:00+00:00,0.7149,-0.0370203716764171,0.9118650584722424,0.8401921299310228,-0.20171994846884211,-0.3291101199310228,-0.40078304847224244,-0.3762949199310227,-6.574186883175482e-05
2025-03-31 00:00:00+00:00,0.7167,-0.01100787162473899,0.9012145020424778,0.8387344553593187,-0.19912446754785862,-0.3250755653593187,-0.3875556120424778,-0.38054084535931876,0.0011902325933434946
2025-04-01 00:00:00+00:00,0.6864,0.007882954742841912,0.901193064140619,0.8380146849919051,-0.22903142014675526,-0.3668697249919051,-0.43004810414061895,-0.39605564499190504,0.0012577440519195664
2025-04-02 00:00:00+00:00,0.6655,0.04461886250414398,0.7295810028282746,0.8208742036478635,-0.24052108344555845,-0.37798395364786347,-0.28669075282827466,-0.38236536364786344,-0.0006680015897938423
2025-04-03 00:00:00+00:00,0.6899,-0.05966672334602949,0.46517652462151615,0.7776113623951141,-0.19192274998727166,-0.30164935239511415,0.010785485378483783,-0.36351911239511414,-0.002239269691289976
2025-04-04 00:00:00+00:00,0.6962,0.012078378318915428,0.4655945975519062,0.7761030574456816,-0.18476711484917618,-0.2914086174456816,0.019099842448093873,-0.3589162474456816,0.001168080208235382
2025-04-05 00:00:00+00:00,0.7129000000000001,0.00016520278679609438,0.45326657692677613,0.7783611337332121,-0.16934777343624507,-0.270134723733212,0.054959833073223996,-0.35429969373321213,0.001309471115345171
2025-04-06 00:00:00+00:00,0.7298,-0.00601995577160669,0.44993671799268686,0.7783760518561315,-0.15245622800642866,-0.2457680118561314,0.0826713220073132,-0.3862496118561315,0.0012728278521426024
2025-04-07 00:00:00+00:00,0.8148000000000001,-0.1336896780768372,0.6576237193504397,0.5609415464115977,0.06583968969537679,0.10295749358840245,0.006275320649560379,-0.14749254641159765,-0.016563423419722157
2025-04-08 00:00:00+00:00,0.7506,-0.017372858218870035,0.6511814011900668,0.5573813021226396,0.004020264055714207,0.006019057877360456,-0.0877810411900668,-0.1547910521226395,0.0010242339635170854
2025-04-09 00:00:00+00:00,0.7839,-0.05291889989317146,0.5932966936277716,1.0046977417729896,-0.2184461187499005,-0.3901985317729896,0.021202516372228475,-0.5563335817729897,-0.0014666901558578402
2025-04-10 00:00:00+00:00,0.7277,0.12523506642746146,0.7066081279961236,0.8580230048151612,-0.19859531188231827,-0.32847571481516125,-0.1770608379961236,-0.33601675481516124,-0.014349473837519909
2025-04-11 00:00:00+00:00,0.7548,-0.09229405562822789,0.7987486971436832,0.8685270571883369,-0.17714799060266062,-0.2988040171883368,-0.22902565714368317,-0.2989549671883368,-0.007186785588324688
2025-04-12 00:00:00+00:00,0.7636,0.028765911910612934,0.8080497382299646,0.867412690529423,-0.16774992915091969,-0.2843277305294232,-0.22496477822996475,-0.31000113052942313,0.00050691821332072
2025-04-13 00:00:00+00:00,0.7563,0.04849208253544082,0.8301229658672029,0.8395544784467268,-0.1599720548214525,-0.2675647884467268,-0.2581332758672029,-0.3166808684467267,-0.0010152747782130457
2025-04-14 00:00:00+00:00,0.7857999999999999,-0.02876208879424217,0.8327034136654987,0.8904242128732118,-0.15782291879394916,-0.2729425728732119,-0.21522177366549877,-0.38148465287321176,0.0005107163084661017
2025-04-15 00:00:00+00:00,0.7265,0.01621103169601238,0.8336944683203552,0.895873831082958,-0.22000611782648183,-0.368071581082958,-0.3058922183203552,-0.3941849410829581,0.0010839221143645805
2025-04-16 00:00:00+00:00,0.7084999999999999,-0.022051472827558902,0.8311818752860355,0.8968787263448827,-0.23853681361649448,-0.39490647634488285,-0.3292096252860356,-0.40477647634488273,0.000860756922391139
2025-04-17 00:00:00+00:00,0.6970000000000001,-0.007079228098350293,0.8267462466003461,0.8965539047930557,-0.24986530446154565,-0.41074490479305564,-0.340937246600346,-0.42128154479305574,0.001294523459211893
2025-04-18 00:00:00+00:00,0.7028,0.0038618641899773416,0.8267807938946096,0.9037074834780471,-0.24783530519229457,-0.40977964347804713,-0.3328529538946096,-0.42304259347804707,0.0013304223547498603
2025-04-19 00:00:00+00:00,0.6838,0.003091387591753764,0.7797188503557231,0.9048804766785293,-0.26745205738464994,-0.4372980366785294,-0.31213641035572315,-0.3528314766785293,0.0013393392697895142
2025-04-20 00:00:00+00:00,0.6774,0.015315192299726808,0.7667981592929479,0.9036789326623164,-0.2732202883708702,-0.44480817266231637,-0.30792739929294793,-0.3985844426623165,0.0011142658619913385
2025-04-21 00:00:00+00:00,0.6901999999999999,-0.01600834586098735,0.7688816148226342,0.9005805198277517,-0.2587892095423171,-0.4242044798277518,-0.2925055748226343,-0.3981830798277517,0.001095315362338388
2025-04-22 00:00:00+00:00,0.6843,-0.0046122337329888895,0.7684459388448485,0.9018534450016839,-0.26535964692708924,-0.4335869550016838,-0.30017944884484843,-0.3630974450016837,0.0013363027885767544
2025-04-23 00:00:00+00:00,0.7269,0.10561379242736885,0.9021162794180719,0.7892591579402428,-0.16150258776088833,-0.2608755479402428,-0.37373266941807193,-0.22990474794024285,-0.009794295155457563
2025-04-24 00:00:00+00:00,0.7170000000000001,0.021978906718775167,0.8917202264934012,0.8195093212252227,-0.1882675412413849,-0.30542032122522256,-0.3776312264934011,-0.29098032122522277,0.0008876013553377907
2025-04-25 00:00:00+00:00,0.6958,-0.014146413075504901,0.8935346976700785,0.8170873862842503,-0.208128861296203,-0.3329497462842503,-0.40939705767007856,-0.28797662628425036,0.0011818279441291476
2025-04-26 00:00:00+00:00,0.6934,0.008108152528422525,0.8848386951970746,0.8171755212879804,-0.21057761105459927,-0.3363719612879804,-0.40403513519707457,-0.2763623612879803,0.001325451028785881
2025-04-27 00:00:00+00:00,0.6993,0.020426997999181837,0.8898171081869624,0.8124478894473025,-0.20205891266870069,-0.3234273994473025,-0.40079661818696233,-0.2969238894473025,0.0009827348970336588
2025-04-28 00:00:00+00:00,0.6979000000000001,-0.016620881236040407,0.8565673539980687,0.8257539591478947,-0.21081005229825345,-0.3386895491478946,-0.3695029439980686,-0.31923706914789474,0.0011340748557958876
2025-04-29 00:00:00+00:00,0.6811,0.004959747133839888,0.8401921299310228,0.8262063048274775,-0.22785891261787927,-0.3623090948274774,-0.3762949199310227,-0.33424434482747745,0.0013925696773181386
2025-04-30 00:00:00+00:00,0.6769,-0.0011680619844617868,0.8387344553593187,0.8305673740681833,-0.23445469169154076,-0.37237376406818334,-0.38054084535931876,-0.2983971240681832,0.001411495285994976
2025-05-01 00:00:00+00:00,0.6648000000000001,-0.0017267794292103128,0.8380146849919051,0.8489735501518295,-0.25659760698182266,-0.40701451015182943,-0.39605564499190504,-0.33903474015182955,0.0014048125652229473
2025-05-02 00:00:00+00:00,0.6622,0.024125426532023306,0.8208742036478635,0.8419030563846172,-0.25535275400633894,-0.40339421638461714,-0.38236536364786344,-0.3165680163846172,0.0008230927462461195
2025-05-03 00:00:00+00:00,0.6435,0.002065891786182697,0.7776113623951141,0.8420886993994663,-0.2741539104692282,-0.42799644939946635,-0.36351911239511414,-0.3203714093994662,0.0014004609139588332
2025-05-04 00:00:00+00:00,0.6459,-0.004681554549343437,0.7761030574456816,0.8506865861819405,-0.27642672420457404,-0.43349977618194047,-0.3589162474456816,-0.36682722618194047,0.0013771616634398781
2025-05-05 00:00:00+00:00,0.6512,-0.013624338635862121,0.7783611337332121,0.849024074314506,-0.2702250237075755,-0.424962634314506,-0.35429969373321213,-0.38144163431450606,0.0012072909328084142
2025-05-06 00:00:00+00:00,0.6262,0.006120948830153416,0.7783760518561315,0.8491006543801624,-0.29526657800495526,-0.4569742143801624,-0.3862496118561315,-0.38805965438016227,0.001347761222861566
2025-05-07 00:00:00+00:00,0.643,-0.0012652310734228643,0.5609415464115977,0.9229103631081494,-0.31768223836404375,-0.5094613631081495,-0.14749254641159765,-0.3980101131081494,0.0013707970579107539
2025-05-08 00:00:00+00:00,0.6345000000000001,-0.003032059435835542,0.5573813021226396,0.9305781036569079,-0.3301647623174113,-0.5279878536569078,-0.1547910521226395,-0.45005186365690797,0.0013403323333857798
2025-05-09 00:00:00+00:00,0.6696,0.19891240467021082,1.0046977417729896,0.4539229951936205,-0.004138076104965638,-0.005558835193620548,-0.5563335817729897,0.054018294806379485,-0.03823130486867201
2025-05-10 00:00:00+00:00,0.7225,0.06023590317194887,0.8580230048151612,0.41023350332546726,0.08200526674650377,0.11177274667453274,-0.33601675481516124,0.09429258667453277,-0.0023086963186116334
2025-05-11 00:00:00+00:00,0.7547,0.0968583474704396,0.8685270571883369,0.3504311678034341,0.16272773054522727,0.219140922196566,-0.2989549671883368,0.14913507219656608,-0.008062560441827703
2025-05-12 00:00:00+00:00,0.7465999999999999,-0.02712721710504853,0.867412690529423,0.37158273628155813,0.1370241341050663,0.18582882371844178,-0.31000113052942313,0.2093661037184419,0.0005830793396241468
2025-05-13 00:00:00+00:00,0.7231000000000001,-0.007859135259844986,0.8395544784467268,0.37438938792527576,0.11122633009315097,0.14848422207472434,-0.3166808684467267,0.14285925207472427,0.00125485463771632
2025-05-14 00:00:00+00:00,0.7134,0.07076956841933335,0.8904242128732118,0.34158390487583645,0.12894820140935792,0.16735565512416362,-0.38148465287321176,0.1574170551241636,-0.0036961966562678366
2025-05-15 00:00:00+00:00,0.7082999999999999,-0.026659170544255425,0.895873831082958,0.33995983091801973,0.12523925623652232,0.1617290590819802,-0.3941849410829581,0.2198434090819802,0.0005915112651617105
2025-05-16 00:00:00+00:00,0.7015,-0.023850819377574366,0.8968787263448827,0.3375358232807117,0.12052166711596579,0.15456642671928833,-0.40477647634488273,0.1979954167192885,0.0007309762725525697
2025-05-17 00:00:00+00:00,0.6894,-0.004839195044062035,0.8965539047930557,0.33780969656596993,0.1081860148224495,0.13746266343403007,-0.42128154479305574,0.2729325534340302,0.0012755186789967583
2025-05-18 00:00:00+00:00,0.6933,-0.024553601902591867,0.9037074834780471,0.33049901261971926,0.1184095646823482,0.15016587738028075,-0.42304259347804707,0.2501449873802808,0.0006950948710519592
2025-05-19 00:00:00+00:00,0.743,0.010294031148296657,0.9048804766785293,0.3315465750896081,0.16719918800890177,0.2205024249103919,-0.3528314766785293,0.23380703491039195,0.0011907959318503184
2025-05-20 00:00:00+00:00,0.7106999999999999,0.011653243014249111,0.9036789326623164,0.3303681752293546,0.13592336927345883,0.17472631477064526,-0.3985844426623165,0.22793966477064542,0.0011686787774791646
2025-05-21 00:00:00+00:00,0.7088,-0.0012661234578953608,0.9005805198277517,0.33038242466473416,0.13401097377843563,0.1720150153352658,-0.3981830798277517,0.1972745353352659,0.0013070951268231569
2025-05-22 00:00:00+00:00,0.7340000000000001,0.011220369285645494,0.9018534450016839,0.3552170934748558,0.13799908265602834,0.18353890652514432,-0.3630974450016837,0.15586491652514417,0.001185177892089177
2025-05-23 00:00:00+00:00,0.7479,0.04358839509476438,0.7892591579402428,0.358621967039778,0.14904946185230994,0.20073244296022197,-0.22990474794024285,0.22293679296022206,-0.0005824362097683294
2025-05-24 00:00:00+00:00,0.727,-0.054492083196542716,0.8195093212252227,0.3337968636525966,0.1492484412374151,0.19473213634740333,-0.29098032122522277,0.20539962634740355,-0.0016490467703683391
2025-05-25 00:00:00+00:00,0.7273999999999999,0.0010285217885209774,0.8170873862842503,0.41114934648099094,0.08619071553743785,0.11796141351900896,-0.28797662628425036,0.09437165351900906,0.0013206012251223184
2025-05-26 00:00:00+00:00,0.7354,0.008543190875398576,0.8171755212879804,0.41291903321570367,0.09281223695459029,0.12789412678429646,-0.2763623612879803,0.0794638567842963,0.0012527801061048625
2025-05-27 00:00:00+00:00,0.718,0.005356282965158744,0.8124478894473025,0.41444628714440795,0.07422497163651343,0.10107771285559203,-0.2969238894473025,0.06607995285559193,0.0013025567780026296
2025-05-28 00:00:00+00:00,0.7117,0.03701220416963569,0.8257539591478947,0.397792163102064,0.0809923315020944,0.108724726897936,-0.31923706914789474,0.07665327689793594,-3.623630041717186e-05
2025-05-29 00:00:00+00:00,0.7014,0.007859910214731128,0.8262063048274775,0.39716711198446764,0.07118804201723716,0.0947948480155324,-0.33424434482747745,0.03303769801553241,0.0012736652506857716
2025-05-30 00:00:00+00:00,0.7295,-0.01896861660693418,0.8305673740681833,0.39313805979951844,0.10249277532111456,0.13903219020048163,-0.2983971240681832,0.015950100200481654,0.000978198014156127
2025-05-31 00:00:00+00:00,0.7141,-0.03893350944409988,0.8489735501518295,0.3832157378257698,0.0950557868570534,0.12672307217423018,-0.33903474015182955,0.040324902174230126,-0.0001710558699625816
2025-06-01 00:00:00+00:00,0.7248,-0.0009485416883828713,0.8419030563846172,0.3836631437463904,0.105394523961573,0.1416718962536096,-0.3165680163846172,0.014497856253609609,0.0013500707545101487
2025-06-02 00:00:00+00:00,0.7223,0.004418850400253822,0.8420886993994663,0.39695379028047617,0.09225731074753662,0.12476349971952394,-0.3203714093994662,-0.017251350280476196,0.0013393735803182588
2025-06-03 00:00:00+00:00,0.6956,0.026992454111385674,0.8506865861819405,0.4424148636419931,0.030457260701138633,0.0414444963580069,-0.36682722618194047,-0.0005887736419931677,0.0006401360109990767
2025-06-04 00:00:00+00:00,0.6838,-0.006998413551843409,0.849024074314506,0.4425649120019287,0.01854447615827437,0.02501752799807122,-0.38144163431450606,-0.014194662001928593,0.0013258396150633107
2025-06-05 00:00:00+00:00,0.679,0.006615154310604564,0.8491006543801624,0.45459544208435876,0.004763066804881477,0.006445557915641331,-0.38805965438016227,-0.04178919208435883,0.001335031661300771
2025-06-06 00:00:00+00:00,0.7245,-0.07789834537375916,0.9229103631081494,0.3809022830395747,0.10732718543379227,0.14399796696042538,-0.3980101131081494,0.012603006960425267,-0.004683066716992296
2025-06-07 00:00:00+00:00,0.6931999999999999,0.025286728436184132,0.9305781036569079,0.3785874282362855,0.07790541345117818,0.10193881176371439,-0.45005186365690797,0.023115011763714555,0.0007558450563188777
2025-06-08 00:00:00+00:00,0.7127,0.019723400549188475,0.4539229951936205,0.3752725416780222,0.10010507537360203,0.13266874832197778,0.054018294806379485,0.03113370832197776,0.0010133686041096052
2025-06-09 00:00:00+00:00,0.7103,-0.006119386496389417,0.41023350332546726,0.3845647079585474,0.09016718522678757,0.11996138204145262,0.09429258667453277,0.013848732041452538,0.0013703750760310945
2025-06-10 00:00:00+00:00,0.7068000000000001,0.06683022535379238,0.3504311678034341,0.370193389972422,0.09836480215850274,0.12937285002757815,0.14913507219656608,0.057130300027578074,-0.0030600534153592215
2025-06-11 00:00:00+00:00,0.7622,0.04974304964774671,0.37158273628155813,0.3898831670395442,0.13779374839809289,0.19106567296045585,0.2093661037184419,0.061700832960455865,-0.0010745386110892442
2025-06-12 00:00:00+00:00,0.7192000000000001,-0.01710116088973064,0.37438938792527576,0.3864054103412856,0.0975848374264946,0.13084322965871442,0.14285925207472427,0.08186107965871442,0.0011095321966801683
2025-06-13 00:00:00+00:00,0.7064,-0.04808316484698204,0.34158390487583645,0.3586562093198716,0.10752087252946319,0.14034475068012847,0.1574170551241636,0.10415188068012843,-0.0009105225371358393
2025-06-14 00:00:00+00:00,0.7482,-0.024025524829402532,0.33995983091801973,0.3528427143151093,0.15419434824649247,0.20696052568489065,0.2198434090819802,0.0875222456848907,0.0008233347265347761
2025-06-15 00:00:00+00:00,0.7318000000000001,-0.01922571404513764,0.3375358232807117,0.35086501246046103,0.13946140387405037,0.18466622753953915,0.1979954167192885,0.10705787753953894,0.0010362397358929533
2025-06-16 00:00:00+00:00,0.7815000000000001,0.006777015693459187,0.33780969656596993,0.3701109858718418,0.17313252398583823,0.24063126412815833,0.2729325534340302,0.10709365412815813,0.0013639059925371832
2025-06-17 00:00:00+00:00,0.762,-0.001414649717215539,0.33049901261971926,0.43244166779790716,0.10439702874917978,0.1482023322020929,0.2501449873802808,0.005405222202092941,0.001420204379876212
2025-06-18 00:00:00+00:00,0.7519,-0.013858863669308347,0.3315465750896081,0.44202958293658395,0.08704694635838217,0.12332402706341611,0.23380703491039195,0.06263857706341608,0.0012392680238229226
2025-06-19 00:00:00+00:00,0.7472,0.006240455889965828,0.3303681752293546,0.44573207586795,0.07956830822080496,0.11257576413205,0.22793966477064542,0.0070623341320500965,0.0013936078691895006
2025-06-20 00:00:00+00:00,0.7264,-0.0016656095221244647,0.33038242466473416,0.44782514777889176,0.05720260925576548,0.0798318122211083,0.1972745353352659,0.0084751022211082,0.0014346365704905849
2025-06-21 00:00:00+00:00,0.7149,-0.04655214648684516,0.3552170934748558,0.44673938834445204,0.04651434160774215,0.06434262165554794,0.15586491652514417,0.051414251655547916,-0.0007273847114824617
2025-06-22 00:00:00+00:00,0.7626000000000001,-0.04668833696665265,0.358621967039778,0.42023088495022665,0.11434782302700552,0.16132787504977342,0.22293679296022206,0.06418511504977331,-0.0007426104826843069
2025-06-23 00:00:00+00:00,0.7343000000000001,-0.0304789710229573,0.3337968636525966,0.40912755125770806,0.09466920707512216,0.13006893874229208,0.20539962634740355,0.059002088742292014,0.0005102504459296744
2025-06-24 00:00:00+00:00,0.711,0.07974206024258478,0.41114934648099094,0.34422214701273657,0.12429551986307741,0.16129885298726343,0.09437165351900906,0.12062909298726354,-0.0049186038511840734
2025-06-25 00:00:00+00:00,0.7017,0.014779709555889345,0.41291903321570367,0.34679684038422154,0.11280540808713346,0.14558604961577842,0.0794638567842963,0.10842324961577843,0.0012195981900097635
2025-06-26 00:00:00+00:00,0.6931999999999999,-0.012418433370209307,0.41444628714440795,0.3453234913737004,0.10555768415327638,0.1352027486262995,0.06607995285559193,0.10841346862629958,0.0012793976614881195
2025-06-27 00:00:00+00:00,0.6888,-0.001034961074353677,0.397792163102064,0.3455091320022188,0.10099975161436103,0.12893630799778116,0.07665327689793594,0.11038590799778109,0.0014293478619672667
2025-06-28 00:00:00+00:00,0.6559,0.0032255424541722823,0.39716711198446764,0.3598568793000156,0.05601927910624138,0.07034793069998446,0.03303769801553241,0.10199928069998437,0.0014170859827256474
2025-06-29 00:00:00+00:00,0.6396000000000001,0.005352890982958837,0.39313805979951844,0.36465512333976197,0.03573319072848369,0.04443303666023812,0.015950100200481654,0.09340311666023815,0.001393196742599444
2025-06-30 00:00:00+00:00,0.6507999999999999,0.026462895622417586,0.3832157378257698,0.35614070032922546,0.054024748896851826,0.06739993967077446,0.040324902174230126,0.08648338967077457,0.0007103249662359366
2025-07-01 00:00:00+00:00,0.631,-0.00613781888790143,0.3836631437463904,0.35592265872679646,0.03440746004764994,0.04223834127320353,0.014497856253609609,0.06892058127320361,0.001365046746422608
2025-07-02 00:00:00+00:00,0.6162,-0.03334528670998303,0.39695379028047617,0.35361556773919756,0.021544160258055167,0.02608687226080242,-0.017251350280476196,0.09931343226080236,0.000279197353772408
2025-07-03 00:00:00+00:00,0.6647,0.06682154709832896,0.4424148636419931,0.3412645370299621,0.0805214853061077,0.10056155297003783,-0.0005887736419931677,0.14552075297003786,-0.003086983049764881
2025-07-04 00:00:00+00:00,0.6545000000000001,0.007830104351484896,0.4425649120019287,0.3496086475811794,0.06322286736152283,0.07876160241882074,-0.014194662001928593,0.1430549624188206,0.0013129869178996518
2025-07-05 00:00:00+00:00,0.6425,-0.03213364215677535,0.45459544208435876,0.34774485964097596,0.052801043208506204,0.06506139035902397,-0.04178919208435883,0.12780330035902404,0.00033814547187729655
2025-07-06 00:00:00+00:00,0.6273,0.0033436859430633105,0.3809022830395747,0.3952727606205118,-0.0014072137493825743,-0.0017674706205118573,0.012603006960425267,0.04283884937948812,0.0013551311944511473
2025-07-07 00:00:00+00:00,0.6338,0.0211933148983073,0.3785874282362855,0.4008507123026177,0.0006722780491935643,0.0008517276973823429,0.023115011763714555,0.0339576476973823,0.0009051552940321447
2025-07-08 00:00:00+00:00,0.6375,-0.010796115031687469,0.3752725416780222,0.4041525302055077,0.0017700807689575715,0.0022537197944922926,0.03113370832197776,0.014197709794492364,0.0012305572700855858
2025-07-09 00:00:00+00:00,0.6312,0.028305239539384595,0.3845647079585474,0.4394283783860876,-0.03169394203453668,-0.04101493838608766,0.013848732041452538,-0.011189018386087657,0.0005366541780883788
2025-07-10 00:00:00+00:00,0.6537000000000001,0.05731557207950532,0.370193389972422,0.40716449445169345,0.015605575598960919,0.02015919554830664,0.057130300027578074,0.05482759554830652,-0.0019569246922986868
2025-07-11 00:00:00+00:00,0.672,0.06397428256253854,0.3898831670395442,0.4025896848599801,0.0375004453429616,0.04899431514001995,0.061700832960455865,0.09641127514001996,-0.002771156212039924
2025-07-12 00:00:00+00:00,0.6843,0.0025703477354690205,0.3864054103412856,0.4025818511607719,0.049806618505148004,0.06568463883922815,0.08186107965871442,0.06500058883922805,0.001303131789231098
2025-07-13 00:00:00+00:00,0.6803,-0.005588782816199358,0.3586562093198716,0.4028112728080915,0.04562585304891187,0.059996817191908525,0.10415188068012843,0.07619113719190845,0.0012740307276379213
2025-07-14 00:00:00+00:00,0.6636,0.00997017231984985,0.3528427143151093,0.4869491170214117,-0.03421739518402067,-0.04658415702141172,0.0875222456848907,0.00011529297858842158,0.0012025555999855596
2025-07-15 00:00:00+00:00,0.6767,0.014390178705528903,0.35086501246046103,0.49881996656031374,-0.029571878641868166,-0.04089707656031377,0.10705787753953894,0.0035774734396862296,0.00108397508741655
2025-07-16 00:00:00+00:00,0.6908,0.0403458643486797,0.3701109858718418,0.5031575149169015,-0.01853596759004228,-0.02595287491690157,0.10709365412815813,0.004356245083098398,-0.00034382395999640143
2025-07-17 00:00:00+00:00,0.6617000000000001,0.07158960106866255,0.43244166779790716,0.44757380656377826,-0.007309571354385147,-0.009726916563778165,0.005405222202092941,0.0656551534362218,-0.003853301386649702
2025-07-18 00:00:00+00:00,0.7104,0.03130680312363024,0.44202958293658395,0.43585656495894765,0.050205661218647224,0.06881159504105239,0.06263857706341608,0.07851927504105227,0.0002786128407353337
2025-07-19 00:00:00+00:00,0.6729,0.018527217201300027,0.44573207586795,0.43334305851439864,0.01461202463177369,0.019451351485601454,0.0070623341320500965,0.09693218148560129,0.0009099289351046193
2025-07-20 00:00:00+00:00,0.6755,0.013221481113280227,0.44782514777889176,0.4474540569922246,0.006579932284712653,0.008846193007775338,0.0084751022211082,0.05069958300777533,0.001068743219819576
2025-07-21 00:00:00+00:00,0.7058,0.04558356985879773,0.44673938834445204,0.4620102275875284,0.02608665778320307,0.03614341241247154,0.051414251655547916,0.06972241241247168,-0.0008408276529440393
2025-07-22 00:00:00+00:00,0.696,0.0010098058310720798,0.42023088495022665,0.5098642438144442,-0.018047788186788094,-0.025448243814444216,0.06418511504977331,-0.012133993814444133,0.0012348338072520257
2025-07-23 00:00:00+00:00,0.6842,-0.004045356025143562,0.40912755125770806,0.5178272029479885,-0.03540211432984852,-0.04969756294798838,0.059002088742292014,-0.027967192947988495,0.0012106171247668208
2025-07-24 00:00:00+00:00,0.6818000000000001,-0.03200164701810437,0.34422214701273657,0.7253525137046553,-0.16987629631489398,-0.26050127370465515,0.12062909298726354,-0.2435777037046553,0.0001963864949779666
2025-07-25 00:00:00+00:00,0.6747,0.020737850607745942,0.34679684038422154,0.7215428359210954,-0.1747367757055821,-0.2663227459210954,0.10842324961577843,-0.24833642592109528,0.0007867193256867928
2025-07-26 00:00:00+00:00,0.6736,0.00575502462404661,0.3453234913737004,0.7211407712767539,-0.1756000772943641,-0.26740381127675394,0.10841346862629958,-0.22115036127675397,0.0011802636020789004
2025-07-27 00:00:00+00:00,0.6751999999999999,0.00404095016997923,0.3455091320022188,0.8171332111666008,-0.2287542085562747,-0.3612381711666009,0.11038590799778109,-0.26061721116660075,0.001194608122636987
2025-07-28 00:00:00+00:00,0.6796,0.034491608041847525,0.3598568793000156,0.8328390367826028,-0.23300015164506893,-0.3709828767826029,0.10199928069998437,-0.27453119678260285,1.957227514418026e-05
2025-07-29 00:00:00+00:00,0.6768000000000001,-0.02056768495286603,0.36465512333976197,0.8327278451227065,-0.23573922936096636,-0.37466960512270636,0.09340311666023815,-0.3182085551227064,0.0007891041703828447
2025-07-30 00:00:00+00:00,0.6653,-0.0006850217630541974,0.35614070032922546,0.8327322018871013,-0.24724161652337873,-0.39010811188710126,0.08648338967077457,-0.3368345618871012,0.001216136733311996
2025-07-31 00:00:00+00:00,0.6518,0.004444276443221839,0.35592265872679646,0.8466232336253814,-0.2683213146239909,-0.4217799936253813,0.06892058127320361,-0.34620847362538154,0.0011985971758459951
2025-08-01 00:00:00+00:00,0.6729999999999999,-0.030369132832236405,0.35361556773919756,0.8355202012365184,-0.2410679412584813,-0.38259120123651846,0.09931343226080236,-0.3356712012365183,0.00029850127421432785
2025-08-02 00:00:00+00:00,0.6977,-0.058736410748665445,0.3412645370299621,0.7937625359727055,-0.1932335193900303,-0.30697724597270554,0.14552075297003786,-0.30837164597270555,-0.002222493087361969
2025-08-03 00:00:00+00:00,0.7019,-0.027333639343026375,0.3496086475811794,0.7886425880945589,-0.1861555095795301,-0.2959789780945589,0.1430549624188206,-0.2895003380945589,0.00048445088355303205
2025-08-04 00:00:00+00:00,0.6896,0.029654391047195066,0.34774485964097596,0.7780486604492782,-0.19247066635801824,-0.30250050044927823,0.12780330035902404,-0.2722432204492782,0.00035806735463373557
2025-08-05 00:00:00+00:00,0.6618999999999999,0.0625905987822585,0.3952727606205118,0.740030495239603,-0.19835025151963948,-0.30191888523960303,0.04283884937948812,-0.24173568523960282,-0.002674402938113441
2025-08-06 00:00:00+00:00,0.6594,-0.03012670540350716,0.4008507123026177,0.7437349675903169,-0.20300070013324834,-0.30892660759031687,0.0339576476973823,-0.24699192759031674,0.00033963537586819206
2025-08-07 00:00:00+00:00,0.6468,0.019696151734936666,0.4041525302055077,0.7390648474303771,-0.2128888084826841,-0.3207146074303771,0.014197709794492364,-0.28303475743037715,0.0008623387328617485
2025-08-08 00:00:00+00:00,0.6544,0.060832321732344055,0.4394283783860876,0.6947838484014629,-0.17913695083149306,-0.26654448840146294,-0.011189018386087657,-0.240373038401463,-0.0024492034659775556
2025-08-09 00:00:00+00:00,0.6797,0.025164433750860388,0.40716449445169345,0.6877656312258527,-0.14961636377552123,-0.2257735412258527,0.05482759554830652,-0.23752463122585277,0.000620843003678924
2025-08-10 00:00:00+00:00,0.7064,0.06096471997907818,0.4025896848599801,0.6425460532043025,-0.0951897037788737,-0.14354509320430242,0.09641127514001996,-0.21835436320430246,-0.0024594392885201083
2025-08-11 00:00:00+00:00,0.6838,-0.0024418889804596958,0.4025818511607719,0.6425047252939025,-0.1177639246460026,-0.17492228529390252,0.06500058883922805,-0.21805247529390237,0.0012556252877961506
2025-08-12 00:00:00+00:00,0.6920999999999999,-0.0070775043001705985,0.4028112728080915,0.6428571019961067,-0.10968370025593988,-0.16385469199610675,0.07619113719190845,-0.2190561019961068,0.0012114345721504728
2025-08-13 00:00:00+00:00,0.6979000000000001,0.08375466307315305,0.4869491170214117,0.5651815952918378,-0.053885604605353965,-0.07811718529183764,0.00011529297858842158,-0.15365934529183767,-0.0057518390138946475
2025-08-14 00:00:00+00:00,0.7088,0.03439132894565797,0.49881996656031374,0.5879738041936711,-0.05799449932408296,-0.0855763641936711,0.0035774734396862296,-0.18118496419367103,8.4505855908626e-05
2025-08-15 00:00:00+00:00,0.7123999999999999,-0.04454547781617347,0.5031575149169015,0.564858149786094,-0.039170455636791335,-0.05734438978609413,0.004356245083098398,-0.18293414978609407,-0.0007129686285743991
2025-08-16 00:00:00+00:00,0.7164,-0.02359124852441968,0.44757380656377826,0.5602951781057695,-0.03212867554006871,-0.047066218105769386,0.0656551534362218,-0.1798529381057694,0.0007175519145202536
2025-08-17 00:00:00+00:00,0.7172,-0.004129766095078783,0.43585656495894765,0.5639622086574724,-0.03377417309616748,-0.04958636865747246,0.07851927504105227,-0.16982936865747233,0.0012639281607670608
2025-08-18 00:00:00+00:00,0.7282,0.01169051780030695,0.43334305851439864,0.562669631414037,-0.021913079084771803,-0.032394391414037105,0.09693218148560129,-0.15944463141403703,0.0011452014684465509
2025-08-19 00:00:00+00:00,0.7058,-0.03653239188578691,0.4474540569922246,0.5511265842279803,-0.036579003089379114,-0.05297294422798038,0.05069958300777533,-0.14573969422798028,-4.567010712502005e-05
2025-08-20 00:00:00+00:00,0.7292000000000001,-0.057221144905074614,0.4620102275875284,0.5112918461166911,0.014153255991826041,0.020440793883308994,0.06972241241247168,-0.12800703611669112,-0.001981491647078597
2025-08-21 00:00:00+00:00,0.7055,0.06272341286144777,0.5098642438144442,0.47161140716551847,0.01876030610898971,0.02611884283448157,-0.012133993814444133,-0.10206899716551848,-0.002638392168476216
2025-08-22 00:00:00+00:00,0.6999,-0.025900862865324007,0.5178272029479885,0.4635007421916928,0.01909111184437906,0.026359267808307163,-0.027967192947988495,-0.09989174219169283,0.0006261955685851044
2025-08-23 00:00:00+00:00,0.6940999999999999,0.1344655356163195,0.7253525137046553,0.24428098786499144,0.19985209877532967,0.2374938221350085,-0.2435777037046553,0.12259150213500855,-0.016781945494154463
2025-08-24 00:00:00+00:00,0.6879000000000001,-0.010813613939877008,0.7215428359210954,0.28292135337508895,0.15599648114052778,0.19028505662491113,-0.24833642592109528,0.1175144866249111,0.0011836460594953709
2025-08-25 00:00:00+00:00,0.7071,-0.0002718442558275641,0.7211407712767539,0.28375408977205485,0.17441426734700793,0.2162363202279451,-0.22115036127675397,0.1273833502279451,0.0013021489929380162
2025-08-26 00:00:00+00:00,0.746,-0.08891635877758197,0.8171332111666008,0.18765129052503066,0.3128126380825144,0.36886470947496935,-0.26061721116660075,0.2164631994749694,-0.006599671906665505
2025-08-27 00:00:00+00:00,0.7472,0.049805228660956206,0.8328390367826028,0.21640036106457355,0.2820114779311794,0.34190747893542645,-0.27453119678260285,0.22848863893542648,-0.001164924721604837
2025-08-28 00:00:00+00:00,0.7173,-0.020344301997879784,0.8327278451227065,0.2309194448565411,0.23675921624013946,0.283599845143459,-0.3182085551227064,0.17357655514345893,0.0009105538291871011
2025-08-29 00:00:00+00:00,0.7042,0.0009095850922732126,0.8327322018871013,0.23104428893013945,0.2235293342317014,0.26485335106986063,-0.3368345618871012,0.17218071106986055,0.0013287733682019235
2025-08-30 00:00:00+00:00,0.7073999999999999,-0.034080496315734635,0.8466232336253814,0.22819187932679177,0.2297056632879223,0.2722228806732081,-0.34620847362538154,0.17961808067320814,0.00017298564849876864
2025-08-31 00:00:00+00:00,0.7070000000000001,0.003115481410300776,0.8355202012365184,0.23168792212734354,0.2256602840743936,0.26816107787265653,-0.3356712012365183,0.1669780378726564,0.00133166116188344
2025-09-01 00:00:00+00:00,0.6967,0.004222449127891006,0.7937625359727055,0.2348854960826326,0.21205013042131887,0.25050539391736737,-0.30837164597270555,0.15424094391736742,0.0013278232411705919
2025-09-02 00:00:00+00:00,0.7065,-0.01806405840098946,0.7886425880945589,0.2585875299116539,0.1979849757267207,0.2405547200883461,-0.2895003380945589,0.13869056008834607,0.0010192147694281077
2025-09-03 00:00:00+00:00,0.7112,0.002940940209492149,0.7780486604492782,0.27032028991730694,0.1912766499595283,0.2354851500826931,-0.2722432204492782,0.13341287008269304,0.0013374675026476626
2025-09-04 00:00:00+00:00,0.7059000000000001,0.028156746150018362,0.740030495239603,0.2611802281072528,0.19484205014768363,0.23711458189274737,-0.24173568523960282,0.12844541189274722,0.0005560775001247047
2025-09-05 00:00:00+00:00,0.7048000000000001,-0.034815162759643005,0.7437349675903169,0.24682376144337548,0.20798639164836136,0.24991927855662466,-0.24699192759031674,0.14405127855662447,0.00014228047854924716
2025-09-06 00:00:00+00:00,0.6753,0.0020230918337698373,0.7390648474303771,0.2472788785997372,0.17802856647527276,0.2087512114002628,-0.28303475743037715,0.15151337140026275,0.0013559392711216317
2025-09-07 00:00:00+00:00,0.6740999999999999,-0.007812630836494158,0.6947838484014629,0.26311006454890085,0.16115744517645947,0.19130074545109904,-0.240373038401463,0.13505093545109914,0.001302436053293939
2025-09-08 00:00:00+00:00,0.6709999999999999,0.0075105897333741884,0.6877656312258527,0.29471529913153444,0.12812312709829454,0.15552570086846546,-0.23752463122585277,0.11283926086846569,0.0013094543824962038
2025-09-09 00:00:00+00:00,0.6513,0.00013941492226968527,0.6425460532043025,0.29838744606939094,0.10505147957235528,0.12580424393060907,-0.21835436320430246,0.09524331393060914,0.0013647707452146083
2025-09-10 00:00:00+00:00,0.6515000000000001,0.0016018761623359666,0.6425047252939025,0.3139974591566314,0.09114523812442588,0.11045479084336868,-0.21805247529390237,0.10448215084336865,0.0013553922776920466
2025-09-11 00:00:00+00:00,0.6509999999999999,0.00889120553093085,0.6428571019961067,0.5306129734737615,-0.07743185918365869,-0.10681197347376159,-0.2190561019961068,-0.07323128347376162,0.0012749659190012654
2025-09-12 00:00:00+00:00,0.6415000000000001,0.025110861479222698,0.5651815952918378,0.5280863529540413,-0.08519550222499739,-0.11656410295404118,-0.15365934529183767,-0.013853942954041298,0.000718422865908276
2025-09-13 00:00:00+00:00,0.6378,0.055281965822095214,0.5879738041936711,0.6196504715846614,-0.14937880534517778,-0.21286163158466131,-0.18118496419367103,-0.11113886158466124,-0.001714016342415577
2025-09-14 00:00:00+00:00,0.618,-0.00918601073635478,0.564858149786094,0.6240648360823015,-0.17197774404238853,-0.24214083608230147,-0.18293414978609407,-0.1259111960823015,0.0012489652304958669
2025-09-15 00:00:00+00:00,0.6168,-0.01347249934849053,0.5602951781057695,0.6309150608785704,-0.177501618328057,-0.25047282087857037,-0.1798529381057694,-0.09611537087857047,0.0011403704005743286
2025-09-16 00:00:00+00:00,0.6278,-0.01784530020405695,0.5639622086574724,0.641780351304486,-0.173311946799251,-0.24764751130448592,-0.16982936865747233,-0.11847279130448585,0.0009912972588006009
2025-09-17 00:00:00+00:00,0.635,-0.005516246998771187,0.562669631414037,0.6478636415980901,-0.16989977115047683,-0.24463864159809007,-0.15944463141403703,-0.10631483159809008,0.001268341921331653
2025-09-18 00:00:00+00:00,0.6367,0.01964362625798188,0.5511265842279803,0.6463353375896286,-0.16724983524448123,-0.24094844758962852,-0.14573969422798028,-0.07646132758962876,0.0009012960880759944
2025-09-19 00:00:00+00:00,0.6191,-0.00041395688903393826,0.5112918461166911,0.6489598442537771,-0.18648043934406522,-0.2656750342537771,-0.12800703611669112,-0.10888183425377707,0.0012785249310182224
2025-09-20 00:00:00+00:00,0.6079,-0.025938785241320705,0.47161140716551847,0.6475742115516839,-0.19681995846485867,-0.27803180155168394,-0.10206899716551848,-0.11482020155168393,0.0005923188320767893
2025-09-21 00:00:00+00:00,0.603,0.0020554073366704363,0.4635007421916928,0.6475268757092139,-0.20169054655141427,-0.2839178757092139,-0.09989174219169283,-0.1111171157092139,0.001249208060497713
2025-09-22 00:00:00+00:00,0.6057,-0.007932103701337708,0.24428098786499144,0.655943881817097,-0.20420362501787637,-0.28907139181709696,0.12259150213500855,-0.09823364181709693,0.0011789847180858363
2025-09-23 00:00:00+00:00,0.6328,-0.057383400904141506,0.28292135337508895,0.619557640562157,-0.1543198387552921,-0.21912180056215697,0.1175144866249111,-0.04332483056215697,-0.002061445074667894
2025-09-24 00:00:00+00:00,0.6412,-0.0082775592248732,0.28375408977205485,0.621088849680417,-0.14689190433630073,-0.20995140968041703,0.1273833502279451,-0.088626759680417,0.0011562459237809998
2025-09-25 00:00:00+00:00,0.6357,-0.0026941874803915068,0.18765129052503066,0.625989577245345,-0.15549503110506513,-0.22187508724534494,0.2164631994749694,-0.143381487245345,0.0012093908378387665
2025-09-26 00:00:00+00:00,0.667,-0.06959524485616887,0.21640036106457355,0.567310856305716,-0.08620040912476667,-0.12242185630571595,0.22848863893542648,-0.08830844630571605,-0.003640766568690556
2025-09-27 00:00:00+00:00,0.636,0.04009039756033089,0.2309194448565411,0.5793198515355625,-0.12513064025537857,-0.1748238515355625,0.17357655514345893,-0.09671176153556255,-0.00041486632357734857
2025-09-28 00:00:00+00:00,0.635,-0.0033299402057996356,0.23104428893013945,0.5803550037011446,-0.1268103462812411,-0.17713000370114457,0.17218071106986055,-0.10769875370114457,0.0011712373621527398
2025-09-29 00:00:00+00:00,0.6386,0.03044725938724391,0.22819187932679177,0.5840019098059523,-0.1256001765283442,-0.17619194980595243,0.17961808067320814,-0.09609965980595248,0.0002468270049383075
2025-09-30 00:00:00+00:00,0.6314,0.017235202581487946,0.23168792212734354,0.5849150121645459,-0.13339736673484037,-0.18624905216454596,0.1669780378726564,-0.07440476216454583,0.0008683533417467608
2025-10-01 00:00:00+00:00,0.6238,-0.01675241398523263,0.2348854960826326,0.5894211812723036,-0.14393770343282186,-0.20029474127230357,0.15424094391736742,-0.09886102127230356,0.000875521715165099
2025-10-02 00:00:00+00:00,0.6303,0.04769090663242792,0.2585875299116539,0.5632371408453465,-0.12019126633515631,-0.1659590508453465,0.13869056008834607,-0.09360105084534648,-0.0011270487598978433
2025-10-03 00:00:00+00:00,0.6354,0.031192716587956953,0.27032028991730694,0.5519599464848521,-0.10754006924169346,-0.14822678648485216,0.13341287008269304,-0.08136394648485223,0.00016508558437481062
2025-10-04 00:00:00+00:00,0.6242,0.006447045584283109,0.2611802281072528,0.5523041903984607,-0.11897170990186423,-0.1626785503984607,0.12844541189274722,-0.09207763039846067,0.0010871850863391984
2025-10-05 00:00:00+00:00,0.6252,-0.0056667447944880114,0.24682376144337548,0.6309146260376617,-0.16910134460270287,-0.24003958603766173,0.14405127855662447,-0.13698678603766173,0.0010867133614250106
2025-10-06 00:00:00+00:00,0.6315,0.006442033074414093,0.2472788785997372,0.7332981867738299,-0.22482831716219098,-0.3345059367738299,0.15151337140026275,-0.17439242677382982,0.0010676572573567393
2025-10-07 00:00:00+00:00,0.631,0.036908407799199607,0.26311006454890085,0.7372576895557968,-0.2276371116809457,-0.33909668955579686,0.13505093545109914,-0.23811543955579684,-0.00025830071878343397
2025-10-08 00:00:00+00:00,0.6384000000000001,-0.05151795290754655,0.29471529913153444,0.71798921621448,-0.20894244329815082,-0.31043465621447985,0.11283926086846569,-0.18771397621448005,-0.0015553065932453715
2025-10-09 00:00:00+00:00,0.6274000000000001,0.01737353541403506,0.29838744606939094,0.7300697522321092,-0.2270411929630436,-0.33643899223210916,0.09524331393060914,-0.21741375223210924,0.0007930548407332514
2025-10-10 00:00:00+00:00,0.6469,-0.0358549966048415,0.3139974591566314,0.7155831931624285,-0.19902150531974794,-0.2971035831624284,0.10448215084336865,-0.20005919316242848,-0.0001934771605286295
2025-10-11 00:00:00+00:00,0.6762999999999999,-0.1337275903139431,0.5306129734737615,0.5306004689916378,-0.05212327598151201,-0.07321877899163798,-0.07323128347376162,0.002445541008362251,-0.016791510236744585
2025-10-12 00:00:00+00:00,0.7171,-0.02056423896602314,0.5280863529540413,0.5256472651845804,-0.007915355137103619,-0.011414855184580408,-0.013853942954041298,-0.005373575184580481,0.0006717369798578846
2025-10-13 00:00:00+00:00,0.7131000000000001,0.10286842914517219,0.6196504715846614,0.41992770107987437,0.06508171238777971,0.08858390892012574,-0.11113886158466124,0.13852958892012573,-0.009477908887398051
2025-10-14 00:00:00+00:00,0.7058,0.02114727577033321,0.6240648360823015,0.4144960702043815,0.06198630784645354,0.08365756979561845,-0.1259111960823015,0.11913417979561836,0.0006660873055756697
2025-10-15 00:00:00+00:00,0.7313,-0.027286267860058885,0.6309150608785704,0.44192880440380133,0.06652274075913112,0.0928708855961986,-0.09611537087857047,0.11279823559619873,0.00037936874334674336
2025-10-16 00:00:00+00:00,0.7234,-0.03480649808047681,0.641780351304486,0.4441433698788388,0.056959177511732295,0.07916419012116133,-0.11847279130448585,0.16332099012116114,-7.348658077235446e-05
2025-10-17 00:00:00+00:00,0.7359,-0.023030967053935772,0.6478636415980901,0.4414353906933309,0.07149395645935697,0.10011341930666912,-0.10631483159809008,0.12949596930666923,0.0006193770624965981
2025-10-18 00:00:00+00:00,0.7548999999999999,-0.016132514511710595,0.6463353375896286,0.4445376515903518,0.08816343163858786,0.12533635840964802,-0.07646132758962876,0.15144634840964827,0.0009021767928810451
2025-10-19 00:00:00+00:00,0.7349,0.014692999585221465,0.6489598442537771,0.44719987048367255,0.06616995694550065,0.09287813951632745,-0.10888183425377707,0.16026448951632738,0.0009615722353348004
2025-10-20 00:00:00+00:00,0.7299,0.023641763057040494,0.6475742115516839,0.4512171005181086,0.05817304615780927,0.0815369094818914,-0.11482020155168393,0.11775138948189157,0.0006328425253995043
2025-10-21 00:00:00+00:00,0.7323999999999999,-0.0005779983826180015,0.6475268757092139,0.4639016146235485,0.05129676654449178,0.07250814537645145,-0.1111171157092139,0.12392727537645154,0.0012063465726642115
2025-10-22 00:00:00+00:00,0.7468,-0.027472294959188445,0.655943881817097,0.5064572450681675,0.035141904375305066,0.05125299493183255,-0.09823364181709693,0.11827491493183273,0.0004677345557940705
2025-10-23 00:00:00+00:00,0.7591,-0.017384036733911534,0.619557640562157,0.5103441414878424,0.044716250543279545,0.06588866851215769,-0.04332483056215697,0.13816394851215763,0.0009376849179755669
2025-10-24 00:00:00+00:00,0.7297,0.013941692542938701,0.621088849680417,0.5080086826608706,0.016952721744326382,0.024453407339129374,-0.088626759680417,0.1380857573391293,0.001061573377987939
2025-10-25 00:00:00+00:00,0.6947,0.020249893137100433,0.625989577245345,0.5045862738611775,-0.015642363836746997,-0.021978183861177503,-0.143381487245345,0.13205813613882256,0.0008569658735981132
2025-10-26 00:00:00+00:00,0.6920999999999999,0.0045375694165087,0.567310856305716,0.5382783753812795,-0.04157457048836011,-0.059275965381279605,-0.08830844630571605,0.06017858461872039,0.0012536028747492688
2025-10-27 00:00:00+00:00,0.6947,0.05093408171714089,0.5793198515355625,0.5067734658316205,-0.01718023278612013,-0.02416537583162054,-0.09671176153556255,0.04959334416837946,-0.001316972889500806
2025-10-28 00:00:00+00:00,0.6875,-0.009806605003009313,0.5803550037011446,0.5116668746971711,-0.027808936542226603,-0.03901062469717109,-0.10769875370114457,0.01628068530282878,0.0011882718133834457
2025-10-29 00:00:00+00:00,0.6984999999999999,-0.03502543806205122,0.5840019098059523,0.4969299632280571,-0.006432594811771497,-0.009027713228057233,-0.09609965980595248,0.016872276771943084,6.400075705456447e-05
2025-10-30 00:00:00+00:00,0.7145,-0.01928993823086103,0.5849150121645459,0.4927480688389125,0.012539838139718595,0.017762181161087576,-0.07440476216454583,0.0059703711610876176,0.0009259947159262782
2025-10-31 00:00:00+00:00,0.7004,-0.025514964981044615,0.5894211812723036,0.48720928617526355,0.002396213351773091,0.0033508738247364778,-0.09886102127230356,0.02030447382473638,0.0006572970853037382
2025-11-01 00:00:00+00:00,0.6853,0.011059369946713173,0.5632371408453465,0.4857283890565949,-0.011642170525356321,-0.016092299056594872,-0.09360105084534648,0.035700020943405075,0.0011952642130940662
2025-11-02 00:00:00+00:00,0.6859999999999999,0.0067891738063398845,0.5519599464848521,0.5391564472516417,-0.04827273356133943,-0.06856044725164179,-0.08136394648485223,0.011704392748358217,0.0012780890322693173
2025-11-03 00:00:00+00:00,0.6784,0.008358134783695141,0.5523041903984607,0.5947050851914557,-0.09277124245621071,-0.1344785251914557,-0.09207763039846067,-0.09683372519145572,0.0012604296916133844
2025-11-04 00:00:00+00:00,0.7028,-0.08058066575139806,0.6309146260376617,0.5628798906674303,-0.04745321769881816,-0.06895205066743032,-0.13698678603766173,-0.07637364066743024,-0.005156508011659998
2025-11-05 00:00:00+00:00,0.7476,-0.09195970298955133,0.7332981867738299,0.4637191811741021,0.06663070467597287,0.09518657882589793,-0.17439242677382982,0.019027858825898025,-0.007110440078036086
2025-11-06 00:00:00+00:00,0.7065,0.041081250602814194,0.7372576895557968,0.4591178598042729,0.02891763614725562,0.04002439019572712,-0.23811543955579684,0.07685255019572712,-0.0003269000168446461
2025-11-07 00:00:00+00:00,0.7282,-0.032716805072343244,0.71798921621448,0.44646028121006515,0.06002316621266701,0.08381495878993478,-0.18771397621448005,0.09053555878993486,0.0002996018320683409
2025-11-08 00:00:00+00:00,0.716,0.03598278062288943,0.7300697522321092,0.4313939376005662,0.059194140098791204,0.08126206239943379,-0.21741375223210924,0.14135230239943386,8.643803289158799e-05
2025-11-09 00:00:00+00:00,0.718,-0.009741904003542235,0.7155831931624285,0.4356971582854599,0.05792639934211885,0.07982684171454008,-0.20005919316242848,0.09632720171453996,0.00129716372556385
2025-11-10 00:00:00+00:00,0.7301000000000001,0.05175914305981994,0.5306004689916378,0.44652324589215253,0.06187605109353311,0.08652276410784754,0.002445541008362251,0.0750495941078474,-0.0012780779697389617
2025-11-11 00:00:00+00:00,0.7212999999999999,-0.003971810994465482,0.5256472651845804,0.4463697196784716,0.05319093728757751,0.07390397032152829,-0.005373575184580481,0.0386032403215284,0.001392065621533832
2025-11-12 00:00:00+00:00,0.7473000000000001,-0.043504419009022834,0.41992770107987437,0.43129568291951664,0.09056894171242624,0.12716160708048346,0.13852958892012573,0.055210567080483386,-0.00048424185413454483
2025-11-13 00:00:00+00:00,0.7304999999999999,-0.0008785545415305445,0.4144960702043815,0.4599509499872324,0.0523031628006273,0.07367930001276746,0.11913417979561836,0.010507860012767711,0.001412182010410707
2025-11-14 00:00:00+00:00,0.7448,-0.05476573463759547,0.44192880440380133,0.4246209134293872,0.09317057047015809,0.13010612657061288,0.11279823559619873,0.052721896570612936,-0.001583091948843013
2025-11-15 00:00:00+00:00,0.7794,-0.03732976545287021,0.4441433698788388,0.4112868257101486,0.13808352141072455,0.19617753428985135,0.16332099012116114,0.09139417428985158,2.45022021012778e-05
2025-11-16 00:00:00+00:00,0.7556,0.017545706362352326,0.4414353906933309,0.42067209741179706,0.10700760302652557,0.15025926258820305,0.12949596930666923,0.05750015258820296,0.0011178473316251045
2025-11-17 00:00:00+00:00,0.772,-0.02269886279466241,0.4445376515903518,0.414415019851673,0.12824925642631446,0.18156898014832706,0.15144634840964827,0.06251334014832699,0.0009131441091076294
2025-11-18 00:00:00+00:00,0.7794,-0.020849382451073026,0.44719987048367255,0.4334134176967651,0.12105858576513273,0.1740509423032348,0.16026448951632738,0.05072422230323487,0.0009960702066600297
2025-11-19 00:00:00+00:00,0.7543000000000001,0.02981805243383334,0.4512171005181086,0.4226294028362844,0.10420046697733709,0.14633908716371574,0.11775138948189157,0.06373735716371548,0.0005478047088705176
2025-11-20 00:00:00+00:00,0.7667,-0.03229391406003839,0.4639016146235485,0.44283556645705346,0.1012410858234346,0.14499332354294658,0.12392727537645154,0.028172123542946403,0.0003973313329476949
2025-11-21 00:00:00+00:00,0.7904000000000001,-0.06521081229801778,0.5064572450681675,0.3911001141226297,0.16502002420717887,0.23363204587737052,0.11827491493183273,0.07826189587737037,-0.0028075260113435635
2025-11-22 00:00:00+00:00,0.8053,-0.024933424790216874,0.5103441414878424,0.384333991927687,0.18535323460180309,0.26417409807231296,0.13816394851215763,0.08914761807231303,0.0008293690807420141
2025-11-23 00:00:00+00:00,0.8038,0.0015541141968203962,0.5080086826608706,0.38437840220470687,0.18381741782151095,0.26171603779529307,0.1380857573391293,0.07965503779529315,0.0014552299637664377
2025-11-24 00:00:00+00:00,0.7979,0.011347435750714797,0.5045862738611775,0.3855876789765157,0.17694293306500197,0.25105673102348436,0.13205813613882256,0.06250868102348428,0.0013392583201482398
2025-11-25 00:00:00+00:00,0.7736,0.05281858914984067,0.5382783753812795,0.3520290218106198,0.18027966341054869,0.24642793818938014,0.06017858461872039,0.07961997818938027,-0.0013077134976792093
2025-11-26 00:00:00+00:00,0.7459,0.0021991043286922357,0.5067734658316205,0.35472397230065833,0.150312917953505,0.20164283769934166,0.04959334416837946,0.06972827769934176,0.0014881628935761847
2025-11-27 00:00:00+00:00,0.7265999999999999,0.022324145910524926,0.5116668746971711,0.34948542011183314,0.1354270810398761,0.17846213988816673,0.01628068530282878,0.010994739888166905,0.0010013674189546344
2025-11-28 00:00:00+00:00,0.7168000000000001,-0.003940598175044274,0.4969299632280571,0.34987779669548014,0.12529531134953797,0.16392444330452005,0.016872276771943084,0.022344213304519855,0.001489256030315075
2025-11-29 00:00:00+00:00,0.7062,0.005327698367724437,0.4927480688389125,0.3495398585814258,0.11498104006939547,0.14917858141857432,0.0059703711610876176,0.03349735141857424,0.001478765270285195
2025-11-30 00:00:00+00:00,0.7123999999999999,-0.013991820012888045,0.48720928617526355,0.3473739541146262,0.12301561429350172,0.16013980588537374,0.02030447382473638,0.028517655885373805,0.0013103017352840232
2025-12-01 00:00:00+00:00,0.7221,0.0007694752893006122,0.4857283890565949,0.34919268250821356,0.1311747234140228,0.1722357274917864,0.035700020943405075,0.019134927491786413,0.0015070289443088357
2025-12-02 00:00:00+00:00,0.7422,-0.06661411359374708,0.5391564472516417,0.2952054936854153,0.1988718361014079,0.2556553463145846,0.011704392748358217,0.07433691631458467,-0.002925089201113517
2025-12-03 00:00:00+00:00,0.7056,0.06808450551753817,0.5947050851914557,0.24010856406587627,0.21559126123519362,0.2577627959341237,-0.09683372519145572,0.1058706759341238,-0.0031158188404261334
2025-12-04 00:00:00+00:00,0.6975,0.06226936871371779,0.5628798906674303,0.21185776243978158,0.23721990870798942,0.2746484875602184,-0.07637364066743024,0.14598547756021837,-0.0023543553475848444
2025-12-05 00:00:00+00:00,0.6948000000000001,-0.017504047334974085,0.4637191811741021,0.20813602785074886,0.23858072393776608,0.27461101214925127,0.019027858825898025,0.16347613214925116,0.001216049488538822
2025-12-06 00:00:00+00:00,0.7321,-0.036186715153091784,0.4591178598042729,0.19258757820893593,0.2932519873476286,0.3433828317910641,0.07685255019572712,0.184776911791064,0.00020600767382625805
2025-12-07 00:00:00+00:00,0.7328,0.005480913116478336,0.44646028121006515,0.19990609066575338,0.28569141065536063,0.3370897493342466,0.09053555878993486,0.17918039933424668,0.001488808921089981
2025-12-08 00:00:00+00:00,0.7568,0.007512049628121321,0.4313939376005662,0.2052219736200503,0.3037856805573909,0.3675242663799498,0.14135230239943386,0.17423402637994972,0.0014630321934896654
2025-12-09 00:00:00+00:00,0.7293999999999999,0.02118003930533072,0.4356971582854599,0.2189142487977496,0.26151727025060045,0.3131101112022503,0.09632720171453996,0.13904864120225033,0.0010763567112803537
2025-12-10 00:00:00+00:00,0.7222,0.05973963767897381,0.44652324589215253,0.179942710152779,0.2980034533936196,0.34163012984722096,0.0750495941078474,0.16827529984722098,-0.0020423666515675793
2025-12-11 00:00:00+00:00,0.6964,0.001776707536562031,0.4463697196784716,0.18038635687514815,0.2716808494132292,0.30458660312485186,0.0386032403215284,0.14542628312485184,0.0015222531906948203
2025-12-12 00:00:00+00:00,0.6975,-0.025567020708699234,0.43129568291951664,0.17243897069883307,0.28224228399843904,0.31406727930116696,0.055210567080483386,0.15291718930116693,0.0008685135214873373
2025-12-13 00:00:00+00:00,0.6859000000000001,-0.048538637066832355,0.4599509499872324,0.14544716253190923,0.30452464351782094,0.32501164746809086,0.010507860012767711,0.19374259746809078,-0.0008403840901321561
2025-12-14 00:00:00+00:00,0.6909000000000001,0.009769701592308784,0.4246209134293872,0.14530879539628286,0.30970609213120576,0.3320340146037173,0.052721896570612936,0.18600656460371714,0.0014143990476922165
2025-12-15 00:00:00+00:00,0.7090000000000001,-0.017249897781912105,0.4112868257101486,0.20461112404285006,0.2566603885985111,0.29806987595715007,0.09139417428985158,0.13878487595714992,0.0012052200904405248
2025-12-16 00:00:00+00:00,0.6915,-0.03285184936057522,0.42067209741179706,0.19244909266762975,0.2528097987558535,0.2857231573323703,0.05750015258820296,0.13347771733237032,0.00041396580089600996
2025-12-17 00:00:00+00:00,0.6906,-0.0009787873944083886,0.414415019851673,0.19387772761142813,0.25028451354576664,0.28305063238857187,0.06251334014832699,0.12444391238857189,0.0014837806309443101
2025-12-18 00:00:00+00:00,0.6958,-0.04467895366100821,0.4334134176967651,0.1701191356366955,0.28334498956044246,0.3140185043633045,0.05072422230323487,0.12115695436330443,-0.0005223429057219708
2025-12-19 00:00:00+00:00,0.6973999999999999,-0.0016609831889298635,0.4226294028362844,0.17026830711449567,0.2847641955495188,0.3160984528855042,0.06373735716371548,0.12360410288550436,0.001459844415211389
2025-12-20 00:00:00+00:00,0.6862999999999999,0.05199689853142401,0.44283556645705346,0.1381600793557144,0.31460109045665136,0.3328476106442855,0.028172123542946403,0.17186616064428556,-0.0012486177135082087
2025-12-21 00:00:00+00:00,0.6851,-0.00047019312369183053,0.3911001141226297,0.14851583088974266,0.29972248263586704,0.32084617911025737,0.07826189587737037,0.15420420911025737,0.0014441700590657022
2025-12-22 00:00:00+00:00,0.6881,0.008096668407954345,0.384333991927687,0.2284380965680059,0.21014801855415866,0.24504351343199415,0.08914761807231303,0.08954511343199406,0.001364646046536383
2025-12-23 00:00:00+00:00,0.6812,0.002462809511880858,0.38437840220470687,0.2308723549013972,0.20070821557346352,0.2331610850986028,0.07965503779529315,0.06191685509860281,0.0014081525017282806
2025-12-24 00:00:00+00:00,0.6694,-0.01510486376959907,0.3855876789765157,0.22936599322617196,0.1904783015709437,0.218730366773828,0.06250868102348428,0.07082841677382795,0.001169434447579479
2025-12-25 00:00:00+00:00,0.657,-0.005617612065857626,0.3520290218106198,0.22900218992427626,0.17845826731174613,0.2026468100757238,0.07961997818938027,0.05615381007572376,0.0013488147917551563
2025-12-26 00:00:00+00:00,0.6515000000000001,-0.015044561803244417,0.35472397230065833,0.2262645273434484,0.17582728967971228,0.19818772265655168,0.06972827769934176,0.07010683265655157,0.0011387999135730165
2025-12-27 00:00:00+00:00,0.6004,0.008234170104285558,0.34948542011183314,0.2523925729132406,0.09801312426254549,0.10808758708675947,0.010994739888166905,0.05652106708675936,0.0012852902043375258
2025-12-28 00:00:00+00:00,0.6101,0.00691219531986226,0.34987779669548014,0.27064693308809123,0.08986261852103394,0.10157507691190876,0.022344213304519855,0.023333906911908786,0.0012900194910198917
2025-12-29 00:00:00+00:00,0.6189,0.0007801503032935333,0.3495398585814258,0.2835560837723719,0.08640015608230278,0.09948112622762811,0.03349735141857424,0.010424756227628118,0.0013242595992942253
2025-12-30 00:00:00+00:00,0.6131,-0.0042132507706814735,0.3473739541146262,0.28368211260104775,0.08048183226531991,0.09220949739895223,0.028517655885373805,0.004364777398952302,0.0012965522558428953
2025-12-31 00:00:00+00:00,0.6069,0.012250576219965288,0.34919268250821356,0.3326931777640592,0.030104388223992085,0.03563443223594076,0.019134927491786413,-0.03359356776405925,0.0011522068325071314
2026-01-01 00:00:00+00:00,0.6079,-0.00037005265262238235,0.2952054936854153,0.3537981405628953,0.01309066873249598,0.015744269437104663,0.07433691631458467,-0.003925890562895273,0.0012881647030434196
2026-01-02 00:00:00+00:00,0.5882000000000001,0.010343361557922025,0.24010856406587627,0.47343052894005316,-0.09986288153049871,-0.1274512889400531,0.1058706759341238,-0.07929768894005312,0.0011647577529606398
2026-01-03 00:00:00+00:00,0.5982,0.03943970822292531,0.21185776243978158,0.5262844793327204,-0.1272546707635981,-0.16844123933272043,0.14598547756021837,-0.08684806933272032,-0.00029761912991496144
2026-01-04 00:00:00+00:00,0.6096,0.0007040450879656256,0.20813602785074886,0.5397666611996459,-0.12508813873618907,-0.16815450119964587,0.16347613214925116,-0.12708890119964594,0.0012456257287332896
2026-01-05 00:00:00+00:00,0.6143,0.005614587116653003,0.19258757820893593,0.5689462242096082,-0.13998524061498663,-0.19158173420960822,0.184776911791064,-0.04679546420960812,0.0012044485156191033
2026-01-06 00:00:00+00:00,0.6157,0.025130896927559144,0.19990609066575338,0.5793775009182921,-0.14546851019882057,-0.20029101091829205,0.17918039933424668,0.02933453908170791,0.0005899255648218777
2026-01-07 00:00:00+00:00,0.616,0.022211546012601138,0.2052219736200503,0.8943253607388237,-0.32968777127486626,-0.5148693607388237,0.17423402637994972,0.023055479261176237,0.0007137138237301026
2026-01-08 00:00:00+00:00,0.5982999999999999,-0.039673499282697526,0.2189142487977496,1.055088307839942,-0.42887491589307325,-0.6971254178399421,0.13904864120225033,-0.4638810978399419,-0.0003845720220465299
2026-01-09 00:00:00+00:00,0.5901,-0.019122869748412378,0.179942710152779,1.0522415082717917,-0.4356882375382317,-0.7040234982717918,0.16827529984722098,-0.42085234827179174,0.0008078343512153917
2026-01-10 00:00:00+00:00,0.5708,-0.006294505845402138,0.18038635687514815,1.0517829416856634,-0.4547646940518495,-0.7259703016856635,0.14542628312485184,-0.4211881316856636,0.0011180662034681345
2026-01-11 00:00:00+00:00,0.5704,-0.0006802390816697397,0.17243897069883307,1.0524338631467642,-0.4554819927977898,-0.7270777031467642,0.15291718930116693,-0.46122665314676414,0.0011426890930566094
2026-01-12 00:00:00+00:00,0.5824,0.011725805194638644,0.14544716253190923,1.0700821077784846,-0.4520477308102544,-0.7308923477784846,0.19374259746809078,-0.5236654677784847,0.0009909404076058786
2026-01-13 00:00:00+00:00,0.5756,-0.009169210866721277,0.14530879539628286,1.0890913286881372,-0.46799538552455144,-0.7577759686881371,0.18600656460371714,-0.532276888688137,0.0010323724460542033
2026-01-14 00:00:00+00:00,0.586,0.07191469232246223,0.20461112404285006,1.0262625586053835,-0.4270461779234861,-0.6828665586053835,0.13878487595714992,-0.5330372686053835,-0.004068611938044453
2026-01-15 00:00:00+00:00,0.5709000000000001,0.008923283547469036,0.19244909266762975,1.0562358850855629,-0.45683337256584344,-0.7303090750855628,0.13347771733237032,-0.5908390450855628,0.001008939469178957
2026-01-16 00:00:00+00:00,0.5642,-0.010880260793687856,0.19387772761142813,1.0588453477686643,-0.46480211261622983,-0.7405237077686644,0.12444391238857189,-0.5834350977686644,0.0009562806903581425
2026-01-17 00:00:00+00:00,0.5397,-0.006591503320026362,0.1701191356366955,1.1009809283510898,-0.5095763832046779,-0.8097048383510899,0.12115695436330443,-0.5886112883510899,0.0010167282173154147
2026-01-18 00:00:00+00:00,0.5421,0.0038755044267991486,0.17026830711449567,1.1039914518220475,-0.5086099751225586,-0.8101190418220474,0.12360410288550436,-0.6219389618220474,0.0010275436718305544
2026-01-19 00:00:00+00:00,0.5568,-0.008040213825343005,0.1381600793557144,1.1033382042588116,-0.4935990690489076,-0.7933119642588116,0.17186616064428556,-0.6108149642588114,0.0009603387753413933
2026-01-20 00:00:00+00:00,0.5502,-0.02917839512215602,0.14851583088974266,1.097031027106857,-0.4971924895218873,-0.794310987106857,0.15420420911025737,-0.5960501871068571,0.0001589035695108668
2026-01-21 00:00:00+00:00,0.5639,-0.0814524977071131,0.2284380965680059,1.0164503115018308,-0.44429160455829575,-0.6984671015018309,0.08954511343199406,-0.5295254715018309,-0.005639445516060599
2026-01-22 00:00:00+00:00,0.5411,0.01435762717491419,0.2308723549013972,1.015186185251316,-0.4664644819322067,-0.722396975251316,0.06191685509860281,-0.552378095251316,0.0007747216414495445
2026-01-23 00:00:00+00:00,0.5478999999999999,-0.01021500664950795,0.22936599322617196,1.013980099350072,-0.45906578856983626,-0.7137856893500721,0.07082841677382795,-0.5454398493500721,0.000860877996228134
2026-01-24 00:00:00+00:00,0.534,0.001286827133212455,0.22900218992427626,1.0147269404527894,-0.47333655768704697,-0.7295709404527895,0.05615381007572376,-0.5368312504527896,0.0009500614056095934
2026-01-25 00:00:00+00:00,0.5444,-0.0011512936392902417,0.2262645273434484,1.0491513484962554,-0.4798808933570202,-0.7527799884962554,0.07010683265655157,-0.5204769384962554,0.0009370134964721115
2026-01-26 00:00:00+00:00,0.5558,-0.047067102652317054,0.2523925729132406,1.0222800064969884,-0.45527863516988065,-0.7133663664969885,0.05652106708675936,-0.5212991664969884,-0.0012886700634992762
2026-01-27 00:00:00+00:00,0.5422,0.039346369777599456,0.27064693308809123,1.1390730166110055,-0.5250736371760549,-0.8450921766110054,0.023333906911908786,-0.6335520166110055,-0.0006262039973239937
2026-01-28 00:00:00+00:00,0.5422,0.032582736504708124,0.2835560837723719,1.1288182578792534,-0.5202585911362632,-0.8348374178792534,0.010424756227628118,-0.6316522478792532,-0.00014684721311240833
2026-01-29 00:00:00+00:00,0.5367000000000001,-0.005301887958116376,0.28368211260104775,1.158425706607507,-0.5396018659314435,-0.8703788166075069,0.004364777398952302,-0.651054416607507,0.0008785444872759278
2026-01-30 00:00:00+00:00,0.5468999999999999,-0.06464041571221633,0.3326931777640592,1.1115689164440623,-0.5074096871622031,-0.8124693064440623,-0.03359356776405925,-0.5876824764440624,-0.0032797511891102444
2026-01-31 00:00:00+00:00,0.5915,-0.04165082730969922,0.3537981405628953,1.0925243046067399,-0.4537388744238037,-0.7426520546067399,-0.003925890562895273,-0.5654483046067399,-0.0008424814530253086
2026-02-01 00:00:00+00:00,0.6278,-0.09969846625207329,0.47343052894005316,0.9956262486304016,-0.37001072785894695,-0.6014934086304016,-0.07929768894005312,-0.4608265586304017,-0.009049270572102556
2026-02-02 00:00:00+00:00,0.6629,-0.07680918493875653,0.5262844793327204,0.9299000449494407,-0.3014132504271838,-0.4904636349494406,-0.08684806933272032,-0.38496080494944074,-0.0050047397010017656
2026-02-03 00:00:00+00:00,0.6424,0.03329594895018699,0.5397666611996459,0.9769156991181944,-0.3459904588360788,-0.5642379391181944,-0.12708890119964594,-0.4141156591181945,-0.00020625759548889187
2026-02-04 00:00:00+00:00,0.7226,-0.04929344617578136,0.5689462242096082,0.9555836796381386,-0.2549396051506755,-0.43343291963813857,-0.04679546420960812,-0.3747872696381388,-0.0015237309317750651
2026-02-05 00:00:00+00:00,0.7802,-0.038586619304060855,0.5793775009182921,0.9638661122010581,-0.20156683189088132,-0.3551540722010581,0.02933453908170791,-0.3829172722010581,-0.0005695917947959738
2026-02-06 00:00:00+00:00,0.9578,-0.16241760446753034,0.8943253607388237,0.6432099164052869,0.15579631147650763,0.27417092359471307,0.023055479261176237,-0.050463906405287084,-0.02543917247658757
2026-02-07 00:00:00+00:00,0.7689,0.12160336943421787,1.055088307839942,0.4665873146519871,0.08582803113289217,0.12461989534801299,-0.4638810978399419,0.14838232534801288,-0.013797948137206929
2026-02-08 00:00:00+00:00,0.7946,0.011476089110207335,1.0522415082717917,0.4750537892578838,0.1053585406710622,0.15633537074211623,-0.42085234827179174,0.08624685074211624,0.0008790315504240782
2026-02-09 00:00:00+00:00,0.7940999999999999,0.0013893881741588435,1.0517829416856634,0.4806285680276121,0.1008261954843438,0.14996624197238773,-0.4211881316856636,0.08954744197238806,0.001034662151186439
2026-02-10 00:00:00+00:00,0.7689,0.007345959383995138,1.0524338631467642,0.48067210637636254,0.07559479565175442,0.11053510362363755,-0.46122665314676414,0.07823365362363749,0.0010104634195414793
2026-02-11 00:00:00+00:00,0.7392,-0.039850158872011356,1.0700821077784846,0.46266174384744957,0.05900756851648992,0.08375489615255033,-0.5236654677784847,0.09057669615255032,-0.0004993299886085635
2026-02-12 00:00:00+00:00,0.7462000000000001,-0.040576793201533165,1.0890913286881372,0.4436535282033997,0.08012678465246814,0.11316091179660043,-0.532276888688137,0.1158504717966003,-0.0005388461437802619
2026-02-13 00:00:00+00:00,0.7023,0.0027774938131426828,1.0262625586053835,0.4435997548313938,0.03626715183754359,0.04962553516860624,-0.5330372686053835,0.13141913516860615,0.0011205090541453514
2026-02-14 00:00:00+00:00,0.6822,0.05043001159856338,1.0562358850855629,0.4305431540898684,0.02604212716003451,0.03485368591013166,-0.5908390450855628,0.1485778459101315,-0.0014012795036211917
2026-02-15 00:00:00+00:00,0.6895,0.018244354191121866,1.0588453477686643,0.4980921857536507,-0.016256463486981287,-0.02268193575365074,-0.5834350977686644,0.07450270424634936,0.0008217870954000353
2026-02-16 00:00:00+00:00,0.7158,-0.05921694284622343,1.1009809283510898,0.45813400626522427,0.03894402841873057,0.05423563373477569,-0.5886112883510899,0.1176434337347756,-0.002337656773020929
2026-02-17 00:00:00+00:00,0.6943,0.016200611712103217,1.1039914518220475,0.48576888594103834,-0.00267122318000923,-0.0037163959410382863,-0.6219389618220474,0.1227871240589617,0.0009267209189664495
2026-02-18 00:00:00+00:00,0.7018000000000001,-0.0033096008546789064,1.1033382042588116,0.4967258557712963,-0.0029878090399239055,-0.004202615771296159,-0.6108149642588114,0.13259903422870373,0.001195412676429284
2026-02-19 00:00:00+00:00,0.7078,-0.018247756569676976,1.097031027106857,0.4928663331936133,0.005755604542267312,0.008114506806386701,-0.5960501871068571,0.12382975680638675,0.0008900519071144501
2026-02-20 00:00:00+00:00,0.6978,-0.003381843764232339,1.0164503115018308,0.5032928750055456,-0.011631374415838502,-0.016368035005545678,-0.5295254715018309,0.12175548499445432,0.0012297016688273825
2026-02-21 00:00:00+00:00,0.6803,0.01011141287755016,1.015186185251316,0.5047134316805236,-0.030131862799328335,-0.04190534168052362,-0.552378095251316,0.12112577831947646,0.0011543263250535026
2026-02-22 00:00:00+00:00,0.6845,0.0022838591905015755,1.013980099350072,0.5313825564429716,-0.04445991415370132,-0.06284230644297162,-0.5454398493500721,0.03909553355702833,0.001266877820987916
2026-02-23 00:00:00+00:00,0.6912999999999999,-0.007939781123816853,1.0147269404527894,0.5306663735058609,-0.03716851236402863,-0.052770683505861005,-0.5368312504527896,0.03168363649413897,0.0012244277588109045
2026-02-24 00:00:00+00:00,0.7271,-0.053204594518487636,1.0491513484962554,0.49664576274565425,0.022369013916902936,0.03202864725434568,-0.5204769384962554,0.050066597254345646,-0.0015256591965981457
2026-02-25 00:00:00+00:00,0.7078,-0.002590115844744009,1.0222800064969884,0.5287536920864957,-0.01935451733898741,-0.027772852086495714,-0.5212991664969884,0.03494694791350439,0.0013195758716003038
2026-02-26 00:00:00+00:00,0.711,0.10558201695127316,1.1390730166110055,0.40667810514635777,0.07328681592242592,0.09884289485364223,-0.6335520166110055,0.13339990485364223,-0.009803737348247792
2026-02-27 00:00:00+00:00,0.7051000000000001,-0.014791140458849968,1.1288182578792534,0.40402981831838153,0.06946660069000354,0.09313619168161857,-0.6316522478792532,0.15144227168161845,0.0011443658552507724
2026-02-28 00:00:00+00:00,0.7123,-0.04961450344898357,1.158425706607507,0.3744260573496188,0.10039636596142132,0.13294523265038122,-0.651054416607507,0.18044995265038105,-0.0010798995378773304
2026-03-01 00:00:00+00:00,0.7238,0.018087020658905703,1.1115689164440623,0.37583921512584667,0.11074273095750131,0.14804722487415328,-0.5876824764440624,0.1803784248741534,0.001074588723866967
2026-03-02 00:00:00+00:00,0.726,-0.013018481232873805,1.0925243046067399,0.3913677965506169,0.10040604498555383,0.1357082034493831,-0.5654483046067399,0.13237389344938316,0.0012527766641975318
2026-03-03 00:00:00+00:00,0.7313,0.04444727656604731,0.9956262486304016,0.3705502504141023,0.12257161195316157,0.16424943958589766,-0.4608265586304017,0.14813778958589763,-0.0005371198854628991
2026-03-04 00:00:00+00:00,0.7382,-0.022304644443564243,0.9299000449494407,0.38337573018663523,0.11902657503197434,0.1615635098133647,-0.38496080494944074,0.12257195981336472,0.0009537896325932107
2026-03-05 00:00:00+00:00,0.7502,0.07051893759218687,0.9769156991181944,0.3228995676269784,0.18195747464046796,0.23990047237302153,-0.4141156591181945,0.14358943237302152,-0.003511998801139879
2026-03-06 00:00:00+00:00,0.7620999999999999,-0.02601013583761211,0.9555836796381386,0.3150614763242151,0.2007966271932662,0.2657349336757847,-0.3747872696381388,0.15745728367578476,0.0007981043889601079
2026-03-07 00:00:00+00:00,0.7622,-0.04657977105139437,0.9638661122010581,0.29412348109789044,0.21986847676177768,0.2868253589021096,-0.3829172722010581,0.19503687890210958,-0.0006896877488258876
2026-03-08 00:00:00+00:00,0.7698999999999999,-0.004916754715780615,0.6432099164052869,0.29384384840224853,0.22782634411710379,0.2989021615977513,-0.050463906405287084,0.1836371515977514,0.0014532773933844838
2026-03-09 00:00:00+00:00,0.7842,-0.016445464002294914,0.4665873146519871,0.33636382456216557,0.2042311865607207,0.2786058154378344,0.14838232534801288,0.14652218543783435,0.0011773515676305009
2026-03-10 00:00:00+00:00,0.7492,0.028767607589224576,0.4750537892578838,0.3326482767578295,0.17244331234234522,0.22865236324217053,0.08624685074211624,0.09063208324217059,0.0006223996924051738
2026-03-11 00:00:00+00:00,0.7551000000000001,0.021450673515549204,0.4806285680276121,0.32705001146086954,0.18321713484239677,0.24312599853913064,0.08954744197238806,0.07630199853913044,0.0009834427664599092
2026-03-12 00:00:00+00:00,0.7476,0.007585618873180318,0.48067210637636254,0.3338413892946803,0.1698099089680749,0.2250643707053197,0.07823365362363749,0.07986485070531951,0.0013805148484113074
2026-03-13 00:00:00+00:00,0.7437999999999999,0.010379373421592161,0.46266174384744957,0.33630957871719913,0.1638779546204514,0.21692886128280076,0.09057669615255032,0.11071638128280081,0.0013273751653660136
2026-03-14 00:00:00+00:00,0.748,0.009173715304525468,0.4436535282033997,0.3566351617508187,0.15081061483745484,0.20286883824918128,0.1158504717966003,0.08479219824918127,0.0013515725009361726
2026-03-15 00:00:00+00:00,0.7583,0.0018151426048889918,0.4435997548313938,0.4307911337287911,0.101953190966246,0.14422775627120887,0.13141913516860615,0.013697756271209005,0.0014326804326663827
2026-03-16 00:00:00+00:00,0.7609999999999999,0.03834111113940874,0.4305431540898684,0.4178579077462762,0.11458070283578603,0.1612630922537237,0.1485778459101315,0.013922502253723712,-2.659589290220977e-05
2026-03-17 00:00:00+00:00,0.7567,0.0767126564857031,0.4980921857536507,0.34936833270298695,0.16562611908240532,0.22322655729701313,0.07450270424634936,0.08464910729701297,-0.004431000986554674
2026-03-18 00:00:00+00:00,0.7587999999999999,-0.014913496890310152,0.45813400626522427,0.34692343381870844,0.16979793394359932,0.22885400618129143,0.1176434337347756,0.08446280618129165,0.001240293598630563
2026-03-19 00:00:00+00:00,0.7801,-0.0503370618252687,0.48576888594103834,0.32651185641848474,0.2086878401552127,0.2820441535815153,0.1227871240589617,0.09442958358151515,-0.0010653231384064033
2026-03-20 00:00:00+00:00,0.7933,-0.0301914941759797,0.4967258557712963,0.32538832364302517,0.2228718067600225,0.30393656635697486,0.13259903422870373,0.13145248635697493,0.0005685231670930168
2026-03-21 00:00:00+00:00,0.7853,0.003969834510911016,0.4928663331936133,0.3427719663931676,0.19983269400147752,0.27392412360683244,0.12382975680638675,0.12494724360683235,0.0014767832029970757
2026-03-22 00:00:00+00:00,0.7906,-0.02946884637345981,0.5032928750055456,0.33821132253668196,0.20904061134164298,0.286837037463318,0.12175548499445432,0.08976631746331803,0.0006346974851982465
2026-03-23 00:00:00+00:00,0.7911,-0.01479860646328578,0.5047134316805236,0.33600295297056065,0.21144238297891693,0.28983625702943944,0.12112577831947646,0.08441960702943946,0.0012967256586169423
2026-03-24 00:00:00+00:00,0.7553,0.0468742879411468,0.5313825564429716,0.31401589869193985,0.19492878491847931,0.2564621913080601,0.03909553355702833,0.09315571130806016,-0.0006665857713594036
2026-03-25 00:00:00+00:00,0.7498999999999999,0.002043470895001417,0.5306663735058609,0.31818899313240306,0.18581756530414528,0.24416101686759678,0.03168363649413897,0.09732016686759687,0.0015357467171122406
2026-03-26 00:00:00+00:00,0.7394,0.005874886794313619,0.49664576274565425,0.3182838796160066,0.1752334646436332,0.22842848038399327,0.050066597254345646,0.04955837038399341,0.0015131209188526291
2026-03-27 00:00:00+00:00,0.7508,-0.051436529734394575,0.5287536920864957,0.28613626988069346,0.21588293177288365,0.2775643701193066,0.03494694791350439,0.08377097011930651,-0.0010964340760487646
2026-03-28 00:00:00+00:00,0.7349,-0.03337592572511132,0.40667810514635777,0.2781898351897288,0.2074629561836514,0.2618881748102712,0.13339990485364223,0.10101980481027123,0.000441057932676784
2026-03-29 00:00:00+00:00,0.7453,0.0010537673153144759,0.40402981831838153,0.28792461781979045,0.2087139231961097,0.2675474721802095,0.15144227168161845,0.06301314218020959,0.001557055816454307
2026-03-30 00:00:00+00:00,0.7448999999999999,-0.00533039580521159,0.3744260573496188,0.2879997175082298,0.20824394859628215,0.2668762924917701,0.18044995265038105,0.044121972491770245,0.0015350778787332985
2026-03-31 00:00:00+00:00,0.7458,0.0210544596351031,0.37583921512584667,0.2858910827730139,0.2111121632456805,0.2703265572269862,0.1803784248741534,0.04175067722698611,0.0011245390582409378
2026-04-01 00:00:00+00:00,0.7237,0.0380237112148552,0.3913677965506169,0.26835798531700916,0.20566719667861844,0.2553837046829909,0.13237389344938316,0.045466054682990864,0.00012497933522098454
2026-04-02 00:00:00+00:00,0.7202,0.01626435380936282,0.3705502504141023,0.2685863531168678,0.20194682527082597,0.2501016868831321,0.14813778958589763,0.03106040688313222,0.0013059482417392076
2026-04-03 00:00:00+00:00,0.7112999999999999,-0.03939094040707563,0.38337573018663523,0.25074662690991883,0.21055392971095732,0.2552010630900811,0.12257195981336472,0.05021533309008114,1.7359876859914967e-05
2026-04-04 00:00:00+00:00,0.6829999999999999,-0.0015089933985156347,0.3228995676269784,0.25079243774881477,0.18220818921550364,0.21569656225118516,0.14358943237302152,0.05479540225118518,0.0015631681297908159
2026-04-05 00:00:00+00:00,0.6873999999999999,0.0056833514647728275,0.3150614763242151,0.2517184525637731,0.18568449040938229,0.22080030743622675,0.15745728367578476,0.06031550743622688,0.0015243491782283211
2026-04-06 00:00:00+00:00,0.6994,0.02118357752382434,0.29412348109789044,0.24664756692554224,0.20276374787421908,0.24251279307445778,0.19503687890210958,0.05618252307445776,0.0010980173355295668
2026-04-07 00:00:00+00:00,0.691,-0.0010913146678696306,0.29384384840224853,0.24681478139432256,0.19419542937456524,0.23066621860567738,0.1836371515977514,0.06187657860567741,0.0015371878149440944
2026-04-08 00:00:00+00:00,0.6949,0.061361599126325314,0.33636382456216557,0.2090318985264074,0.23769993599474698,0.2738541114735925,0.14652218543783435,0.08494894147359261,-0.002237393549622953
2026-04-09 00:00:00+00:00,0.6506000000000001,-0.02285142786874087,0.3326482767578295,0.20328289753562567,0.19973095300783222,0.2199974624643744,0.09063208324217059,0.0824073524643743,0.0009936021101131579
2026-04-10 00:00:00+00:00,0.6351,0.0,0.32705001146086954,0.2041187929207344,0.1833049215399371,0.19923321707926558,0.07630199853913044,0.08521761707926565,0.0015031852739726028
2026-04-11 00:00:00+00:00,0.6431999999999999,0.024814049489846658,0.3338413892946803,0.20101627189654786,0.194851617716147,0.21268996810345198,0.07986485070531951,0.09720893810345216,0.0008722131533948929
2026-04-12 00:00:00+00:00,0.6686,0.01762374184637004,0.33630957871719913,0.199428392797698,0.22202593805988013,0.24759756720230194,0.11071638128280081,0.08711769720230197,0.0011640936986749711
2026-04-13 00:00:00+00:00,0.6644,-0.041889771045750986,0.3566351617508187,0.18783341153351352,0.23100247862555384,0.2535939484664865,0.08479219824918127,0.09657547846648645,-0.00028976271278598567
2026-04-14 00:00:00+00:00,0.6667000000000001,0.07809165216670642,0.4307911337287911,0.11422148697110174,0.3287333049380432,0.33026740302889834,0.013697756271209005,0.1795425130288983,-0.004644099187440933
2026-04-15 00:00:00+00:00,0.6570999999999999,-0.02017513142780733,0.4178579077462762,0.11064054976498655,0.32447325759195694,0.32113986023501334,0.013922502253723712,0.18323186023501348,0.001035250474610427
2026-04-16 00:00:00+00:00,0.6587999999999999,0.01598597899877155,0.34936833270298695,0.11582161313156623,0.31847425438035654,0.3181958268684337,0.08464910729701297,0.16858727686843372,0.0011732791165467253
2026-04-17 00:00:00+00:00,0.6568,-0.004632687801796987,0.34692343381870844,0.12039944580290515,0.30981376712770703,0.31098679419709496,0.08446280618129165,0.17260624419709483,0.001394713369941127
2026-04-18 00:00:00+00:00,0.6487999999999999,0.029260141785236296,0.32651185641848474,0.1163524442848576,0.30769525907009493,0.3045889957151423,0.09442958358151515,0.19311724571514244,0.0005468328579590105
2026-04-19 00:00:00+00:00,0.6759000000000001,-0.02862134100547,0.32538832364302517,0.10638616927442719,0.34973107248784846,0.3504546407255729,0.13145248635697493,0.17440784072557286,0.0005666738436148115
2026-04-20 00:00:00+00:00,0.6839,-0.03800726431684146,0.3427719663931676,0.08977756304288763,0.38427095761110264,0.3779416469571123,0.12494724360683235,0.18218468695711232,-7.444910706029626e-05
2026-04-21 00:00:00+00:00,0.6542,0.022216333323108878,0.33821132253668196,0.0846791420712282,0.36320319233498766,0.34329849792877176,0.08976631746331803,0.18572085792877183,0.0008629323729459283
2026-04-22 00:00:00+00:00,0.6484000000000001,0.006122820093941055,0.33600295297056065,0.08426588996645926,0.3581141237220467,0.3361566700335409,0.08441960702943946,0.16006660003354076,0.0013010115873392407
2026-04-23 00:00:00+00:00,0.6381,0.019749524647482777,0.31401589869193985,0.09240538941994453,0.33411745211288113,0.3147662205800555,0.09315571130806016,0.1605030205800555,0.0009296972780249543
2026-04-24 00:00:00+00:00,0.6446,-0.018632494113736763,0.31818899313240306,0.09570807680685338,0.33523278000593953,0.31980108319314654,0.09732016686759687,0.16266081319314657,0.0009576573311380946
2026-04-25 00:00:00+00:00,0.6065,-0.0065048584849557774,0.3182838796160066,0.09610046462751569,0.29649925060168697,0.27174178537248433,0.04955837038399341,0.16706853537248428,0.001249103860839557
2026-04-26 00:00:00+00:00,0.6082,0.0018566900128592061,0.28613626988069346,0.09658118627874697,0.29742486219334247,0.273326053721253,0.08377097011930651,0.13056637372125302,0.0012716345770819935
2026-04-27 00:00:00+00:00,0.6158,0.021466737049973303,0.2781898351897288,0.0953763605979259,0.30696936583634404,0.28383327940207415,0.10101980481027123,0.14257247940207413,0.000796563047915888
2026-04-28 00:00:00+00:00,0.5924,-0.02830599840729639,0.28792461781979045,0.09250673860878281,0.28825079548224564,0.2584310213912172,0.06301314218020959,0.1504436713912172,0.0004414631263122529
2026-04-29 00:00:00+00:00,0.5763,-0.005880960514424112,0.2879997175082298,0.0927324811098924,0.27177991673800495,0.23938920889010762,0.044121972491770245,0.1497252788901076,0.0011894280413273278
2026-04-30 00:00:00+00:00,0.5724,-0.016431001994274223,0.2858910827730139,0.08950864544981826,0.2732200450400825,0.23813311455018174,0.04175067722698611,0.14659016455018178,0.000933693051089727
2026-05-01 00:00:00+00:00,0.5602,0.00217396212419463,0.26835798531700916,0.0896376686513459,0.26080449460396726,0.22418637134865413,0.045466054682990864,0.14958114134865408,0.001178070256719097
2026-05-02 00:00:00+00:00,0.5474,0.016831493130108795,0.2685863531168678,0.08685669392096461,0.2526854025994562,0.2127900660790354,0.03106040688313222,0.1594569960790354,0.0008803266454037945
2026-05-03 00:00:00+00:00,0.5486,0.009239443696955823,0.25074662690991883,0.08581817903990971,0.25565260021650693,0.21514378096009026,0.05021533309008114,0.1567380709600903,0.0010582547167004635
2026-05-04 00:00:00+00:00,0.5528,0.002458116251637187,0.25079243774881477,0.15704486499249729,0.1565111344076176,0.14854297500750266,0.05479540225118518,0.15231357500750273,0.00111885954303225
2026-05-05 00:00:00+00:00,0.5586,0.010412074268897622,0.2517184525637731,0.16360125811297277,0.15412347643778784,0.14843270188702723,0.06031550743622688,0.2012147418870272,0.0010017964180947588
2026-05-06 00:00:00+00:00,0.5503,0.005653214639246944,0.24664756692554224,0.16990161254901126,0.13810876701582886,0.13292847745098874,0.05618252307445776,0.18364754745098877,0.0010635927267996816
2026-05-07 00:00:00+00:00,0.5556,-0.003864533952827103,0.24681478139432256,0.32290144301627133,-0.012644175523402357,-0.014210083016271358,0.06187657860567741,0.1435875569837286,0.0010636004768708254
2026-05-08 00:00:00+00:00,0.5422,-0.02568663893622466,0.2090318985264074,0.3157803244443081,-0.019743346294186503,-0.02179948444430807,0.08494894147359261,0.16349896555569193,0.0004033171007079725
2026-05-09 00:00:00+00:00,0.5345,0.007047490777641792,0.20328289753562567,0.38191318954413556,-0.08349125361459253,-0.09622293954413558,0.0824073524643743,0.06980522045586435,0.0009962017805883688
2026-05-10 00:00:00+00:00,0.5379,0.008288771337352075,0.2041187929207344,0.38107882935349124,-0.07941582626196386,-0.0917424193534912,0.08521761707926565,-0.0058000693534911996,0.0009645998697170907
2026-05-11 00:00:00+00:00,0.5461,0.018993033566790277,0.20101627189654786,0.3878135971924406,-0.07664681628446768,-0.08958838719244056,0.09720893810345216,-0.011921987192440586,0.0006621558923691341
2026-05-12 00:00:00+00:00,0.5353,-0.013419600061221006,0.199428392797698,0.38704157995628846,-0.08682665909466414,-0.10049548995628849,0.08711769720230197,-0.013109329956288551,0.0008322593378498452
2026-05-13 00:00:00+00:00,0.5333,-0.02831502709808603,0.18783341153351352,0.38932691627665,-0.09066066885393509,-0.10491802627665003,0.09657547846648645,-0.06624835627664999,0.00019594854819721108
2026-05-14 00:00:00+00:00,0.542,-0.006928994776485684,0.11422148697110174,0.3889567524921252,-0.0816639740213676,-0.09519275249212517,0.1795425130288983,-0.08070971249212516,0.0009353387528486214
2026-05-15 00:00:00+00:00,0.5421,0.010616605961757716,0.11064054976498655,0.3885120163718931,-0.08120732096766925,-0.09463960637189306,0.18323186023501348,-0.079487206371893,0.0008568725691769715
2026-05-16 00:00:00+00:00,0.5333,-0.02610349304594214,0.11582161313156623,0.3887198050627861,-0.09017398106319252,-0.10431091506278611,0.16858727686843372,-0.08080579506278601,0.0002755982042251079
2026-05-17 00:00:00+00:00,0.5413,-0.01994296908263717,0.12039944580290515,0.4032334055771875,-0.09370661853022244,-0.11022771557718752,0.17260624419709483,-0.10892715557718752,0.0005456056563150967
2026-05-18 00:00:00+00:00,0.5563,-0.0228806825845471,0.1163524442848576,0.3968913974973006,-0.07369317257991026,-0.0874217074973006,0.19311724571514244,-0.10507535749730063,0.00040716454346063674
2026-05-19 00:00:00+00:00,0.5299,-0.0001878022447888497,0.10638616927442719,0.404095558597624,-0.10578510962395837,-0.12330154859762399,0.17440784072557286,-0.09071951859762406,0.0009204748408191352
2026-05-20 00:00:00+00:00,0.5215,-0.008914102181936884,0.08977756304288763,0.40918343299624343,-0.11817447424158134,-0.13722118299624347,0.18218468695711232,-0.07069219299624346,0.0008249715594589381
2026-05-21 00:00:00+00:00,0.52,0.008632332667534074,0.0846791420712282,0.4082768490133034,-0.11896545212812826,-0.13787684901330338,0.18572085792877183,-0.08189315901330335,0.0008120382619407684
2026-05-22 00:00:00+00:00,0.4943,0.0018769654987250207,0.08426588996645926,0.41174087162149214,-0.147370376144553,-0.16740838162149213,0.16006660003354076,-0.09375766162149218,0.0008686417776855459
2026-05-23 00:00:00+00:00,0.5029,-0.032542951293367824,0.09240538941994453,0.403704208040247,-0.1324772171240065,-0.15079579804024695,0.1605030205800555,-0.065329318040247,-0.00020296018664506742
2026-05-24 00:00:00+00:00,0.5083,0.024872144956287135,0.09570807680685338,0.39813897356914474,-0.12268254616839025,-0.13977008356914478,0.16266081319314657,-0.0865517335691447,0.00022337193404056374
2026-05-25 00:00:00+00:00,0.513,-0.008635058636880723,0.09610046462751569,0.41321176323380715,-0.12981549703924156,-0.15004276323380716,0.16706853537248428,-0.09759252323380718,0.0007530805815157139
2026-05-26 00:00:00+00:00,0.47659999999999997,0.0065542861089674526,0.09658118627874697,0.4218894687546336,-0.17293019079534216,-0.19474190875463365,0.13056637372125302,-0.07579257875463369,0.0007751269518666364
2026-05-27 00:00:00+00:00,0.4878,-0.019020884082661147,0.0953763605979259,0.43176736169519286,-0.16929007121945838,-0.19381852169519284,0.14257247940207413,-0.06258960169519284,0.0004432541732801779
2026-05-28 00:00:00+00:00,0.4929,-0.023777514677957,0.09250673860878281,0.4254843532785963,-0.15939161674713886,-0.1825339432785963,0.1504436713912172,-0.0682390632785963,0.0002267774706253842
2026-05-29 00:00:00+00:00,0.4924,-0.007289710196270322,0.0927324811098924,0.424946128244983,-0.1594789214608669,-0.18248836824498302,0.1497252788901076,-0.06650443824498298,0.0007291459416927488
2026-05-30 00:00:00+00:00,0.48590000000000005,0.00223719300847014,0.08950864544981826,0.42490492985702494,-0.16594732097096548,-0.1888061198570249,0.14659016455018178,-0.048890689857024994,0.0007690922971232176
2026-05-31 00:00:00+00:00,0.4891,0.0039154511896246445,0.0896376686513459,0.4329906216619586,-0.1689202289154632,-0.19377181166195864,0.14958114134865408,-0.0974021316619586,0.0007504064849040414
2026-06-01 00:00:00+00:00,0.4963,-0.007397695281512361,0.08685669392096461,0.44039631826123343,-0.16732362696127195,-0.1940826282612334,0.1594569960790354,-0.09253227826123345,0.0007041980844305656
2026-06-02 00:00:00+00:00,0.4925,9.966115216548673e-05,0.08581817903990971,0.4470566365556711,-0.17612294049461924,-0.20450038655567113,0.1567380709600903,-0.12340942655567116,0.000754043447563425
2026-06-03 00:00:00+00:00,0.5562,-0.07655253422319351,0.15704486499249729,0.41394985156899866,-0.08718934679476831,-0.10459141156899865,0.15231357500750273,-0.1102386415689986,-0.005111570970879058
2026-06-04 00:00:00+00:00,0.604,-0.025441951908638804,0.16360125811297277,0.41974752703102636,-0.04387925343463994,-0.054931527031026384,0.2012147418870272,-0.13298727703102636,0.00010177095522462916
2026-06-05 00:00:00+00:00,0.5946,-0.023447733081572462,0.16990161254901126,0.4149035717712818,-0.04953008916777191,-0.06135441177128176,0.18364754745098877,-0.13432148177128184,0.0002040879631070219
2026-06-06 00:00:00+00:00,0.6829999999999999,-0.112206341862785,0.32290144301627133,0.26182544023973137,0.17131118808426993,0.20466355976026857,0.1435875569837286,0.019923199760268573,-0.011831747125917674
2026-06-07 00:00:00+00:00,0.6923,-0.008631685986311277,0.3157803244443081,0.2616710654418475,0.1807620586487768,0.21760822455815254,0.16349896555569193,0.015320624558152529,0.0006984207687232151
2026-06-08 00:00:00+00:00,0.6720999999999999,0.07406244041125987,0.38191318954413556,0.19800977593968963,0.22711710601452362,0.2537086340603103,0.06980522045586435,0.08575951406031043,-0.004695396075105209
2026-06-09 00:00:00+00:00,0.6126,-0.00035521875928549323,0.38107882935349124,0.20118429757249154,0.16406427391734835,0.1740944624275085,-0.0058000693534911996,0.08365139242750844,0.0008048852132403577
2026-06-10 00:00:00+00:00,0.6131,-0.03023702839524151,0.3878135971924406,0.1900684209316861,0.17713162851912512,0.18582318906831388,-0.011921987192440586,0.08022758906831393,-0.00010141787612897928
2026-06-11 00:00:00+00:00,0.6114999999999999,-0.010799638620739509,0.38704157995628846,0.19894217845802686,0.16547065291841284,0.17499007154197305,-0.013109329956288551,0.049161431541973166,0.000703320637624902
2026-06-12 00:00:00+00:00,0.5684,0.0314575367998333,0.38932691627665,0.18723007462309768,0.13569909334148877,0.13584848537690233,-0.06624835627664999,0.06860356537690235,-0.00016164331831651914
2026-06-13 00:00:00+00:00,0.5552,-0.004193631834900929,0.3889567524921252,0.18844887789467166,0.12109301100457776,0.11979816210532837,-0.08070971249212516,0.07154913210532834,0.0008138782319419811
2026-06-14 00:00:00+00:00,0.5559000000000001,0.00872689340083425,0.3885120163718931,0.1909105609585916,0.11896686900786346,0.11811424904140849,-0.079487206371893,0.06990392904140846,0.0007566287635339459
2026-06-15 00:00:00+00:00,0.5549000000000001,0.026428599503921825,0.3887198050627861,0.2301850853659359,0.07512392164058884,0.07772892463406417,-0.08080579506278601,0.015037954634064127,0.0001357003410466913
2026-06-16 00:00:00+00:00,0.5425,0.03988258627831926,0.4032334055771875,0.21320477590543643,0.0807589731186577,0.08110147409456356,-0.10892715557718752,0.02718931409456357,-0.0007543028891608219
2026-06-17 00:00:00+00:00,0.5402,-0.0015048911794202768,0.3968913974973006,0.22280104445473264,0.0681819447788754,0.06901499554526735,-0.10507535749730063,0.019262955545267413,0.0008341718742276009
2026-06-18 00:00:00+00:00,0.5598,-0.02433429883614307,0.404095558597624,0.21755261294711323,0.09337464375624555,0.09582342705288674,-0.09071951859762406,0.022155547052886804,0.0002426662663633319
2026-06-19 00:00:00+00:00,0.5818,-0.022307906112649465,0.40918343299624343,0.21312196092159455,0.12014865870270175,0.12536927907840542,-0.07069219299624346,0.029729879078405463,0.0003401572189331434
2026-06-20 00:00:00+00:00,0.5713,5.844023027128323e-05,0.4082768490133034,0.21341716351189835,0.10932904473127497,0.11296652648810171,-0.08189315901330335,0.03398959648810165,0.0008438721856527279
2026-06-21 00:00:00+00:00,0.5639,0.016977549483297643,0.41174087162149214,0.21336168651204984,0.10198909245174792,0.10462152348795012,-0.09375766162149218,0.040855953487950125,0.0005607510802088465
2026-06-22 00:00:00+00:00,0.5817,-0.019962364270629918,0.403704208040247,0.21066676393377168,0.12271550795939556,0.1277081260662283,-0.065329318040247,0.049331246066228324,0.0004572183725440296
2026-06-23 00:00:00+00:00,0.5582,0.012696734338212499,0.39813897356914474,0.20875501733228904,0.10130283724640071,0.102832222667711,-0.0865517335691447,0.05750098266771095,0.0007023124549530747
2026-06-24 00:00:00+00:00,0.5618,-0.03624118737231385,0.41321176323380715,0.20317191235367085,0.11105404898804594,0.11244732764632911,-0.09759252323380718,0.06339377764632911,-0.00044504402105927045
2026-06-25 00:00:00+00:00,0.5882999999999999,-0.027498995192608774,0.4218894687546336,0.19494256509092847,0.14677699370142838,0.15115432490907146,-0.07579257875463369,0.06028447490907149,0.00011697488074847778
2026-06-26 00:00:00+00:00,0.6076,-0.03425894982101545,0.43176736169519286,0.1812798481992514,0.18183028736269724,0.18789791180074863,-0.06258960169519284,0.08415119180074862,-0.00028964307297584056
2026-06-27 00:00:00+00:00,0.5977,0.006997038915232802,0.4254843532785963,0.20188702329109406,0.14838160143268775,0.15535826670890593,-0.0682390632785963,0.06540197670890593,0.0008470583925374392
2026-06-28 00:00:00+00:00,0.5987,-0.002983655601774073,0.424946128244983,0.2146755617057071,0.13536905811751887,0.14376612829429294,-0.06650443824498298,0.05437412829429286,0.0008975526339531986
2026-06-29 00:00:00+00:00,0.6132,-0.001272345740702773,0.42490492985702494,0.21762854582090022,0.1466932521164348,0.15838569417909973,-0.048890689857024994,0.06348349417909979,0.0009154281107453394
2026-06-30 00:00:00+00:00,0.5793,0.0260750487371167,0.4329906216619586,0.2097871825512632,0.12127469223713944,0.12580130744873683,-0.0974021316619586,0.06541797744873676,0.00024991647262639525
2026-07-01 00:00:00+00:00,0.5898,-0.025756810501289484,0.44039631826123343,0.2019075241175214,0.1404587887612339,0.1459565158824786,-0.09253227826123345,0.05524288588247861,0.000275212236088335
2026-07-02 00:00:00+00:00,0.5689,0.023397293728247243,0.4470566365556711,0.2059344706481268,0.11509996623168167,0.11771273935187315,-0.12340942655567116,0.04616993935187319,0.00040046617404800337
2026-07-03 00:00:00+00:00,0.5511,0.05602842921812341,0.41394985156899866,0.1688514843914418,0.14018457756924996,0.13485972560855827,-0.1102386415689986,0.08921251560855822,-0.0021838797856730966
2026-07-04 00:00:00+00:00,0.5355,0.03352333795690833,0.41974752703102636,0.16097785933637693,0.13427953773968987,0.12578239066362307,-0.13298727703102636,0.08642890066362308,-0.00016902482156304528
2026-07-05 00:00:00+00:00,0.5297,0.012315148299739016,0.4149035717712818,0.16133745263181057,0.12803166339402527,0.11924463736818938,-0.13432148177128184,0.08052978736818944,0.0007959981095700471
2026-07-06 00:00:00+00:00,0.5307999999999999,0.002915290510099304,0.26182544023973137,0.16158407125047386,0.12882478776611872,0.12016456874952608,0.019923199760268573,0.06699553874952616,0.0009324984090956062
2026-07-07 00:00:00+00:00,0.5263,0.007862420963938863,0.2616710654418475,0.16594023964517784,0.1189423688634545,0.11105145035482217,0.015320624558152529,0.06484392035482214,0.0008623083986862713
2026-07-08 00:00:00+00:00,0.5327000000000001,-0.015900010253751398,0.19800977593968963,0.16295153155923253,0.1290274451250959,0.12081775844076753,0.08575951406031043,0.06725650844076742,0.0006528419826063995
2026-07-09 00:00:00+00:00,0.5337,-0.016156910800788755,0.20118429757249154,0.1601163824889493,0.13355454833404723,0.12471930751105068,0.08365139242750844,0.06493897751105068,0.0006292687228730726
2026-07-10 00:00:00+00:00,0.5199,0.0008026142722901112,0.1900684209316861,0.16013645963674214,0.11972946180816596,0.11015955036325789,0.08022758906831393,0.07103218036325787,0.0008814106587317427
2026-07-11 00:00:00+00:00,0.49810000000000004,0.02908577191704585,0.19894217845802686,0.14996739276831883,0.11084376342230612,0.0981362172316812,0.049161431541973166,0.09111360723168116,2.642928660145905e-05
2026-07-12 00:00:00+00:00,0.5058,-0.005190178238637165,0.18723007462309768,0.15439812722741342,0.11286472895982802,0.10143551277258661,0.06860356537690235,0.09280971277258657,0.0008339822644630494
2026-07-13 00:00:00+00:00,0.5099,0.010851827464945167,0.18844887789467166,0.15327693922136573,0.11839401125734267,0.10672107077863427,0.07154913210532834,0.08977206077863426,0.0007370169666984591
2026-07-14 00:00:00+00:00,0.5107,-0.016687983199663813,0.1909105609585916,0.14991015660687684,0.12351767007406339,0.11090433339312322,0.06990392904140846,0.09373080339312315,0.0005718840386455463
2026-07-15 00:00:00+00:00,0.49520000000000003,0.06266190209140002,0.2301850853659359,0.10225708686103294,0.17542337974605943,0.1429659531389671,0.015037954634064127,0.13335607313896705,-0.003080543920744165
2026-07-16 00:00:00+00:00,0.4903,0.013963481470674364,0.21320477590543643,0.09994535522545282,0.1741586467646904,0.14044873477454717,0.02718931409456357,0.12264988477454718,0.0006452660354464442
2026-07-17 00:00:00+00:00,0.49200000000000005,-0.028124706198890605,0.22280104445473264,0.09032569036562847,0.191457672921719,0.15173830963437157,0.019262955545267413,0.1356794696343715,4.432226652288814e-05
2026-07-18 00:00:00+00:00,0.48960000000000004,-0.012679911975783347,0.21755261294711323,0.0885242321482212,0.19206977943707776,0.15118392785177884,0.022155547052886804,0.13700577785177884,0.000669997632286386
2026-07-19 00:00:00+00:00,0.4928,0.011553332633970414,0.21312196092159455,0.09164314848493833,0.19007380608057994,0.15120869151506167,0.029729879078405463,0.12263326151506164,0.0006905706447748618
2026-07-20 00:00:00+00:00,0.4974,0.0049261183360557815,0.21341716351189835,0.09139581662799166,0.19508258960491265,0.15601094337200833,0.03398959648810165,0.12112518337200835,0.0007910493060843805
2026-07-21 00:00:00+00:00,0.5042,0.016842726413666294,0.21336168651204984,0.4065665158239891,-0.13342568629564255,-0.15234887582398915,0.040855953487950125,-0.13052135582398916,0.0005244260098767621
2026-07-22 00:00:00+00:00,0.5099,0.013303965626362886,0.21066676393377168,0.41728386432260506,-0.13607512670582378,-0.15728585432260506,0.049331246066228324,-0.140923374322605,0.0006252846018089018
2026-07-23 00:00:00+00:00,0.516,0.0020192090528315743,0.20875501733228904,0.49235075300817965,-0.18567710024496287,-0.22609475300817966,0.05750098266771095,-0.15907546300817976,0.000791045192061237
2026-07-24 00:00:00+00:00,0.5163,-0.029232487431739614,0.20317191235367085,0.49990608610492476,-0.1907403709159221,-0.2333403961049248,0.06339377764632911,-0.17489207610492485,-6.355576345594698e-05
2026-07-25 00:00:00+00:00,0.5052,-0.008933645956514783,0.19494256509092847,0.5023595298703994,-0.20357325702258222,-0.24713248987039949,0.06028447490907149,-0.13862991987039947,0.000706692751658807
2026-07-26 00:00:00+00:00,0.5152,0.00712127872268857,0.1812798481992514,0.5023797771225539,-0.1935875401857413,-0.23694873712255388,0.08415119180074862,-0.16085641712255383,0.0007274915546505867
2026-07-27 00:00:00+00:00,0.517,0.04174564614530359,0.20188702329109406,0.484502170113744,-0.1790619010646568,-0.21721317011374403,0.06540197670890593,-0.146359920113744,-0.0009739693930934668
2026-07-28 00:00:00+00:00,0.5186999999999999,-0.03255787074052216,0.2146755617057071,0.4798516994680763,-0.17401328806951322,-0.21080200946807637,0.05437412829429286,-0.16557933946807635,-0.0002995005544624849
2026-07-29 00:00:00+00:00,0.5302,0.015631055205917444,0.21762854582090022,0.47691153293360283,-0.1603878169600177,-0.19579949293360283,0.06348349417909979,-0.15109889293360285,0.0005080208528755886
2026-07-30 00:00:00+00:00,0.5246,-0.005950844934962679,0.2097871825512632,0.4856031792613923,-0.17225233676970064,-0.21039801926139234,0.06541797744873676,-0.22703092926139223,0.0007082713167061478
2026-07-31 00:00:00+00:00,0.5071,0.00397116207949899,0.2019075241175214,0.4858674466605811,-0.1899419260421723,-0.22871703666058113,0.05524288588247861,-0.22464423666058114,0.0007223992845237373
2026-08-01 00:00:00+00:00,0.5021,-0.02963807113209266,0.2059344706481268,0.4784242297701277,-0.1895821739571779,-0.22631981977012772,0.04616993935187319,-0.21051446977012778,-0.00014853019741728577
2026-08-02 00:00:00+00:00,0.508,-0.009553439276962923,0.1688514843914418,0.48251408633649684,-0.18663233896536724,-0.22445008633649682,0.08921251560855822,-0.21924247633649685,0.0006320832719539849
2026-08-03 00:00:00+00:00,0.4974,0.0218327030615368,0.16097785933637693,0.4816277535455001,-0.1965940587249289,-0.23422099354550008,0.08642890066362308,-0.21299286354550012,0.00024251585602219557
2026-08-04 00:00:00+00:00,0.4918,-0.013461741750898244,0.16133745263181057,0.4809903500087974,-0.2017346783029652,-0.2391231100087974,0.08052978736818944,-0.2217057100087974,0.0005343703620001596
2026-08-05 00:00:00+00:00,0.4781,0.005363668726725434,0.16158407125047386,0.5081641153848148,-0.23475630766993622,-0.2795845053848147,0.06699553874952616,-0.22428827538481472,0.0006832843080182581
2026-08-06 00:00:00+00:00,0.4804,0.02049045878781296,0.16594023964517784,0.5085425094095615,-0.23272166522239496,-0.27775834940956146,0.06484392035482214,-0.24752369940956143,0.00028733872971516686
2026-08-07 00:00:00+00:00,0.47979999999999995,-0.00267639424014648,0.16295153155923253,0.509654702594488,-0.2341010453798818,-0.279446662594488,0.06725650844076742,-0.242158862594488,0.0006958146791681143
2026-08-08 00:00:00+00:00,0.4744,0.005293374693186052,0.1601163824889493,0.5117307039631656,-0.24095355172331784,-0.2866753439631656,0.06493897751105068,-0.22881309396316563,0.0006700665112981766
2026-08-09 00:00:00+00:00,0.4808,0.0015147165414702054,0.16013645963674214,0.5130064127639483,-0.23544465985021368,-0.2818377727639483,0.07103218036325787,-0.23633041276394828,0.0006903325698720559
2026-08-10 00:00:00+00:00,0.491,-0.003188794881696985,0.14996739276831883,0.5129280257094524,-0.22518993689485223,-0.2718470257094524,0.09111360723168116,-0.22283806570945242,0.0006788852474764358
2026-08-11 00:00:00+00:00,0.4972,-0.019776448257734305,0.15439812722741342,0.5087567662458529,-0.21607187400447303,-0.2615489262458529,0.09280971277258657,-0.22006547624585288,0.00029730442033655503
2026-08-12 00:00:00+00:00,0.493,0.005060604753950461,0.15327693922136573,0.5102784302496113,-0.22133775642171627,-0.2672294302496113,0.08977206077863426,-0.2255494702496113,0.0006620148612594538
2026-08-13 00:00:00+00:00,0.4936,-0.0013292571410923042,0.14991015660687684,0.522423793376564,-0.22918889959417893,-0.27878283337656395,0.09373080339312315,-0.25451403337656403,0.0006843098023934943
2026-08-14 00:00:00+00:00,0.4854,0.0031342159578174066,0.10225708686103294,0.5224958051186027,-0.23743871307408732,-0.28688264511860273,0.13335607313896705,-0.24571459511860272,0.0006746850583662924
2026-08-15 00:00:00+00:00,0.4718,-0.0022301288911570592,0.09994535522545282,0.5271835115997615,-0.2542740400260579,-0.30458827159976154,0.12264988477454718,-0.23244310159976156,0.0006786572785534841
2026-08-16 00:00:00+00:00,0.4754,0.0005845622592394088,0.09032569036562847,0.5301359410466661,-0.25270434763615174,-0.3041307810466661,0.1356794696343715,-0.228515301046666,0.0006816635746363058
2026-08-17 00:00:00+00:00,0.47490000000000004,-0.0035658251147010437,0.0885242321482212,0.5580308636307892,-0.27211463414767795,-0.3325008536307892,0.13700577785177884,-0.2534372536307893,0.0006678236181920066
2026-08-18 00:00:00+00:00,0.4629,0.01974408222482171,0.09164314848493833,0.5541702994141156,-0.2815261544398582,-0.3398938894141156,0.12263326151506164,-0.27506940941411556,0.0002894151358209406
2026-08-19 00:00:00+00:00,0.461,0.0019844384808773976,0.09139581662799166,0.555828765396235,-0.2845392447056258,-0.34330776539623503,0.12112518337200835,-0.3047275553962351,0.0006726962943265718
2026-08-20 00:00:00+00:00,0.5254,0.16182743420957282,0.4065665158239891,0.2900799568300421,-0.013190713650024,-0.014034796830042162,-0.13052135582398916,-0.04087931683004209,-0.025514670086597913
2026-08-21 00:00:00+00:00,0.5257000000000001,0.032524966720625575,0.41728386432260506,0.27788861297330547,-0.0014514137070158473,-0.0015281229733054014,-0.140923374322605,-0.01972300297330548,-0.00038243170310017576
2026-08-22 00:00:00+00:00,0.5772999999999999,0.0785745408324292,0.49235075300817965,0.20309514685271857,0.12663921087727342,0.13018014314728132,-0.15907546300817976,0.06212985314728142,-0.0054970224195384975
2026-08-23 00:00:00+00:00,0.5700999999999999,-0.038412557886335366,0.49990608610492476,0.2135906148016765,0.10794135321117648,0.11142339519832342,-0.17489207610492485,0.06319059519832351,-0.0007924680727774579
2026-08-24 00:00:00+00:00,0.6031,0.016776857342993414,0.5023595298703994,0.21091474910292468,0.1438454419356029,0.1528148608970753,-0.13862991987039947,0.05041069089707528,0.00040693133440517664
2026-08-25 00:00:00+00:00,0.5844,0.00723717958582957,0.5023797771225539,0.21854411036763846,0.11691298374431996,0.12297924963236159,-0.16085641712255383,0.04729924963236162,0.0006459264188570635
2026-08-26 00:00:00+00:00,0.5815,-0.016531987636107377,0.484502170113744,0.2152302799222188,0.11757082445461703,0.12291197007778124,-0.146359920113744,0.04527788007778119,0.0004319456423338393
2026-08-27 00:00:00+00:00,0.5606,0.026034294365875833,0.4798516994680763,0.20701217979338254,0.10561408835725195,0.10726018020661743,-0.16557933946807635,0.023675910206617468,3.3938390843528724e-05
2026-08-28 00:00:00+00:00,0.5708,0.0016347365136489228,0.47691153293360283,0.20703223002649432,0.11579205498530648,0.11878040997350567,-0.15109889293360285,0.0332638099735057,0.0007131804347044588
2026-08-29 00:00:00+00:00,0.5085000000000001,-0.027382374721620816,0.4856031792613923,0.1980338370927551,0.063490070793072,0.06053841290724496,-0.22703092926139223,0.04167432290724493,-2.9859400646400306e-05
2026-08-30 00:00:00+00:00,0.5111,0.00612296794162427,0.4858674466605811,0.19757938256024846,0.06660097574882295,0.06364382743975153,-0.22464423666058114,0.05222065743975152,0.0006809253211200881
2026-08-31 00:00:00+00:00,0.5176,-0.016329237862216767,0.4784242297701277,0.1945395877304798,0.07653357900370622,0.07337017226952014,-0.21051446977012778,0.045364452269520156,0.0004521439935788724
2026-09-01 00:00:00+00:00,0.5131,0.020674157697829026,0.48251408633649684,0.18945299091820073,0.07783802036221826,0.07381861908179926,-0.21924247633649685,0.05408925908179926,0.00029281061718392697
2026-09-02 00:00:00+00:00,0.5183,-0.020095214666192386,0.4816277535455001,0.18520914794034868,0.08794067578319081,0.08342574205965128,-0.21299286354550012,0.06130310205965131,0.0003168893420401944
2026-09-03 00:00:00+00:00,0.5092,-0.01135029335233673,0.4809903500087974,0.1860740649727327,0.07783696846770383,0.0732105750272673,-0.2217057100087974,0.04557562502726731,0.0005938164773455809
2026-09-04 00:00:00+00:00,0.5328,0.04756289635947215,0.5081641153848148,0.15911852441712446,0.13390336624994637,0.12475731558287559,-0.22428827538481472,0.07600948558287554,-0.001537992843435222
2026-09-05 00:00:00+00:00,0.5109,-0.021235813619481788,0.5085425094095615,0.15364412035188538,0.11892535751418132,0.10737468964811467,-0.24752369940956143,0.09276883964811464,0.00027832637060356326
2026-09-06 00:00:00+00:00,0.5172,0.009928556018666039,0.509654702594488,,,,-0.242158862594488,,0.0006334710813202834
2026-09-07 00:00:00+00:00,0.5318999999999999,0.014094327409380748,0.5117307039631656,,,,-0.22881309396316563,,0.0005368025193520645
2026-09-08 00:00:00+00:00,0.526,-0.010351190479723597,0.5130064127639483,,,,-0.23633041276394828,,0.0006335896638716576
2026-09-09 00:00:00+00:00,0.5386,-0.0019301920099147993,0.5129280257094524,,,,-0.22283806570945242,,0.0007411670903117104
2026-09-10 00:00:00+00:00,0.5373,-0.00694727731613764,0.5087567662458529,,,,-0.22006547624585288,,0.0007011037735091178
2026-09-11 00:00:00+00:00,0.5336,-0.01227509652740966,0.5102784302496113,,,,-0.2255494702496113,,0.0006024788837815881
2026-09-12 00:00:00+00:00,0.5176,0.03162302877145454,0.522423793376564,,,,-0.25451403337656403,,-0.00024305268110033293
2026-09-13 00:00:00+00:00,0.5261,0.003967629391524885,0.5224958051186027,,,,-0.24571459511860272,,0.0007434375133585399
2026-09-14 00:00:00+00:00,0.5428999999999999,-0.01975511120009328,0.5271835115997615,,,,-0.23244310159976156,,0.00037267481708838727
2026-09-15 00:00:00+00:00,0.5492,0.015588686507434758,0.5301359410466661,,,,-0.228515301046666,,0.0005265206885893597
2026-09-16 00:00:00+00:00,0.5519,-0.04801508587753707,0.5580308636307892,,,,-0.2534372536307893,,-0.00152901511292315
2026-09-17 00:00:00+00:00,0.5283,0.00851599289306495,0.5541702994141156,,,,-0.27506940941411556,,0.0007111316440407011
2026-09-18 00:00:00+00:00,0.5011,0.011842730622088812,0.555828765396235,,,,-0.3047275553962351,,0.0006493235542436903
2026-09-19 00:00:00+00:00,0.49920000000000003,0.06592230757107415,0.2900799568300421,,,,-0.04087931683004209,,-0.003552653505814934
2026-09-20 00:00:00+00:00,0.5081,0.007472964470694741,0.27788861297330547,,,,-0.01972300297330548,,0.0007348003773621996
2026-09-21 00:00:00+00:00,0.515,0.005152697617003196,0.20309514685271857,,,,0.06212985314728142,,0.0007624336497334829
2026-09-22 00:00:00+00:00,0.5261,0.04835458411211161,0.2135906148016765,,,,0.06319059519832351,,-0.0015553965005456875
2026-09-23 00:00:00+00:00,0.5112,-0.007844028001381398,0.21091474910292468,,,,0.05041069089707528,,0.0007168357069053254
2026-09-24 00:00:00+00:00,0.5156000000000001,-0.026066214862118648,0.21854411036763846,,,,0.04729924963236162,,8.956494595821181e-05
2026-09-25 00:00:00+00:00,0.5104,0.0009679822051432131,0.2152302799222188,,,,0.04527788007778119,,0.0007611640981217588
2026-09-26 00:00:00+00:00,0.4803,0.0015245322453756192,0.20701217979338254,,,,0.023675910206617468,,0.0007526870178711663
2026-09-27 00:00:00+00:00,0.4902,0.0020785398322888684,0.20703223002649432,,,,0.0332638099735057,,0.0007430576219372779
2026-09-28 00:00:00+00:00,0.48960000000000004,-0.0031938230439190877,0.1980338370927551,,,,0.04167432290724493,,0.0007293677089760034
2026-09-29 00:00:00+00:00,0.49979999999999997,0.00037189929395881576,0.19757938256024846,,,,0.05222065743975152,,0.0007377071575818197
2026-09-30 00:00:00+00:00,0.48979999999999996,-0.004098519094613426,0.1945395877304798,,,,0.045364452269520156,,0.0007200043960256097
2026-10-01 00:00:00+00:00,0.4935,0.003056852333756588,0.18945299091820073,,,,0.05408925908179926,,0.0007249003086041275
2026-10-02 00:00:00+00:00,0.4965,0.007416781013492508,0.18520914794034868,,,,0.06130310205965131,,0.0006774342461558879
2026-10-03 00:00:00+00:00,0.4813,-0.014139244334084903,0.1860740649727327,,,,0.04557562502726731,,0.0005305043239989476
2026-10-04 00:00:00+00:00,0.4849,0.006834122388355298,0.15911852441712446,,,,0.07600948558287554,,0.0006811935857928529
2026-10-05 00:00:00+00:00,0.4964,0.0010043709576755102,0.15364412035188538,,,,0.09276883964811464,,0.0007224381969702456
2026-10-06 00:00:00+00:00,0.4836,,,,,,,,
2026-10-07 00:00:00+00:00,0.4752,,,,,,,,
